{
    "bboxes": [
        [
            0.679946044921875,
            0.11884890747070312,
            0.9993523763020833,
            0.73114501953125
        ],
        [
            0.02687400563557943,
            0.7587197265625,
            0.42499393717447914,
            0.9437975260416667
        ],
        [
            0.27857781982421875,
            0.03838233439127604,
            0.5422471516927083,
            0.3023407185872396
        ],
        [
            0.723027099609375,
            0.55835107421875,
            0.9030326334635417,
            0.7423134765625
        ],
        [
            0.46603275553385415,
            0.6521400146484375,
            0.837719482421875,
            0.890437744140625
        ],
        [
            0.0011238753000895182,
            0.737289794921875,
            0.9847766927083333,
            0.9782417805989584
        ],
        [
            0.0011238753000895182,
            0.737289794921875,
            0.9847766927083333,
            0.9782417805989584
        ],
        [
            0.2777567952473958,
            0.03847131093343099,
            0.5418661702473958,
            0.2535370076497396
        ]
    ],
    "labels": [
        "bench",
        "car",
        "bench",
        "sun",
        "car",
        "cloud",
        "tree",
        "bench"
    ],
    "scores": [
        0.9615687131881714,
        0.656872034072876,
        0.5374011993408203,
        0.4240367114543915,
        0.39298638701438904,
        0.25228720903396606,
        0.25212591886520386,
        0.20290623605251312
    ]
}