{
    "matched_indices": [
        2,
        3,
        5,
        2,
        4,
        0,
        6,
        4,
        6,
        1,
        6,
        2
    ],
    "iou_matrix": [
        [
            0.0,
            0.0,
            0.06563239569706408,
            0.0,
            0.04136611606835976,
            0.9860834944839534,
            0.0,
            0.03435463241463938,
            0.0,
            0.0,
            0.0,
            0.0
        ],
        [
            0.0,
            0.021914629724156004,
            0.0,
            0.0,
            0.0,
            0.0,
            0.0,
            0.0,
            0.0,
            0.9721581557100683,
            0.0,
            0.0
        ],
        [
            0.1725963578929993,
            0.0,
            0.0,
            0.9936172796864637,
            0.0,
            0.0,
            0.0,
            0.0,
            0.0,
            0.0,
            0.0,
            0.006401623463382471
        ],
        [
            0.0213737201219404,
            0.992813171789803,
            0.0,
            0.0,
            0.0,
            0.0,
            0.0,
            0.0,
            0.0,
            0.02215773799496004,
            0.01734292447587112,
            0.0
        ],
        [
            0.0,
            0.0,
            0.0,
            0.0,
            0.5469456377926241,
            0.07100169349961186,
            0.0,
            0.46050402755166003,
            0.0,
            0.0,
            0.0,
            0.0
        ],
        [
            0.008126670341091768,
            0.0,
            0.9926342690403523,
            0.0,
            0.0,
            0.06702230083349837,
            0.0,
            0.0,
            0.0,
            0.0,
            0.0,
            0.0
        ],
        [
            0.0,
            0.01636189810344431,
            0.0,
            0.0,
            0.0,
            0.0,
            0.17514924522401334,
            0.0,
            0.337121243564247,
            0.0,
            0.7960873173808533,
            0.0
        ]
    ],
    "num_matches": 6,
    "num_matches_with_correct_class": 0,
    "num_GT_boxes": 12,
    "used_labels": [
        "flower",
        "dog",
        "tree",
        "people",
        "sun",
        "mountain",
        "grass"
    ],
    "map_score": 0.021640734747052193
}