{
    "matched_indices": [
        23,
        9,
        15,
        14,
        8,
        24,
        24,
        8,
        9,
        17,
        12,
        10,
        2,
        0,
        1,
        17,
        1,
        11,
        4,
        4,
        6,
        5,
        19,
        23
    ],
    "iou_matrix": [
        [
            0.0,
            0.0,
            0.0,
            0.0,
            0.0,
            0.0,
            0.012467275372124357,
            0.04517790270458261,
            0.0,
            0.0,
            0.0,
            0.014001807387133162,
            0.0,
            0.9661071908030778,
            0.014796441386795032,
            0.0,
            0.0,
            0.05750169978414048,
            0.0,
            0.0,
            0.0,
            0.0,
            0.0,
            0.0
        ],
        [
            0.0,
            0.0,
            0.0,
            0.0,
            0.0,
            0.0,
            0.0,
            0.0,
            0.025178095703672503,
            0.0,
            0.11300051463009717,
            0.16344921906229018,
            0.2637983163334323,
            0.018168104326663055,
            0.8982343733359608,
            0.0,
            0.1363460449843578,
            0.0,
            0.0,
            0.0,
            0.0,
            0.0,
            0.0,
            0.0
        ],
        [
            0.0,
            0.2105861433750779,
            0.2612331731453775,
            0.0,
            0.0,
            0.0,
            0.0,
            0.0,
            0.11114070693602125,
            0.0,
            0.13418440211285207,
            0.08000450817593173,
            0.9737793136086239,
            0.0,
            0.2824423881801819,
            0.0,
            0.040831002218755845,
            0.0,
            0.0,
            0.0,
            0.0,
            0.0,
            0.0,
            0.0
        ],
        [
            0.0,
            0.2105861433750779,
            0.2612331731453775,
            0.0,
            0.0,
            0.0,
            0.0,
            0.0,
            0.11114070693602125,
            0.0,
            0.13418440211285207,
            0.08000450817593173,
            0.9737793136086239,
            0.0,
            0.2824423881801819,
            0.0,
            0.040831002218755845,
            0.0,
            0.0,
            0.0,
            0.0,
            0.0,
            0.0,
            0.0
        ],
        [
            0.0,
            0.0,
            0.0,
            0.0,
            0.0,
            0.0,
            0.0,
            0.04150062590770084,
            0.0,
            0.04839977364585001,
            0.0,
            0.0,
            0.0,
            0.0,
            0.0,
            0.10342562862104271,
            0.0,
            0.0,
            0.0354362351937013,
            0.9268508361156435,
            0.0,
            0.0,
            0.0,
            0.0
        ],
        [
            0.0,
            0.0,
            0.0,
            0.0,
            0.0,
            0.0,
            0.0,
            0.0,
            0.0,
            0.0,
            0.0,
            0.0,
            0.0,
            0.0,
            0.0,
            0.0,
            0.0,
            0.0,
            0.0,
            0.0,
            0.0,
            0.9406800197806938,
            0.0,
            0.0
        ],
        [
            0.0,
            0.0,
            0.0,
            0.008002142531379455,
            0.0,
            0.0,
            0.0,
            0.0,
            0.0,
            0.0,
            0.0,
            0.0,
            0.0,
            0.0,
            0.0,
            0.0,
            0.0,
            0.0,
            0.0,
            0.0,
            0.9223298818002352,
            0.0,
            0.0,
            0.0
        ],
        [
            0.23309427679942893,
            0.0,
            0.0,
            0.7884223554646105,
            0.10718967102862294,
            0.0,
            0.0,
            0.0009744933362798284,
            0.0,
            0.04297433528298508,
            0.0,
            0.0,
            0.0,
            0.0,
            0.0,
            0.0,
            0.0,
            0.0,
            0.0,
            0.0,
            0.013665012964025808,
            0.0,
            0.0,
            0.18839410320293726
        ],
        [
            0.29131776219661404,
            0.0,
            0.0,
            0.11036886533984466,
            0.8455850852685208,
            0.0,
            0.011397354145950136,
            0.08857637575286458,
            0.0,
            0.049242718401060044,
            0.0,
            0.0,
            0.0,
            0.0,
            0.0,
            0.0,
            0.0,
            0.0,
            0.0,
            0.0,
            0.0,
            0.0,
            0.0,
            0.23827084069500315
        ],
        [
            0.07328792287411706,
            0.34847734678868864,
            0.08953436103915782,
            0.0,
            0.0,
            0.07619878867351923,
            0.00892496770256677,
            0.0,
            0.6423707839319358,
            0.0,
            0.0,
            0.0,
            0.04835831791182089,
            0.0,
            0.0,
            0.0,
            0.0,
            0.0,
            0.0,
            0.0,
            0.0,
            0.0,
            0.0,
            0.03007972684559568
        ],
        [
            0.0,
            0.0,
            0.10873131306655853,
            0.0,
            0.0,
            0.0,
            0.0,
            0.0,
            0.11868526117042998,
            0.0,
            0.4633401077665541,
            0.37147208635419904,
            0.1962530699086597,
            0.003939999458159712,
            0.23128802337171966,
            0.0,
            0.0,
            0.0,
            0.0,
            0.0,
            0.0,
            0.0,
            0.0,
            0.0
        ],
        [
            0.0,
            0.0,
            0.0,
            0.0,
            0.0,
            0.0,
            0.0,
            0.0037420468033561687,
            0.0,
            0.0,
            0.0,
            0.0,
            0.0,
            0.06208195337719547,
            0.0,
            0.0,
            0.0,
            0.9320480275375101,
            0.019743427210638254,
            0.0,
            0.0,
            0.0,
            0.0,
            0.0
        ],
        [
            0.0,
            0.0,
            0.03796694774830561,
            0.0,
            0.0,
            0.0,
            0.0,
            0.0,
            0.0,
            0.0,
            0.8051116720088676,
            0.0,
            0.09711514282999263,
            0.0,
            0.08842648569139286,
            0.0,
            0.0,
            0.0,
            0.0,
            0.0,
            0.0,
            0.0,
            0.0,
            0.0
        ],
        [
            0.14288136146509506,
            0.12689734632023644,
            0.042817304693990595,
            0.13296010711309836,
            0.13673993026114797,
            0.05109634873115957,
            0.03613530193410803,
            0.055795508107444894,
            0.1577975475521105,
            0.08283591982973972,
            0.03687996241895148,
            0.036763351874613936,
            0.13612982460465645,
            0.07846138185320294,
            0.13078691403935264,
            0.03679026830063562,
            0.01877263086810091,
            0.017944284014454637,
            0.002898001868334426,
            0.02243035501806829,
            0.016925078327562314,
            0.015705985588398384,
            0.0,
            0.09151584847371863
        ],
        [
            0.2121472512769999,
            0.0,
            0.0,
            0.9227084346666875,
