{
    "bboxes": [
        [
            0.00022990999619166056,
            0.17200339762369793,
            0.2637563680013021,
            0.2773609619140625
        ],
        [
            0.7859685872395833,
            0.17225960286458333,
            0.9849541015625,
            0.2506065673828125
        ],
        [
            0.8387263997395833,
            0.6658804931640625,
            0.9979200032552084,
            0.824156494140625
        ],
        [
            0.17932989501953125,
            0.29188435872395835,
            0.427935302734375,
            0.4101520589192708
        ],
        [
            0.06619816589355469,
            0.29200844319661456,
            0.78459716796875,
            0.9698418782552083
        ],
        [
            0.751286865234375,
            0.6562869873046875,
            0.9224900716145833,
            0.7834647623697917
        ],
        [
            0.256884765625,
            0.6613843180338541,
            0.9959864095052083,
            0.8638365071614583
        ],
        [
            0.2560252482096354,
            0.768518310546875,
            0.99343896484375,
            0.8671543782552084
        ],
        [
            0.3795920003255208,
            0.6576550699869792,
            0.9245967610677084,
            0.8703638509114583
        ]
    ],
    "labels": [
        "chicken",
        "chicken",
        "horse",
        "chicken",
        "road",
        "horse",
        "others",
        "moon",
        "others"
    ],
    "scores": [
        0.9891803860664368,
        0.9814639687538147,
        0.9410147070884705,
        0.7891069650650024,
        0.7843765020370483,
        0.552483081817627,
        0.2060035765171051,
        0.204497292637825,
        0.20122966170310974
    ]
}