{
    "matched_indices": [
        5,
        6,
        6,
        4,
        9,
        7,
        1,
        3,
        0,
        10,
        6,
        2,
        8
    ],
    "iou_matrix": [
        [
            0.0,
            0.02448584580577462,
            0.0,
            0.0,
            0.0,
            0.0002989224913504327,
            0.08479610841127648,
            0.25024228779200175,
            0.9689820036046302,
            0.0,
            0.0,
            0.0,
            0.0
        ],
        [
            0.0,
            0.01593553432997984,
            0.0,
            0.0,
            0.0,
            0.0,
            0.972170432136038,
            0.0381040303537485,
            0.07746616811539832,
            0.0,
            0.0,
            0.0,
            0.027102337002368946
        ],
        [
            0.0,
            0.02757962687732603,
            0.02261749721084005,
            0.0,
            0.0,
            0.0,
            0.0,
            0.0,
            0.0,
            0.0,
            0.0,
            0.9779553083629997,
            0.0
        ],
        [
            0.0,
            0.029247397697897012,
            0.0,
            0.0,
            0.0,
            0.0,
            0.04213243492955307,
            0.9765660392268906,
            0.2558767913273899,
            0.0,
            0.0,
            0.0,
            0.0
        ],
        [
            0.0,
            0.08391811654175584,
            0.0,
            0.9864142727841518,
            0.0,
            0.0,
            0.0,
            0.0,
            0.0,
            0.0,
            0.0,
            0.0,
            0.0
        ],
        [
            0.977684390282758,
            0.016341032865781042,
            0.0,
            0.0,
            0.0,
            0.0,
            0.0,
            0.0,
            0.0,
            0.0,
            0.0,
            0.0,
            0.0
        ],
        [
            0.01676772995935775,
            0.9856635787751361,
            0.13354308883144708,
            0.08324374669315254,
            0.0032082006238332355,
            0.08836857738669447,
            0.016263704821564903,
            0.02973934595943296,
            0.02509257315327157,
            0.08364191051090519,
            0.05018514630654309,
            0.027806288472069812,
            0.07947741192117815
        ],
        [
            0.0,
            0.08375419028576116,
            0.0,
            0.0,
            0.0364515872387769,
            0.9894097039022598,
            0.0,
            0.0,
            0.0,
            0.0,
            0.0,
            0.0,
            0.016050516703992285
        ],
        [
            0.0,
            0.05712028851799668,
            0.0,
            0.0,
            0.0,
            0.0,
            0.0,
            0.0,
            0.0,
            0.0,
            0.0,
            0.0,
            0.7767385274702706
        ],
        [
            0.0,
            0.0038851970130596583,
            0.0,
            0.0,
            0.9824330645247625,
            0.037320786398860856,
            0.0,
            0.0,
            0.0,
            0.0,
            0.0,
            0.0,
            0.0
        ],
        [
            0.0,
            0.03311118902963021,
            0.0,
            0.0,
            0.0,
            0.0,
            0.0,
            0.0,
            0.0,
            0.3928053162731592,
            0.0,
            0.0,
            0.0
        ]
    ],
    "num_matches": 10,
    "num_GT_boxes": 13,
    "used_labels": [
        "airplane",
        "apple",
        "balloon",
        "banana",
        "basket",
        "bee",
        "bench",
        "bicycle",
        "bird",
        "bottle",
        "bucket",
        "bus",
        "butterfly",
        "car",
        "cat",
        "chair",
        "chicken",
        "cloud",
        "cow",
        "cup",
        "dinnerware",
        "dog",
        "duck",
        "fence",
        "flower",
        "grape",
        "grass",
        "horse",
        "house",
        "moon",
        "mountain",
        "people",
        "picnic rug",
        "pig",
        "rabbit",
        "road",
        "sheep",
        "sofa",
        "star",
        "street lamp",
        "sun",
        "table",
        "tree",
        "truck",
        "umbrella",
        "others"
    ]
}