{
    "mean_iou": 0.5500635569522737,
    "mean_dice": 0.5990147157459454,
    "missed_matches": 3,
    "total_matches": 7,
    "success_rate": 0.5714285714285714,
    "time": "2024-09-23 00:26:40"
}