{
    "bboxes": [
        [
            0.8809119466145834,
            0.8797723795572917,
            0.9995677083333333,
            0.9807855631510417
        ],
        [
            0.5993302408854166,
            0.8390138346354167,
            0.677029296875,
            0.9026632486979167
        ],
        [
            0.8809119466145834,
            0.8797723795572917,
            0.9995677083333333,
            0.9807855631510417
        ],
        [
            0.18574808756510416,
            0.85084521484375,
            0.2504553629557292,
            0.9159443359375
        ],
        [
            0.5993302408854166,
            0.8390138346354167,
            0.677029296875,
            0.9026632486979167
        ],
        [
            1.4360992858807246e-05,
            0.7852333984375,
            0.08985397338867188,
            0.8893417154947917
        ],
        [
            0.46659578450520833,
            0.8770692545572917,
            0.5559897867838541,
            0.9560663248697917
        ],
        [
            1.4360992858807246e-05,
            0.7852333984375,
            0.08985397338867188,
            0.8893417154947917
        ],
        [
            0.18574808756510416,
            0.85084521484375,
            0.2504553629557292,
            0.9159443359375
        ],
        [
            1.4360992858807246e-05,
            0.7852333984375,
            0.08985397338867188,
            0.8893417154947917
        ],
        [
            0.5993302408854166,
            0.8390138346354167,
            0.677029296875,
            0.9026632486979167
        ],
        [
            0.8809119466145834,
            0.8797723795572917,
            0.9995677083333333,
            0.9807855631510417
        ],
        [
            0.8809119466145834,
            0.8797723795572917,
            0.9995677083333333,
            0.9807855631510417
        ]
    ],
    "labels": [
        "tree",
        "grape",
        "grape",
        "grape",
        "people",
        "grape",
        "grape",
        "duck",
        "people",
        "tree",
        "tree",
        "duck",
        "umbrella"
    ],
    "scores": [
        0.3843286633491516,
        0.33505862951278687,
        0.3325789272785187,
        0.29121994972229004,
        0.27152952551841736,
        0.25762680172920227,
        0.25234079360961914,
        0.251531183719635,
        0.2272794544696808,
        0.2248487025499344,
        0.22065629065036774,
        0.21154293417930603,
        0.2054581344127655
    ]
}