{
    "matched_indices": [
        8,
        2,
        1,
        9,
        0,
        6,
        1,
        11,
        7,
        10,
        8,
        3,
        7,
        11,
        10,
        7,
        10
    ],
    "iou_matrix": [
        [
            0.0,
            0.0,
            0.0,
            0.0,
            0.4485365543017903,
            0.0,
            0.0,
            0.0,
            0.0,
            0.0,
            0.0,
            0.0,
            0.0,
            0.0,
            0.0,
            0.047189071472029415,
            0.0
        ],
        [
            0.013931018581261443,
            0.0,
            0.2128297329618436,
            0.002356009896943375,
            0.0,
            0.0,
            0.9932570891841649,
            0.0,
            0.0,
            0.0,
            0.22730178034663373,
            0.20121508806473376,
            0.0,
            0.0,
            0.0,
            0.1191312479376989,
            0.2834944504206891
        ],
        [
            0.0,
            0.46668549976791435,
            0.0,
            0.0,
            0.0,
            0.0,
            0.0,
            0.0,
            0.0,
            0.0,
            0.0,
            0.0,
            0.0,
            0.0,
            0.0,
            0.0013289249553633444,
            0.0
        ],
        [
            0.0,
            0.0,
            0.08917590091435586,
            0.03546038378418489,
            0.0,
            0.0,
            0.19917955779625376,
            0.0,
            0.0,
            0.0,
            0.0,
            0.9815154564142364,
            0.0,
            0.0,
            0.0,
            0.08779968609769258,
            0.1876669361712246
        ],
        [
            0.039208857628409435,
            0.0,
            0.0,
            0.0,
            0.0,
            0.0,
            0.22379493100097272,
            0.0,
            0.0,
            0.0,
            0.9842633151587518,
            0.0,
            0.0,
            0.0,
            0.0,
            0.022755653930888724,
            0.20617440808365756
        ],
        [
            0.0,
            0.0,
            0.0,
            0.0,
            0.0,
            0.7687795280054897,
            0.0,
            0.0,
            0.0,
            0.0,
            0.0,
            0.0,
            0.0,
            0.0,
            0.0,
            0.001847082530446704,
            0.0
        ],
        [
            0.0,
            0.0,
            0.010355140287626045,
            0.0,
            0.0,
            0.9889236304624736,
            0.0,
            0.0,
            0.0,
            0.0,
            0.0,
            0.0,
            0.0,
            0.0004127520965517631,
            0.0,
            0.0030569318360674884,
            0.000622548954600814
        ],
        [
            0.004127272632235031,
            0.00203460969268385,
            0.0,
            0.0,
            0.10346132770222904,
            0.00521621567315807,
            0.12245531742278361,
            0.029029020055551438,
            0.0181057323478901,
            0.006005793310367006,
            0.02450901809333711,
            0.08936478483962514,
            0.01810573234789008,
            0.0,
            0.0,
            0.9873121726345454,
            0.29522601088984585
        ],
        [
            0.03990670211916759,
            0.0,
            0.0,
            0.0,
            0.0,
            0.0,
            0.22488086738627805,
            0.0,
            0.0,
            0.0,
            0.9875392476885059,
            0.0,
            0.0,
            0.0,
            0.0,
            0.02303286747664252,
            0.2072746861407119
        ],
        [
            0.0,
            0.0,
            0.08946286689754517,
            0.035707387464068936,
            0.0,
            0.0,
            0.1995308983294406,
            0.0,
            0.0,
            0.0,
            0.0,
            0.9812264946054594,
            0.0,
            0.0,
            0.0,
            0.08814677966142075,
            0.18834200792537037
        ],
        [
            0.017789443359884895,
            0.0021174568256160067,
            0.0,
            0.0,
            0.0841274168743325,
            0.004956322488100675,
            0.1537727060550488,
            0.02394374162742776,
            0.014722297953008202,
            0.012619112531149859,
            0.09271117021363048,
            0.0742186933249004,
            0.014722297953008187,
            0.0,
            0.012481811471638935,
            0.8046783968672286,
            0.34911731619582853
        ],
        [
            0.015198118388704458,
            0.05391608681882863,
            0.0,
            0.0,
            0.0718728751387009,
            0.01061949755067241,
            0.14245264703345886,
            0.0422552611752945,
            0.012577753149272668,
            0.010780931270805118,
            0.08481099839274372,
            0.06669585967211682,
            0.012577753149272654,
            0.012398070961425898,
            0.01078093127080514,
            0.6894705017992958,
            0.29908848842874586
        ]
    ],
    "true_pos": 5,
    "false_pos": 7,
    "unmatched": 12,
    "num_GT_boxes": 17,
    "used_labels": [
        "tree",
        "house",
        "people",
        "road",
        "flower",
        "grass",
        "others"
    ]
}