{
    "bboxes": [
        [
            0.38350581868489586,
            0.5299071044921875,
            0.5477939046223959,
            0.7997996419270833
        ],
        [
            0.0006512999137242635,
            0.43771577962239583,
            0.357103271484375,
            0.7462118326822916
        ],
        [
            0.3297957153320312,
            0.06265258280436198,
            0.5203253987630209,
            0.20592506917317707
        ],
        [
            0.7296092122395833,
            0.06323710632324218,
            0.8401434733072917,
            0.12068568929036458
        ],
        [
            0.6710406087239583,
            0.20377134195963542,
            0.9992109375,
            0.7336961263020834
        ],
        [
            0.3340688069661458,
            0.06577598571777343,
            0.998973388671875,
            0.7308639322916667
        ],
        [
            0.32934554036458336,
            0.06271467590332032,
            0.5209261474609375,
            0.2057943115234375
        ],
        [
            0.382235595703125,
            0.5286510009765625,
            0.625114501953125,
            0.8139878743489584
        ],
        [
            0.729374267578125,
            0.06300262451171874,
            0.8404605305989583,
            0.12075845336914062
        ],
        [
            0.38372489420572914,
            0.5295897216796875,
            0.5478790690104167,
            0.8003429361979166
        ]
    ],
    "labels": [
        "car",
        "tree",
        "house",
        "house",
        "tree",
        "tree",
        "street lamp",
        "car",
        "street lamp",
        "basket"
    ],
    "scores": [
        0.5326117277145386,
        0.5030249953269958,
        0.3856806457042694,
        0.3331361711025238,
        0.31853729486465454,
        0.24180260300636292,
        0.22858816385269165,
        0.2189318984746933,
        0.20910321176052094,
        0.20397917926311493
    ]
}