{
    "matched_indices": [
        6,
        7,
        6,
        0,
        4,
        5,
        6,
        0,
        0,
        6,
        0,
        0,
        6,
        0,
        0,
        0,
        0,
        0,
        0,
        0,
        2,
        1,
        2,
        3,
        0,
        0,
        0,
        1,
        0
    ],
    "iou_matrix": [
        [
            0.01167877753511417,
            0.024943874172306067,
            0.06369649549084033,
            0.007613608993343299,
            0.04519744721819559,
            0.02762146518515246,
            0.01705564045969644,
            0.018248089898615892,
            0.015592681679452084,
            0.03252134833416697,
            0.08492506463306145,
            0.018813600011315587,
            0.023487640463565017,
            0.00779152741574654,
            0.013332823918339422,
            0.021247280911655734,
            0.02007289888847747,
            0.009919011241920926,
            0.007555793262971462,
            0.009756404500250084,
            0.004986606744572265,
            0.04593015398532051,
            0.04953878456324495,
            0.03886202231851133,
            0.010861529876429393,
            0.007714786521494049,
            0.011418606748440844,
            0.11161214141366424,
            0.05163704217813768
        ],
        [
            0.0,
            0.0,
            0.0,
            0.0,
            0.0,
            0.0,
            0.0,
            0.0,
            0.0,
            0.0,
            0.0,
            0.0,
            0.0,
            0.0,
            0.0,
            0.0,
            0.0,
            0.0,
            0.0,
            0.0,
            1.986375562272451e-05,
            0.6782704019135175,
            0.05260275403590872,
            0.0,
            0.0,
            0.0,
            0.0,
            0.16131893813513024,
            0.0
        ],
        [
            0.0,
            0.0,
            0.0,
            0.0,
            0.0,
            0.0,
            0.0,
            0.0,
            0.0,
            0.0,
            0.0,
            0.0,
            0.0,
            0.0,
            0.0,
            0.0,
            0.0,
            0.0,
            0.00419329585138651,
            0.0,
            0.028848301858692534,
            0.16864130245348335,
            0.8730894069253048,
            0.03335145679865891,
            0.0,
            0.0,
            0.0,
            0.0,
            0.0
        ],
        [
            0.0,
            0.0,
            0.0,
            0.0,
            0.0,
            0.0,
            0.0,
            0.0,
            0.0,
            0.0,
            0.0,
            0.0,
            0.0,
            0.0,
            0.0,
            0.0,
            0.0,
            0.0,
            0.0,
            0.0,
            0.0,
            0.0,
            0.08521585894001805,
            0.9463222358874956,
            0.0,
            0.0,
            0.0,
            0.0,
            0.0
        ],
        [
            0.0,
            0.0,
            0.0,
            0.0,
            0.891404811651056,
            0.0,
            0.0,
            0.0,
            0.0,
            0.0,
            0.0,
            0.0,
            0.0,
            0.0,
            0.0,
            0.0,
            0.0,
            0.0,
            0.0,
            0.0,
            0.0,
            0.0,
            0.0,
            0.0,
            0.0,
            0.0,
            0.0,
            0.0,
            0.0
        ],
        [
            0.0,
            0.0,
            0.0,
            0.0,
            0.0,
            0.8569842648464189,
            0.0,
            0.0,
            0.0,
            0.0,
            0.0,
            0.0,
            0.0,
            0.0,
            0.0,
            0.0,
            0.0,
            0.0,
            0.0,
            0.0,
            0.0,
            0.0,
            0.0,
            0.0,
            0.0,
            0.0,
            0.0,
            0.0,
            0.0
        ],
        [
            0.35310001253513806,
            0.0,
            0.12550869388143515,
            0.0,
            0.0,
            0.0,
            0.6240230828512064,
            0.0,
            0.0,
            0.1040075719934095,
            0.0,
            0.0,
            0.0456672211925889,
            0.0,
            0.0,
            0.0,
            0.0,
            0.0,
            0.0,
            0.0,
            0.0,
            0.0,
            0.0,
            0.0,
            0.0,
            0.0,
            0.0,
            0.0,
            0.0
        ],
        [
            0.0,
            0.8662377599258045,
            0.0,
            0.0,
            0.0,
            0.0,
            0.0,
            0.0,
            0.0,
            0.0,
            0.0,
            0.0,
            0.0,
            0.0,
            0.0,
            0.0,
            0.0,
            0.0,
            0.0,
            0.0,
            0.0,
            0.0,
            0.0,
            0.0,
            0.0,
            0.0,
            0.0,
            0.0,
            0.0
        ]
    ],
    "num_matches": 7,
    "num_GT_boxes": 29
}