{
    "mean_iou": 0.2477216231419696,
    "mean_dice": 0.2708965778180975,
    "missed_matches": 21,
    "total_matches": 29,
    "success_rate": 0.27586206896551724,
    "time": "2024-09-23 00:33:57"
}