{
    "bboxes": [
        [
            0.6651392822265625,
            0.03862628173828125,
            0.9579600423177084,
            0.13251380411783853
        ]
    ],
    "labels": [
        "chicken"
    ],
    "scores": [
        0.23166348040103912
    ]
}