{
    "matched_indices": [
        5,
        0,
        2,
        4,
        4,
        8,
        9,
        6,
        1,
        2,
        3,
        7,
        7,
        7,
        7,
        7
    ],
    "iou_matrix": [
        [
            0.10630733569892789,
            0.9739191906120269,
            0.0,
            0.0,
            0.00489424614820691,
            0.0850020288416514,
            0.0,
            0.0,
            0.0,
            0.0,
            0.015302177235891631,
            0.0,
            0.0,
            0.0,
            0.0,
            0.038611412877256675
        ],
        [
            0.0,
            0.0,
            0.0,
            0.0,
            0.0,
            0.0,
            0.0,
            0.02450403844295637,
            0.9893330082480433,
            0.0,
            0.0,
            0.0,
            0.0,
            0.0,
            0.0,
            0.12501297815349824
        ],
        [
            0.0,
            0.0,
            0.07469470768935353,
            0.0,
            0.0008916607947382398,
            0.0,
            0.0,
            0.0,
            0.0,
            0.8583308819292559,
            0.0,
            0.0,
            0.0,
            0.0,
            0.0,
            0.0
        ],
        [
            0.0,
            0.017224304303817058,
            0.0,
            0.0,
            0.0,
            0.0,
            0.04574072605267736,
            0.0,
            0.0,
            0.0,
            0.8861880528365247,
            0.0,
            0.0,
            0.0,
            0.0,
            0.0
        ],
        [
            0.0,
            0.0,
            0.0,
            0.11941646018665884,
            0.8127084335230166,
            0.08235320427556717,
            0.0,
            0.0,
            0.0,
            0.05663978148136798,
            0.0,
            0.0,
            0.0,
            0.0,
            0.0,
            0.0
        ],
        [
            0.7790025376075925,
            0.07750972056945464,
            0.0,
            0.015741197769394297,
            0.02919421508937492,
            0.014275831277157732,
            0.0,
            0.0,
            0.0,
            0.0,
            0.0,
            0.0,
            0.0,
            0.0,
            0.0,
            0.0
        ],
        [
            0.0,
            0.0,
            0.0,
            0.0,
            0.0,
            0.0033503169873924043,
            0.0,
            0.9800788477949784,
            0.024045033747371585,
            0.0,
            0.0,
            0.0,
            0.0,
            0.0,
            0.0,
            0.11200404953035285
        ],
        [
            0.0,
            0.03907207710408863,
            0.0,
            0.0,
            0.0,
            0.05277950396580694,
            0.0,
            0.10976619371132484,
            0.12419588954911182,
            0.0,
            0.0,
            0.007710917112738514,
            0.011650601991825552,
            0.004789556439618155,
            0.0018704466678470825,
            0.9768121119321946
        ],
        [
            0.023490143355516704,
            0.09125801277377361,
            0.0,
            0.0,
            0.10374602300244389,
            0.9825990778295739,
            0.0,
            0.001795483919518254,
            0.0,
            0.0,
            0.0,
            0.0,
            0.0,
            0.0,
            0.0,
            0.054605211962677945
        ],
        [
            0.0,
            0.015347188300892406,
            0.0,
            0.0,
            0.0,
            0.0,
            0.1328481105160339,
            0.0,
            0.0,
            0.0,
            0.7639765080813312,
            0.0,
            0.0,
            0.0,
            0.0,
            0.0
        ]
    ],
    "true_pos": 9,
    "false_pos": 1,
    "unmatched": 7,
    "num_GT_boxes": 16,
    "used_labels": [
        "tree",
        "rabbit",
        "dog",
        "pig",
        "cloud",
        "road",
        "sheep",
        "grass"
    ]
}