{
    "bboxes": [
        [
            0.759146728515625,
            0.29291005452473956,
            0.97044775390625,
            0.459414306640625
        ],
        [
            0.3731229248046875,
            0.5144100748697916,
            0.6381568603515625,
            0.7174619954427083
        ],
        [
            0.3236933797200521,
            0.18860506184895834,
            0.7447162272135417,
            0.4597240804036458
        ],
        [
            0.8663904622395834,
            0.22623073323567708,
            0.9967510579427084,
            0.3528087158203125
        ],
        [
            0.3281844482421875,
            0.18875815836588541,
            0.688648193359375,
            0.42457393391927084
        ],
        [
            0.04073095957438151,
            0.14573567708333332,
            0.18474308268229167,
            0.3877357991536458
        ],
        [
            0.0010580419699350993,
            0.4486946614583333,
            0.9996845703125,
            0.9356576334635417
        ],
        [
            0.2141396280924479,
            0.2791640625,
            0.3176422526041667,
            0.4107581787109375
        ],
        [
            0.052412312825520835,
            0.5984299723307291,
            0.3153758544921875,
            0.7708494466145833
        ],
        [
            0.0005331337054570516,
            0.44967081705729167,
            0.9995150553385417,
            0.76901708984375
        ]
    ],
    "labels": [
        "grass",
        "cloud",
        "horse",
        "tree",
        "horse",
        "tree",
        "duck",
        "tree",
        "chair",
        "duck"
    ],
    "scores": [
        0.9867802262306213,
        0.911067545413971,
        0.39003151655197144,
        0.35626646876335144,
        0.31174302101135254,
        0.2888452708721161,
        0.26104581356048584,
        0.24384167790412903,
        0.24365007877349854,
        0.2247084677219391
    ]
}