{
    "bboxes": [
        [
            0.47824422200520833,
            0.18272979736328124,
            0.9703876953125,
            0.9604139811197917
        ],
        [
            0.037114044189453126,
            0.1691429443359375,
            0.226353271484375,
            0.3335907185872396
        ],
        [
            0.490140869140625,
            0.69090625,
            0.65171728515625,
            0.8398805338541667
        ],
        [
            0.81051123046875,
            0.06283462524414063,
            0.9990633138020834,
            0.17236322021484374
        ],
        [
            0.09145249430338542,
            0.717025634765625,
            0.3199435831705729,
            0.9078367513020833
        ],
        [
            0.002203106721242269,
            0.0016371905008951823,
            0.9973759765625,
            0.9971126302083333
        ],
        [
            0.5955166422526041,
            0.44760518391927084,
            0.8073475748697917,
            0.9581239420572917
        ],
        [
            0.47698238118489583,
            0.18244746907552084,
            0.97074365234375,
            0.962030517578125
        ],
        [
            0.47744413248697914,
            0.18299530029296876,
            0.9699888509114584,
            0.961677978515625
        ],
        [
            0.15725987752278645,
            0.931663818359375,
            0.3859168701171875,
            0.9983531087239583
        ]
    ],
    "labels": [
        "grass",
        "tree",
        "cloud",
        "tree",
        "cloud",
        "tree",
        "grass",
        "cloud",
        "sheep",
        "sheep"
    ],
    "scores": [
        0.5269290804862976,
        0.4521465599536896,
        0.33195215463638306,
        0.3249012529850006,
        0.3220180869102478,
        0.2826624810695648,
        0.2468719482421875,
        0.23497037589550018,
        0.20719414949417114,
        0.20319229364395142
    ]
}