{
    "bboxes": [
        [
            0.4366061197916667,
            0.5158763020833333,
            0.7724061686197917,
            0.9072167154947917
        ],
        [
            0.2921142374674479,
            0.14421583048502604,
            0.5329459635416667,
            0.36037349446614586
        ],
        [
            0.743916259765625,
            0.17138470458984376,
            0.9065851236979167,
            0.346386962890625
        ],
        [
            0.423858154296875,
            0.00030335781971613566,
            0.9210670572916667,
            0.173390625
        ],
        [
            0.001323431650797526,
            0.10900709025065104,
            0.3186322224934896,
            0.6768881022135417
        ],
        [
            0.0010915845235188802,
            0.10986386108398437,
            0.31867460123697916,
            0.484866943359375
        ],
        [
            0.184252197265625,
            0.5172222493489583,
            0.27983660888671874,
            0.5734230143229166
        ],
        [
            0.0008364468415578206,
            7.040053109327952e-05,
            0.32083856201171873,
            0.1420440877278646
        ],
        [
            0.002558350404103597,
            0.4947491861979167,
            0.9974716796875,
            0.99661669921875
        ],
        [
            0.41194026692708335,
            0.38457027180989584,
            0.5046201985677083,
            0.42771809895833335
        ],
        [
            0.0024248658816019694,
            0.0001656114955743154,
            0.9951400553385417,
            0.49767948404947915
        ],
        [
            0.0014973133405049642,
            0.41162060546875,
            0.21615043131510417,
            0.6786511637369792
        ],
        [
            0.0026682615280151367,
            0.002583980401357015,
            0.9965253092447917,
            0.9952638346354167
        ],
        [
            0.0031862255732218424,
            0.4982969970703125,
            0.997204833984375,
            0.9952132161458334
        ]
    ],
    "labels": [
        "tree",
        "grass",
        "grass",
        "road",
        "grass",
        "road",
        "grass",
        "road",
        "people",
        "grass",
        "road",
        "grass",
        "people",
        "cloud"
    ],
    "scores": [
        0.6924965977668762,
        0.4652143716812134,
        0.4464910626411438,
        0.38445091247558594,
        0.37814515829086304,
        0.32284969091415405,
        0.2981460988521576,
        0.29665371775627136,
        0.29547592997550964,
        0.27693870663642883,
        0.24941393733024597,
        0.24602435529232025,
        0.23707348108291626,
        0.20466458797454834
    ]
}