{
    "matched_indices": [
        0,
        0,
        5,
        7,
        0,
        5,
        7,
        8,
        1,
        0,
        0
    ],
    "iou_matrix": [
        [
            0.9958904212962165,
            0.0,
            0.0018551233520823043,
            0.006272196857711606,
            0.027697121375494595,
            0.20880933117951822,
            0.03586225655353789,
            0.026747161158888734,
            0.03518945104535791,
            0.0,
            0.5664874446327502
        ],
        [
            0.03453892013372497,
            0.0,
            0.0,
            0.0,
            0.0,
            0.0,
            0.0,
            0.04536762945850714,
            0.9651521666227254,
            0.0,
            0.01440624357559145
        ],
        [
            0.03453892013372497,
            0.0,
            0.0,
            0.0,
            0.0,
            0.0,
            0.0,
            0.04536762945850714,
            0.9651521666227254,
            0.0,
            0.01440624357559145
        ],
        [
            0.03453892013372497,
            0.0,
            0.0,
            0.0,
            0.0,
            0.0,
            0.0,
            0.04536762945850714,
            0.9651521666227254,
            0.0,
            0.01440624357559145
        ],
        [
            0.9958904212962165,
            0.0,
            0.0018551233520823043,
            0.006272196857711606,
            0.027697121375494595,
            0.20880933117951822,
            0.03586225655353789,
            0.026747161158888734,
            0.03518945104535791,
            0.0,
            0.5664874446327502
        ],
        [
            0.21138605019349915,
            0.0,
            0.004477208976302171,
            0.0,
            0.0,
            0.982897776849283,
            0.03125202977708399,
            0.0,
            0.0,
            0.0,
            0.0779048686204731
        ],
        [
            0.21138605019349915,
            0.0,
            0.004477208976302171,
            0.0,
            0.0,
            0.982897776849283,
            0.03125202977708399,
            0.0,
            0.0,
            0.0,
            0.0779048686204731
        ],
        [
            0.021398867854548042,
            0.0,
            0.0,
            0.13151092177876858,
            0.0055117860038868234,
            0.011096638720216864,
            0.9297636571912835,
            0.0,
            0.0,
            0.0,
            0.0
        ],
        [
            0.0,
            0.0,
            0.0,
            0.0,
            0.0,
            0.0,
            0.0,
            0.19322929866202768,
            0.0,
            0.0,
            0.0
        ],
        [
            0.021398867854548042,
            0.0,
            0.0,
            0.13151092177876858,
            0.0055117860038868234,
            0.011096638720216864,
            0.9297636571912835,
            0.0,
            0.0,
            0.0,
            0.0
        ],
        [
            0.9958904212962165,
            0.0,
            0.0018551233520823043,
            0.006272196857711606,
            0.027697121375494595,
            0.20880933117951822,
            0.03586225655353789,
            0.026747161158888734,
            0.03518945104535791,
            0.0,
            0.5664874446327502
        ],
        [
            0.03453892013372497,
            0.0,
            0.0,
            0.0,
            0.0,
            0.0,
            0.0,
            0.04536762945850714,
            0.9651521666227254,
            0.0,
            0.01440624357559145
        ]
    ],
    "num_matches": 4,
    "num_GT_boxes": 11,
    "used_labels": [
        "airplane",
        "apple",
        "balloon",
        "banana",
        "basket",
        "bee",
        "bench",
        "bicycle",
        "bird",
        "bottle",
        "bucket",
        "bus",
        "butterfly",
        "car",
        "cat",
        "chair",
        "chicken",
        "cloud",
        "cow",
        "cup",
        "dinnerware",
        "dog",
        "duck",
        "fence",
        "flower",
        "grape",
        "grass",
        "horse",
        "house",
        "moon",
        "mountain",
        "people",
        "picnic rug",
        "pig",
        "rabbit",
        "road",
        "sheep",
        "sofa",
        "star",
        "street lamp",
        "sun",
        "table",
        "tree",
        "truck",
        "umbrella",
        "others"
    ]
}