{
    "matched_indices": [
        8,
        8,
        2,
        8,
        8,
        8,
        5,
        4,
        0,
        1,
        6,
        3
    ],
    "iou_matrix": [
        [
            0.019680868978403484,
            0.0,
            0.0,
            0.0,
            0.03500930411609657,
            0.019195602793285724,
            0.0,
            0.0,
            0.8999722285036936,
            0.0,
            0.0,
            0.0
        ],
        [
            0.05391818443100434,
            0.016068750388994232,
            0.0,
            0.0,
            0.042989996767096576,
            0.0,
            0.0,
            0.0,
            0.0,
            0.9684936468427994,
            0.0,
            0.0
        ],
        [
            0.0,
            0.0,
            0.9666461310627257,
            0.0,
            0.0,
            0.0,
            0.0,
            0.0,
            0.0,
            0.0,
            0.0,
            0.0
        ],
        [
            0.0,
            0.0,
            0.0,
            0.25873871301592327,
            0.031577490792769065,
            0.0,
            0.0,
            0.0,
            0.0,
            0.0,
            0.0,
            0.9844743340793712
        ],
        [
            0.0175092458846111,
            0.015300164056370249,
            0.0,
            0.0,
            0.023161335579950516,
            0.0,
            0.0,
            0.9449824916619814,
            0.0,
            0.0,
            0.0,
            0.0
        ],
        [
            0.009097917398617709,
            0.0,
            0.0,
            0.0,
            0.01486748751378894,
            0.0,
            0.9478023290040437,
            0.0,
            0.0,
            0.0,
            0.0,
            0.0
        ],
        [
            0.0,
            0.031151652439359308,
            0.0,
            0.0,
            0.0,
            0.0,
            0.0,
            0.0,
            0.0,
            0.0,
            0.9870195463589785,
            0.0
        ],
        [
            0.0,
            0.031151652439359308,
            0.0,
            0.0,
            0.0,
            0.0,
            0.0,
            0.0,
            0.0,
            0.0,
            0.9870195463589785,
            0.0
        ],
        [
            0.5207234782390376,
            0.19456654048473238,
            0.0,
            0.3775498953082656,
            0.17403433771458177,
            0.029180194073239393,
            0.007050764166545233,
            0.011992468492891687,
            0.021519825316905678,
            0.028940454736528343,
            0.0,
            0.13005932167924525
        ]
    ],
    "num_matches": 7,
    "num_GT_boxes": 12,
    "used_labels": [
        "dog",
        "chair",
        "table",
        "people",
        "cup",
        "apple",
        "fence",
        "moon",
        "grape"
    ]
}