{
    "mean_iou": 0.37344510813889775,
    "mean_dice": 0.42682305384280345,
    "missed_matches": 12,
    "total_matches": 17,
    "success_rate": 0.29411764705882354,
    "time": "2024-09-24 01:37:49"
}