{
    "matched_indices": [
        2,
        2,
        1,
        2,
        1,
        1,
        1,
        1,
        1,
        1,
        0,
        1,
        1,
        1,
        1,
        1
    ],
    "iou_matrix": [
        [
            0.0,
            0.0,
            0.0,
            0.0,
            0.0,
            0.0,
            0.0,
            0.0,
            0.0,
            0.0,
            0.9570667481750987,
            0.0,
            0.0,
            0.0,
            0.0,
            0.0
        ],
        [
            0.0014416090663755261,
            0.0939551433509122,
            0.0018958475464036645,
            0.003307613614393707,
            0.003293694496294811,
            0.0026488606267802356,
            0.003307613614393706,
            0.003307613614393706,
            0.000930308554475877,
            0.0012817067548936644,
            0.0,
            0.0048051573066921665,
            0.003432255219065826,
            0.003832066917876129,
            0.0018911726257052725,
            0.9685439939407336
        ],
        [
            0.010742087427870759,
            0.9629996181960166,
            0.0,
            0.010507438993379529,
            0.0,
            0.0,
            0.0,
            0.0,
            0.0,
            0.0,
            0.0,
            0.0,
            0.0,
            0.0,
            0.0,
            0.08787315106591641
        ]
    ],
    "num_matches": 3,
    "num_GT_boxes": 16,
    "used_labels": [
        "sun",
        "grass",
        "tree",
        "others"
    ]
}