{
    "matched_indices": [
        23,
        3,
        4,
        20,
        10,
        9,
        16,
        15,
        0,
        2,
        24,
        7,
        21,
        8,
        13,
        23,
        23,
        20,
        1,
        14
    ],
    "iou_matrix": [
        [
            0.11135018963882444,
            0.0,
            0.0,
            0.0,
            0.013860957091829,
            0.031487438281605024,
            0.0,
            0.0,
            0.977638248814731,
            0.0,
            0.0,
            0.020476010910260887,
            0.3997432476831738,
            0.0,
            0.0009109411015242094,
            0.0,
            0.0,
            0.0,
            0.0,
            0.0
        ],
        [
            0.0,
            0.0,
            0.0,
            0.0,
            0.0,
            0.0,
            0.0,
            0.0,
            0.0,
            0.0,
            0.0,
            0.0,
            0.0,
            0.0,
            0.0,
            0.0,
            0.0,
            0.0,
            0.9664499255585889,
            0.0
        ],
        [
            0.0259784774482333,
            0.0,
            0.0,
            0.0,
            0.0,
            0.0,
            0.0,
            0.016289010892465414,
            0.0,
            0.9340687793634347,
            0.0,
            0.09230323859503718,
            0.0,
            0.18403319431973103,
            0.0,
            0.0,
            0.0,
            0.0,
            0.0,
            0.0
        ],
        [
            0.0,
            0.9808675419432685,
            0.0,
            0.0,
            0.0,
            0.0,
            0.0,
            0.13686686164722703,
            0.0,
            0.0,
            0.0,
            0.0,
            0.0,
            0.0,
            0.0,
            0.0,
            0.0,
            0.0,
            0.0,
            0.11769331014011031
        ],
        [
            0.0,
            0.0,
            0.9758637297211378,
            0.0,
            0.05851269951571934,
            0.0,
            0.23596637799080983,
            0.0,
            0.0,
            0.0,
            0.0,
            0.0,
            0.0,
            0.0,
            0.0,
            0.0,
            0.0,
            0.0,
            0.0,
            0.15986182704751972
        ],
        [
            0.08803117134731887,
            0.0,
            0.23759596932411006,
            0.001017762242914052,
            0.1334565105346495,
            0.0,
            0.9825742529831677,
            0.0,
            0.0,
            0.0,
            0.0050408050971148905,
            0.0,
            0.0,
            0.0,
            0.0,
            0.0,
            0.0,
            0.0,
            0.0,
            0.14664322535864255
        ],
        [
            0.08325661543961796,
            0.13928711860349482,
            0.0,
            0.0,
            0.0,
            0.0,
            0.0,
            0.9827842702471523,
            0.0,
            0.014439527394584647,
            0.0,
            0.0,
            0.0,
            0.010672391275867619,
            0.0,
            0.0,
            0.0,
            0.006867332557020232,
            0.0,
            0.15214420098076287
        ],
        [
            0.015630085196011376,
            0.0,
            0.0,
            0.0,
            0.0,
            0.0,
            0.0,
            0.0,
            0.024262071476670168,
            0.0954076542129436,
            0.0,
            0.9763624174803271,
            0.0,
            0.0,
            0.0,
            0.0,
            0.0,
            0.0,
            0.0,
            0.0
        ],
        [
            0.03462289647711894,
            0.0,
            0.0,
            0.0,
            0.0,
            0.0,
            0.0,
            0.012026339919717695,
            0.0,
            0.19431830873066866,
            0.0,
            0.0,
            0.0,
            0.9642062976831751,
            0.0,
            0.0,
            0.0,
            0.0,
            0.0,
            0.0
        ],
        [
            0.029194332325293032,
            0.0,
            0.0,
            0.0,
            0.0,
            0.9546431047246279,
            0.0,
            0.0,
            0.04261128786433735,
            0.0,
            0.0,
            0.0,
            0.02067866566255156,
            0.0,
            0.0,
            0.0,
            0.0,
            0.0,
            0.0,
            0.12797183434668102
        ],
        [
            0.022996507096610923,
            0.0,
            0.060277628178961803,
            0.0,
            0.9858330747492766,
            0.0,
            0.12979099066205302,
            0.0,
            0.012366185809720506,
            0.0,
            0.0,
            0.0,
            0.00282102855313943,
            0.0,
            0.0,
            0.0,
            0.0,
            0.0,
            0.0,
            0.14361246494195673
        ],
        [
            0.9691932747625442,
            0.0,
            0.0,
            0.0,
            0.026161949134029076,
            0.026310161517650928,
            0.08979723823044039,
            0.08698838037352298,
            0.11093386907727368,
            0.024643780882503994,
            0.018427553002869385,
            0.015356294169057816,
            0.044226127206886554,
            0.03316959540516488,
            0.030712588338115642,
            0.09405423052664533,
            0.03847673066999129,
            0.0035459382360659417,
            0.0,
            0.0
        ],
        [
            0.029636523438013616,
            0.0,
            0.0,
            0.0,
            0.0,
            0.0,
            0.0,
            0.0,
            0.2654421641882243,
            0.0,
            0.0,
            0.0,
            0.6265875400204256,
            0.0,
            0.0,
            0.0,
            0.0,
            0.0,
            0.0,
            0.0
        ],
        [
            0.032648382925467914,
            0.0,
            0.0,
            0.0,
            0.0,
            0.0,
            0.0,
            0.0,
            0.0037997977716539583,
            0.0,
            0.0,
            0.0,
            0.0,
            0.0,
            0.9467775032000945,
            0.0,
            0.0,
            0.0,
            0.0,
            0.0
        ],
        [
            0.19949842153289502,
            0.06247410553410277,
            0.12665758757011605,
            0.0005900700314377724,
            0.13167534045425944,
            0.11303000815475814,
            0.29648203551095925,
            0.30491775807958676,
            0.04950017519933444,
            0.013146092012065153,
            0.0038064587411435905,
            0.003176860150923742,
            0.029123010735788945,
            0.009534320274638986,
            0.0,
            0.0,
            0.0,
            0.002564144628802146,
            0.0,
            0.22807933869422517
        ],
        [
            0.08360993682316317,
            0.1393005808945091,
            0.0,
            0.0,
            0.0,
            0.0,
            0.0,
            0.9828761542114697,
            0.0,
            0.014630269754053658,
            0.0,
            0.0,
            0.0,
            0.010934745996880013,
            0.0,
            0.0,
            0.0,
            0.006982630819693129,
            0.0,
            0.15228126859852675
        ],
        [
            0.0879576653733131,
            0.0,
            0.2372711188127419,
            0.0009855230013564734,
            0.1326824399387116,
            0.0,
            0.9838481689397777,
            0.0,
            0.0,
            0.0,
            0.005057724163281676,
            0.0,
            0.0,
            0.0,
            0.0,
