{
    "matched_indices": [
        0,
        8,
        5,
        9,
        10,
        12,
        1,
        6,
        7,
        0,
        0,
        0,
        0,
        0,
        0,
        0
    ],
    "iou_matrix": [
        [
            0.6747653328410964,
            0.08821781789357168,
            0.03630722709083825,
            0.05255748320178299,
            0.06302516095082793,
            0.035208968301029035,
            0.0,
            0.0,
            0.0,
            0.02257250036728106,
            0.03425430095163004,
            0.01863106905979537,
            0.020748235998408467,
            0.027136239692499745,
            0.0312756660862709,
            0.4474146665316979
        ],
        [
            0.0,
            0.0,
            0.0,
            0.0,
            0.0,
            0.0,
            0.9458199758997797,
            0.0,
            0.0,
            0.0,
            0.0,
            0.0,
            0.0,
            0.0,
            0.0,
            0.0
        ],
        [
            0.05817534502480662,
            0.9731230907685092,
            0.0,
            0.10872929056524996,
            0.0,
            0.0,
            0.0,
            0.0,
            0.0,
            0.0,
            0.0,
            0.0,
            0.0,
            0.0,
            0.0,
            0.18274504410020118
        ],
        [
            0.018569113848531885,
            0.055708206213687585,
            0.03761348897535657,
            0.8454781004722313,
            0.0,
            0.0,
            0.0,
            0.0,
            0.0,
            0.0,
            0.0,
            0.0,
            0.0,
            0.0,
            0.0,
            0.09509702714608038
        ],
        [
            0.049676311683040715,
            0.0,
            0.0,
            0.0,
            0.9444686986282903,
            0.04255803060544671,
            0.0,
            0.0,
            0.0,
            0.0,
            0.0,
            0.0,
            0.0008906866633873112,
            0.0,
            0.0,
            0.1391440537583292
        ],
        [
            0.01586099999723048,
            0.0,
            0.9258185721953833,
            0.03949172498883983,
            0.0,
            0.0,
            0.0,
            0.0,
            0.0,
            0.0,
            0.0,
            0.0,
            0.0,
            0.0,
            0.0,
            0.0835455342211313
        ],
        [
            0.0,
            0.0,
            0.0,
            0.0,
            0.0,
            0.0,
            0.0,
            0.8739263395825023,
            0.0,
            0.0,
            0.0,
            0.0,
            0.0,
            0.0,
            0.0,
            0.0
        ],
        [
            0.0,
            0.0,
            0.0,
            0.0,
            0.0,
            0.0,
            0.0,
            0.0,
            0.8590319219475231,
            0.0,
            0.0,
            0.0,
            0.0,
            0.0,
            0.0,
            0.0
        ],
        [
            0.05837795746267492,
            0.9758079633598303,
            0.0,
            0.11070650339162044,
            0.0,
            0.0,
            0.0,
            0.0,
            0.0,
            0.0,
            0.0,
            0.0,
            0.0,
            0.0,
            0.0,
            0.18338788960339553
        ],
        [
            0.01857742629055121,
            0.05577433734847217,
            0.037678648765699325,
            0.8472930704555187,
            0.0,
            0.0,
            0.0,
            0.0,
            0.0,
            0.0,
            0.0,
            0.0,
            0.0,
            0.0,
            0.0,
            0.09516038399289346
        ],
        [
            0.049806173635856966,
            0.0,
            0.0,
            0.0,
            0.9482251082251073,
            0.04262236527124179,
            0.0,
            0.0,
            0.0,
            0.0,
            0.0,
            0.0,
            0.001968322849973141,
            0.0,
            0.0,
            0.13861636675173694
        ],
        [
            0.015965831064153474,
            0.0,
            0.9191580069277905,
            0.03939784721133585,
            0.0,
            0.0,
            0.0,
            0.0,
            0.0,
            0.0,
            0.0,
            0.0,
            0.0,
            0.0,
            0.0,
            0.08410560381600503
        ],
        [
            0.00023224502001408223,
            0.0,
            0.0,
            0.0,
            0.04420378085273834,
            0.9640511051611713,
            0.0,
            0.0,
            0.0,
            0.0,
            0.0,
            0.0,
            0.0,
            0.0,
            0.0,
            0.06758844670856713
        ]
    ],
    "num_matches": 9,
    "num_GT_boxes": 16,
    "used_labels": [
        "picnic rug",
        "sun",
        "others",
        "cloud",
        "people",
        "tree",
        "grass"
    ]
}