{
    "bboxes": [
        [
            0.08610828653971354,
            0.651212646484375,
            0.43724580891927084,
            0.9172987467447916
        ],
        [
            0.4383533528645833,
            0.37198238118489585,
            0.5048100179036459,
            0.4239329427083333
        ],
        [
            0.30469219970703126,
            0.3049541829427083,
            0.3976746012369792,
            0.35766988118489584
        ],
        [
            0.5184168701171875,
            0.3319764200846354,
            0.5979095458984375,
            0.3709998779296875
        ]
    ],
    "labels": [
        "road",
        "bicycle",
        "bicycle",
        "bicycle"
    ],
    "scores": [
        0.9933695197105408,
        0.9858061671257019,
        0.9794236421585083,
        0.9741869568824768
    ]
}