{
    "bboxes": [
        [
            0.47990498860677083,
            0.8894187825520833,
            0.6643123372395834,
            0.9839320475260417
        ],
        [
            0.05678456115722656,
            0.8926336263020833,
            0.2382673136393229,
            0.9838203125
        ],
        [
            0.6525207926432292,
            0.10499372355143229,
            0.8110115559895833,
            0.2637667236328125
        ],
        [
            0.6525207926432292,
            0.10499372355143229,
            0.8110115559895833,
            0.2637667236328125
        ],
        [
            0.6525207926432292,
            0.10499372355143229,
            0.8110115559895833,
            0.2637667236328125
        ],
        [
            0.760166015625,
            0.5451554768880208,
            0.9997830403645833,
            0.8776853841145833
        ],
        [
            0.1401835225423177,
            0.37852156575520834,
            0.3548033447265625,
            0.8810835774739584
        ],
        [
            0.0004559754927953084,
            0.6162196044921875,
            0.14152205403645834,
            0.872829833984375
        ],
        [
            0.6525207926432292,
            0.10499372355143229,
            0.8110115559895833,
            0.2637667236328125
        ]
    ],
    "labels": [
        "truck",
        "truck",
        "others",
        "sofa",
        "bus",
        "horse",
        "horse",
        "horse",
        "basket"
    ],
    "scores": [
        0.9544046521186829,
        0.9426195621490479,
        0.38077759742736816,
        0.33357909321784973,
        0.31221839785575867,
        0.30768370628356934,
        0.29198023676872253,
        0.22860831022262573,
        0.21029190719127655
    ]
}