{
    "matched_indices": [
        4,
        5,
        1,
        0,
        0,
        4,
        0,
        5,
        0
    ],
    "iou_matrix": [
        [
            0.0,
            0.0,
            0.0,
            0.0,
            0.9456341632954193,
            0.0,
            0.0,
            0.0,
            0.33249965572032
        ],
        [
            0.10025742918732597,
            0.0,
            0.954735994285648,
            0.0,
            0.0,
            0.049610774780874244,
            0.0,
            0.0,
            0.21941896025562468
        ],
        [
            0.0,
            0.004791266376022421,
            0.0,
            0.0,
            0.0,
            0.0,
            0.0,
            0.9697802216055835,
            0.0
        ],
        [
            0.0,
            0.0,
            0.0,
            0.0,
            0.0,
            0.16183896024296088,
            0.0,
            0.0,
            0.0
        ],
        [
            0.9213464970794456,
            0.0,
            0.09892666950558118,
            0.0,
            0.0,
            0.1665667492031088,
            0.0,
            0.0,
            0.007209404356276064
        ],
        [
            0.0,
            0.005993947685915393,
            0.0,
            0.0,
            0.0,
            0.0,
            0.0,
            0.9786532929557563,
            0.0
        ],
        [
            0.4737625644258401,
            0.0,
            0.11905744155304392,
            0.0,
            0.0,
            0.07288555421464263,
            0.0,
            0.0,
            0.006288303871786882
        ]
    ],
    "num_matches": 4,
    "num_GT_boxes": 9,
    "used_labels": [
        "tree",
        "bench",
        "car",
        "house",
        "road",
        "sun",
        "cloud"
    ]
}