{
    "bboxes": [
        [
            0.3721459554036458,
            0.33196063232421874,
            0.82161376953125,
            0.810635498046875
        ],
        [
            0.7315391438802084,
            0.03873328653971354,
            0.981349853515625,
            0.344016357421875
        ],
        [
            0.11876836140950521,
            0.26504884847005206,
            0.4031805013020833,
            0.6111563720703125
        ],
        [
            0.4936923828125,
            0.0002527050574620565,
            0.6655434977213541,
            0.08958676147460938
        ],
        [
            0.11834859212239583,
            0.2648629353841146,
            0.56901953125,
            0.6115642903645834
        ],
        [
            0.000578876535097758,
            0.06602326965332031,
            0.1179285888671875,
            0.31781964111328126
        ],
        [
            0.26719171142578124,
            0.10579946899414062,
            0.37702266438802085,
            0.3043411458333333
        ],
        [
            0.00044839080174763997,
            0.6067990315755208,
            0.12700408935546875,
            0.8297718912760417
        ],
        [
            0.21941813151041667,
            0.10554141235351562,
            0.37689680989583335,
            0.3042819417317708
        ]
    ],
    "labels": [
        "cloud",
        "others",
        "cloud",
        "tree",
        "cloud",
        "others",
        "others",
        "others",
        "others"
    ],
    "scores": [
        0.9510614275932312,
        0.806369423866272,
        0.6742935180664062,
        0.26632699370384216,
        0.2544916272163391,
        0.25298306345939636,
        0.24558483064174652,
        0.24489355087280273,
        0.2037554681301117
    ]
}