{
    "matched_indices": [
        8,
        3,
        4,
        2,
        1,
        6,
        7,
        5,
        0,
        6,
        5,
        0,
        0,
        5,
        4,
        0,
        7,
        1,
        7,
        5,
        0,
        3,
        5,
        0
    ],
    "iou_matrix": [
        [
            0.0,
            0.01553533805098242,
            0.029211758650596067,
            0.0,
            0.0,
            0.0,
            0.0,
            0.0,
            0.9552337900181005,
            0.0,
            0.0,
            0.03493072837904277,
            0.0,
            0.0,
            0.029099795661335286,
            0.0,
            0.0,
            0.0,
            0.0,
            0.0,
            0.02717238492493687,
            0.010503962153008528,
            0.09805874644914135,
            0.0617775358336059
        ],
        [
            0.0,
            0.0,
            0.0,
            0.20063909803539803,
            0.9708631277744972,
            0.0,
            0.0,
            0.03693619316603327,
            0.0,
            0.0,
            0.0,
            0.0,
            0.0,
            0.0,
            0.0,
            0.0,
            0.0231852458762482,
            0.04001496694566649,
            0.0,
            0.0,
            0.0,
            0.0,
            0.010538666524259279,
            0.0
        ],
        [
            0.0,
            0.0,
            0.0,
            0.9850869464227586,
            0.20107945989117804,
            0.0,
            0.11136191996773522,
            0.0,
            0.0,
            0.0,
            0.0,
            0.0,
            0.0,
            0.0,
            0.0,
            0.0,
            0.04919449040413331,
            0.0,
            0.018482000125670597,
            0.0,
            0.0,
            0.0,
            0.0,
            0.0
        ],
        [
            0.09988830167978704,
            0.9865196789402267,
            0.4291707894551382,
            0.0,
            0.0,
            0.009362389151384445,
            0.0,
            0.0,
            0.01321148867407443,
            0.0,
            0.0,
            0.0,
            0.0,
            0.0,
            0.03702680609207947,
            0.0,
            0.0,
            0.0,
            0.0,
            0.0,
            0.0,
            0.021917196794240687,
            0.0,
            0.0
        ],
        [
            0.0,
            0.4058299508060443,
            0.9350132825153283,
            0.0,
            0.0,
            0.0,
            0.0,
            0.0,
            0.02410587753649322,
            0.0,
            0.0,
            0.0,
            0.0,
            0.0,
            0.06513406500457228,
            0.0,
            0.0,
            0.0,
            0.0,
            0.0,
            0.0,
            0.005080870451375086,
            0.0,
            0.0
        ],
        [
            0.0,
            0.0,
            0.0,
            0.0,
            0.040339470067475604,
            0.0,
            0.0,
            0.9934357301195564,
            0.0,
            0.0,
            0.025781313345575978,
            0.0,
            0.0,
            0.011442903014393994,
            0.0,
            0.0,
            0.0,
            0.03254088945244987,
            0.0,
            0.014110137155496812,
            0.0,
            0.0,
            0.13970571076390634,
            0.0
        ],
        [
            0.0,
            0.009269486040528864,
            0.0,
            0.0,
            0.0,
            0.9708797372525507,
            0.0,
            0.0,
            0.0,
            0.030774545442400086,
            0.0,
            0.0,
            0.0,
            0.0,
            0.0,
            0.0,
            0.0,
            0.0,
            0.0,
            0.0,
            0.0,
            0.0,
            0.001443893141963046,
            0.0
        ],
        [
            0.0,
            0.0,
            0.0,
            0.11928154974874257,
            0.0,
            0.0,
            0.901330890289461,
            0.0,
            0.0,
            0.0,
            0.0,
            0.0,
            0.0,
            0.0,
            0.0,
            0.0,
            0.09020651618779674,
            0.0,
            0.11002938175469967,
            0.0,
            0.0,
            0.0,
            0.0,
            0.0
        ],
        [
            0.9691948370043397,
            0.09305802196949445,
            0.0,
            0.0,
            0.0,
            0.0,
            0.0,
            0.0,
            0.0,
            0.0,
            0.0,
            0.0,
            0.0,
            0.0,
            0.0,
            0.0,
            0.0,
            0.0,
            0.0,
            0.0,
            0.0,
            0.0,
            0.0,
            0.0
        ]
    ],
    "true_pos": 9,
    "false_pos": 0,
    "unmatched": 15,
    "num_GT_boxes": 24,
    "used_labels": [
        "tree",
        "grass",
        "cat",
        "sun",
        "road",
        "others"
    ]
}