{
    "bboxes": [
        [
            0.5058137613932292,
            0.718319091796875,
            0.6377185872395833,
            0.8238438313802083
        ],
        [
            0.8921935221354167,
            0.8381285807291666,
            0.9573046875,
            0.9303487955729167
        ],
        [
            0.22551753743489583,
            0.4112818196614583,
            0.3048062540690104,
            0.46397127278645833
        ],
        [
            0.6102881266276041,
            0.3987447509765625,
            0.9986258138020834,
            0.810155029296875
        ],
        [
            0.29306882731119793,
            0.358594970703125,
            0.5045121663411458,
            0.49044368489583334
        ],
        [
            0.06551938374837239,
            0.03857028198242188,
            0.30456160481770833,
            0.437120849609375
        ],
        [
            0.43949104817708334,
            0.11850984700520834,
            0.8111597493489583,
            0.22404085286458333
        ],
        [
            0.0003057978947957357,
            0.3321256917317708,
            0.11748866780598959,
            0.46402742513020834
        ],
        [
            0.000665724237759908,
            0.5052726236979167,
            0.6377355143229166,
            0.74122314453125
        ],
        [
            0.8112431640625,
            0.19876271565755207,
            0.999720458984375,
            0.4457220052083333
        ],
        [
            0.047322998046875,
            0.744647216796875,
            0.32154661051432293,
            0.9970118815104166
        ],
        [
            0.7334762369791666,
            0.2147591552734375,
            0.8730194498697916,
            0.31758258056640626
        ],
        [
            0.047419692993164064,
            0.74532177734375,
            0.9606986490885416,
            0.9980020345052083
        ],
        [
            0.733327392578125,
            0.24563399251302084,
            0.8502449544270834,
            0.3178685302734375
        ]
    ],
    "labels": [
        "cloud",
        "cloud",
        "cloud",
        "road",
        "road",
        "fence",
        "cow",
        "road",
        "grass",
        "fence",
        "tree",
        "cow",
        "tree",
        "cow"
    ],
    "scores": [
        0.9916051626205444,
        0.9892366528511047,
        0.9884321093559265,
        0.9840428233146667,
        0.9835736155509949,
        0.9824609160423279,
        0.9795699715614319,
        0.9706496000289917,
        0.8951618075370789,
        0.812782347202301,
        0.61896812915802,
        0.5814321637153625,
        0.2264295518398285,
        0.20200839638710022
    ]
}