{
    "bboxes": [
        [
            0.3071766153971354,
            0.46556986490885416,
            0.5527975260416667,
            0.6835751139322916
        ],
        [
            0.8256114908854166,
            0.5723212483723958,
            0.9842208658854167,
            0.6908076985677083
        ],
        [
            0.5731684977213541,
            0.5191023763020833,
            0.7443544108072917,
            0.6769112955729166
        ],
        [
            0.1302667032877604,
            0.5224706624348958,
            0.24498870849609375,
            0.96668603515625
        ],
        [
            0.1302667032877604,
            0.5224706624348958,
            0.24498870849609375,
            0.96668603515625
        ],
        [
            0.30738596598307294,
            0.4652314453125,
            0.5526974690755209,
            0.68369091796875
        ],
        [
            0.8254178873697917,
            0.5722119954427083,
            0.9842513020833333,
            0.6908580729166667
        ],
        [
            0.0002565085689226786,
            0.08595546468098958,
            0.3171613972981771,
            0.9281241048177084
        ]
    ],
    "labels": [
        "bicycle",
        "bicycle",
        "bicycle",
        "mountain",
        "others",
        "bus",
        "bus",
        "tree"
    ],
    "scores": [
        0.9139795899391174,
        0.8310112357139587,
        0.7887296080589294,
        0.4759671688079834,
        0.3550044298171997,
        0.2564397156238556,
        0.2533140182495117,
        0.206735759973526
    ]
}