{
    "mean_iou": 0.4651497320083389,
    "mean_dice": 0.51471635534104,
    "missed_matches": 11,
    "total_matches": 26,
    "success_rate": 0.5769230769230769,
    "time": "2024-09-22 20:59:34"
}