{
    "matched_indices": [
        1,
        2,
        10,
        5,
        5,
        9,
        9,
        0,
        4,
        13,
        12,
        6
    ],
    "iou_matrix": [
        [
            0.04631654240895131,
            0.0,
            0.030579216865648687,
            0.0,
            0.0,
            0.09346210523882104,
            0.1563532178536539,
            0.9817986841334998,
            0.0,
            0.0,
            0.0,
            0.0
        ],
        [
            0.9732481370883912,
            0.02322087746756695,
            0.0012517381064488685,
            0.0,
            0.044901325201334746,
            0.0,
            0.028300943993219908,
            0.04460790337809801,
            0.0,
            0.0,
            0.0,
            0.0
        ],
        [
            0.011163798196141286,
            0.8881868956816426,
            0.0,
            0.03006688836481224,
            0.016927139293229875,
            0.0,
            0.0,
            0.0,
            0.0,
            0.0,
            0.0,
            0.0
        ],
        [
            0.000800921308231973,
            0.0,
            0.9678996902765702,
            0.0,
            0.0,
            0.016586732072139457,
            0.0,
            0.0348355894001979,
            0.0,
            0.0,
            0.0,
            0.0
        ],
        [
            0.0,
            0.0,
            0.0,
            0.0,
            0.0,
            0.0,
            0.0,
            0.0,
            0.9370084513575622,
            0.0,
            0.0,
            0.0
        ],
        [
            0.04171762721976489,
            0.11982049920610731,
            0.0,
            0.42494200136851856,
            0.541849756703673,
            0.0,
            0.0,
            0.0,
            0.0,
            0.0,
            0.0,
            0.0
        ],
        [
            6.49322262243471e-05,
            0.0,
            0.0,
            0.0,
            0.0,
            0.0,
            0.0,
            0.0,
            0.0,
            0.0,
            0.0,
            0.9759226012807494
        ],
        [
            0.0,
            0.0,
            0.0,
            0.0,
            0.0,
            0.0,
            0.0,
            0.0,
            0.0,
            0.35650493266867456,
            0.4456311658358432,
            0.0
        ],
        [
            0.10630693326876273,
            0.0839681485269177,
            0.015140689631063691,
            0.1689147525298329,
            0.21503363531292502,
            0.12332813068105393,
            0.08747626797083617,
            0.2887691256189463,
            0.0,
            0.0,
            0.0,
            0.0
        ],
        [
            0.04296407625944533,
            0.0,
            0.02169239661729746,
            0.0,
            0.0,
            0.2879636223758804,
            0.20583375392969497,
            0.5681266293661231,
            0.0,
            0.0,
            0.0,
            0.0
        ],
        [
            0.0009376236564260045,
            0.0,
            0.9702666275865891,
            0.0,
            0.0,
            0.014479595609406993,
            0.0,
            0.03273644030141273,
            0.0,
            0.0,
            0.0,
            0.0
        ],
        [
            0.011362524990937777,
            0.8850494548127297,
            0.0,
            0.028269108674820638,
            0.015943742826024447,
            0.0,
            0.0,
            0.0,
            0.0,
            0.0,
            0.0,
            0.0
        ],
        [
            0.0,
            0.0,
            0.0,
            0.0,
            0.0,
            0.0,
            0.0,
            0.0,
            0.0,
            0.045185506311440284,
            0.9274202022588682,
            0.0
        ],
        [
            0.0,
            0.0,
            0.0,
            0.0,
            0.0,
            0.0,
            0.0,
            0.0,
            0.0,
            0.9151253986364195,
            0.04283926665762581,
            0.0
        ],
        [
            0.0,
            0.0,
            0.7602135430396586,
            0.0,
            0.0,
            0.0,
            0.0,
            0.0,
            0.0,
            0.0,
            0.0,
            0.0
        ],
        [
            0.0,
            0.0,
            0.0,
            0.0,
            0.0,
            0.0,
            0.0,
            0.0,
            0.0,
            0.0,
            0.0,
            0.9741261842711724
        ]
    ],
    "num_matches": 8,
    "num_matches_with_correct_class": 0,
    "num_GT_boxes": 12,
    "used_labels": [
        "fence",
        "car",
        "house",
        "tree",
        "sun",
        "cloud"
    ],
    "map_score": 0.09730473160743713
}