{
    "bboxes": [
        [
            0.626549072265625,
            0.7835517578125,
            0.7982933756510416,
            0.996771484375
        ],
        [
            0.0004760473569234212,
            0.46164664713541664,
            0.1614193115234375,
            0.923932373046875
        ],
        [
            0.05673151652018229,
            0.04288801574707031,
            0.35013863118489585,
            0.9324440104166667
        ],
        [
            0.769379150390625,
            0.48181184895833334,
            0.9983147786458333,
            0.9813412272135417
        ],
        [
            0.746379150390625,
            0.06543742370605468,
            0.96983837890625,
            0.2902298380533854
        ]
    ],
    "labels": [
        "chair",
        "cloud",
        "chair",
        "sun",
        "butterfly"
    ],
    "scores": [
        0.456199049949646,
        0.3420216143131256,
        0.24541382491588593,
        0.24411188066005707,
        0.20284095406532288
    ]
}