{
    "bboxes": [
        [
            0.1809222412109375,
            0.3200622355143229,
            0.4304785563151042,
            0.576155029296875
        ],
        [
            0.6201487223307292,
            0.3471931966145833,
            0.829380126953125,
            0.5643040364583334
        ],
        [
            0.8269609375,
            0.3515924072265625,
            0.99877001953125,
            0.5781147867838542
        ],
        [
            0.4301329345703125,
            0.38667643229166665,
            0.6187230631510416,
            0.5649493001302084
        ],
        [
            0.6554209391276041,
            0.06609420776367188,
            0.9296532389322917,
            0.14246492513020834
        ],
        [
            0.0006564855178197225,
            0.373375244140625,
            0.1917536824544271,
            0.5763104654947917
        ],
        [
            0.09315261840820313,
            0.0794195556640625,
            0.3299001057942708,
            0.15567225138346355
        ],
        [
            0.5627693684895834,
            0.18611153157552082,
            0.9018817545572917,
            0.2761329345703125
        ],
        [
            0.0022719799677530924,
            0.5950471598307292,
            0.999052001953125,
            0.992372802734375
        ],
        [
            0.002350479284922282,
            0.5941399332682291,
            0.9982203776041667,
            0.99276611328125
        ]
    ],
    "labels": [
        "road",
        "road",
        "road",
        "road",
        "grass",
        "road",
        "grass",
        "grass",
        "cloud",
        "house"
    ],
    "scores": [
        0.9435697793960571,
        0.914996862411499,
        0.8751807808876038,
        0.8743945956230164,
        0.772094190120697,
        0.743557333946228,
        0.710188627243042,
        0.5908390879631042,
        0.5804619193077087,
        0.21486997604370117
    ]
}