{
    "matched_indices": [
        7,
        7,
        8,
        7,
        5,
        5,
        4,
        2,
        3,
        1,
        6,
        0
    ],
    "iou_matrix": [
        [
            0.0,
            0.0,
            0.0,
            0.25905122648094175,
            0.03310094188824274,
            0.0,
            0.0,
            0.0,
            0.0,
            0.0,
            0.0,
            0.989161977774508
        ],
        [
            0.055618166415448755,
            0.01656130663391495,
            0.0,
            0.0,
            0.04408491921418357,
            0.0,
            0.0,
            0.0,
            0.0,
            0.9845437468730279,
            0.0,
            0.0
        ],
        [
            0.017642024865444417,
            0.01511087648245469,
            0.0,
            0.0,
            0.02329965385258669,
            0.0,
            0.0,
            0.9506258771855371,
            0.0,
            0.0,
            0.0,
            0.0
        ],
        [
            0.020002074142509946,
            0.0,
            0.0,
            0.0,
            0.03669344939645746,
            0.023454514805628223,
            0.0,
            0.0,
            0.8883352030976909,
            0.0,
            0.0,
            0.0
        ],
        [
            0.009750116666074409,
            0.0,
            0.0,
            0.0,
            0.015152287123724796,
            0.0,
            0.9449476264997677,
            0.0,
            0.0,
            0.0,
            0.0,
            0.0
        ],
        [
            0.11766063573387742,
            0.11604175428013883,
            0.0,
            0.07643889434684913,
            0.9946413386429247,
            0.061851957232084157,
            0.015658723349894745,
            0.02446675523421049,
            0.032922465843153635,
            0.044275040271827326,
            0.0,
            0.0359644679625857
        ],
        [
            0.0,
            0.030891978122123482,
            0.0,
            0.0,
            0.0,
            0.0,
            0.0,
            0.0,
            0.0,
            0.0,
            0.985567554222826,
            0.0
        ],
        [
            0.5306464961333355,
            0.1928435947992972,
            0.0,
            0.3755376375721479,
            0.16999469134167008,
            0.027637544490535657,
            0.006152191393247539,
            0.010924374170791527,
            0.021929911707525063,
            0.029491950227361306,
            0.0,
            0.12773902745291452
        ],
        [
            0.0,
            0.0,
            0.9770562119458065,
            0.0,
            0.0,
            0.0,
            0.0,
            0.0,
            0.0,
            0.0,
            0.0,
            0.0
        ]
    ],
    "num_matches": 8,
    "num_GT_boxes": 12,
    "used_labels": [
        "airplane",
        "apple",
        "balloon",
        "banana",
        "basket",
        "bee",
        "bench",
        "bicycle",
        "bird",
        "bottle",
        "bucket",
        "bus",
        "butterfly",
        "car",
        "cat",
        "chair",
        "chicken",
        "cloud",
        "cow",
        "cup",
        "dinnerware",
        "dog",
        "duck",
        "fence",
        "flower",
        "grape",
        "grass",
        "horse",
        "house",
        "moon",
        "mountain",
        "people",
        "picnic rug",
        "pig",
        "rabbit",
        "road",
        "sheep",
        "sofa",
        "star",
        "street lamp",
        "sun",
        "table",
        "tree",
        "truck",
        "umbrella",
        "others"
    ]
}