{
    "matched_indices": [
        11,
        8,
        15,
        6,
        10,
        12,
        7,
        4,
        2,
        5,
        1,
        0,
        3,
        9
    ],
    "iou_matrix": [
        [
            0.0,
            0.0,
            0.0,
            0.0,
            0.0,
            0.0,
            0.0,
            0.0,
            0.0,
            0.0,
            0.0,
            0.9714460638323146,
            0.0,
            0.08219802197544485
        ],
        [
            0.0,
            0.0,
            0.0,
            0.0,
            0.0,
            0.008956716130820632,
            0.0,
            0.0,
            0.027842561695618717,
            0.04070773566110711,
            0.9203662163788994,
            0.0,
            0.0,
            0.037182844090513055
        ],
        [
            0.0018504055255085317,
            0.0,
            0.0,
            0.0,
            0.0,
            0.5375739571026236,
            0.0,
            0.0,
            0.8642252391436623,
            0.0,
            0.0028407537103959514,
            0.0,
            0.0,
            0.010744858785045447
        ],
        [
            0.0,
            0.16395609916701484,
            0.0,
            0.0,
            0.0,
            0.0,
            0.0,
            0.0,
            0.0,
            0.0,
            0.0,
            0.0,
            0.9201362453133002,
            0.007038707605145614
        ],
        [
            0.0,
            0.0,
            0.028447771825494395,
            0.0,
            0.0,
            0.0,
            0.0,
            0.9862807432664634,
            0.0,
            0.0,
            0.0,
            0.0,
            0.0,
            0.07448598446622774
        ],
        [
            0.0,
            0.0,
            0.0,
            0.0,
            0.0,
            0.0,
            0.0,
            0.0,
            0.0,
            0.9818914369946901,
            0.03688973444460263,
            0.0,
            0.0,
            0.12383281003917404
        ],
        [
            0.0,
            0.0,
            0.0,
            0.9467462085992345,
            0.0,
            0.0,
            0.0,
            0.0,
            0.0,
            0.0,
            0.0,
            0.0,
            0.0,
            0.0
        ],
        [
            0.0,
            0.0,
            0.0,
            0.0,
            0.0,
            0.0,
            0.959656698617945,
            0.0,
            0.0,
            0.0,
            0.0,
            0.0,
            0.0,
            0.0
        ],
        [
            0.0,
            0.9628587839586241,
            0.006142571957317233,
            0.0,
            0.0,
            0.0,
            0.0,
            0.0,
            0.0,
            0.0,
            0.0,
            0.0,
            0.17999420505036728,
            0.015182401786670997
        ],
        [
            0.0,
            0.01584462160586677,
            0.017535549928810033,
            0.0,
            0.0,
            0.017657629350714583,
            0.0,
            0.08603231198824587,
            0.014614751439208708,
            0.12427572526075338,
            0.03300607258330186,
            0.07701416936103764,
            0.007414730798151884,
            0.9487553382396808
        ],
        [
            0.0,
            0.0,
            0.0,
            0.0,
            0.9572320761598714,
            0.0,
            0.0,
            0.0,
            0.0,
            0.0,
            0.0,
            0.0,
            0.0,
            0.0
        ],
        [
            0.9615191684169964,
            0.0,
            0.0,
            0.0,
            0.0,
            0.02807972631923731,
            0.0,
            0.0,
            0.0,
            0.0,
            0.0,
            0.0,
            0.0,
            0.0
        ],
        [
            0.016486045704748816,
            0.0,
            0.0,
            0.0,
            0.0,
            0.7757957857877725,
            0.0,
            0.0,
            0.44719183466680296,
            0.0,
            0.0,
            0.0,
            0.0,
            0.014012862135294216
        ],
        [
            0.0,
            0.045530083539457,
            0.05009726769802487,
            0.0,
            0.0,
            0.0,
            0.0,
            0.17451696114391918,
            0.0,
            0.0,
            0.0,
            0.11736966879506198,
            0.022928122843251506,
            0.26450720546449374
        ],
        [
            0.0,
            0.0,
            0.0,
            0.0,
            0.0,
            0.052673863737798816,
            0.0,
            0.0,
            0.04407537250492404,
            0.2835780301676137,
            0.10608580840746099,
            0.0,
            0.0,
            0.3092864603087449
        ],
        [
            0.0,
            0.005566316731828011,
            0.650388418350732,
            0.0,
            0.0,
            0.0,
            0.0,
            0.0,
            0.0,
            0.0,
            0.0,
            0.0,
            0.0,
            0.010897864066518164
        ],
        [
            0.016541133249048198,
            0.03275773390125428,
            0.03631572189307295,
            0.0,
            0.0,
            0.04057717035022666,
            0.0,
            0.12902683611731466,
            0.027150669372961903,
            0.16805753138217638,
            0.025300974478548694,
            0.05903560711661359,
            0.015060575030847862,
            0.7298902034356874
        ],
        [
            0.0,
            0.0,
            0.001814686756098754,
            0.03823104993260489,
            0.03840618071562188,
            0.0,
            0.030739830689053938,
            0.023138504758965225,
            0.005774294768372283,
            0.07002755342074264,
            0.0,
            0.0,
            0.0,
            0.0
        ]
    ],
    "num_matches": 14,
    "num_GT_boxes": 14,
    "used_labels": [
        "car",
        "cloud",
        "road",
        "house",
        "street lamp"
    ]
}