{
    "matched_indices": [
        9,
        7,
        5,
        17,
        9,
        4,
        14,
        2,
        0,
        1,
        6,
        3,
        10
    ],
    "iou_matrix": [
        [
            0.0,
            0.0,
            0.0,
            0.021907984092447076,
            0.0025720080723802257,
            0.05310052044801791,
            0.0,
            0.0,
            0.7975957345155288,
            0.0,
            0.0,
            0.0,
            0.06275306272652961
        ],
        [
            0.0,
            0.0,
            0.0,
            0.0,
            0.0,
            0.0,
            0.0,
            0.0,
            0.0,
            0.8798498854742923,
            0.3501169255152547,
            0.0,
            0.07876038475908342
        ],
        [
            0.0,
            0.0,
            0.0,
            0.0,
            0.0,
            0.0,
            0.08446987795108835,
            0.9790868993632296,
            0.0,
            0.0,
            0.0,
            0.0,
            0.10977083790577441
        ],
        [
            0.0,
            0.0,
            0.0,
            0.0,
            0.0,
            0.0,
            0.06876171929329905,
            0.0,
            0.0,
            0.0,
            0.0,
            0.9546139713326605,
            0.04406530849076332
        ],
        [
            0.035898773389882524,
            0.0,
            0.0,
            0.05453752774273985,
            0.3624089665646243,
            0.9404568523332991,
            0.0,
            0.0,
            0.08494387142454644,
            0.0,
            0.0,
            0.0,
            0.09312648600746182
        ],
        [
            0.0,
            0.0,
            0.9491697812359405,
            0.0,
            0.0,
            0.0,
            0.0004603150462857359,
            0.0,
            0.0,
            0.0,
            0.0,
            0.0,
            0.0
        ],
        [
            0.0,
            0.0,
            0.0,
            0.0,
            0.0,
            0.0,
            0.0,
            0.0,
            0.0,
            0.39616883331469277,
            0.5790096555742758,
            0.0,
            0.07987138232115529
        ],
        [
            0.0,
            0.9376677292182062,
            0.0,
            0.0,
            0.0,
            0.0,
            0.0,
            0.0,
            0.0,
            0.0,
            0.0,
            0.0,
            0.0
        ],
        [
            0.0,
            0.0,
            0.0,
            0.0,
            0.0,
            0.0,
            0.06895498103374535,
            0.0,
            0.0,
            0.0,
            0.0,
            0.9486198330540551,
            0.044317752036763934
        ],
        [
            0.08808974517045437,
            0.0,
            0.0,
            0.0452434257712314,
            0.4454733329829652,
            0.6706728654840443,
            0.0,
            0.0,
            0.06423264682548892,
            0.0,
            0.0,
            0.0,
            0.12020735983251937
        ],
        [
            0.0,
            0.0,
            0.0,
            0.23198913188688738,
            0.025003449047997447,
            0.06056086509988867,
            0.3758088659256083,
            0.10631299579320877,
            0.07309609088537511,
            0.04567434161979979,
            0.024110195751532074,
            0.043929519502037606,
            0.5448565167717004
        ],
        [
            0.0,
            0.0,
            0.0,
            0.019303531492072725,
            0.0,
            0.0,
            0.19521089267016997,
            0.013457484149945817,
            0.0,
            0.0,
            0.0,
            0.0,
            0.12259338887603645
        ],
        [
            0.0,
            0.0,
            0.0,
            0.0,
            0.0,
            0.0,
            0.29588067471719454,
            0.21920481769794284,
            0.020829685328112312,
            0.001892316231123585,
            0.0,
            0.08386753217026326,
            0.4878717683884095
        ],
        [
            0.02452918854406313,
            0.022833925246577735,
            0.02740167063649969,
            0.09676116404709885,
            0.06798401226246886,
            0.10056870343646286,
            0.39261050925530866,
            0.04434246183265557,
            0.03048790598005252,
            0.04369884640743602,
            0.022366337748391477,
            0.027112712507794425,
            0.4041312848145787
        ],
        [
            0.0,
            0.0,
            9.99523038987013e-05,
            0.07921443582135905,
            0.0,
            0.0,
            0.9909490045314732,
            0.08499683027092432,
            0.0,
            0.0,
            0.0,
            0.06635895406946657,
            0.23880927398535098
        ],
        [
            0.0,
            0.0,
            0.0,
            0.0,
            0.0,
            0.0,
            0.0,
            0.0,
            0.0,
            0.4926258826118113,
            0.5651506268618126,
            0.0,
            0.08328337987852762
        ],
        [
            0.0,
            0.0,
            0.0,
            0.0,
            0.0,
            0.0,
            0.08461582438152403,
            0.9781492397887419,
            0.0,
            0.0,
            0.0,
            0.0,
            0.10987862694336878
        ],
        [
            0.0,
            0.0,
            0.0,
            0.5976082054402462,
            0.04783568858931679,
            0.11595127538535518,
            0.10427521451154034,
            0.11322001687932785,
            0.1389701830067058,
            0.0,
            0.0,
            0.0,
            0.15677300307595804
        ],
        [
            0.0,
            0.0,
            0.0,
            0.0,
            0.0,
            0.0,
            0.0,
            0.0,
            0.0,
            0.8668540515328904,
            0.35636461044483364,
            0.0,
            0.08044254669459881
        ]
    ],
    "true_pos": 11,
    "false_pos": 8,
    "unmatched": 2,
    "num_GT_boxes": 13,
    "used_labels": [
        "house",
        "bench",
        "cloud",
        "people",
        "tree",
        "mountain",
        "others"
    ]
}