{
    "matched_indices": [
        19,
        19,
        0,
        18,
        8,
        1,
        0,
        0,
        7
    ],
    "iou_matrix": [
        [
            0.00038027240225592266,
            0.06823615448367983,
            0.9702763683827959,
            0.0,
            0.0,
            0.0,
            0.0,
            0.0,
            0.0
        ],
        [
            0.05117888299278835,
            0.0,
            0.0,
            0.14395683699461545,
            0.0,
            0.9496796101929207,
            0.0,
            0.0,
            0.0
        ],
        [
            0.00038027240225592266,
            0.06823615448367983,
            0.9702763683827959,
            0.0,
            0.0,
            0.0,
            0.0,
            0.0,
            0.0
        ],
        [
            0.05117888299278835,
            0.0,
            0.0,
            0.14395683699461545,
            0.0,
            0.9496796101929207,
            0.0,
            0.0,
            0.0
        ],
        [
            0.00038027240225592266,
            0.06823615448367983,
            0.9702763683827959,
            0.0,
            0.0,
            0.0,
            0.0,
            0.0,
            0.0
        ],
        [
            0.05117888299278835,
            0.0,
            0.0,
            0.14395683699461545,
            0.0,
            0.9496796101929207,
            0.0,
            0.0,
            0.0
        ],
        [
            0.00038027240225592266,
            0.06823615448367983,
            0.9702763683827959,
            0.0,
            0.0,
            0.0,
            0.0,
            0.0,
            0.0
        ],
        [
            0.0,
            0.0,
            0.0,
            0.0,
            0.0,
            0.0,
            0.0,
            0.0,
            0.7730553223283437
        ],
        [
            0.03900781974845494,
            0.0,
            0.0,
            0.194449153063945,
            0.9343704164329079,
            0.0,
            0.0,
            0.0,
            0.0
        ],
        [
            0.05117888299278835,
            0.0,
            0.0,
            0.14395683699461545,
            0.0,
            0.9496796101929207,
            0.0,
            0.0,
            0.0
        ],
        [
            0.03900781974845494,
            0.0,
            0.0,
            0.194449153063945,
            0.9343704164329079,
            0.0,
            0.0,
            0.0,
            0.0
        ],
        [
            0.06587150565023127,
            0.0,
            0.0,
            0.5104150641870618,
            0.6071617542828005,
            0.14322813386750946,
            0.0,
            0.0,
            0.0
        ],
        [
            0.00038027240225592266,
            0.06823615448367983,
            0.9702763683827959,
            0.0,
            0.0,
            0.0,
            0.0,
            0.0,
            0.0
        ],
        [
            0.00038027240225592266,
            0.06823615448367983,
            0.9702763683827959,
            0.0,
            0.0,
            0.0,
            0.0,
            0.0,
            0.0
        ],
        [
            0.03900781974845494,
            0.0,
            0.0,
            0.194449153063945,
            0.9343704164329079,
            0.0,
            0.0,
            0.0,
            0.0
        ],
        [
            0.043121125029860444,
            0.0,
            0.0,
            0.7753138817981984,
            0.2748231232332138,
            0.1868166550325176,
            0.0,
            0.0,
            0.0
        ],
        [
            0.11106046287168825,
            0.0,
            0.0,
            0.3056121374233697,
            0.36668230458482676,
            0.44143975405597846,
            0.0,
            0.0,
            0.0
        ],
        [
            0.06587150565023127,
            0.0,
            0.0,
            0.5104150641870618,
            0.6071617542828005,
            0.14322813386750946,
            0.0,
            0.0,
            0.0
        ],
        [
            0.039989829852244974,
            0.0,
            0.0,
            0.8344067230983457,
            0.23797352251593243,
            0.1859824459444774,
            0.0,
            0.0,
            0.0
        ],
        [
            0.9358322227285234,
            0.158292926610587,
            0.0,
            0.03509551206489524,
            0.042072985535312336,
            0.05133193198196783,
            0.0,
            0.0,
            0.0
        ],
        [
            0.05117888299278835,
            0.0,
            0.0,
            0.14395683699461545,
            0.0,
            0.9496796101929207,
            0.0,
            0.0,
            0.0
        ],
        [
            0.05117888299278835,
            0.0,
            0.0,
            0.14395683699461545,
            0.0,
            0.9496796101929207,
            0.0,
            0.0,
            0.0
        ]
    ],
    "num_matches": 6,
    "num_GT_boxes": 9,
    "used_labels": [
        "airplane",
        "apple",
        "balloon",
        "banana",
        "basket",
        "bee",
        "bench",
        "bicycle",
        "bird",
        "bottle",
        "bucket",
        "bus",
        "butterfly",
        "car",
        "cat",
        "chair",
        "chicken",
        "cloud",
        "cow",
        "cup",
        "dinnerware",
        "dog",
        "duck",
        "fence",
        "flower",
        "grape",
        "grass",
        "horse",
        "house",
        "moon",
        "mountain",
        "people",
        "picnic rug",
        "pig",
        "rabbit",
        "road",
        "sheep",
        "sofa",
        "star",
        "street lamp",
        "sun",
        "table",
        "tree",
        "truck",
        "umbrella",
        "others"
    ]
}