{
    "matched_indices": [
        15,
        7,
        6,
        15,
        11,
        15,
        13,
        17,
        11,
        15,
        0,
        8,
        1,
        12,
        9,
        3,
        4,
        2,
        10,
        16,
        5,
        0
    ],
    "iou_matrix": [
        [
            0.0,
            0.022503720426863792,
            0.0,
            0.0,
            0.010105201562220159,
            0.0,
            0.0,
            0.0,
            0.0,
            0.0,
            0.9719520907440777,
            0.0,
            0.0,
            0.0,
            0.0,
            0.0,
            0.0,
            0.0,
            0.0,
            0.0,
            0.0,
            0.0
        ],
        [
            0.0,
            0.018554930401934195,
            0.0,
            0.0,
            0.0,
            0.0,
            0.0,
            0.0,
            0.0,
            0.0,
            0.0,
            0.0,
            0.9715066668294292,
            0.0,
            0.0,
            0.0,
            0.0,
            0.0,
            0.0,
            0.0,
            0.0,
            0.0
        ],
        [
            0.0,
            0.0,
            0.05952858906384648,
            0.0,
            0.0,
            0.0,
            0.0,
            0.0,
            0.0,
            0.0,
            0.0,
            0.0,
            0.0,
            0.0,
            0.0,
            0.0,
            0.09918375111949809,
            0.9659965683550374,
            0.0011935920309474723,
            0.0,
            0.0,
            0.0
        ],
        [
            0.0,
            0.0,
            0.05965951521935439,
            0.0,
            0.022992124189212215,
            0.0,
            0.0,
            0.0,
            0.0,
            0.0,
            0.0,
            0.0,
            0.0,
            0.0,
            0.0,
            0.9619832566533363,
            0.09825343213182074,
            0.0,
            0.0,
            0.0,
            0.0,
            0.0
        ],
        [
            0.0,
            0.0,
            0.05857916365018701,
            0.0,
            0.017840584201462048,
            0.0,
            0.0,
            0.0,
            0.0,
            0.0,
            0.0,
            0.0,
            0.0,
            0.0,
            0.0,
            0.11522175588996514,
            0.9519558793032495,
            0.10025313312257339,
            0.0,
            0.0,
            0.0,
            0.0
        ],
        [
            0.0,
            0.12175065597096753,
            0.0,
            0.0,
            0.0,
            0.0,
            0.09085382731848335,
            0.0,
            0.0,
            0.0,
            0.0,
            0.0,
            0.0,
            0.0,
            0.0,
            0.0,
            0.0,
            0.0,
            0.0,
            0.0,
            0.9787039113525121,
            0.0
        ],
        [
            0.0,
            0.076802759257667,
            0.5150873523051598,
            0.0,
            0.06672739637619163,
            0.0667189701882287,
            0.0,
            0.0,
            0.0,
            0.0,
            0.0,
            0.0,
            0.0,
            0.0,
            0.002222653308641251,
            0.04497357642188089,
            0.044129235549092344,
            0.04497357642188089,
            0.0,
            0.0,
            0.0,
            0.0
        ],
        [
            0.0,
            0.9652287768248791,
            0.0610835239290016,
            0.0,
            0.015469114537058536,
            0.04140107127939821,
            0.13670782160050382,
            0.0,
            0.0,
            0.0,
            0.023122471229309167,
            0.0,
            0.019656461149530364,
            0.026902119221325786,
            0.0377404054070982,
            0.0,
            0.0,
            0.0,
            0.0,
            0.02751904560934244,
            0.12172014586423537,
            0.0
        ],
        [
            0.0,
            0.024357679553000545,
            0.021788544278838015,
            0.0,
            0.0,
            0.1919461929196788,
            0.05520875979206453,
            0.0,
            0.0,
            0.0,
            0.0,
            0.3117665548636206,
            0.0,
            0.0,
            0.017158067711262444,
            0.0,
            0.0,
            0.0,
            0.0,
            0.0,
            0.0,
            0.0
        ],
        [
            0.0,
            0.03473227197251192,
            0.0006367275574617541,
            0.0,
            0.0,
            0.012989591726891427,
            0.052382055046558615,
            0.0,
            0.0,
            0.0,
            0.0,
            0.0,
            0.0,
            0.0,
            0.9516819465868666,
            0.0,
            0.0,
            0.0,
            0.0,
            0.0,
            0.0,
            0.0
        ],
        [
            0.0,
            0.0,
            0.09950312716532038,
            0.0,
            0.018218997004078162,
            0.0,
            0.0,
            0.0,
            0.0,
            0.0,
            0.0,
            0.0,
            0.0,
            0.0,
            0.0,
            0.0,
            0.0,
            0.0,
            0.953549773401797,
            0.0,
            0.0,
            0.0
        ],
        [
            0.0,
            0.019291665849394804,
            0.13482138564577376,
            0.0,
            0.9680674938020271,
            0.0,
            0.0,
            0.0,
            0.056418794921287,
            0.0,
            0.009056716554225868,
            0.0,
            0.0,
            0.00895441692871044,
            0.0,
            0.024274477522906377,
            0.015946401599070955,
            0.0,
            0.015316302588184397,
            0.0,
            0.0,
            0.0
        ],
        [
            0.0,
            0.026010305181515106,
            0.0,
            0.0,
            0.009950680332961391,
            0.0,
            0.0,
            0.0,
            0.0,
            0.0,
            0.0,
            0.0,
            0.0,
            0.968923705309464,
            0.0,
            0.0,
            0.0,
            0.0,
            0.0,
            0.0,
            0.0,
            0.0
        ],
        [
            0.14094445185817042,
            0.14300080860457062,
            0.0,
            0.016567171959384817,
            0.0,
            0.2862344380510286,
            0.9782020277757603,
            0.0,
            0.0,
            0.0,
            0.0,
            0.02707462236243364,
            0.0,
            0.0,
            0.05643435979166101,
            0.0,
            0.0,
            0.0,
            0.0,
            0.0,
            0.09127547148596045,
            0.0
        ],
        [
            0.0,
            0.019291665849394804,
            0.13482138564577376,
            0.0,
            0.9680674938020271,
            0.0,
            0.0,
            0.0,
            0.056418794921287,
            0.0,
            0.009056716554225868,
            0.0,
            0.0,
            0.00895441692871044,
            0.0,
            0.024274477522906377,
            0.015946401599070955,
            0.0,
            0.015316302588184397,
            0.0,
            0.0,
            0.0
        ],
        [
            0.6808408555411409,
            0.02736468049823434,
            0.05018564121929022,
            0.03198588580388968,
            0.0,
            0.34873418008263163,
            0.2813083500059044,
            0.0,
            0.0,
            0.013833764894265401,
            0.0,
            0.025057489858119644,
            0.0,
            0.0,
            0.0,
            0.0,
            0.0,
