{
    "bboxes": [
        [
            0.3194474080403646,
            0.0,
            0.7441537272135417,
            0.5176788330078125
        ]
    ],
    "labels": [
        "horse"
    ],
    "scores": [
        0.9660153985023499
    ]
}