{
    "bboxes": [
        [
            0.7199599609375,
            0.4634684651692708,
            0.9197110188802083,
            0.6537098388671875
        ],
        [
            0.004665851275126139,
            0.7278594563802083,
            0.99584716796875,
            0.9959745279947917
        ],
        [
            0.06377953084309895,
            0.46352079264322915,
            0.3158637491861979,
            0.6643743489583334
        ],
        [
            0.37354345703125,
            0.2111584269205729,
            0.8305297037760416,
            0.5894836832682292
        ],
        [
            0.2932756958007813,
            0.45434114583333335,
            0.47601066080729165,
            0.754646728515625
        ],
        [
            0.1193450927734375,
            0.10296279907226563,
            0.54767138671875,
            0.5428882649739584
        ],
        [
            0.5585244547526041,
            0.0016652344067891438,
            0.698447509765625,
            0.1457698771158854
        ],
        [
            0.6270782063802083,
            0.02534833272298177,
            0.9958313802083333,
            0.1706947021484375
        ],
        [
            0.0029410419464111328,
            0.0034525391260782877,
            0.99687841796875,
            0.760504150390625
        ],
        [
            0.2106618448893229,
            0.17681117757161458,
            0.5289830729166667,
            0.5410324300130208
        ],
        [
            0.11921482340494792,
            0.10388373819986979,
            0.5462540283203124,
            0.44993892415364584
        ],
        [
            0.1194499003092448,
            0.10233596801757812,
            0.5483041178385417,
            0.5425383707682292
        ],
        [
            0.1194499003092448,
            0.10233596801757812,
            0.5483041178385417,
            0.5425383707682292
        ]
    ],
    "labels": [
        "cloud",
        "people",
        "dog",
        "bench",
        "sun",
        "house",
        "tree",
        "fence",
        "fence",
        "house",
        "tree",
        "tree",
        "fence"
    ],
    "scores": [
        0.8826897144317627,
        0.8626304268836975,
        0.8470308184623718,
        0.812559962272644,
        0.6240240335464478,
        0.5826374888420105,
        0.47093600034713745,
        0.3617902100086212,
        0.281302273273468,
        0.2663642466068268,
        0.25492343306541443,
        0.24805022776126862,
        0.21961408853530884
    ],
    "model_info": {
        "model_config": "/mnt/sda/miatang/projects/stroke-label/extern/mmdetection/ours_weights/base_cat_full_ft_allclass_val/intersect_full_ft_all_class_val.py",
        "weights": "/mnt/sda/miatang/projects/stroke-label/extern/mmdetection/groundingdino_swint_ogc_mmdet-822d7e9d.pth",
        "device": "cuda:0",
        "score_threshold": 0.2
    }
}