{
    "bboxes": [
        [
            0.42564204915364584,
            0.6377314453125,
            0.5045367838541667,
            0.7037587076822917
        ],
        [
            0.3453046061197917,
            0.6524074300130208,
            0.4254482014973958,
            0.7178234049479166
        ],
        [
            0.35824462890625,
            0.7155397135416667,
            0.5595967610677083,
            0.930493896484375
        ],
        [
            0.27893477376302084,
            0.5055354410807291,
            0.3976785888671875,
            0.650798095703125
        ],
        [
            0.5585672607421875,
            0.4112719319661458,
            0.7570736490885417,
            0.928989990234375
        ],
        [
            0.5585672607421875,
            0.4112719319661458,
            0.7570736490885417,
            0.928989990234375
        ],
        [
            0.12063677978515625,
            0.6791167805989583,
            0.90033544921875,
            0.8455792643229166
        ]
    ],
    "labels": [
        "airplane",
        "airplane",
        "dinnerware",
        "banana",
        "others",
        "mountain",
        "sun"
    ],
    "scores": [
        0.995909571647644,
        0.9947046637535095,
        0.975136399269104,
        0.7586494088172913,
        0.2720770537853241,
        0.2712371051311493,
        0.23614417016506195
    ]
}