{
    "matched_indices": [
        2,
        6,
        9,
        6,
        2,
        8,
        6,
        5,
        5,
        5,
        5,
        4,
        5,
        0,
        1,
        3,
        1,
        9,
        9,
        4,
        5,
        0,
        8,
        0
    ],
    "iou_matrix": [
        [
            0.00025913139851063254,
            0.0,
            0.0008225309425711126,
            0.0,
            0.0012658043845770412,
            0.0,
            0.0,
            0.0,
            0.0,
            0.0,
            0.0,
            0.0,
            0.0,
            0.9814488517302906,
            0.0,
            0.0,
            0.0,
            0.0,
            0.0,
            0.0,
            0.0,
            0.06866529980691864,
            0.0,
            0.007878981950690027
        ],
        [
            0.0,
            0.0,
            0.0,
            0.0,
            0.0,
            0.0,
            0.0,
            0.0,
            0.0,
            0.0,
            0.0,
            0.0,
            0.0,
            0.0,
            0.44568642652339063,
            0.0,
            0.4766685813389092,
            0.0,
            0.0,
            0.0,
            0.0,
            0.0,
            0.0,
            0.0
        ],
        [
            0.9838999209126794,
            0.0,
            0.0,
            0.0,
            0.09404776677000605,
            0.09191888163246392,
            0.0,
            0.0,
            0.0,
            0.0,
            0.0,
            0.0,
            0.0,
            0.0,
            0.0,
            0.0,
            0.0,
            0.0024359977829485967,
            0.008906105296834738,
            0.0,
            0.0,
            0.0,
            0.013197462997891042,
            0.0
        ],
        [
            0.0,
            0.0,
            0.0,
            0.0,
            0.0,
            0.0,
            0.0,
            0.0,
            0.0,
            0.0,
            0.0,
            0.0,
            0.0,
            0.0,
            0.0,
            0.9876911053059612,
            0.0,
            0.0,
            0.0,
            0.0,
            0.0,
            0.0,
            0.0,
            0.0
        ],
        [
            0.0,
            0.05356511355041554,
            0.0,
            0.0,
            0.0,
            0.0,
            0.0006798451740388985,
            0.0,
            0.0,
            0.0,
            0.0,
            0.9835252796395392,
            0.0,
            0.0,
            0.0,
            0.0,
            0.0,
            0.0,
            0.0,
            0.09113931296448306,
            0.0,
            0.0,
            0.0,
            0.0
        ],
        [
            0.0,
            0.07623524769539908,
            0.0,
            0.0,
            0.0,
            0.0,
            0.0,
            0.09905528835380241,
            0.05340467090073778,
            0.04684620254450683,
            0.08718106911257137,
            0.0,
            0.49283897256984804,
            0.0,
            0.0,
            0.0,
            0.0,
            0.0,
            0.0,
            0.0,
            0.10188725400086196,
            0.0,
            0.0,
            0.0
        ],
        [
            0.0,
            0.9850030293462874,
            0.0,
            0.057907536966372714,
            0.0,
            0.0,
            0.020125266595479002,
            0.046148790039265974,
            0.008409585338936383,
            0.0,
            0.0,
            0.04964806469979703,
            0.04241332841118968,
            0.0,
            0.0,
            0.0,
            0.0,
            0.09679016861196506,
            0.0,
            0.0,
            0.0,
            0.0,
            0.0,
            0.0
        ],
        [
            0.0,
            0.6826645646139902,
            0.0,
            0.007677484490079697,
            0.0,
            0.0,
            0.005345872707452127,
            0.0,
            0.0,
            0.0,
            0.0,
            0.0,
            0.0,
            0.0,
            0.0,
            0.0,
            0.0,
            0.11516244581651972,
            0.0,
            0.0,
            0.0,
            0.0,
            0.0,
            0.0
        ],
        [
            0.09106895795449808,
            0.0,
            0.0,
            0.0,
            0.0,
            0.958694926542231,
            0.0,
            0.0,
            0.0,
            0.0,
            0.0,
            0.0,
            0.0,
            0.0,
            0.0,
            0.0,
            0.0,
            0.0,
            0.0,
            0.0,
            0.0,
            0.0,
            0.09494476444134706,
            0.0
        ],
        [
            0.1319733254569097,
            0.18403651393096124,
            0.002351439230102439,
            0.012814359498211365,
            0.03664559378211082,
            0.01492206737738158,
            0.010010106603884633,
            0.010035126645970548,
            0.005226946867075734,
            0.004585041111469943,
            0.005280387867809446,
            0.0,
            0.005286270976036327,
            0.0,
            0.0037595871475785835,
            0.0,
            0.0,
            0.2554439010432085,
            0.24279921530821533,
            0.0,
            0.0,
            0.0,
            0.002098223429700539,
            0.0
        ]
    ],
    "num_matches": 6,
    "num_matches_with_correct_class": 0,
    "num_GT_boxes": 24,
    "used_labels": [
        "fence",
        "house",
        "tree",
        "mountain",
        "cloud",
        "grass"
    ],
    "map_score": 0.0
}