{
    "bboxes": [
        [
            0.6933457845052083,
            0.7454142252604167,
            0.811013916015625,
            0.8510813802083333
        ],
        [
            0.1456644795735677,
            0.4136337076822917,
            0.2648452555338542,
            0.5179040120442708
        ],
        [
            0.26309696451822917,
            0.13279032389322917,
            0.999086669921875,
            0.8095746256510417
        ],
        [
            0.09235933430989583,
            0.25210337320963544,
            0.2245811971028646,
            0.35747920735677086
        ],
        [
            0.5325984700520834,
            0.7452818196614583,
            0.6507849527994791,
            0.8773294270833333
        ],
        [
            0.71916748046875,
            0.7964408365885417,
            0.9311826171875,
            0.9833363444010417
        ],
        [
            0.0396600341796875,
            0.771882080078125,
            0.18482535807291667,
            0.8907647298177084
        ],
        [
            0.34464599609375,
            0.8384525553385417,
            0.5439701741536458,
            0.9722500813802083
        ],
        [
            0.2392202351888021,
            0.7452862955729167,
            0.39856013997395834,
            0.8500721028645833
        ],
        [
            0.17668552652994793,
            0.7866083984375,
            0.41894966634114583,
            0.98959326171875
        ],
        [
            0.1764969482421875,
            0.8263787434895833,
            0.41810225423177083,
            0.9885289713541666
        ]
    ],
    "labels": [
        "grass",
        "cat",
        "flower",
        "cat",
        "grass",
        "butterfly",
        "butterfly",
        "butterfly",
        "butterfly",
        "butterfly",
        "butterfly"
    ],
    "scores": [
        0.9785224795341492,
        0.9617058038711548,
        0.9532268643379211,
        0.9450206160545349,
        0.9411198496818542,
        0.9264299273490906,
        0.7379584908485413,
        0.710078775882721,
        0.5005683302879333,
        0.3840840756893158,
        0.35673898458480835
    ]
}