{
    "matched_indices": [
        9,
        7,
        4,
        5,
        7,
        3,
        7,
        6,
        6,
        8,
        4,
        4,
        4,
        0,
        1,
        0,
        4,
        4,
        4,
        0,
        0,
        4,
        0
    ],
    "iou_matrix": [
        [
            0.0,
            0.0,
            0.02712593366752547,
            0.0,
            0.0,
            0.0,
            0.014722709056224002,
            0.0,
            0.0,
            0.010446096850438673,
            0.0,
            0.0,
            0.02068712780562597,
            0.9655380331539971,
            0.04375508600047835,
            0.0,
            0.0,
            0.0,
            0.0,
            0.0,
            0.0,
            0.0,
            0.0
        ],
        [
            0.0,
            0.0,
            0.035807268285700335,
            0.0,
            0.0,
            0.0,
            0.0,
            0.0,
            0.0,
            0.0,
            0.0,
            0.0,
            0.0,
            0.04179843880253728,
            0.9710590137479209,
            0.0,
            0.0,
            0.0,
            0.0,
            0.0,
            0.0,
            0.0,
            0.0
        ],
        [
            0.0,
            0.0,
            0.05195862154984938,
            0.0,
            0.0,
            0.0,
            0.046505849968064686,
            0.0,
            0.0,
            0.06313030161426698,
            0.0,
            0.045748719038792615,
            0.017788828487475126,
            0.10269049978871428,
            0.0,
            0.0,
            0.0,
            0.0,
            0.0,
            0.0,
            0.0,
            0.0,
            0.0
        ],
        [
            0.0,
            0.0,
            0.0,
            0.01890038796022356,
            0.0,
            0.3844845885262537,
            0.05060582953676467,
            0.0,
            0.0,
            0.040284004524200875,
            0.0,
            0.0,
            0.0,
            0.0,
            0.0,
            0.0,
            0.0,
            0.0,
            0.0,
            0.0,
            0.0,
            0.0,
            0.0
        ],
        [
            0.0,
            0.0,
            0.9327843814314795,
            0.0,
            0.0,
            0.0,
            0.08250601436973784,
            0.0,
            0.03845054524489392,
            0.13504724457985615,
            0.08870974637349946,
            0.06357531823434129,
            0.05749705783467561,
            0.024641596214860985,
            0.034498234700805354,
            0.0,
            0.007661692338715706,
            0.0025382647026868112,
            0.02027856234421914,
            0.0,
            0.0,
            0.015261057588616766,
            0.0
        ],
        [
            0.0,
            0.023740896354145634,
            0.157222659635983,
            0.25885889585134353,
            0.024147141142390065,
            0.01179938814220939,
            0.5397632087756595,
            0.0,
            0.0595624722611639,
            0.7168322610440336,
            0.03156321311995732,
            0.02293211138372343,
            0.004207355207086039,
            0.017585700366187562,
            0.008308455334355884,
            0.0,
            0.0,
            0.0,
            0.0,
            0.0,
            0.0,
            0.0,
            0.0
        ],
        [
            0.0,
            0.0,
            0.03695675693844331,
            0.126461414657456,
            0.0,
            0.0,
            0.0,
            0.021894896802407093,
            0.9829799285197682,
            0.07348521228010291,
            0.0,
            0.0,
            0.0,
            0.0,
            0.0,
            0.0,
            0.0,
            0.0,
            0.0,
            0.0,
            0.0,
            0.0,
            0.0
        ],
        [
            0.0,
            0.03923262372731041,
            0.11150957248778921,
            0.19985593179477268,
            0.037630323873420926,
            0.019606288934612703,
            0.9029066460050671,
            0.0,
            0.0,
            0.3245138940056728,
            0.0,
            0.012594221610287134,
            0.0021706711630584312,
            0.026583225680245327,
            0.010209693498982339,
            0.0,
            0.0,
            0.0,
            0.0,
            0.0,
            0.0,
            0.0,
            0.0
        ],
        [
            0.0,
            0.0,
            0.12541004793006277,
            0.2159198235930277,
            0.0,
            0.017094493072696795,
            0.2705775477831717,
            0.0,
            0.0781022319147296,
            0.9516344082731846,
            0.04279573177898485,
            0.031289202920656,
            0.0043847971783607005,
            0.004785207050555177,
            0.0,
            0.0,
            0.0,
            0.0,
            0.0,
            0.0,
            0.0,
            0.0,
            0.0
        ],
        [
            0.015193366647889126,
            0.01248538720110673,
            0.15739056763855716,
            0.25485720590616845,
            0.0354605016479868,
            0.009156555397488482,
            0.3661083084999175,
            0.004136743204402822,
            0.2313340578304302,
            0.5549263804678528,
            0.024222418385976923,
            0.01754909143729442,
            0.002861315206694723,
            0.013434438449950466,
            0.005731769136717448,
            0.0,
            0.0,
            0.0,
            0.0,
            0.0,
            0.0,
            0.0,
            0.0
        ],
        [
            0.0,
            0.0,
            0.9327843814314795,
            0.0,
            0.0,
            0.0,
            0.08250601436973784,
            0.0,
            0.03845054524489392,
            0.13504724457985615,
            0.08870974637349946,
            0.06357531823434129,
            0.05749705783467561,
            0.024641596214860985,
            0.034498234700805354,
            0.0,
            0.007661692338715706,
            0.0025382647026868112,
            0.02027856234421914,
            0.0,
            0.0,
            0.015261057588616766,
            0.0
        ]
    ],
    "num_matches": 6,
    "num_GT_boxes": 23,
    "used_labels": [
        "airplane",
        "apple",
        "balloon",
        "banana",
        "basket",
        "bee",
        "bench",
        "bicycle",
        "bird",
        "bottle",
        "bucket",
        "bus",
        "butterfly",
        "car",
        "cat",
        "chair",
        "chicken",
        "cloud",
        "cow",
        "cup",
        "dinnerware",
        "dog",
        "duck",
        "fence",
        "flower",
        "grape",
        "grass",
        "horse",
        "house",
        "moon",
        "mountain",
        "people",
        "picnic rug",
        "pig",
        "rabbit",
        "road",
        "sheep",
        "sofa",
        "star",
        "street lamp",
        "sun",
        "table",
        "tree",
        "truck",
        "umbrella",
        "others"
    ]
}