{
    "bboxes": [
        [
            0.8117088216145834,
            0.13045346069335936,
            0.9962115885416667,
            0.3059873453776042
        ],
        [
            0.8422413736979166,
            0.745194091796875,
            0.9830480143229167,
            0.9852301432291667
        ],
        [
            0.2907378540039062,
            0.10247865804036459,
            0.66241552734375,
            0.3360701497395833
        ],
        [
            0.1319723917643229,
            0.851723876953125,
            0.2242821044921875,
            0.9302041015625
        ],
        [
            0.01197186024983724,
            0.32635579427083333,
            0.9471165364583334,
            0.896718505859375
        ],
        [
            0.18422408040364582,
            0.10341566975911458,
            0.31788887532552085,
            0.18474033610026042
        ],
        [
            0.6241917724609375,
            0.08931514485677083,
            0.74499560546875,
            0.15892620849609376
        ],
        [
            0.011022961934407553,
            0.06347809346516928,
            0.14471068318684896,
            0.1450195515950521
        ],
        [
            0.0019201337496439616,
            0.8636014811197916,
            0.983670654296875,
            0.9964637044270833
        ],
        [
            0.012477367401123048,
            0.10251900227864583,
            0.9491375325520833,
            0.9039231770833334
        ],
        [
            0.0009043663342793782,
            0.23610968017578124,
            0.16051627604166666,
            0.88703271484375
        ],
        [
            0.13202171834309895,
            0.8517759602864583,
            0.22425093587239583,
            0.9304181315104166
        ]
    ],
    "labels": [
        "people",
        "house",
        "tree",
        "road",
        "tree",
        "table",
        "table",
        "table",
        "grass",
        "tree",
        "road",
        "cloud"
    ],
    "scores": [
        0.6901174783706665,
        0.6683617830276489,
        0.5624669194221497,
        0.4945378303527832,
        0.49409252405166626,
        0.40475955605506897,
        0.37721773982048035,
        0.36954134702682495,
        0.28198403120040894,
        0.2399972379207611,
        0.2327069491147995,
        0.2229253500699997
    ]
}