{
    "bboxes": [
        [
            0.251899658203125,
            0.6251393229166666,
            0.5179198404947917,
            0.890515625
        ],
        [
            0.012182459513346355,
            0.038702532450358075,
            0.14457992553710938,
            0.1840608113606771
        ]
    ],
    "labels": [
        "butterfly",
        "street lamp"
    ],
    "scores": [
        0.9916514754295349,
        0.3871643543243408
    ]
}