{
    "matched_indices": [
        7,
        3,
        0,
        0,
        0,
        0,
        0,
        6,
        8,
        8,
        8,
        2,
        0,
        0,
        4,
        4
    ],
    "iou_matrix": [
        [
            0.0010783040320306834,
            0.0,
            0.0,
            0.022642217672339246,
            0.12800796190444738,
            0.0,
            0.6307639323896912,
            0.019714841751198222,
            0.0,
            0.0,
            0.0,
            0.02894089732742545,
            0.0,
            0.0,
            0.0,
            0.0
        ],
        [
            0.07389075545582087,
            0.0,
            0.0,
            0.0,
            0.0,
            0.0,
            0.05683923012371685,
            0.9392122785891449,
            0.0,
            0.0,
            0.0,
            0.0,
            0.0,
            0.0,
            0.0,
            0.04090163558765623
        ],
        [
            0.0,
            0.07046239006231393,
            0.0,
            0.0,
            0.0,
            0.0,
            0.02144177373787095,
            0.0,
            0.0,
            0.0,
            0.0,
            0.9163452152672287,
            0.0,
            0.0,
            0.0,
            0.0023314700787805164
        ],
        [
            0.0,
            0.9619850142645276,
            0.0,
            0.0,
            0.0,
            0.0,
            0.0,
            0.0,
            0.0,
            0.0,
            0.0,
            0.07008928334207234,
            0.0,
            0.0,
            0.0,
            0.12520095735815598
        ],
        [
            0.0,
            0.0,
            0.0,
            0.0,
            0.0,
            0.0,
            0.0,
            2.9086124033475533e-05,
            0.0,
            0.0,
            0.0,
            0.0,
            0.0,
            0.0,
            0.9378737313231954,
            0.18595500024806216
        ],
        [
            0.0,
            0.04012715780079458,
            0.0,
            0.0,
            0.0,
            0.0,
            0.0177374057783384,
            0.0,
            0.0,
            0.0,
            0.0,
            0.6919581956467301,
            0.0,
            0.0,
            0.0,
            0.0017378930471396152
        ],
        [
            0.07390610962689853,
            0.0,
            0.0,
            0.0,
            0.0,
            0.0,
            0.05663316940647565,
            0.9399993894843819,
            0.0,
            0.0,
            0.0,
            0.0,
            0.0,
            0.0,
            0.0,
            0.0409632852835237
        ],
        [
            0.6083805615558868,
            0.0,
            0.0,
            0.0,
            0.0,
            0.0,
            0.0,
            0.0,
            0.04402962807009973,
            0.0,
            0.0,
            0.0,
            0.0,
            0.0,
            0.0,
            0.18148450065818791
        ],
        [
            0.14418736997898388,
            0.0,
            0.0,
            0.0,
            0.0,
            0.0,
            0.0,
            0.0,
            0.5008483744643439,
            0.3573111383519495,
            0.022797976562070492,
            0.0,
            0.0,
            0.0,
            0.0,
            0.17831400220181948
        ]
    ],
    "num_matches": 6,
    "num_GT_boxes": 16,
    "used_labels": [
        "others",
        "butterfly",
        "tree",
        "flower",
        "grass",
        "sun"
    ]
}