{
    "bboxes": [
        [
            0.26722503662109376,
            0.4389531656901042,
            0.4240220947265625,
            0.8115777180989583
        ],
        [
            0.0007785707314809163,
            0.3695702718098958,
            0.1833742879231771,
            0.7319803873697917
        ],
        [
            0.5280893961588542,
            0.5602909342447917,
            0.7968052571614583,
            0.7817098795572917
        ],
        [
            0.5280893961588542,
            0.5602909342447917,
            0.7968052571614583,
            0.7817098795572917
        ],
        [
            0.49411625162760414,
            0.5600967203776042,
            0.7969117838541667,
            0.7818815104166666
        ],
        [
            0.49411625162760414,
            0.5600967203776042,
            0.7969117838541667,
            0.7818815104166666
        ],
        [
            0.49411625162760414,
            0.5600967203776042,
            0.7969117838541667,
            0.7818815104166666
        ],
        [
            0.5280893961588542,
            0.5602909342447917,
            0.7968052571614583,
            0.7817098795572917
        ],
        [
            0.49411625162760414,
            0.5600967203776042,
            0.7969117838541667,
            0.7818815104166666
        ],
        [
            0.5280893961588542,
            0.5602909342447917,
            0.7968052571614583,
            0.7817098795572917
        ]
    ],
    "labels": [
        "car",
        "car",
        "chair",
        "basket",
        "dinnerware",
        "car",
        "basket",
        "car",
        "chair",
        "pig"
    ],
    "scores": [
        0.9203557372093201,
        0.7858216762542725,
        0.27166905999183655,
        0.2562997341156006,
        0.2557048499584198,
        0.23737885057926178,
        0.23459503054618835,
        0.2311088591814041,
        0.2194138616323471,
        0.21019166707992554
    ]
}