{
    "matched_indices": [
        0,
        0,
        0,
        1,
        1,
        0,
        0,
        0,
        0,
        0,
        1,
        0,
        0,
        0
    ],
    "iou_matrix": [
        [
            0.0,
            0.0,
            0.04431507205517224,
            0.0,
            0.0,
            0.9915624176781209,
            0.005178765528582283,
            0.0,
            0.0,
            0.0,
            0.0,
            0.0,
            0.014947699518332786,
            0.03977324659469136
        ],
        [
            0.0,
            0.0,
            0.0,
            0.07920340081042204,
            0.9936577060848745,
            0.0,
            0.0,
            0.0,
            0.0,
            0.0,
            0.04901511284745741,
            0.0,
            0.0,
            0.0
        ]
    ],
    "num_matches": 2,
    "num_GT_boxes": 14,
    "used_labels": [
        "airplane",
        "apple",
        "balloon",
        "banana",
        "basket",
        "bee",
        "bench",
        "bicycle",
        "bird",
        "bottle",
        "bucket",
        "bus",
        "butterfly",
        "car",
        "cat",
        "chair",
        "chicken",
        "cloud",
        "cow",
        "cup",
        "dinnerware",
        "dog",
        "duck",
        "fence",
        "flower",
        "grape",
        "grass",
        "horse",
        "house",
        "moon",
        "mountain",
        "people",
        "picnic rug",
        "pig",
        "rabbit",
        "road",
        "sheep",
        "sofa",
        "star",
        "street lamp",
        "sun",
        "table",
        "tree",
        "truck",
        "umbrella",
        "others"
    ]
}