{
    "bboxes": [
        [
            0.533671142578125,
            0.3447308349609375,
            0.8521202799479166,
            0.6907750651041666
        ],
        [
            0.3081700439453125,
            0.4425303955078125,
            0.5836190999348958,
            0.8339417317708333
        ],
        [
            0.6273245849609375,
            0.5865185953776042,
            0.9299385579427083,
            0.8495856119791667
        ],
        [
            0.5202566324869792,
            0.010962903340657552,
            0.85105908203125,
            0.33080312093098957
        ],
        [
            0.6282015787760417,
            0.7868921712239584,
            0.7281067708333333,
            0.8875858561197917
        ],
        [
            0.0013454853693644206,
            0.07160430399576823,
            0.37171101888020835,
            0.81058740234375
        ],
        [
            0.3466456298828125,
            0.0654471181233724,
            0.5037699381510417,
            0.14061565144856772
        ],
        [
            0.0012335180441538493,
            0.0009246617158253988,
            0.9997247721354167,
            0.37798531087239584
        ],
        [
            0.8131793619791666,
            0.2392521769205729,
            0.999074462890625,
            0.3435808512369792
        ]
    ],
    "labels": [
        "grass",
        "bucket",
        "bucket",
        "cloud",
        "tree",
        "grass",
        "people",
        "people",
        "people"
    ],
    "scores": [
        0.9249783158302307,
        0.8575237989425659,
        0.8089300394058228,
        0.45378461480140686,
        0.40574344992637634,
        0.28576788306236267,
        0.2622015178203583,
        0.24797281622886658,
        0.20819690823554993
    ]
}