{
    "mean_iou": 0.4466404644312574,
    "mean_dice": 0.49468243604391393,
    "missed_matches": 8,
    "total_matches": 13,
    "success_rate": 0.38461538461538464,
    "time": "2024-09-24 01:47:57"
}