{
    "matched_indices": [
        0,
        9,
        7,
        2,
        4,
        3,
        5,
        1
    ],
    "iou_matrix": [
        [
            0.9798074746382207,
            0.0,
            0.0,
            0.07299838800799141,
            0.011001151305588675,
            0.1225008601244228,
            0.0,
            0.0019191081328748306
        ],
        [
            0.012481273581254873,
            0.0,
            0.014978384607052291,
            0.013634007814248238,
            0.01215078935124423,
            0.014399445061217542,
            0.0,
            0.9798247317563781
        ],
        [
            0.07685917302135083,
            0.0,
            0.0,
            0.9778905538177127,
            0.0,
            0.0,
            0.0,
            0.011006742046073706
        ],
        [
            0.12193627321584762,
            0.0,
            0.0,
            0.0,
            0.0,
            0.9600059510472757,
            0.0,
            0.009869469058638346
        ],
        [
            0.011331422648122936,
            0.0,
            0.08218120296951462,
            0.0,
            0.9842451770753691,
            0.0,
            0.0,
            0.00985913309472293
        ],
        [
            0.0,
            0.07579945701599936,
            0.0,
            0.0,
            0.0,
            0.0,
            0.9902561434606644,
            0.0
        ],
        [
            0.0,
            0.0,
            0.5512241926795417,
            0.0,
            0.021827798621794202,
            0.0,
            0.0,
            0.0
        ],
        [
            0.0,
            0.0,
            0.9523093486277918,
            0.0,
            0.07194945550791629,
            0.0,
            0.0,
            0.0
        ],
        [
            0.0,
            0.0,
            0.7213019850072977,
            0.0,
            0.010703522346603055,
            0.0,
            0.0,
            0.0
        ],
        [
            0.0,
            0.9735821267261946,
            0.0,
            0.0,
            0.0,
            0.0,
            0.07589445335388456,
            0.0
        ],
        [
            0.0,
            0.0,
            0.7213019850072977,
            0.0,
            0.010703522346603055,
            0.0,
            0.0,
            0.0
        ],
        [
            0.0,
            0.9715786571372633,
            0.0,
            0.0,
            0.0,
            0.0,
            0.07611501793131627,
            0.0
        ]
    ],
    "true_pos": 8,
    "false_pos": 4,
    "unmatched": 0,
    "num_GT_boxes": 8,
    "used_labels": [
        "tree",
        "house",
        "dog",
        "fence",
        "people",
        "cloud",
        "sun",
        "bench"
    ]
}