{
    "bboxes": [
        [
            0.06492289733886719,
            0.0650743662516276,
            0.9304607747395833,
            0.4935824788411458
        ],
        [
            0.001861005942026774,
            0.4898759765625,
            0.99825048828125,
            0.9297469075520833
        ]
    ],
    "labels": [
        "cloud",
        "duck"
    ],
    "scores": [
        0.7195171117782593,
        0.32101160287857056
    ]
}