{
    "bboxes": [
        [
            0.90824072265625,
            0.5879420166015625,
            0.9996522623697917,
            0.6847218424479167
        ],
        [
            0.026235997517903648,
            0.478761962890625,
            0.30413228352864585,
            0.7298824869791667
        ],
        [
            0.5192481689453124,
            0.3850565999348958,
            0.7180655924479167,
            0.570628662109375
        ],
        [
            0.025885698954264322,
            0.12709476725260416,
            0.99915869140625,
            0.7811356608072917
        ],
        [
            0.4388956298828125,
            0.7342068684895834,
            0.5581031087239583,
            0.890955322265625
        ],
        [
            0.031093238830566406,
            0.13742088826497395,
            0.9976112467447916,
            0.45807731119791667
        ],
        [
            0.0006396211385726929,
            0.7188577473958333,
            0.09114023844401041,
            0.8908267415364584
        ],
        [
            0.5192481689453124,
            0.3850565999348958,
            0.7180655924479167,
            0.570628662109375
        ],
        [
            0.09266222127278646,
            0.746442626953125,
            0.26246409098307294,
            0.885384521484375
        ]
    ],
    "labels": [
        "grass",
        "others",
        "people",
        "others",
        "grass",
        "flower",
        "grass",
        "others",
        "grass"
    ],
    "scores": [
        0.8548704981803894,
        0.27406248450279236,
        0.23743583261966705,
        0.22564564645290375,
        0.21791698038578033,
        0.21714206039905548,
        0.21215960383415222,
        0.2104889154434204,
        0.20639939606189728
    ]
}