{
    "matched_indices": [
        1,
        1,
        0,
        0,
        0,
        0,
        0,
        0,
        0,
        0,
        0
    ],
    "iou_matrix": [
        [
            0.015188274136447662,
            0.055910393781145776,
            0.0,
            0.0,
            0.0,
            0.9875117776394537,
            0.0,
            0.0,
            0.0,
            0.0,
            0.38425326183453723
        ],
        [
            0.08048617769047194,
            0.9942642294084908,
            0.0,
            0.0,
            0.0,
            0.055554118611435305,
            0.0,
            0.0,
            0.0,
            0.0,
            0.031419183423921804
        ]
    ],
    "num_matches": 2,
    "num_GT_boxes": 11,
    "used_labels": [
        "airplane",
        "apple",
        "balloon",
        "banana",
        "basket",
        "bee",
        "bench",
        "bicycle",
        "bird",
        "bottle",
        "bucket",
        "bus",
        "butterfly",
        "car",
        "cat",
        "chair",
        "chicken",
        "cloud",
        "cow",
        "cup",
        "dinnerware",
        "dog",
        "duck",
        "fence",
        "flower",
        "grape",
        "grass",
        "horse",
        "house",
        "moon",
        "mountain",
        "people",
        "picnic rug",
        "pig",
        "rabbit",
        "road",
        "sheep",
        "sofa",
        "star",
        "street lamp",
        "sun",
        "table",
        "tree",
        "truck",
        "umbrella",
        "others"
    ]
}