{
    "bboxes": [
        [
            0.6132212320963542,
            0.559090576171875,
            0.8780641276041666,
            0.7174427897135417
        ],
        [
            0.27992061360677084,
            0.11831277465820313,
            0.6377299397786458,
            0.6488385416666667
        ],
        [
            0.31625360107421874,
            0.2966790364583333,
            0.5009385172526042,
            0.8340602213541667
        ],
        [
            0.01314468510945638,
            0.12508314005533855,
            0.2968009033203125,
            0.93619140625
        ]
    ],
    "labels": [
        "bucket",
        "horse",
        "mountain",
        "mountain"
    ],
    "scores": [
        0.9595789909362793,
        0.780836820602417,
        0.5428100228309631,
        0.4172331690788269
    ]
}