{
    "bboxes": [
        [
            0.14557938639322918,
            0.5047878824869791,
            0.49143949381510416,
            0.8241763509114584
        ],
        [
            0.02668934122721354,
            0.06437510681152343,
            0.14534499104817708,
            0.10406846110026041
        ],
        [
            0.38557710774739584,
            0.064529296875,
            0.5031175537109375,
            0.11688218180338542
        ],
        [
            0.7194800618489583,
            0.07815582784016926,
            0.8106053059895834,
            0.12954905192057292
        ],
        [
            0.01253136952718099,
            0.14895737711588541,
            0.9979073893229167,
            0.4246909993489583
        ],
        [
            0.039665122985839844,
            0.25106376139322917,
            0.22486983235677083,
            0.3034887084960938
        ]
    ],
    "labels": [
        "mountain",
        "tree",
        "tree",
        "tree",
        "road",
        "others"
    ],
    "scores": [
        0.9697506427764893,
        0.7874877452850342,
        0.787168562412262,
        0.7152020931243896,
        0.31733620166778564,
        0.21814264357089996
    ]
}