{
    "bboxes": [
        [
            0.0008284598191579183,
            0.08776526896158854,
            0.38757096354166665,
            0.746050048828125
        ],
        [
            0.429449951171875,
            0.7844563802083333,
            0.6252018229166667,
            0.943674072265625
        ],
        [
            0.10625251261393229,
            0.678659423828125,
            0.3006091918945312,
            0.8230970052083333
        ],
        [
            0.6814725748697916,
            0.5740021565755208,
            0.9970679524739583,
            0.9435955403645834
        ],
        [
            0.5771415201822917,
            0.24002518717447915,
            0.8904068196614583,
            0.9285059407552083
        ],
        [
            0.25547603352864584,
            0.40133927408854164,
            0.5941251627604167,
            0.804119873046875
        ],
        [
            0.20162868245442708,
            0.82494384765625,
            0.34499515787760415,
            0.9577305501302084
        ],
        [
            0.5202564697265625,
            0.013478383382161459,
            0.9993218587239583,
            0.18374094645182293
        ],
        [
            0.2022848917643229,
            0.8248653157552084,
            0.30946822102864585,
            0.9293426920572917
        ],
        [
            0.26634586588541664,
            0.2397532755533854,
            0.891086669921875,
            0.9310760091145833
        ]
    ],
    "labels": [
        "flower",
        "tree",
        "tree",
        "sun",
        "dog",
        "dog",
        "grass",
        "people",
        "grass",
        "dog"
    ],
    "scores": [
        0.9304995536804199,
        0.8789054155349731,
        0.8696314692497253,
        0.8354648947715759,
        0.7537542581558228,
        0.6851098537445068,
        0.474979430437088,
        0.2775667607784271,
        0.25441911816596985,
        0.20695948600769043
    ]
}