{
    "bboxes": [
        [
            0.6802111409505208,
            0.3998216145833333,
            0.991052978515625,
            0.7352749837239584
        ],
        [
            0.46404052734375,
            0.06468507385253906,
            0.8548612467447917,
            0.4170645345052083
        ],
        [
            0.05155347188313802,
            0.05043768819173177,
            0.31875555419921875,
            0.30355810546875
        ],
        [
            0.1711396484375,
            0.249482666015625,
            0.6809696451822916,
            0.8817357584635417
        ],
        [
            0.17251890055338542,
            0.24981795247395833,
            0.5680390218098958,
            0.746943359375
        ],
        [
            0.05181158955891927,
            0.05082682800292969,
            0.3190417683919271,
            0.3036885579427083
        ],
        [
            0.17079351806640625,
            0.2489413045247396,
            0.6811197916666667,
            0.881804443359375
        ],
        [
            0.17196372477213542,
            0.2499061482747396,
            0.5673842366536458,
            0.7459938151041666
        ],
        [
            0.017925172170003254,
            0.7038784993489583,
            0.993737548828125,
            0.9817442220052083
        ],
        [
            0.17080855305989584,
            0.24873732503255208,
            0.680353271484375,
            0.8811624348958333
        ],
        [
            0.02415504709879557,
            0.04818370564778646,
            0.990450927734375,
            0.9672745768229166
        ],
        [
            0.05155311075846354,
            0.050436477661132816,
            0.3190994669596354,
            0.30389324951171875
        ]
    ],
    "labels": [
        "sun",
        "sun",
        "flower",
        "grass",
        "grass",
        "grass",
        "butterfly",
        "flower",
        "others",
        "flower",
        "butterfly",
        "butterfly"
    ],
    "scores": [
        0.802527904510498,
        0.7796171307563782,
        0.5438085794448853,
        0.4706292748451233,
        0.34092193841934204,
        0.29834550619125366,
        0.25898510217666626,
        0.24131374061107635,
        0.210061177611351,
        0.2054685801267624,
        0.20197488367557526,
        0.20117036998271942
    ]
}