{
    "bboxes": [
        [
            0.673360107421875,
            0.32200528971354164,
            0.8205664876302083,
            0.714787353515625
        ],
        [
            0.15555568440755208,
            0.239968994140625,
            0.5315220947265625,
            0.6896561686197916
        ],
        [
            0.094945068359375,
            0.6015488688151042,
            0.9982318522135417,
            0.9645381673177084
        ],
        [
            0.5189885660807292,
            0.3735979817708333,
            0.6507156982421874,
            0.634824951171875
        ],
        [
            0.14630441284179688,
            0.3332189737955729,
            0.38375492350260415,
            0.690095458984375
        ],
        [
            0.15940328979492188,
            0.23987630208333333,
            0.5314368896484375,
            0.6894549967447917
        ],
        [
            0.09116256713867188,
            0.5004700520833333,
            0.997495849609375,
            0.9696753743489583
        ]
    ],
    "labels": [
        "mountain",
        "mountain",
        "people",
        "mountain",
        "mountain",
        "others",
        "people"
    ],
    "scores": [
        0.7104933857917786,
        0.699108362197876,
        0.33281809091567993,
        0.3145734369754791,
        0.2566893398761749,
        0.22958588600158691,
        0.20204180479049683
    ]
}