{
    "matched_indices": [
        4,
        3,
        3,
        8,
        3,
        10,
        0,
        4,
        4,
        1,
        0,
        28,
        3
    ],
    "iou_matrix": [
        [
            0.0,
            0.00555671106980152,
            0.0,
            0.0,
            0.0,
            0.0,
            0.07493331470249814,
            0.0,
            0.0,
            0.0,
            0.9808811903213772,
            0.0,
            0.0
        ],
        [
            0.0,
            0.0,
            0.03523133157845536,
            0.0,
            0.020045847881315672,
            0.0,
            0.0,
            0.0,
            0.0,
            0.9518412183719969,
            0.0,
            0.0,
            0.0
        ],
        [
            0.0,
            0.00555671106980152,
            0.0,
            0.0,
            0.0,
            0.0,
            0.07493331470249814,
            0.0,
            0.0,
            0.0,
            0.9808811903213772,
            0.0,
            0.0
        ],
        [
            0.0,
            0.1346983805782364,
            0.08842844352950543,
            0.019727386847928522,
            0.9955959812019909,
            0.0,
            0.017526452550988003,
            0.0,
            0.0,
            0.021551858528028992,
            0.0,
            0.0,
            0.12876033390356495
        ],
        [
            0.0791611407692755,
            0.0,
            0.011721569117203658,
            0.0,
            0.0,
            0.0,
            0.0,
            0.05006950677386423,
            0.9703447388804658,
            0.0,
            0.0,
            0.0,
            0.0
        ],
        [
            0.0,
            0.0,
            0.03523133157845536,
            0.0,
            0.020045847881315672,
            0.0,
            0.0,
            0.0,
            0.0,
            0.9518412183719969,
            0.0,
            0.0,
            0.0
        ],
        [
            0.0,
            0.0,
            0.03523133157845536,
            0.0,
            0.020045847881315672,
            0.0,
            0.0,
            0.0,
            0.0,
            0.9518412183719969,
            0.0,
            0.0,
            0.0
        ],
        [
            0.0791611407692755,
            0.0,
            0.011721569117203658,
            0.0,
            0.0,
            0.0,
            0.0,
            0.05006950677386423,
            0.9703447388804658,
            0.0,
            0.0,
            0.0,
            0.0
        ],
        [
            0.0,
            0.0,
            0.0,
            0.9923464484767102,
            0.019469527701761826,
            0.0,
            0.0,
            0.0,
            0.0,
            0.0,
            0.0,
            0.21178094711131296,
            0.0
        ],
        [
            0.0,
            0.00555671106980152,
            0.0,
            0.0,
            0.0,
            0.0,
            0.07493331470249814,
            0.0,
            0.0,
            0.0,
            0.9808811903213772,
            0.0,
            0.0
        ],
        [
            0.0,
            0.0,
            0.0,
            0.0,
            0.0,
            0.9242072636431211,
            0.0,
            0.0,
            0.0,
            0.0,
            0.0,
            0.21513029610128087,
            0.0
        ],
        [
            0.0,
            0.1346983805782364,
            0.08842844352950543,
            0.019727386847928522,
            0.9955959812019909,
            0.0,
            0.017526452550988003,
            0.0,
            0.0,
            0.021551858528028992,
            0.0,
            0.0,
            0.12876033390356495
        ],
        [
            0.0791611407692755,
            0.0,
            0.011721569117203658,
            0.0,
            0.0,
            0.0,
            0.0,
            0.05006950677386423,
            0.9703447388804658,
            0.0,
            0.0,
            0.0,
            0.0
        ],
        [
            0.0,
            0.0,
            0.03523133157845536,
            0.0,
            0.020045847881315672,
            0.0,
            0.0,
            0.0,
            0.0,
            0.9518412183719969,
            0.0,
            0.0,
            0.0
        ],
        [
            0.0,
            0.0,
            0.03523133157845536,
            0.0,
            0.020045847881315672,
            0.0,
            0.0,
            0.0,
            0.0,
            0.9518412183719969,
            0.0,
            0.0,
            0.0
        ],
        [
            0.0,
            0.0,
            0.0,
            0.9923464484767102,
            0.019469527701761826,
            0.0,
            0.0,
            0.0,
            0.0,
            0.0,
            0.0,
            0.21178094711131296,
            0.0
        ],
        [
            0.0,
            0.1346983805782364,
            0.08842844352950543,
            0.019727386847928522,
            0.9955959812019909,
            0.0,
            0.017526452550988003,
            0.0,
            0.0,
            0.021551858528028992,
            0.0,
            0.0,
            0.12876033390356495
        ],
        [
            0.0,
            0.0,
            0.03523133157845536,
            0.0,
            0.020045847881315672,
            0.0,
            0.0,
            0.0,
            0.0,
            0.9518412183719969,
            0.0,
            0.0,
            0.0
        ],
        [
            0.0,
            0.0,
            0.0,
            0.9923464484767102,
            0.019469527701761826,
            0.0,
            0.0,
            0.0,
            0.0,
            0.0,
            0.0,
            0.21178094711131296,
            0.0
        ],
        [
            0.0,
            0.0,
            0.03523133157845536,
            0.0,
            0.020045847881315672,
            0.0,
            0.0,
            0.0,
            0.0,
            0.9518412183719969,
            0.0,
            0.0,
            0.0
        ],
        [
            0.00153978082480546,
            0.0,
            0.0,
            0.0,
            0.0,
            0.0,
            0.0,
            0.024226022209960354,
            0.22380926596653555,
            0.0,
            0.0,
            0.0,
            0.0
        ],
        [
            0.0,
            0.00555671106980152,
            0.0,
            0.0,
            0.0,
            0.0,
            0.07493331470249814,
            0.0,
            0.0,
            0.0,
            0.9808811903213772,
            0.0,
            0.0
        ],
        [
            0.0,
            0.1346983805782364,
            0.08842844352950543,
            0.019727386847928522,
            0.9955959812019909,
            0.0,
            0.017526452550988003,
            0.0,
            0.0,
            0.021551858528028992,
            0.0,
            0.0,
            0.12876033390356495
        ],
        [
            0.0791611407692755,
            0.0,
            0.011721569117203658,
            0.0,
            0.0,
            0.0,
            0.0,
            0.05006950677386423,
            0.9703447388804658,
            0.0,
            0.0,
            0.0,
            0.0
        ],
        [
            0.0,
            0.00555671106980152,
            0.0,
            0.0,
            0.0,
            0.0,
            0.07493331470249814,
            0.0,
            0.0,
            0.0,
            0.9808811903213772,
            0.0,
            0.0
        ],
        [
            0.0791611407692755,
            0.0,
            0.011721569117203658,
            0.0,
            0.0,
            0.0,
            0.0,
            0.05006950677386423,
            0.9703447388804658,
            0.0,
            0.0,
            0.0,
