{
    "matched_indices": [
        1,
        9,
        6,
        5,
        0,
        7,
        8,
        3,
        2,
        4,
        10
    ],
    "iou_matrix": [
        [
            0.0,
            0.055222477356813154,
            0.0023552209485046506,
            0.010433425608916427,
            0.9934838988257305,
            0.0,
            0.0,
            0.0,
            0.0,
            0.0,
            0.20298316783090428
        ],
        [
            0.3776246729953825,
            0.0,
            0.0,
            0.021879687961402917,
            0.0,
            0.0,
            0.016505042553165865,
            0.0,
            0.0,
            0.0,
            0.04477359918536987
        ],
        [
            0.0,
            0.0,
            0.0,
            0.0,
            0.0,
            0.0,
            0.0,
            0.0,
            0.9473890432629043,
            0.0,
            0.02076651875848259
        ],
        [
            0.0,
            0.0,
            0.0,
            0.0,
            0.0,
            0.0,
            0.0,
            0.9560762352868892,
            0.0,
            0.0,
            0.0
        ],
        [
            0.0,
            0.0,
            0.0,
            0.0,
            0.0,
            0.0,
            0.0,
            0.0,
            0.0,
            0.9640279547592715,
            0.0
        ],
        [
            0.013331358123345006,
            0.0,
            0.0,
            0.9271098834653028,
            0.010248273048240353,
            0.0,
            0.16657318107380778,
            0.0,
            0.0,
            0.0,
            0.07335533642346975
        ],
        [
            0.0,
            0.13337118128095635,
            0.9741626150249125,
            0.0,
            0.002393955409365362,
            0.0,
            0.0,
            0.0,
            0.0,
            0.0,
            0.07368747219422557
        ],
        [
            0.0,
            0.0,
            0.0,
            0.0,
            0.0,
            0.9621530056770586,
            0.0,
            0.0,
            0.0,
            0.0,
            0.019456632587009894
        ],
        [
            0.05388466261656194,
            0.0,
            0.0,
            0.16749090900916203,
            0.0,
            0.0,
            0.9652816925129546,
            0.0,
            0.0,
            0.0,
            0.03188475681443734
        ],
        [
            0.0,
            0.9011549411158994,
            0.14091829159777114,
            0.0,
            0.047388679695696635,
            0.0,
            0.0,
            0.0,
            0.0,
            0.0,
            0.09790158398838351
        ],
        [
            0.08197946747186245,
            0.11053073789070778,
            0.07482566799974204,
            0.07812788098699139,
            0.2049806536981833,
            0.018390073426931195,
            0.03583808675839878,
            0.0,
            0.02163541319639763,
            0.0,
            0.9672979900589092
        ],
        [
            0.30062274192015576,
            0.0,
            0.0,
            0.007237230177686628,
            0.0,
            0.0,
            0.04274040963018328,
            0.0,
            0.0,
            0.0,
            0.022684896039555348
        ],
        [
            0.0,
            0.714177455238794,
            0.17022778988716594,
            0.0,
            0.030210166707399642,
            0.0,
            0.0,
            0.0,
            0.0,
            0.0,
            0.07897090319670906
        ],
        [
            0.2970162727653217,
            0.0,
            0.0,
            0.007393780574581848,
            0.0,
            0.0,
            0.0428435142189054,
            0.0,
            0.0,
            0.0,
            0.022311589099354025
        ],
        [
            0.0554366459526079,
            0.03865433231722238,
            0.0,
            0.0,
            0.013730816218869553,
            0.0,
            0.03693712333132475,
            0.0,
            0.0,
            0.0,
            0.033915588574976493
        ],
        [
            0.0,
            0.5598705158917329,
            0.17991026165068358,
            0.0,
            0.032128627550881826,
            0.0,
            0.0,
            0.0,
            0.0,
            0.0,
            0.10486900096907825
        ],
        [
            0.08197946747186245,
            0.11053073789070778,
            0.07482566799974204,
            0.07812788098699139,
            0.2049806536981833,
            0.018390073426931195,
            0.03583808675839878,
            0.0,
            0.02163541319639763,
            0.0,
            0.9672979900589092
        ],
        [
            0.0554366459526079,
            0.03865433231722238,
            0.0,
            0.0,
            0.013730816218869553,
            0.0,
            0.03693712333132475,
            0.0,
            0.0,
            0.0,
            0.033915588574976493
        ],
        [
            0.30062274192015576,
            0.0,
            0.0,
            0.007237230177686628,
            0.0,
            0.0,
            0.04274040963018328,
            0.0,
            0.0,
            0.0,
            0.022684896039555348
        ]
    ],
    "num_matches": 10,
    "num_GT_boxes": 11,
    "used_labels": [
        "airplane",
        "apple",
        "balloon",
        "banana",
        "basket",
        "bee",
        "bench",
        "bicycle",
        "bird",
        "bottle",
        "bucket",
        "bus",
        "butterfly",
        "car",
        "cat",
        "chair",
        "chicken",
        "cloud",
        "cow",
        "cup",
        "dinnerware",
        "dog",
        "duck",
        "fence",
        "flower",
        "grape",
        "grass",
        "horse",
        "house",
        "moon",
        "mountain",
        "people",
        "picnic rug",
        "pig",
        "rabbit",
        "road",
        "sheep",
        "sofa",
        "star",
        "street lamp",
        "sun",
        "table",
        "tree",
        "truck",
        "umbrella",
        "others"
    ]
}