{
    "matched_indices": [
        2,
        12,
        7,
        4,
        0,
        6,
        8,
        3,
        1,
        5,
        10
    ],
    "iou_matrix": [
        [
            0.0,
            0.055188795388484424,
            0.0023544987214685633,
            0.010466597213577376,
            0.9935118625528523,
            0.0,
            0.0,
            0.0,
            0.0,
            0.0,
            0.20296221821158275
        ],
        [
            0.0,
            0.0,
            0.0,
            0.0,
            0.0,
            0.0,
            0.0,
            0.0,
            0.9362934768572451,
            0.0,
            0.020515006005319976
        ],
        [
            0.3857534041045272,
            0.0,
            0.0,
            0.020092866931782825,
            0.0,
            0.0,
            0.01648904470994505,
            0.0,
            0.0,
            0.0,
            0.04575138335875957
        ],
        [
            0.0,
            0.0,
            0.0,
            0.0,
            0.0,
            0.0,
            0.0,
            0.9473662005509761,
            0.0,
            0.0,
            0.0
        ],
        [
            0.011498782207993422,
            0.0,
            0.0,
            0.9197919485323993,
            0.010225403343864075,
            0.0,
            0.16480663922308486,
            0.0,
            0.0,
            0.0,
            0.07277632244842537
        ],
        [
            0.0,
            0.0,
            0.0,
            0.0,
            0.0,
            0.0,
            0.0,
            0.0,
            0.0,
            0.9606576373583331,
            0.0
        ],
        [
            0.0,
            0.0,
            0.0,
            0.0,
            0.0,
            0.9596389576945221,
            0.0,
            0.0,
            0.0,
            0.0,
            0.0193403792996969
        ],
        [
            0.0,
            0.1321944096349113,
            0.9692553384099137,
            0.0,
            0.002276233133451787,
            0.0,
            0.0,
            0.0,
            0.0,
            0.0,
            0.07332452157625109
        ],
        [
            0.052267273354169266,
            0.0,
            0.0,
            0.16346731506069376,
            0.0,
            0.0,
            0.9534178338640686,
            0.0,
            0.0,
            0.0,
            0.031014709638434494
        ],
        [
            0.29741139565630076,
            0.0,
            0.0,
            0.007777484106968757,
            0.0,
            0.0,
            0.04342117767696229,
            0.0,
            0.0,
            0.0,
            0.02232998881892275
        ],
        [
            0.08214182327865033,
            0.10991394658923663,
            0.07338159629015578,
            0.07732912694902053,
            0.20686567893421037,
            0.018895199695394015,
            0.03572429529690445,
            0.0,
            0.021414219770498004,
            0.0,
            0.9742465837705812
        ],
        [
            0.0,
            0.7147055624318246,
            0.1682172440664164,
            0.0,
            0.03048546449716493,
            0.0,
            0.0,
            0.0,
            0.0,
            0.0,
            0.07886235104754048
        ],
        [
            0.0,
            0.9161305328084459,
            0.13815623104972657,
            0.0,
            0.048831996998790865,
            0.0,
            0.0,
            0.0,
            0.0,
            0.0,
            0.09922026876161169
        ],
        [
            0.29741139565630076,
            0.0,
            0.0,
            0.007777484106968757,
            0.0,
            0.0,
            0.04342117767696229,
            0.0,
            0.0,
            0.0,
            0.02232998881892275
        ],
        [
            0.0,
            0.5342309983351589,
            0.18440001327607658,
            0.0,
            0.03000083800930945,
            0.0,
            0.0,
            0.0,
            0.0,
            0.0,
            0.10070580980355058
        ]
    ],
    "num_matches": 10,
    "num_matches_with_correct_class": 0,
    "num_GT_boxes": 11,
    "used_labels": [
        "flower",
        "rabbit",
        "road",
        "bird",
        "grass"
    ],
    "map_score": 0.0
}