{
    "matched_indices": [
        3,
        3,
        0,
        1,
        3,
        2,
        1,
        2,
        0,
        3,
        0,
        3,
        2
    ],
    "iou_matrix": [
        [
            0.0,
            0.06000668400829002,
            0.9927310498393673,
            0.0,
            0.0,
            0.0,
            0.0,
            0.0,
            0.07777176975740895,
            0.0,
            0.0,
            0.0,
            0.0
        ],
        [
            0.0,
            0.02551977608085842,
            0.0,
            0.03136800381793436,
            0.013783436013347776,
            0.0,
            0.9857263746931679,
            0.0,
            0.0,
            0.0,
            0.0,
            0.0,
            0.0
        ],
        [
            0.0,
            0.0,
            0.0,
            0.0,
            0.043398241089500356,
            0.010698538363133631,
            0.0,
            0.983905640997489,
            0.0,
            0.010575313104905709,
            0.0,
            0.0,
            0.004841493504392813
        ],
        [
            0.3124429505029039,
            0.06914798952014312,
            0.0,
            0.0226585317839342,
            0.9563472051620582,
            0.0,
            0.01775930103298437,
            0.05464796919309117,
            0.0,
            0.02258818547298036,
            0.0,
            0.01455728778403205,
            0.0
        ]
    ],
    "num_matches": 4,
    "num_GT_boxes": 13,
    "used_labels": [
        "airplane",
        "apple",
        "balloon",
        "banana",
        "basket",
        "bee",
        "bench",
        "bicycle",
        "bird",
        "bottle",
        "bucket",
        "bus",
        "butterfly",
        "car",
        "cat",
        "chair",
        "chicken",
        "cloud",
        "cow",
        "cup",
        "dinnerware",
        "dog",
        "duck",
        "fence",
        "flower",
        "grape",
        "grass",
        "horse",
        "house",
        "moon",
        "mountain",
        "people",
        "picnic rug",
        "pig",
        "rabbit",
        "road",
        "sheep",
        "sofa",
        "star",
        "street lamp",
        "sun",
        "table",
        "tree",
        "truck",
        "umbrella",
        "others"
    ]
}