{
    "matched_indices": [
        4,
        17,
        15,
        11,
        3,
        4,
        2,
        10,
        1,
        16,
        0,
        0,
        10,
        18,
        11,
        19,
        12,
        1
    ],
    "iou_matrix": [
        [
            0.0,
            0.0,
            0.0,
            0.0,
            0.0,
            0.0,
            0.0,
            0.0,
            0.0,
            0.0230400108892566,
            0.8977896754801071,
            0.1805415746104669,
            0.0,
            0.0,
            0.0,
            0.0,
            0.0,
            0.0
        ],
        [
            0.0,
            0.0,
            0.0,
            0.0,
            0.0,
            0.0,
            0.09186035565170485,
            0.38348861911361704,
            0.8534818917036879,
            0.010247331000114856,
            0.0,
            0.0,
            0.01102108388363764,
            0.02322402534810982,
            0.0,
            0.0,
            0.0,
            0.023718660369959885
        ],
        [
            0.0,
            0.0,
            0.011595456051630532,
            0.05332570039849844,
            0.014561751406965872,
            0.0,
            0.9238797450015729,
            0.0,
            0.08648185380845859,
            0.0,
            0.0,
            0.0,
            0.0,
            0.0,
            0.0,
            0.0,
            0.0,
            0.0070151915533641
        ],
        [
            0.0,
            0.0,
            0.0616358682897723,
            0.0,
            0.9690428733282136,
            0.0,
            0.036244496229413246,
            0.0,
            0.0,
            0.0,
            0.0,
            0.0,
            0.0,
            0.0,
            0.0,
            0.0,
            0.0,
            0.0
        ],
        [
            0.07166556598557776,
            0.05000985005463264,
            0.0,
            0.0,
            0.0,
            0.2302825047186215,
            0.0,
            0.0,
            0.0,
            0.6448968192089363,
            0.019966109456557538,
            0.0,
            0.0,
            0.0,
            0.0,
            0.007457972229700886,
            0.0,
            0.0
        ],
        [
            0.0,
            0.0,
            0.009100743287382607,
            0.0,
            0.43859824889902416,
            0.0,
            0.0022405393192104824,
            0.0,
            0.0,
            0.0,
            0.0,
            0.0,
            0.0,
            0.0,
            0.0,
            0.0,
            0.0,
            0.0
        ],
        [
            0.0,
            0.0,
            0.0,
            0.004734997527531017,
            0.0,
            0.0,
            0.667521043309633,
            0.0,
            0.07829404440875011,
            0.0,
            0.0,
            0.0,
            0.0,
            0.0,
            0.0,
            0.0,
            0.0,
            0.008658239476124393
        ],
        [
            0.0,
            0.0,
            0.0,
            0.005015052824357293,
            0.0,
            0.0013667397468108114,
            0.0,
            0.0,
            0.0,
            0.24942944113157126,
            0.0,
            0.0,
            0.0,
            0.03532309515647309,
            0.0,
            0.0,
            0.0,
            0.0
        ],
        [
            0.0,
            0.0,
            0.0,
            0.0,
            0.0,
            0.0,
            0.07979154851706717,
            0.370670830901605,
            0.7395278951819129,
            0.0206839440568128,
            0.0,
            0.0,
            0.029106355966251066,
            0.031388704652944154,
            0.0,
            0.0,
            0.0,
            0.021548027798359102
        ],
        [
            0.0,
            0.0,
            0.0,
            0.0,
            0.0,
            0.0,
            0.0,
            0.5338866755392041,
            0.559641865179687,
            0.002410281832936693,
            0.0,
            0.0,
            0.03282089539830949,
            0.027554566440992127,
            0.0,
            0.0,
            0.0,
            0.012228882377659728
        ],
        [
            0.0,
            0.0,
            0.0,
            0.0,
            0.0,
            0.0,
            0.0,
            0.8849320712900699,
            0.35333965632097875,
            0.0,
            0.0,
            0.0,
            0.04032321962435268,
            0.0,
            0.0,
            0.0,
            0.0,
            0.0
        ],
        [
            0.03495133490357332,
            0.024576043591259204,
            0.02763449712386077,
            0.05413633934805471,
            0.06244778436530029,
            0.11019562429403244,
            0.18431777732308874,
            0.0,
            0.07461545445121329,
            0.4070716059366967,
            0.008865580837728173,
            0.0,
            0.0,
            0.005752055625660058,
            0.012462056931346666,
            0.002882560641864165,
            0.0,
            0.0076885120536774
        ],
        [
            0.0,
            0.0,
            0.0,
            0.0,
            0.0,
            0.0,
            0.0,
            0.0,
            0.0,
            0.0,
            0.0,
            0.0,
            0.0,
            0.0,
            0.0,
            0.0,
            0.9246301230310191,
            0.0
        ],
        [
            0.0,
            0.0,
            0.0,
            0.0,
            0.0,
            0.0,
            0.0,
            0.0,
            0.0,
            0.04688993168371667,
            0.0,
            0.0,
            0.0,
            0.0,
            0.0,
            0.0,
            0.0,
            0.0
        ],
        [
            0.022368599036648777,
            0.015970205572674288,
            0.0179576748522084,
            0.035179318637275886,
            0.04026937619911992,
            0.07160822150440813,
            0.11964374515787951,
            0.08461576298315007,
            0.170165933164887,
            0.269251732609093,
            0.04034266000248346,
            0.008320673625512209,
            0.00809819572108675,
            0.007831222235776205,
            0.00809819572108675,
            0.006941310618074364,
            0.011212886383043208,
            0.006634635798744915
        ],
        [
            0.0,
            0.0,
            0.91990375057358,
            0.0,
            0.06445083614484862,
            0.0,
            0.02013806123230966,
            0.0,
            0.0,
            0.0,
            0.0,
            0.0,
            0.0,
            0.0,
            0.0,
            0.0,
            0.0,
            0.0
        ],
        [
            0.0,
            0.0,
            0.0,
            0.0,
            0.0,
            0.07424683886622488,
            0.0,
            0.0,
            0.0,
            0.7744750726784909,
            0.028367124719660998,
            0.0,
            0.0,
            0.0,
            0.0,
            0.01108205901824861,
            0.0,
            0.0
        ],
        [
            0.07057989353940043,
            0.05054010617830033,
            0.0,
            0.0,
            0.0,
            0.2295014628919142,
            0.0,
            0.0,
            0.0,
            0.6479505274612901,
            0.019713038099980977,
            0.0,
            0.0,
            0.0,
            0.0,
            0.0073143972616376545,
            0.0,
            0.0
        ],
        [
            0.0,
            0.0,
            0.0,
            0.0,
            0.0,
            0.0,
            0.0,
            0.0,
            0.009354322813025338,
            0.011409038848570809,
            0.0,
            0.0,
            0.0,
