{
    "matched_indices": [
        0,
        1,
        0,
        1,
        0,
        0,
        1,
        0,
        0,
        0,
        0,
        0,
        0,
        0,
        0,
        0,
        0,
        0,
        0,
        0
    ],
    "iou_matrix": [
        [
            0.0,
            0.025167701685694054,
            0.0,
            0.0,
            0.0,
            0.0,
            0.023855192177581357,
            0.0,
            0.9914034618303013,
            0.0,
            0.0,
            0.0,
            0.0,
            0.0,
            0.0,
            0.0,
            0.0,
            0.0,
            0.0,
            0.0
        ],
        [
            0.0,
            0.20133689597117482,
            0.0,
            0.985369463047212,
            0.0,
            0.0,
            0.04829678428840621,
            0.0,
            0.0,
            0.0,
            0.0,
            0.0,
            0.0,
            0.0,
            0.0,
            0.0,
            0.0,
            0.0,
            0.0,
            0.0
        ]
    ],
    "num_matches": 2,
    "num_GT_boxes": 20,
    "used_labels": [
        "cloud",
        "tree",
        "mountain",
        "grass",
        "horse"
    ]
}