{
    "matched_indices": [
        5,
        6,
        3,
        7,
        2,
        1,
        10,
        0,
        4
    ],
    "iou_matrix": [
        [
            0.0,
            0.006948296365205569,
            0.0,
            0.0,
            0.0,
            0.0,
            0.0,
            0.9949077463723378,
            0.0
        ],
        [
            0.16122678041031285,
            0.0,
            0.048902397093198095,
            0.08767041849122452,
            0.0,
            0.9835188649579182,
            0.0,
            0.0,
            0.0
        ],
        [
            0.0,
            0.0,
            0.0,
            0.0,
            0.9899444987217241,
            0.0,
            0.0,
            0.0,
            0.31761683017492576
        ],
        [
            0.09651194001135904,
            0.0,
            0.9923381702386401,
            0.0,
            0.0,
            0.04715203769385657,
            0.0,
            0.0,
            0.21263522501372484
        ],
        [
            0.012748981362456148,
            0.0,
            0.22486608846547798,
            0.0,
            0.2970766559741801,
            0.005429173042396189,
            0.0,
            0.0,
            0.9220139975852776
        ],
        [
            0.9741263612351819,
            0.0,
            0.0936216234742308,
            0.0,
            0.0,
            0.16024374080834736,
            0.0,
            0.0,
            0.0029025571897548794
        ],
        [
            0.0,
            0.7928267138696355,
            0.0,
            0.10906206980207361,
            0.0,
            0.0,
            0.15567054335747912,
            0.0,
            0.0
        ],
        [
            0.0,
            0.2154550665791614,
            0.0,
            0.18054170606297268,
            0.0,
            0.10797719487226194,
            0.17787499953093,
            0.0,
            0.0
        ],
        [
            0.04204301572286709,
            0.09933959411433334,
            0.033944525322372104,
            0.0641824545120424,
            0.0,
            0.2709783680854596,
            0.06323444214181423,
            0.2407020386130722,
            0.0
        ],
        [
            0.4602136975411038,
            0.0,
            0.11174439345042678,
            0.0,
            0.0,
            0.06974483262754894,
            0.0,
            0.0,
            0.0027762736247098885
        ],
        [
            0.0,
            0.12956603756606774,
            0.0,
            0.0,
            0.0,
            0.0,
            0.9545112052023508,
            0.0,
            0.0
        ],
        [
            0.0,
            0.0,
            0.0,
            0.0,
            0.0,
            0.0,
            0.0,
            0.3454113762072863,
            0.0
        ],
        [
            0.0,
            0.17037014076798848,
            0.0,
            0.023908541081946386,
            0.0,
            0.0,
            0.04161638550275941,
            0.0,
            0.0
        ],
        [
            0.0,
            0.43202693969574807,
            0.0,
            0.06837304232035443,
            0.0,
            0.0,
            0.3809496288299418,
            0.0,
            0.0
        ]
    ],
    "num_matches": 8,
    "num_GT_boxes": 9,
    "used_labels": [
        "house",
        "tree",
        "cloud",
        "sun",
        "bench",
        "car",
        "road"
    ]
}