{
    "matched_indices": [
        6,
        8,
        6,
        3,
        5,
        6,
        1,
        6,
        2,
        0,
        11,
        0,
        6
    ],
    "iou_matrix": [
        [
            0.0,
            0.0,
            0.0,
            0.0,
            0.0006788476123864353,
            0.0,
            0.0,
            0.0,
            0.0,
            0.03653008990798275,
            0.0,
            0.9754778822629887,
            0.08498622268913045
        ],
        [
            0.0,
            0.0,
            0.0,
            0.0,
            0.0,
            0.0,
            0.9395757658892061,
            0.0,
            0.0,
            0.0,
            0.0,
            0.0,
            0.006476161635763222
        ],
        [
            0.0,
            0.0,
            0.0,
            0.0,
            0.0,
            0.0,
            0.0,
            0.21170168290644725,
            0.9816583343695044,
            0.0,
            0.0,
            0.0,
            0.13273913496008413
        ],
        [
            0.0,
            0.0,
            0.0,
            0.963763004864564,
            0.0,
            0.0,
            0.0,
            0.1153017557673752,
            0.0,
            0.0,
            0.0,
            0.0,
            0.08838722962309142
        ],
        [
            0.0,
            0.0,
            0.0,
            0.0,
            0.0,
            0.0,
            0.0,
            0.0,
            0.0,
            0.0,
            0.9820100386736278,
            0.0,
            0.0
        ],
        [
            0.0,
            0.0,
            0.0,
            0.0,
            0.96965873445704,
            0.0,
            0.0,
            0.0013032185035535666,
            0.0,
            0.0,
            0.0,
            0.0,
            0.0
        ],
        [
            0.007279265545017109,
            0.0168982950152183,
            0.024713106525333095,
            0.04648330998032357,
            0.059542081386789465,
            0.02183779663505133,
            0.04413798517996229,
            0.26907285139616827,
            0.07019291775552215,
            0.021770291315989277,
            0.081509502056544,
            0.07019291775552214,
            0.5386838484951288
        ],
        [
            0.007276391936741697,
            0.016891624138864664,
            0.024703350625238072,
            0.04646495993890773,
            0.05951090282611756,
            0.021829175810225098,
            0.04474732791887413,
            0.268966630518845,
            0.07016520796143783,
            0.02175872088716518,
            0.08132556804563361,
            0.07016520796143781,
            0.5384711942987277
        ],
        [
            0.0,
            0.9118074276475793,
            0.0,
            0.0,
            0.0,
            0.0,
            0.0,
            0.0,
            0.0,
            0.0,
            0.0,
            0.0,
            2.5170852882627794e-05
        ],
        [
            0.0,
            0.9118074276475793,
            0.0,
            0.0,
            0.0,
            0.0,
            0.0,
            0.0,
            0.0,
            0.0,
            0.0,
            0.0,
            2.5170852882627794e-05
        ],
        [
            0.0,
            0.9057204880866747,
            0.0,
            0.0,
            0.0,
            0.0,
            0.0,
            0.0,
            0.0,
            0.0,
            0.0,
            0.0,
            6.715455361312995e-05
        ],
        [
            0.0,
            0.0,
            0.0,
            0.0,
            0.0,
            0.0,
            0.0,
            0.0,
            0.0,
            0.0,
            0.9830226142412626,
            0.0,
            0.0
        ],
        [
            0.0,
            0.0,
            0.0,
            0.0,
            0.0,
            0.0,
            0.0,
            0.0,
            0.0,
            0.0,
            0.9830226142412626,
            0.0,
            0.0
        ],
        [
            0.0,
            0.0,
            0.0,
            0.9600594628466155,
            0.0,
            0.0,
            0.0,
            0.11551607645725519,
            0.0,
            0.0,
            0.0,
            0.0,
            0.08832927833566885
        ],
        [
            0.005141492868370593,
            0.01193560844443174,
            0.01745536828811817,
            0.032832104459452234,
            0.04269954592169685,
            0.015424478605111782,
            0.032317955172615175,
            0.1900516113844131,
            0.049578681230716445,
            0.01562124082883484,
            0.05811783121333566,
            0.04957868123071644,
            0.38048332599159496
        ]
    ],
    "num_matches": 7,
    "num_matches_with_correct_class": 0,
    "num_GT_boxes": 13,
    "used_labels": [
        "tree",
        "sun",
        "mountain",
        "bird",
        "road",
        "cow",
        "cloud",
        "grass"
    ],
    "map_score": 0.052805282175540924
}