{
    "matched_indices": [
        10,
        4,
        0,
        2,
        1,
        6,
        7,
        3,
        5,
        8,
        2
    ],
    "iou_matrix": [
        [
            0.03230516413008616,
            0.0,
            0.9776701136154556,
            0.0,
            0.0,
            0.0,
            0.026428193452931705,
            0.0,
            0.0,
            0.0,
            0.0
        ],
        [
            0.028779726815268518,
            0.0,
            0.0,
            0.0,
            0.9936506401700204,
            0.0,
            0.0,
            0.1333744296875845,
            0.05843713583646025,
            0.0,
            0.0
        ],
        [
            0.0,
            0.0,
            0.0,
            0.9856541405704236,
            0.0,
            0.0,
            0.0,
            0.0,
            0.0,
            0.0,
            0.29543446221712855
        ],
        [
            0.0,
            0.0,
            0.0,
            0.0,
            0.13363873683226005,
            0.0,
            0.0,
            0.9871158634555207,
            0.03431029448428007,
            0.0,
            0.0
        ],
        [
            0.0,
            0.9874713814637242,
            0.0,
            0.0,
            0.0,
            0.0,
            0.0,
            0.0,
            0.0,
            0.08277892399099032,
            0.0
        ],
        [
            0.0,
            0.0,
            0.0,
            0.0,
            0.059506635745413844,
            0.0,
            0.0,
            0.035825880554853855,
            0.9712660409393369,
            0.0,
            0.0
        ],
        [
            0.0,
            0.0,
            0.0,
            0.0,
            0.0,
            0.9907088048342201,
            0.0,
            0.0,
            0.0,
            0.00340173820643629,
            0.0
        ],
        [
            0.0,
            0.0,
            0.03078510998253752,
            0.0,
            0.0,
            0.0,
            0.9690713079651078,
            0.0,
            0.0,
            0.0,
            0.0
        ],
        [
            0.0,
            0.07980017860921204,
            0.0,
            0.0,
            0.0,
            0.0027706807039254598,
            0.0,
            0.0,
            0.0,
            0.9252536264553007,
            0.0
        ],
        [
            0.55813561400496,
            0.0,
            0.05578780415709269,
            0.0,
            0.0,
            0.0,
            0.0,
            0.0,
            0.0,
            0.0,
            0.10859205947842512
        ],
        [
            0.9920814910171443,
            0.0,
            0.03199583851644807,
            0.0,
            0.027678629608443747,
            0.0,
            0.0,
            0.0,
            0.0,
            0.0,
            0.06897232091287661
        ],
        [
            0.5529033738957254,
            0.0,
            0.0,
            0.0,
            0.03941148391698898,
            0.0,
            0.0,
            0.0,
            0.0,
            0.0,
            0.03668298353189584
        ],
        [
            0.6701767685111929,
            0.0,
            0.0,
            0.0017968663100746839,
            0.03194615791863255,
            0.0,
            0.0,
            0.0,
            0.0,
            0.0,
            0.10601615398484829
        ],
        [
            0.4640109802297685,
            0.0,
            0.06682551106084897,
            0.0,
            0.0,
            0.0,
            0.0,
            0.0,
            0.0,
            0.0,
            0.08372039080258506
        ],
        [
            0.725795705068349,
            0.0,
            0.0,
            0.0,
            0.033587281176382745,
            0.0,
            0.0,
            0.0,
            0.0,
            0.0,
            0.07883972567422745
        ]
    ],
    "num_matches": 10,
    "num_GT_boxes": 11,
    "used_labels": [
        "airplane",
        "apple",
        "balloon",
        "banana",
        "basket",
        "bee",
        "bench",
        "bicycle",
        "bird",
        "bottle",
        "bucket",
        "bus",
        "butterfly",
        "car",
        "cat",
        "chair",
        "chicken",
        "cloud",
        "cow",
        "cup",
        "dinnerware",
        "dog",
        "duck",
        "fence",
        "flower",
        "grape",
        "grass",
        "horse",
        "house",
        "moon",
        "mountain",
        "people",
        "picnic rug",
        "pig",
        "rabbit",
        "road",
        "sheep",
        "sofa",
        "star",
        "street lamp",
        "sun",
        "table",
        "tree",
        "truck",
        "umbrella",
        "others"
    ]
}