{
    "bboxes": [
        [
            0.0006566718022028605,
            0.13185169474283853,
            0.25014896647135415,
            0.7945690104166667
        ],
        [
            0.705612060546875,
            0.07945706685384114,
            0.999419921875,
            0.8102869466145833
        ],
        [
            0.2507198486328125,
            0.38489396158854167,
            0.7450584309895834,
            0.9177796223958333
        ],
        [
            0.35941312662760416,
            0.19824092610677083,
            0.6232950846354167,
            0.3920066731770833
        ],
        [
            0.6657097981770833,
            0.0643619384765625,
            0.8362125651041666,
            0.20377693684895834
        ],
        [
            0.2791665852864583,
            0.0641064198811849,
            0.4381892903645833,
            0.16587647501627603
        ]
    ],
    "labels": [
        "bus",
        "bus",
        "grass",
        "balloon",
        "people",
        "tree"
    ],
    "scores": [
        0.9159289598464966,
        0.9150981903076172,
        0.8945999145507812,
        0.7286763191223145,
        0.6356828212738037,
        0.31449469923973083
    ]
}