{
    "matched_indices": [
        1,
        3,
        16,
        10,
        13,
        15,
        9,
        12,
        11,
        6,
        4,
        8,
        5,
        2,
        7,
        8,
        2,
        7,
        7,
        5,
        4,
        14,
        0
    ],
    "iou_matrix": [
        [
            0.0,
            0.0,
            0.007441668361420387,
            0.0,
            0.08882589742205099,
            0.037105271608190264,
            0.0510024862996239,
            0.04143609841004888,
            0.059687216583819334,
            0.01025264936918554,
            0.0,
            0.10296919385182597,
            0.036239973777643486,
            0.0325835283656083,
            0.03499759636030377,
            0.011358335920062704,
            0.0061842119346983675,
            0.0,
            0.0,
            0.015676977254460395,
            0.0,
            0.00529587047016919,
            0.9809592581783638
        ],
        [
            0.98352734002517,
            0.0,
            0.0,
            0.0,
            0.0,
            0.0,
            0.0,
            0.0,
            0.0,
            0.0,
            0.0,
            0.0,
            0.0,
            0.0,
            0.0,
            0.0,
            0.0,
            0.0,
            0.0,
            0.0,
            0.0,
            0.0,
            0.0
        ],
        [
            0.0,
            0.0,
            0.023749115052935338,
            0.025141144588634028,
            0.0,
            0.0,
            0.17113300859481775,
            0.0,
            0.0,
            0.0,
            0.0,
            0.0,
            0.0,
            0.8051295753200398,
            0.0,
            0.0,
            0.1321499104564904,
            0.0,
            0.0,
            0.0,
            0.0,
            0.0,
            0.032615446473178676
        ],
        [
            0.0,
            0.9458127839409821,
            0.0,
            0.0,
            0.0,
            0.0,
            0.0,
            0.0,
            0.0,
            0.000989343568806931,
            0.0,
            0.0,
            0.0,
            0.0,
            0.0,
            0.0,
            0.0,
            0.0,
            0.0,
            0.0,
            0.0,
            0.0,
            0.0
        ],
        [
            0.0,
            0.0,
            0.0,
            0.0,
            0.0,
            0.0,
            0.0,
            0.0,
            0.0,
            0.08176840296378224,
            0.7828623491987204,
            0.0,
            0.0,
            0.0,
            0.0,
            0.0,
            0.0,
            0.0,
            0.0,
            0.0,
            0.11231949334416429,
            0.0,
            0.0
        ],
        [
            0.0,
            0.0,
            0.0,
            0.0,
            0.0,
            0.0,
            0.0,
            0.0,
            0.16976435196301976,
            0.0,
            0.0,
            0.0,
            0.7846195814108811,
            0.0,
            0.0,
            0.0,
            0.0,
            0.0,
            0.0,
            0.26422695632615834,
            0.0,
            0.0,
            0.04685623037372572
        ],
        [
            0.0,
            0.0006352691162621224,
            0.0,
            0.0,
            0.0,
            0.0,
            0.0,
            0.0,
            0.00045705312685585906,
            0.9871174075933137,
            0.0903522947054991,
            0.0,
            0.0,
            0.0,
            0.0,
            0.0,
            0.0,
            0.0,
            0.0,
            0.0,
            0.0,
            0.00877804825088884,
            0.011000751523578569
        ],
        [
            0.0,
            0.0,
            0.0,
            0.0,
            0.0,
            0.0,
            0.0,
            0.1436567013635305,
            0.0,
            0.0,
            0.0,
            0.0,
            0.0,
            0.0,
            0.8119727567241111,
            0.0,
            0.0,
            0.0392223892427536,
            0.12174819518050396,
            0.0,
            0.0,
            0.0,
            0.016556182744636338
        ],
        [
            0.006973247652310254,
            0.0,
            0.0,
            0.02414517784060307,
            0.02202571692376759,
            0.0,
            0.07906484474962687,
            0.7298844069477707,
            0.0,
            0.0,
            0.0,
            0.12380016467323265,
            0.0,
            0.015169488231247058,
            0.12107808219919276,
            0.012328251333856188,
            0.0035399172867201425,
            0.0,
            0.0,
            0.0,
            0.0,
            0.0,
            0.12814656998359278
        ],
        [
            0.0,
            0.0,
            0.0,
            0.06205751022365712,
            0.0,
            0.0,
            0.9793431399432506,
            0.002835754488381333,
            0.0,
            0.0,
            0.0,
            0.10918728942456617,
            0.0,
            0.15195261076177335,
            0.0,
            0.0,
            0.048675485387067556,
            0.0,
            0.0,
            0.0,
            0.0,
            0.0,
            0.05047270398694985
        ],
        [
            0.0,
            0.0,
            0.0,
            0.7679514886863675,
            0.0,
            0.0,
            0.08912905755565192,
            0.0,
            0.0,
            0.0,
            0.0,
            0.0,
            0.03308079168016508,
            0.10529303384606636,
            0.0,
            0.0,
            0.0,
            0.0,
            0.0,
            0.0,
            0.0,
            0.0,
            0.010537923365135772
        ],
        [
            0.0,
            0.00324890743082769,
            0.0,
            0.0,
            0.0,
            0.0,
            0.0,
            0.0,
            0.98167921391026,
            0.0001779762897585708,
            0.0,
            0.0,
            0.14719292042929336,
            0.0,
            0.0,
            0.0,
            0.0,
            0.0,
            0.0,
            0.06898706795231341,
            0.0,
            0.0,
            0.05896526795547258
        ],
        [
            0.0,
            0.0,
            0.0,
            0.0,
            0.0,
            0.0,
            0.0004947122452472692,
            0.9789971058408306,
            0.0,
            0.0,
            0.0,
            0.06060887881487981,
            0.0,
            0.0,
            0.1544004908808665,
            0.009158326565208184,
            0.0,
            0.0,
            0.0,
            0.0,
            0.0,
            0.0,
            0.04017377157848559
        ],
        [
            0.0,
            0.0,
            0.0,
            0.0,
            0.9724874813356702,
            0.0,
            0.0,
            0.0,
            0.0,
            0.0,
            0.0,
            0.0,
            0.0,
            0.0,
            0.0,
            0.0,
            0.0,
            0.0,
            0.0,
            0.0,
            0.0,
            0.0,
            0.08887692369611949
        ],
        [
            0.0,
            0.03329863014252884,
            0.0,
            0.0,
            0.0,
            0.0003540979076019211,
            0.0,
            0.0,
            0.14485141911752114,
            0.6845062644951471,
            0.06462778953648836,
            0.0,
            0.024031694505300138,
            0.0,
            0.0,
            0.0,
            0.0,
            0.0,
            0.0,
            0.01017364812870028,
            0.0,
            0.011065257759619324,
            0.09929977849208395
        ],
        [
            0.0,
            0.0,
            0.0,
            0.0,
