{
    "matched_indices": [
        5,
        6,
        1,
        4,
        0,
        4,
        3,
        2,
        7,
        7,
        7,
        7,
        7,
        7,
        7,
        4,
        7
    ],
    "iou_matrix": [
        [
            0.0,
            0.0,
            0.0,
            0.0,
            0.9733957065613494,
            0.0,
            0.0,
            0.0,
            0.0,
            0.0,
            0.0,
            0.0,
            0.0,
            0.0,
            0.0,
            0.0,
            0.016339743906658464
        ],
        [
            0.0,
            0.0,
            0.9539342530560663,
            0.0,
            0.0,
            0.0,
            0.0,
            0.0,
            0.0,
            0.0,
            0.0,
            0.0,
            0.0,
            0.0,
            0.0,
            0.0,
            0.0075660974106530506
        ],
        [
            0.0,
            0.02492662269975035,
            0.0,
            0.0,
            0.0,
            0.0,
            0.12706134486366835,
            0.9778448401649998,
            0.0,
            0.0,
            0.0,
            0.0,
            0.0,
            0.0,
            0.0,
            0.0,
            0.013514220124802563
        ],
        [
            0.0,
            0.0,
            0.0,
            0.0,
            0.0,
            0.0,
            0.9654305280958952,
            0.13295392885766705,
            0.0,
            0.0,
            0.0,
            0.0,
            0.0,
            0.0,
            0.0,
            0.0,
            0.01556017292529993
        ],
        [
            0.017490243548927583,
            0.02759551912670525,
            0.0,
            0.029142316894339337,
            0.0,
            0.9916147207314625,
            0.0,
            0.0,
            0.0,
            0.0,
            0.013263138498673242,
            0.0,
            0.0,
            0.0,
            0.0,
            0.03415093798028427,
            0.1511379104019075
        ],
        [
            0.07425964109933582,
            0.59684572768026,
            0.0,
            0.0,
            0.0,
            0.25743906534587574,
            0.0,
            0.015611606617925338,
            0.0,
            0.0,
            0.0,
            0.0,
            0.0,
            0.0,
            0.0,
            0.0,
            0.18971759333462135
        ],
        [
            0.0,
            0.9799285233074505,
            0.0,
            0.0,
            0.0,
            0.02585888280660275,
            0.0,
            0.02421445916051033,
            0.0,
            0.0,
            0.0,
            0.0,
            0.0,
            0.0,
            0.0,
            0.0,
            0.11261811436155407
        ],
        [
            0.01428212480413381,
            0.11629280881556163,
            0.008005995886201133,
            0.02333175943978617,
            0.016869777045923823,
            0.1544013492338791,
            0.01601199177240227,
            0.014010492800851985,
            0.05684543007627313,
            0.028621435293169063,
            0.020586846564517206,
            0.023103016700180435,
            0.006627820880076526,
            0.0076056960918910775,
            0.006627820880076526,
            0.005232490168481461,
            0.9844438801426302
        ]
    ],
    "num_matches": 7,
    "num_GT_boxes": 17,
    "used_labels": [
        "fence",
        "others",
        "cloud",
        "tree",
        "bicycle",
        "grass",
        "house",
        "chicken"
    ]
}