{
    "matched_indices": [
        0,
        0,
        0,
        0,
        5,
        3,
        1,
        3,
        0,
        4,
        3,
        5,
        2
    ],
    "iou_matrix": [
        [
            0.9848345710730464,
            0.0,
            0.0,
            0.0,
            0.0,
            0.0,
            0.0,
            0.0,
            0.0,
            0.0,
            0.0,
            0.0,
            0.06394784426322506
        ],
        [
            0.0,
            0.0,
            0.0,
            0.0,
            0.0,
            0.0,
            0.9864691281750162,
            0.0,
            0.0,
            0.0,
            0.0,
            0.0,
            0.04637155705826356
        ],
        [
            0.0,
            0.0,
            0.0,
            0.0,
            0.0,
            0.0,
            0.0,
            0.0,
            0.0,
            0.0,
            0.0,
            0.0,
            0.07270828924992286
        ],
        [
            0.0,
            0.0,
            0.0,
            0.0,
            0.0,
            0.9839751618185827,
            0.0,
            0.06690793731371288,
            0.0,
            0.0,
            0.04682339682687693,
            0.0,
            0.032430673021724865
        ],
        [
            0.0,
            0.0,
            0.0,
            0.0,
            0.016844621709424794,
            0.0,
            0.0,
            0.0,
            0.0,
            0.96558597264626,
            0.0,
            0.08697844512538,
            0.03625416818051739
        ],
        [
            0.0,
            0.0,
            0.0,
            0.0,
            0.0280240733439734,
            0.0,
            0.0,
            0.0,
            0.0,
            0.10179272060033713,
            0.0,
            0.9852817668350566,
            0.006106813721480539
        ],
        [
            0.0,
            0.0,
            0.0,
            0.0,
            0.0,
            0.9839751618185827,
            0.0,
            0.06690793731371288,
            0.0,
            0.0,
            0.04682339682687693,
            0.0,
            0.032430673021724865
        ]
    ],
    "num_matches": 5,
    "num_GT_boxes": 13,
    "used_labels": [
        "others",
        "cloud",
        "tree",
        "people",
        "bicycle",
        "dog",
        "house",
        "sun"
    ]
}