{
    "matched_indices": [
        5,
        0,
        2,
        0,
        0,
        0,
        0,
        0,
        1,
        3,
        0,
        0,
        2,
        0,
        2
    ],
    "iou_matrix": [
        [
            0.0,
            0.0,
            0.0,
            0.0,
            0.0,
            0.0,
            0.0,
            0.9422205330146284,
            0.09863945353971536,
            0.0,
            0.0,
            0.0,
            0.0,
            0.16715205407901174,
            0.028468132582938212
        ],
        [
            0.0,
            0.0,
            0.0,
            0.0,
            0.0,
            0.0,
            0.0,
            0.10266949989128347,
            0.956254228909697,
            0.0,
            0.0,
            0.0,
            0.0,
            0.15830543017433132,
            0.029217808458466287
        ],
        [
            0.98767711177884,
            0.0,
            0.012425127471126455,
            0.0,
            0.0,
            0.0,
            0.0,
            0.0,
            0.0,
            0.21211815706842727,
            0.0,
            0.0,
            0.00470376054650551,
            0.04895520569366736,
            0.5207377276153294
        ],
        [
            0.20539180894488182,
            0.0,
            0.0,
            0.0,
            0.0,
            0.0,
            0.0,
            0.0,
            0.0,
            0.9787628490385368,
            0.0,
            0.0,
            0.0,
            0.0,
            0.2132682948649671
        ],
        [
            0.20539180894488182,
            0.0,
            0.0,
            0.0,
            0.0,
            0.0,
            0.0,
            0.0,
            0.0,
            0.9787628490385368,
            0.0,
            0.0,
            0.0,
            0.0,
            0.2132682948649671
        ],
        [
            0.9885027966104072,
            0.0,
            0.012345269609427886,
            0.0,
            0.0,
            0.0,
            0.0,
            0.0,
            0.0,
            0.21194013233869435,
            0.0,
            0.0,
            0.004652783069604114,
            0.04889797486885082,
            0.5199125092322389
        ]
    ],
    "num_matches": 4,
    "num_GT_boxes": 15,
    "used_labels": [
        "airplane",
        "apple",
        "balloon",
        "banana",
        "basket",
        "bee",
        "bench",
        "bicycle",
        "bird",
        "bottle",
        "bucket",
        "bus",
        "butterfly",
        "car",
        "cat",
        "chair",
        "chicken",
        "cloud",
        "cow",
        "cup",
        "dinnerware",
        "dog",
        "duck",
        "fence",
        "flower",
        "grape",
        "grass",
        "horse",
        "house",
        "moon",
        "mountain",
        "people",
        "picnic rug",
        "pig",
        "rabbit",
        "road",
        "sheep",
        "sofa",
        "star",
        "street lamp",
        "sun",
        "table",
        "tree",
        "truck",
        "umbrella",
        "others"
    ]
}