{
    "matched_indices": [
        3,
        5,
        8,
        1,
        0,
        5,
        2,
        8,
        5,
        2,
        4,
        8,
        6
    ],
    "iou_matrix": [
        [
            0.0,
            0.0,
            0.002981460805163913,
            0.0,
            0.9810231078054369,
            0.0,
            0.08406626076689362,
            0.11473340573346111,
            0.0,
            0.10554575953164454,
            0.0,
            0.016933503965032126,
            0.0
        ],
        [
            0.0,
            0.0,
            0.0,
            0.9809462675988451,
            0.0,
            0.0,
            0.0,
            0.0,
            0.1103121824348449,
            0.0,
            0.0,
            0.0,
            0.18669597448762887
        ],
        [
            0.0,
            0.0,
            0.0,
            0.0,
            0.10587262850574808,
            0.0,
            0.09661190745669174,
            0.0,
            0.0,
            0.9856642448646012,
            0.0,
            0.0,
            0.0
        ],
        [
            0.9925454838965221,
            0.0,
            0.0,
            0.0,
            0.0,
            0.0,
            0.0,
            0.0,
            0.0,
            0.0,
            0.0,
            0.0,
            0.0
        ],
        [
            0.0,
            0.0,
            0.0,
            0.0,
            0.0,
            0.010476850156465862,
            0.0,
            0.0,
            0.05962797063232205,
            0.0,
            0.9696688498410169,
            0.0,
            0.0
        ],
        [
            0.0,
            0.040528608684409294,
            0.0,
            0.10528768897964177,
            0.0,
            0.018235249882904165,
            0.0,
            0.0,
            0.9392854663051291,
            0.0,
            0.07178316746851492,
            0.0,
            0.0
        ],
        [
            0.0,
            0.0,
            0.0,
            0.17837345566480753,
            0.0,
            0.0,
            0.0,
            0.0,
            0.0,
            0.0,
            0.0,
            0.0,
            0.899456146156174
        ],
        [
            0.0,
            0.0,
            0.0,
            0.17837345566480753,
            0.0,
            0.0,
            0.0,
            0.0,
            0.0,
            0.0,
            0.0,
            0.0,
            0.899456146156174
        ],
        [
            0.0,
            0.0,
            0.060595759818029574,
            0.0,
            0.11342798735599381,
            0.0,
            0.0,
            0.9073746587651943,
            0.0,
            0.0,
            0.0,
            0.2939192561366016,
            0.0
        ]
    ],
    "num_matches": 8,
    "num_matches_with_correct_class": 3,
    "num_GT_boxes": 13,
    "used_labels": [
        "tree",
        "house",
        "street lamp",
        "moon"
    ],
    "map_score": 0.47599008679389954
}