{
    "bboxes": [
        [
            0.31595318603515626,
            0.6003565673828125,
            0.4803779296875,
            0.8889541015625
        ],
        [
            0.7893370768229167,
            0.13301266479492188,
            0.9988157552083333,
            0.24872947184244792
        ],
        [
            0.15920804850260417,
            0.17176261393229167,
            0.36871419270833333,
            0.2768875528971354
        ],
        [
            0.5231692708333333,
            0.5532633463541666,
            0.723381591796875,
            0.9141282552083333
        ],
        [
            0.4518560791015625,
            0.040082204182942706,
            0.676120361328125,
            0.18198527018229166
        ],
        [
            0.4468729248046875,
            0.3105994669596354,
            0.6243564860026042,
            0.8824392903645834
        ],
        [
            0.3162987263997396,
            0.30956339518229165,
            0.721817626953125,
            0.91162841796875
        ],
        [
            0.0010625421206156413,
            0.7724662272135416,
            0.998216796875,
            0.997253173828125
        ],
        [
            0.014499439239501952,
            0.42421586100260417,
            0.3051281941731771,
            0.850598876953125
        ],
        [
            0.014406665802001953,
            0.507646728515625,
            0.13477046712239582,
            0.8508116861979167
        ],
        [
            0.1722154541015625,
            0.4257277018229167,
            0.30506536865234374,
            0.7852757975260417
        ],
        [
            0.4472656656901042,
            0.31081636555989584,
            0.7189114583333334,
            0.9117600911458333
        ],
        [
            0.0022828280131022135,
            0.7704379069010416,
            0.9975320638020834,
            0.9972813313802084
        ],
        [
            0.08190763854980469,
            0.42598583984375,
            0.20269337972005208,
            0.8119225260416667
        ]
    ],
    "labels": [
        "tree",
        "people",
        "people",
        "tree",
        "people",
        "tree",
        "tree",
        "cloud",
        "grass",
        "grass",
        "grass",
        "tree",
        "road",
        "grass"
    ],
    "scores": [
        0.7308010458946228,
        0.6329846978187561,
        0.6294976472854614,
        0.6167107224464417,
        0.5989388227462769,
        0.4340967535972595,
        0.3572438955307007,
        0.35301709175109863,
        0.3238205909729004,
        0.2671518921852112,
        0.2520480453968048,
        0.23944224417209625,
        0.22693389654159546,
        0.207420215010643
    ]
}