{
    "bboxes": [
        [
            0.8012921549479166,
            0.5856516927083333,
            0.9695139973958333,
            0.7705485026041666
        ],
        [
            0.3079976806640625,
            0.8126958821614584,
            0.5159496256510416,
            0.998826171875
        ],
        [
            0.5460095621744792,
            0.771707763671875,
            0.7049188639322916,
            0.9313443196614584
        ],
        [
            0.09863550821940104,
            0.2784919026692708,
            0.5039481201171875,
            0.7730838216145833
        ],
        [
            0.5490206298828125,
            0.7865419108072916,
            0.9988251953125,
            0.9988133951822916
        ],
        [
            0.5490206298828125,
            0.7865419108072916,
            0.9988251953125,
            0.9988133951822916
        ]
    ],
    "labels": [
        "cat",
        "cat",
        "banana",
        "horse",
        "people",
        "rabbit"
    ],
    "scores": [
        0.9458745121955872,
        0.9317594766616821,
        0.8966134786605835,
        0.5967870950698853,
        0.5567975044250488,
        0.30723994970321655
    ]
}