{
    "matched_indices": [
        19,
        0,
        19,
        18,
        8,
        5,
        0,
        1,
        7,
        8,
        4,
        21,
        21,
        17,
        2,
        8,
        3
    ],
    "iou_matrix": [
        [
            0.0,
            0.04876618591093177,
            0.0,
            0.0,
            0.1826312830011468,
            0.0,
            0.9765566172377911,
            0.15025810032043233,
            0.012727827395448463,
            0.12830480874903089,
            0.0,
            0.0,
            0.0,
            0.0,
            0.0,
            0.0,
            0.013111894075805533
        ],
        [
            0.0,
            0.0,
            0.0,
            0.0,
            0.00435320453129879,
            0.05425152836150823,
            0.15688492377737534,
            0.9848004398265487,
            0.14539431866507507,
            0.0,
            0.0,
            0.0,
            0.0,
            0.0,
            0.0,
            0.0,
            0.02380437880476732
        ],
        [
            0.0,
            0.0,
            0.0,
            0.05222392956426254,
            0.0,
            0.0,
            0.0,
            0.0,
            0.0,
            0.0,
            0.2549387634147512,
            0.0,
            0.0,
            0.03464421802224603,
            0.19122452032854717,
            0.0,
            0.0
        ],
        [
            0.0,
            0.0,
            0.0,
            0.0,
            0.0,
            0.03361998102292167,
            0.0,
            0.0009726514160662495,
            0.048337589346027304,
            0.0,
            0.0,
            0.0,
            0.0,
            0.0,
            0.0,
            0.0,
            0.05539756678619265
        ],
        [
            0.0,
            0.0,
            0.0,
            0.11841894712985009,
            0.0,
            0.0,
            0.0,
            0.0,
            6.404336520647222e-05,
            0.0,
            0.9447443555653592,
            0.05244828050312558,
            0.08741380083854278,
            0.1212963112665521,
            0.09207772577254499,
            0.0,
            0.0
        ],
        [
            0.0,
            0.0,
            0.1079195632798589,
            0.0,
            0.0,
            0.961787450448199,
            0.0,
            0.05030252420121382,
            0.011117632307305971,
            0.0,
            0.0,
            0.0,
            0.0,
            0.0,
            0.0,
            0.0,
            0.012447879460779283
        ],
        [
            0.020493300445048785,
            0.0,
            0.3276418451295142,
            0.008193303123992312,
            0.0,
            0.0,
            0.0,
            0.0,
            0.0,
            0.0,
            0.082585324466063,
            0.007663958710877956,
            0.0,
            0.5448974701979054,
            0.0,
            0.0,
            0.004278306227201796
        ],
        [
            0.0,
            0.0,
            0.0,
            0.13331025337141691,
            0.0,
            0.0198957536583061,
            0.014934211713379664,
            0.14418198189331585,
            0.9777180348002866,
            0.0,
            0.000457703215920129,
            0.0,
            0.0,
            0.0,
            0.0,
            0.0,
            0.02425928693551442
        ],
        [
            0.0,
            0.0,
            0.0,
            0.15589937096731574,
            0.25962232529730694,
            0.0,
            0.13189051314353084,
            0.0,
            0.0,
            0.9826905686606667,
            0.0,
            0.0,
            0.0,
            0.0,
            0.0,
            0.05068788565776142,
            0.012740651887280359
        ],
        [
            0.0,
            0.0,
            0.03701829882727086,
            0.0,
            0.0,
            0.0,
            0.0,
            0.0,
            0.0,
            0.0,
            0.0,
            0.0,
            0.0,
            0.00426800207098428,
            0.0,
            0.0,
            0.047003451788551975
        ],
        [
            0.0857854583817622,
            0.0,
            0.48558114626120397,
            0.009858732572707134,
            0.0,
            0.0,
            0.0,
            0.0,
            0.0,
            0.0,
            0.09442378803163336,
            0.005732618044629895,
            0.0015011072388562141,
            0.4070644624102391,
            0.0,
            0.0,
            0.005379133434079957
        ],
        [
            0.0,
            0.0,
            0.0,
            0.04244116367680421,
            0.0,
            0.0,
            0.0,
            0.0,
            0.0,
            0.0,
            0.2263736774349542,
            0.0,
            0.0,
            0.01662525222013926,
            0.14241365475821183,
            0.0,
            0.0
        ],
        [
            0.0,
            0.0,
            0.39163849557126446,
            0.0,
            0.0,
            0.6009112782422339,
            0.0,
            0.036630901828221374,
            0.008584011208981219,
            0.0,
            0.0,
            0.0,
            0.0,
            0.020892307895791103,
            0.0,
            0.0,
            0.013426439071551392
        ],
        [
            0.022521852858949223,
            0.0,
            0.4604356420330463,
            0.010467392820009122,
            0.0,
            0.00011618815618343694,
            0.0,
            0.0,
            0.0,
            0.0,
            0.10190458540496138,
            0.0061726074885789725,
            0.0018914349649473631,
            0.42709065624253917,
            0.0,
            0.0,
            0.005883022684476663
        ],
        [
            0.0,
            0.0,
            0.03701829882727086,
            0.0,
            0.0,
            0.0,
            0.0,
            0.0,
            0.0,
            0.0,
            0.0,
            0.0,
            0.0,
            0.00426800207098428,
            0.0,
            0.0,
            0.047003451788551975
        ],
        [
            0.02604460314641212,
            0.0,
            0.422763921493761,
            0.04766897470457936,
            0.0,
            0.0,
            0.0,
            0.0,
            0.0,
            0.0,
            0.1679586298359951,
            0.019251192113302767,
            0.01864677966775876,
            0.45370245248973223,
            0.0,
            0.0,
            0.0052344048990357415
        ],
        [
            0.0,
            0.0,
            0.03701829882727086,
            0.0,
            0.0,
            0.0,
            0.0,
            0.0,
            0.0,
            0.0,
            0.0,
            0.0,
            0.0,
            0.00426800207098428,
            0.0,
            0.0,
            0.047003451788551975
        ],
        [
            0.0,
            0.0,
            0.13783474365881135,
            0.005944017245003759,
            0.0,
            0.0,
            0.0,
            0.0,
            0.0,
            0.0,
            0.055213955050412454,
            0.0,
            0.0,
            0.7676195607091599,
            0.0,
            0.0,
            0.0008207070766758379
        ],
        [
            0.0,
            0.0,
            0.0,
            0.8451067421984189,
            0.0,
            0.0,
            0.0,
            0.0022015510921500254,
            0.15875332347686819,
            0.1818893483922973,
            0.10295403921231695,
            0.010906442818953142,
            0.018177404698255264,
            0.003569386381029267,
            0.04524054788273445,
            0.0,
            0.0
        ],
        [
            0.08878501434723127,
            0.0,
