{
    "mean_iou": 0.7254757196524867,
    "mean_dice": 0.7831285900390936,
    "missed_matches": 1,
    "total_matches": 8,
    "success_rate": 0.875,
    "time": "2024-09-22 20:58:01"
}