{
    "bboxes": [
        [
            0.04168051401774089,
            0.2519686279296875,
            0.6005535888671875,
            0.902006591796875
        ],
        [
            0.6261339925130208,
            0.21349507649739582,
            0.8899071451822916,
            0.5570930989583334
        ],
        [
            0.719537109375,
            0.6785659586588542,
            0.8629584147135416,
            0.824140869140625
        ],
        [
            0.73269287109375,
            0.7744430338541667,
            0.8914203287760417,
            0.9436751302083334
        ],
        [
            0.8119312337239584,
            0.5716268310546875,
            0.9312371419270833,
            0.7036354166666666
        ],
        [
            0.8134552408854167,
            0.70523193359375,
            0.9449253743489583,
            0.7975296223958334
        ],
        [
            0.6133238932291667,
            0.17236136881510417,
            0.8780792643229167,
            0.2427770792643229
        ],
        [
            0.5193492024739583,
            0.7056333821614583,
            0.7050604654947916,
            0.8239834798177084
        ],
        [
            0.22609688313802084,
            0.3721217041015625,
            0.33153643798828125,
            0.4637357991536458
        ],
        [
            0.4924047037760417,
            0.17236033121744793,
            0.6866283365885417,
            0.2234505818684896
        ],
        [
            0.425783203125,
            0.81168359375,
            0.5715983479817708,
            0.917387939453125
        ]
    ],
    "labels": [
        "dog",
        "dog",
        "grass",
        "cloud",
        "cloud",
        "grass",
        "bird",
        "flower",
        "tree",
        "bird",
        "cloud"
    ],
    "scores": [
        0.9870093464851379,
        0.9814560413360596,
        0.9761797189712524,
        0.9728100299835205,
        0.9685943126678467,
        0.9619517922401428,
        0.9618242383003235,
        0.9482768774032593,
        0.9463479518890381,
        0.9437955617904663,
        0.8748340606689453
    ]
}