{
    "bboxes": [
        [
            0.8392859700520834,
            0.6681761474609375,
            0.9964596354166667,
            0.823780029296875
        ],
        [
            0.0660515391031901,
            0.2919805094401042,
            0.7851778971354166,
            0.9704663899739583
        ],
        [
            0.0660515391031901,
            0.2919805094401042,
            0.7851778971354166,
            0.9704663899739583
        ]
    ],
    "labels": [
        "horse",
        "cloud",
        "road"
    ],
    "scores": [
        0.7614967226982117,
        0.5247998237609863,
        0.49736371636390686
    ]
}