{
    "bboxes": [
        [
            0.04067963409423828,
            0.3448634033203125,
            0.8800437825520834,
            0.9019070638020833
        ]
    ],
    "labels": [
        "bee"
    ],
    "scores": [
        0.9712077975273132
    ]
}