{
    "bboxes": [
        [
            0.00042605396111806233,
            0.6040360514322917,
            0.9991627604166666,
            0.8910008138020833
        ]
    ],
    "labels": [
        "duck"
    ],
    "scores": [
        0.49124664068222046
    ]
}