{
    "bboxes": [
        [
            0.2871726277669271,
            0.34414107259114585,
            0.5479825439453125,
            0.6124343668619792
        ],
        [
            0.11996381632486978,
            0.364890380859375,
            0.8426495768229166,
            0.7846082356770834
        ],
        [
            0.43819645182291667,
            0.8111215006510417,
            0.5322792154947916,
            0.9043717447916667
        ],
        [
            0.7179147135416667,
            0.824608154296875,
            0.8123091634114583,
            0.9181438802083334
        ],
        [
            0.3168266398111979,
            0.0771813252766927,
            0.9991336263020834,
            0.30828517659505206
        ],
        [
            0.02496539052327474,
            0.41031937662760415,
            0.15479976399739584,
            0.45250528971354165
        ],
        [
            0.8642762858072917,
            0.32918310546875,
            0.9863106282552083,
            0.411030029296875
        ],
        [
            0.9049034016927083,
            0.3997156982421875,
            0.9994427083333334,
            0.4921346028645833
        ],
        [
            0.08606765747070312,
            0.09046586100260416,
            0.22586661783854167,
            0.41036673990885414
        ],
        [
            0.0008014737764994303,
            0.08950787353515625,
            0.22647672526041668,
            0.4101964925130208
        ],
        [
            0.02466918436686198,
            0.41035762532552084,
            0.15483521525065105,
            0.4527298177083333
        ],
        [
            0.31671976725260415,
            0.0766839345296224,
            0.9988160807291667,
            0.3094267985026042
        ],
        [
            0.002397924582163493,
            0.005077927907307943,
            0.997756103515625,
            0.9950770670572917
        ],
        [
            0.0005558430751164754,
            0.11785768636067709,
            0.11102459716796875,
            0.384095703125
        ]
    ],
    "labels": [
        "cloud",
        "flower",
        "grass",
        "grass",
        "cow",
        "grass",
        "road",
        "road",
        "chair",
        "chair",
        "cat",
        "tree",
        "mountain",
        "chair"
    ],
    "scores": [
        0.7059542536735535,
        0.6363587975502014,
        0.52402663230896,
        0.5234209299087524,
        0.4500511586666107,
        0.44160452485084534,
        0.43943142890930176,
        0.4203352928161621,
        0.38653719425201416,
        0.37586262822151184,
        0.27997326850891113,
        0.27979183197021484,
        0.21183088421821594,
        0.20285609364509583
    ]
}