{
    "bboxes": [
        [
            0.28104083251953127,
            0.105787109375,
            0.46378369140625,
            0.20765177408854166
        ],
        [
            0.28104083251953127,
            0.105787109375,
            0.46378369140625,
            0.20765177408854166
        ],
        [
            0.85337353515625,
            0.06556030782063801,
            0.9707805989583334,
            0.14285888671875
        ],
        [
            0.04025012715657552,
            0.06695326741536459,
            0.2480923055013021,
            0.13982431030273437
        ],
        [
            0.85337353515625,
            0.06556030782063801,
            0.9707805989583334,
            0.14285888671875
        ],
        [
            0.04025012715657552,
            0.06695326741536459,
            0.2480923055013021,
            0.13982431030273437
        ],
        [
            0.5854862874348958,
            0.47894482421875,
            0.65114794921875,
            0.5705034993489584
        ],
        [
            0.359145751953125,
            0.6250771077473959,
            0.5722353108723959,
            0.877333251953125
        ],
        [
            0.38610990397135414,
            0.5055858154296875,
            0.4642362060546875,
            0.5705406087239583
        ],
        [
            0.024480074564615886,
            0.23881671142578126,
            0.19146240234375,
            0.6776943766276041
        ]
    ],
    "labels": [
        "grape",
        "street lamp",
        "grape",
        "grape",
        "street lamp",
        "street lamp",
        "flower",
        "apple",
        "flower",
        "cloud"
    ],
    "scores": [
        0.9602910280227661,
        0.9482619762420654,
        0.9473657011985779,
        0.9464384913444519,
        0.9455873370170593,
        0.9311810731887817,
        0.7494509220123291,
        0.6744582653045654,
        0.4102421998977661,
        0.3702278733253479
    ]
}