{
    "bboxes": [
        [
            0.4661138916015625,
            0.5049512532552083,
            0.5971483968098958,
            0.5982334798177084
        ],
        [
            0.5587996419270833,
            0.6388609619140625,
            0.6249501953125,
            0.7035294596354167
        ],
        [
            0.45249381510416664,
            0.59935595703125,
            0.5314068196614583,
            0.6780620930989584
        ],
        [
            0.4388658447265625,
            0.718134033203125,
            0.6248808186848959,
            0.8779759114583333
        ],
        [
            0.11946033732096355,
            0.6133378092447916,
            0.19756730143229168,
            0.6775083414713542
        ],
        [
            0.5990773111979166,
            0.20074257405598958,
            0.835904541015625,
            0.6025095621744792
        ],
        [
            0.4264002685546875,
            0.34507828776041666,
            0.6373773600260416,
            0.5041835123697916
        ],
        [
            0.12052843221028646,
            0.1342095947265625,
            0.381328369140625,
            0.5568674723307292
        ],
        [
            0.20049283854166666,
            0.49444217936197915,
            0.47889766438802084,
            0.8633971354166666
        ],
        [
            0.5975607503255208,
            0.5472381184895834,
            0.8636739095052083,
            0.8641295572916666
        ]
    ],
    "labels": [
        "balloon",
        "airplane",
        "airplane",
        "dinnerware",
        "airplane",
        "mountain",
        "banana",
        "mountain",
        "mountain",
        "mountain"
    ],
    "scores": [
        0.9911845326423645,
        0.9768038988113403,
        0.9755065441131592,
        0.9600399136543274,
        0.9515711665153503,
        0.8584684729576111,
        0.8144120573997498,
        0.7580146789550781,
        0.7410832643508911,
        0.7353541851043701
    ]
}