{
    "bboxes": [
        [
            0.3327830810546875,
            0.5830912679036458,
            0.5720591634114583,
            0.9063681640625
        ],
        [
            0.079009765625,
            0.316384033203125,
            0.496919921875,
            0.9182735188802084
        ],
        [
            0.0029297768274943034,
            0.0027594566345214844,
            0.9970107421875,
            0.984184326171875
        ],
        [
            0.33234271240234375,
            0.7329183756510417,
            0.5723306884765625,
            0.9063790690104166
        ],
        [
            0.7779228515625,
            0.2373177286783854,
            0.9988094075520834,
            0.938979736328125
        ],
        [
            0.4645356852213542,
            0.5423422444661459,
            0.5863953450520833,
            0.624583984375
        ],
        [
            0.5680228271484375,
            0.6508606363932292,
            0.7386350911458334,
            0.7880930989583333
        ],
        [
            0.3883023681640625,
            0.07149515787760417,
            0.7330316569010417,
            0.5218862711588542
        ]
    ],
    "labels": [
        "people",
        "cloud",
        "mountain",
        "people",
        "basket",
        "tree",
        "tree",
        "basket"
    ],
    "scores": [
        0.6623772382736206,
        0.6275848746299744,
        0.3027719259262085,
        0.26069387793540955,
        0.2529660165309906,
        0.24667617678642273,
        0.23015791177749634,
        0.2119566649198532
    ]
}