{
    "bboxes": [
        [
            0.2660139770507812,
            0.732287109375,
            0.5581849365234375,
            0.9705150553385417
        ],
        [
            0.05249613444010417,
            0.3111075032552083,
            0.5708610432942708,
            0.80718798828125
        ],
        [
            0.20792215983072918,
            0.11904439290364584,
            0.4132334391276042,
            0.31099200439453123
        ]
    ],
    "labels": [
        "butterfly",
        "horse",
        "horse"
    ],
    "scores": [
        0.9871830940246582,
        0.504621148109436,
        0.29108959436416626
    ]
}