{
    "bboxes": [
        [
            0.3327948201497396,
            0.3314195760091146,
            0.4249564208984375,
            0.410597900390625
        ],
        [
            0.2127062784830729,
            0.744736572265625,
            0.4786394449869792,
            0.997690673828125
        ],
        [
            0.6396115315755209,
            0.5726172688802084,
            0.9990071614583333,
            0.9986923828125
        ],
        [
            0.6140470784505209,
            0.32331732177734374,
            0.7836991373697917,
            0.48127534993489585
        ],
        [
            0.011864854176839192,
            0.5195281168619792,
            0.2773714396158854,
            0.7840978190104166
        ],
        [
            0.0009094029267628988,
            0.3925000813802083,
            0.2792232462565104,
            0.6218229573567708
        ],
        [
            0.8008688151041666,
            0.34536185709635414,
            0.91814404296875,
            0.5188678792317708
        ],
        [
            0.23941579182942707,
            0.3046956380208333,
            0.31843491617838543,
            0.4238562418619792
        ],
        [
            0.0007884799639383952,
            0.3929005126953125,
            0.27929813639322915,
            0.7835485026041666
        ],
        [
            0.752624755859375,
            0.21669974772135417,
            0.8567657877604167,
            0.34905322265625
        ],
        [
            0.8606365559895833,
            0.1577023213704427,
            0.9661306966145833,
            0.24934185791015626
        ]
    ],
    "labels": [
        "mountain",
        "mountain",
        "tree",
        "tree",
        "car",
        "tree",
        "car",
        "car",
        "car",
        "car",
        "car"
    ],
    "scores": [
        0.9539552330970764,
        0.9533323645591736,
        0.9000027775764465,
        0.7776143550872803,
        0.4239746034145355,
        0.4053834080696106,
        0.3466106951236725,
        0.23757849633693695,
        0.23561139404773712,
        0.22275884449481964,
        0.2046918421983719
    ]
}