{
    "mean_iou": 0.8319908053650799,
    "mean_dice": 0.90504683829922,
    "missed_matches": 4,
    "total_matches": 6,
    "success_rate": 0.3333333333333333,
    "time": "2024-09-27 00:09:03"
}