{
    "bboxes": [
        [
            0.1066094462076823,
            0.5086029459635417,
            0.3969010416666667,
            0.9288285319010416
        ],
        [
            0.1444696553548177,
            0.06597150675455729,
            0.46502945963541664,
            0.5203694254557292
        ],
        [
            0.8323528645833334,
            0.7499258626302083,
            0.98268994140625,
            0.91577197265625
        ],
        [
            0.43890083821614584,
            0.13288199869791667,
            0.5982478434244791,
            0.30630078125
        ],
        [
            0.43890083821614584,
            0.13288199869791667,
            0.5982478434244791,
            0.30630078125
        ],
        [
            0.43976334635416664,
            0.13383737182617186,
            0.5984501139322916,
            0.3057606404622396
        ],
        [
            0.43976334635416664,
            0.13383737182617186,
            0.5984501139322916,
            0.3057606404622396
        ],
        [
            0.4126309814453125,
            0.132971923828125,
            0.5981936442057292,
            0.32231840006510415
        ],
        [
            0.83230810546875,
            0.720810791015625,
            0.982673095703125,
            0.916414306640625
        ]
    ],
    "labels": [
        "mountain",
        "tree",
        "cow",
        "bicycle",
        "bus",
        "bus",
        "basket",
        "bus",
        "cow"
    ],
    "scores": [
        0.3608783483505249,
        0.33175089955329895,
        0.33145928382873535,
        0.32473182678222656,
        0.30014896392822266,
        0.2390284538269043,
        0.23820115625858307,
        0.20880089700222015,
        0.20144352316856384
    ]
}