{
    "matched_indices": [
        1,
        10,
        2,
        5,
        2,
        8,
        14,
        3,
        0,
        7,
        6
    ],
    "iou_matrix": [
        [
            0.0,
            0.0,
            0.0,
            0.0,
            0.0,
            0.002799086999848044,
            0.01874861714562366,
            0.018468915779512325,
            0.9706112362554623,
            0.0,
            0.0
        ],
        [
            0.9141777841458761,
            0.09218590570840302,
            0.047893060908649775,
            0.0,
            9.818060700921944e-05,
            0.0,
            0.0,
            0.0,
            0.0,
            0.0,
            0.017057077705197474
        ],
        [
            0.08068987318122978,
            0.0,
            0.13768887747511185,
            0.0,
            0.700041517235974,
            0.0,
            0.043181167397193465,
            0.03225802983708294,
            0.0,
            0.19152182636195786,
            0.0
        ],
        [
            0.0,
            0.0,
            0.004563374639615035,
            0.14420773395980133,
            0.0,
            0.0,
            0.0,
            0.9629136651490905,
            0.015431800713575894,
            0.02198335355896081,
            0.0
        ],
        [
            0.0,
            0.025970223671276604,
            0.0,
            0.0,
            0.05167825163313844,
            0.0,
            0.979205991214463,
            0.0,
            0.0163887295760893,
            0.0,
            0.0
        ],
        [
            0.0,
            0.0,
            0.0,
            0.9874294384351968,
            0.0,
            0.0,
            0.0,
            0.1325066127153604,
            0.0,
            0.0,
            0.0
        ],
        [
            0.022825836284449223,
            0.0,
            0.0,
            0.0,
            0.0,
            0.0,
            0.0,
            0.0,
            0.0,
            0.0,
            0.9632010982912644
        ],
        [
            0.0,
            0.0,
            0.0,
            0.0,
            0.2199343998192136,
            0.0,
            0.0,
            0.0277998347576645,
            0.0,
            0.9590209721375367,
            0.0
        ],
        [
            0.0,
            0.07436139822993586,
            0.0,
            0.0,
            0.0,
            0.9526097904223897,
            0.0,
            0.0,
            0.003917890118742105,
            0.0,
            0.0
        ],
        [
            0.0,
            0.06457744840963198,
            0.0,
            0.0,
            0.0,
            0.43961209186288774,
            0.0,
            0.0,
            0.16794993445268783,
            0.0,
            0.0
        ],
        [
            0.13257921876275827,
            0.9539641988197466,
            0.0,
            0.0,
            0.0,
            0.0638937916846465,
            0.0256476008769655,
            0.0,
            0.0,
            0.0,
            0.0
        ],
        [
            0.0,
            0.025970223671276604,
            0.0,
            0.0,
            0.05167825163313844,
            0.0,
            0.979205991214463,
            0.0,
            0.0163887295760893,
            0.0,
            0.0
        ],
        [
            0.0805209578176585,
            0.0,
            0.13679675325484,
            0.0,
            0.6997593424509602,
            0.0,
            0.04380666369020277,
            0.03171217347247547,
            0.0,
            0.19264599062331536,
            0.0
        ],
        [
            0.0,
            0.0,
            0.0,
            0.9863751585641624,
            0.0,
            0.0,
            0.0,
            0.13278495284805844,
            0.0,
            0.0,
            0.0
        ],
        [
            0.0,
            0.026036824656012092,
            0.0,
            0.0,
            0.051647750856513804,
            0.0,
            0.9797134205978384,
            0.0,
            0.016133979721243166,
            0.0,
            0.0
        ],
        [
            0.0,
            0.0,
            0.0,
            0.0,
            0.2199343998192136,
            0.0,
            0.0,
            0.0277998347576645,
            0.0,
            0.9590209721375367,
            0.0
        ],
        [
            0.14480880745016625,
            0.28723143435735377,
            0.0,
            0.0,
            0.0,
            0.0,
            0.0,
            0.0,
            0.0,
            0.0,
            0.0
        ],
        [
            0.0,
            0.0,
            0.0,
            0.5481125478187409,
            0.0,
            0.0,
            0.0,
            0.07359915367585156,
            0.0,
            0.0,
            0.0
        ]
    ],
    "true_pos": 10,
    "false_pos": 8,
    "unmatched": 1,
    "num_GT_boxes": 11,
    "used_labels": [
        "house",
        "dog",
        "fence",
        "people",
        "grass",
        "cloud",
        "sheep",
        "tree",
        "cow"
    ]
}