{
    "matched_indices": [
        1,
        1,
        5,
        11,
        9,
        0,
        6,
        4,
        2,
        1,
        8,
        10,
        0,
        10,
        10,
        3,
        10
    ],
    "iou_matrix": [
        [
            0.0,
            0.0,
            0.0,
            0.0,
            0.0,
            0.9777432423495849,
            0.0,
            0.0,
            0.0,
            0.0,
            0.0,
            0.0,
            0.0,
            0.0,
            0.0,
            0.00014043200600579624,
            0.04609804033898576
        ],
        [
            0.8999404538604677,
            0.054393809391055196,
            0.04219959459307723,
            0.0045546564596662936,
            0.0,
            0.0,
            0.0,
            0.0,
            0.0,
            0.10747950979119966,
            0.0,
            0.0,
            0.0,
            0.0,
            0.0,
            0.0,
            0.0
        ],
        [
            0.0,
            0.0,
            0.0,
            0.0,
            0.04185067685746346,
            0.0,
            0.0,
            0.0,
            0.5666507401389324,
            0.0,
            0.42357273328399264,
            0.0,
            0.0,
            0.0,
            0.0,
            0.0,
            0.0
        ],
        [
            0.0,
            0.0,
            0.0,
            0.0,
            0.0,
            0.00022465562143603765,
            0.0,
            0.0,
            0.0,
            0.0,
            0.0,
            0.0,
            0.0,
            0.0,
            0.004511001903647057,
            0.9892548194591967,
            0.35262578673153994
        ],
        [
            0.0,
            0.0,
            0.0,
            0.0,
            0.0,
            0.0,
            0.10876197936741656,
            0.8654147117390615,
            0.0,
            0.0,
            0.0,
            0.0,
            0.0,
            0.0,
            0.0,
            0.0,
            0.03988958195331619
        ],
        [
            0.045940147968357374,
            0.0,
            0.9580489790770251,
            0.0,
            0.020847869436243265,
            0.0,
            0.0,
            0.0,
            0.0,
            0.0,
            0.0,
            0.0,
            0.0,
            0.0,
            0.0,
            0.0,
            0.0
        ],
        [
            0.0,
            0.0,
            0.0,
            0.0,
            0.0,
            0.0,
            0.9673624903338032,
            0.09365686814447313,
            0.0,
            0.0,
            0.0,
            0.0,
            0.0,
            0.0,
            0.0,
            0.0,
            0.02268363136414969
        ],
        [
            0.0,
            0.0,
            0.0,
            0.0,
            0.0,
            0.0,
            0.26739773223764707,
            0.6692411928626585,
            0.0,
            0.0,
            0.0,
            0.0,
            0.0,
            0.0,
            0.0,
            0.0,
            0.053121182591621866
        ],
        [
            0.0,
            0.0,
            0.0,
            0.0,
            0.0,
            0.0,
            0.0,
            0.0,
            0.05973274380823798,
            0.0,
            0.8470066484009843,
            0.0,
            0.0,
            0.0,
            0.0,
            0.0,
            0.0
        ],
        [
            0.6415055397442901,
            0.03847129925260998,
            0.09016768490228938,
            0.022597285584215462,
            0.042185726325948164,
            0.0,
            0.0,
            0.0,
            0.0,
            0.09173566639433459,
            0.0,
            0.0,
            0.0,
            0.0,
            0.0,
            0.0,
            0.0
        ],
        [
            0.0,
            0.0,
            0.0,
            0.0,
            0.0003621849668720581,
            0.0449391760926026,
            0.02208203885638566,
            0.042762506841764684,
            0.0,
            0.0,
            0.0,
            0.0058510697895206385,
            0.0,
            0.006739652348267826,
            0.008737605715277603,
            0.3419462762682578,
            0.9588454734247424
        ],
        [
            0.004453931485383621,
            0.0,
            0.0,
            0.9361980181045869,
            0.002145779550544112,
            0.0,
            0.0,
            0.0,
            0.0,
            0.0,
            0.0,
            0.0,
            0.0,
            0.0,
            0.0,
            0.0,
            0.0
        ]
    ],
    "true_pos": 10,
    "false_pos": 2,
    "unmatched": 7,
    "num_GT_boxes": 17,
    "used_labels": [
        "tree",
        "moon",
        "pig",
        "cloud",
        "road",
        "mountain",
        "grass",
        "duck"
    ]
}