{
    "bboxes": [
        [
            0.21238916015625,
            0.40093310546875,
            0.47739388020833334,
            0.743900146484375
        ],
        [
            0.21238916015625,
            0.40093310546875,
            0.47739388020833334,
            0.743900146484375
        ],
        [
            0.21238916015625,
            0.40093310546875,
            0.47739388020833334,
            0.743900146484375
        ]
    ],
    "labels": [
        "basket",
        "chair",
        "dog"
    ],
    "scores": [
        0.42272716760635376,
        0.26168838143348694,
        0.23501698672771454
    ]
}