{
    "matched_indices": [
        4,
        0,
        1,
        3,
        2,
        5,
        0,
        0,
        0,
        0,
        5
    ],
    "iou_matrix": [
        [
            0.08370151324013404,
            0.9847772871817162,
            0.0005413477342099063,
            0.0,
            0.0,
            0.05449445705890211,
            0.0,
            0.0,
            0.0,
            0.0,
            0.03120734084256167
        ],
        [
            0.0,
            0.0014453376311892516,
            0.8042328042328044,
            0.0,
            0.0,
            0.0,
            0.0,
            0.0,
            0.0,
            0.0,
            0.0
        ],
        [
            0.0,
            0.0,
            0.0,
            0.0,
            0.7774538386783274,
            0.0,
            0.0,
            0.0,
            0.0,
            0.0,
            0.0
        ],
        [
            0.0,
            0.0,
            0.0,
            0.7774538386783291,
            0.0,
            0.0,
            0.0,
            0.0,
            0.0,
            0.0,
            0.0
        ],
        [
            0.9851342229408917,
            0.08319560618225175,
            0.0,
            0.0,
            0.0,
            0.016082578003679304,
            0.0,
            0.0,
            0.0,
            0.0,
            0.015088493259732992
        ],
        [
            0.016030738740367537,
            0.05786687763541012,
            0.0,
            0.0,
            0.0,
            0.9617486338797815,
            0.0,
            0.0,
            0.0,
            0.0,
            0.40119085271104643
        ]
    ],
    "num_matches": 6,
    "num_GT_boxes": 11,
    "used_labels": [
        "house",
        "cloud",
        "tree",
        "road",
        "car",
        "grass"
    ]
}