{
    "bboxes": [
        [
            0.758663330078125,
            0.05432291158040364,
            0.968865966796875,
            0.183074951171875
        ],
        [
            0.038678876241048175,
            0.09303115844726563,
            0.22379801432291666,
            0.1964519246419271
        ],
        [
            0.39855879720052084,
            0.12117560831705729,
            0.5552854410807292,
            0.250264892578125
        ],
        [
            0.0008427499930063883,
            0.26583734130859377,
            0.09389824422200521,
            0.4164470621744792
        ],
        [
            0.36194482421875,
            0.5388251953125,
            0.820288330078125,
            0.6587012939453125
        ],
        [
            0.5457170817057292,
            0.2253563232421875,
            0.772486083984375,
            0.4234110514322917
        ],
        [
            0.3859657796223958,
            0.26523980712890627,
            0.519728271484375,
            0.4517625732421875
        ],
        [
            0.5485288492838541,
            0.6662495930989584,
            0.8928070475260417,
            0.9433130696614583
        ]
    ],
    "labels": [
        "house",
        "house",
        "house",
        "tree",
        "house",
        "people",
        "tree",
        "bicycle"
    ],
    "scores": [
        0.979963481426239,
        0.9778157472610474,
        0.9456310272216797,
        0.28359320759773254,
        0.2663177251815796,
        0.2653268873691559,
        0.2645823061466217,
        0.20302368700504303
    ]
}