{
    "matched_indices": [
        8,
        11,
        1,
        1,
        8,
        8,
        10,
        0,
        10,
        1,
        9,
        7,
        4,
        2
    ],
    "iou_matrix": [
        [
            0.0,
            0.0,
            0.0,
            0.01850823041028825,
            0.0,
            0.0,
            0.0,
            0.9851655844113493,
            0.0,
            0.0,
            0.0,
            0.0020953059305483432,
            0.0,
            0.0
        ],
        [
            0.23100210851184164,
            0.07357901471960171,
            0.011006553551017085,
            0.9017023768470546,
            0.007777362581550852,
            0.02684676826584161,
            0.0,
            0.03777583776636467,
            0.0,
            0.038619523728775314,
            0.0,
            0.011764864778276606,
            0.0,
            0.0
        ],
        [
            0.0,
            0.07206808076231713,
            0.0,
            0.0,
            0.0,
            0.0,
            0.0,
            0.0,
            0.0,
            0.0,
            0.0,
            0.0,
            0.0,
            0.9545757290645314
        ],
        [
            0.08681807075975534,
            0.221190647587777,
            0.0037559001605839124,
            0.30912616068216,
            0.003475965685547049,
            0.009288785343379572,
            0.009000313748864685,
            0.13500470623297017,
            0.20572887010843893,
            0.013462007744028354,
            0.008899523526473309,
            0.011538863780595734,
            0.010577291798879444,
            0.03230452252784872
        ],
        [
            0.0,
            0.0,
            0.0,
            0.0,
            0.0,
            0.0,
            0.0,
            0.0,
            0.0,
            0.0,
            0.0,
            0.0,
            0.9381607150226784,
            0.0
        ],
        [
            0.08439825892279201,
            0.21478891573335707,
            0.003646827273114941,
            0.3001490096674327,
            0.0034274401472817817,
            0.009019035191574588,
            0.00873894093096669,
            0.13108411396450026,
            0.19978848565553825,
            0.013071065495035627,
            0.008702608949283984,
            0.011203770424316252,
            0.010270122888956585,
            0.0317440162022294
        ],
        [
            0.05452791631919153,
            0.08242512080732542,
            0.0,
            0.6481177805061418,
            0.0,
            0.0,
            0.0,
            0.0,
            0.0,
            0.0,
            0.0,
            0.0,
            0.0,
            0.0
        ],
        [
            0.03362408805971593,
            0.0,
            0.0,
            0.007811679138309431,
            0.0,
            0.0,
            0.0,
            0.00316893776632987,
            0.0,
            0.0,
            0.0,
            0.944487976882096,
            0.0,
            0.0
        ],
        [
            0.2315394094185668,
            0.07475601500793815,
            0.01097782230744248,
            0.9010340479306287,
            0.007883345821680715,
            0.02692719694058437,
            0.0,
            0.03754109015066464,
            0.0,
            0.03822118236434166,
            0.0,
            0.01213452769183529,
            0.0,
            0.0
        ],
        [
            0.0,
            0.0,
            0.0,
            0.0,
            0.0,
            0.0,
            0.0,
            0.0,
            0.0,
            0.0,
            0.9678621597171957,
            0.0,
            0.0,
            0.0
        ],
        [
            0.0,
            0.10714459320116274,
            0.0,
            0.0,
            0.0,
            0.0,
            0.04288959320354673,
            0.0,
            0.9836727528674012,
            0.0,
            0.0,
            0.0,
            0.0,
            0.0
        ],
        [
            0.1382786187170218,
            0.3537162380558973,
            0.006035095318289531,
            0.49671337504447494,
            0.004997259762971445,
            0.014925504550608521,
            0.0,
            0.021186734811903234,
            0.12376396861640296,
            0.015437224041790702,
            0.0,
            0.018540999441749705,
            0.0,
            0.050752457368632604
        ]
    ],
    "num_matches": 7,
    "num_matches_with_correct_class": 1,
    "num_GT_boxes": 14,
    "used_labels": [
        "cloud",
        "car",
        "tree",
        "mountain",
        "grass"
    ],
    "map_score": 0.05009901151061058
}