{
    "matched_indices": [
        4,
        6,
        7,
        1,
        0,
        5,
        3,
        1,
        2,
        2,
        5,
        5,
        5,
        5,
        5,
        5
    ],
    "iou_matrix": [
        [
            0.0,
            0.0,
            0.017515819804260886,
            0.0,
            0.992211234034941,
            0.0,
            0.0,
            0.0,
            0.0,
            0.0,
            0.0,
            0.0,
            0.0,
            0.0,
            0.0,
            0.0
        ],
        [
            0.0034913645620815227,
            0.0,
            0.0,
            0.04245961676471411,
            0.0,
            0.050218162880735585,
            0.0,
            0.9813955406052449,
            0.0,
            0.0,
            0.0,
            0.0,
            0.0,
            0.0,
            0.0,
            0.07993883956143405
        ],
        [
            0.024648562564795966,
            0.0015370573667055185,
            0.0,
            0.0,
            0.0,
            0.0,
            0.0030947569783418647,
            0.0,
            0.9924050725413587,
            0.057285283709809016,
            0.0,
            0.0,
            0.0,
            0.0,
            0.0,
            0.09948558916926543
        ],
        [
            0.0,
            0.09552093239578634,
            0.0,
            0.0,
            0.0,
            0.0,
            0.9729159587610183,
            0.0,
            0.000736468575005273,
            0.0,
            0.0,
            0.0,
            0.0,
            0.0,
            0.0,
            0.0
        ],
        [
            0.7929163127308266,
            0.08792089314948473,
            0.04652426864999575,
            0.0,
            0.0,
            0.0,
            0.0,
            0.0003711924446314715,
            0.0,
            0.0,
            0.0,
            0.0,
            0.0,
            0.0,
            0.0,
            0.0
        ],
        [
            0.0,
            0.0,
            0.0,
            0.0,
            0.0,
            0.05200079199603534,
            0.0,
            0.08341771329684444,
            0.10251327576438,
            0.0,
            0.012874036652539668,
            0.01550139107142528,
            0.00945847590798833,
            0.006063125582043782,
            0.010778889923633414,
            0.9730979634155082
        ],
        [
            0.08322580079584364,
            0.9831066333091368,
            0.0,
            0.0,
            0.0,
            0.0,
            0.09996328720964195,
            0.0,
            0.0003260375198048393,
            0.0,
            0.0,
            0.0,
            0.0,
            0.0,
            0.0,
            0.0
        ],
        [
            0.04190916761681927,
            0.0,
            0.978523887494897,
            0.0,
            0.020122739430802217,
            0.0,
            0.0,
            0.0,
            0.0,
            0.0,
            0.0,
            0.0,
            0.0,
            0.0,
            0.0,
            0.0
        ]
    ],
    "true_pos": 8,
    "false_pos": 0,
    "unmatched": 8,
    "num_GT_boxes": 16,
    "used_labels": [
        "tree",
        "bird",
        "people",
        "cloud",
        "road",
        "sun",
        "grass",
        "flower"
    ]
}