{
    "matched_indices": [
        6,
        6,
        5,
        0,
        1,
        3,
        2,
        4,
        0
    ],
    "iou_matrix": [
        [
            0.018580051204340323,
            0.004183839353994956,
            0.07155323526087336,
            0.994379279848972,
            0.12630922289229427,
            0.02495186152484099,
            0.0,
            0.0,
            0.49960760011927463
        ],
        [
            0.0,
            0.0,
            0.0,
            0.13029938391501023,
            0.9702600626129829,
            0.0,
            0.0,
            0.0,
            0.0715500685236266
        ],
        [
            0.0,
            0.0,
            0.0,
            0.0,
            0.0,
            0.0,
            0.3784440868358953,
            0.9712871438362317,
            0.04451004670015023
        ],
        [
            0.0,
            0.0,
            0.0,
            0.02362092990403182,
            0.0,
            0.9524119113401203,
            0.0,
            0.0,
            0.03208592674883476
        ],
        [
            0.0,
            0.0,
            0.0,
            0.0,
            0.0,
            0.0,
            0.377676789470949,
            0.9731881254409273,
            0.04460047439520266
        ],
        [
            0.0,
            0.0,
            0.3598979038248057,
            0.007901223624742028,
            0.0,
            0.0,
            0.0,
            0.0,
            0.06912400211373519
        ],
        [
            0.4542817281385349,
            0.5619570556997968,
            0.0,
            0.025418212096962167,
            0.0,
            0.0,
            0.0,
            0.0,
            0.0
        ]
    ],
    "num_matches": 4,
    "num_matches_with_correct_class": -1,
    "num_GT_boxes": 9,
    "used_labels": [
        "others",
        "bench",
        "dog",
        "tree",
        "duck",
        "grass"
    ],
    "map_score": 0.0
}