{
    "matched_indices": [
        2,
        0,
        0,
        2,
        0,
        3,
        0,
        3,
        2,
        0,
        1,
        4,
        0,
        4,
        4,
        0
    ],
    "iou_matrix": [
        [
            0.0,
            0.0,
            0.0,
            0.0,
            0.12786272426356235,
            0.0,
            0.9865918718800119,
            0.2859340456996765,
            0.0,
            0.0,
            0.0,
            0.0,
            0.0,
            0.0,
            0.0,
            0.0
        ],
        [
            0.0,
            0.0,
            0.0,
            0.0,
            0.02566081402860542,
            0.0,
            0.0,
            0.0,
            0.0,
            0.0,
            0.9587988918153266,
            0.0,
            0.0,
            0.0,
            0.0,
            0.0
        ],
        [
            0.15212067128495035,
            0.0,
            0.0,
            0.03543640869264906,
            0.0,
            0.0,
            0.0,
            0.0,
            0.9788628750199786,
            0.0,
            0.0,
            0.0,
            0.0,
            0.003379502663865261,
            0.0,
            0.0
        ],
        [
            0.09562855791112707,
            0.0,
            0.0,
            0.0,
            0.0936502649659155,
            0.11052130156640438,
            0.26568618729517507,
            0.9406918317493208,
            0.0,
            0.0,
            0.0,
            0.0,
            0.0,
            0.0,
            0.0,
            0.0
        ],
        [
            0.1310187464994245,
            0.0,
            0.0,
            0.0,
            0.0,
            0.0,
            0.0,
            0.0,
            0.004029487798161103,
            0.0,
            0.0,
            0.040337432557630185,
            0.0,
            0.9774174842803612,
            0.1833877910356372,
            0.0
        ]
    ],
    "num_matches": 5,
    "num_GT_boxes": 16,
    "used_labels": [
        "airplane",
        "apple",
        "balloon",
        "banana",
        "basket",
        "bee",
        "bench",
        "bicycle",
        "bird",
        "bottle",
        "bucket",
        "bus",
        "butterfly",
        "car",
        "cat",
        "chair",
        "chicken",
        "cloud",
        "cow",
        "cup",
        "dinnerware",
        "dog",
        "duck",
        "fence",
        "flower",
        "grape",
        "grass",
        "horse",
        "house",
        "moon",
        "mountain",
        "people",
        "picnic rug",
        "pig",
        "rabbit",
        "road",
        "sheep",
        "sofa",
        "star",
        "street lamp",
        "sun",
        "table",
        "tree",
        "truck",
        "umbrella",
        "others"
    ]
}