{
    "matched_indices": [
        6,
        2,
        0,
        10,
        1,
        23,
        23,
        11,
        0,
        18,
        11,
        11,
        17,
        16,
        13,
        18,
        22,
        8,
        20,
        4,
        9,
        11
    ],
    "iou_matrix": [
        [
            0.0,
            0.0,
            0.0,
            0.0,
            0.0,
            0.06244577161151719,
            0.00034620073310778483,
            0.0,
            0.2735007609632452,
            0.10595671126905401,
            0.0,
            0.0,
            0.0,
            0.0,
            0.6461210854305889,
            0.048036644422127434,
            0.0,
            0.0,
            0.0,
            0.0,
            0.0,
            0.0343968838166009
        ],
        [
            0.0,
            0.0,
            0.0,
            0.0,
            0.9779105688104722,
            0.0,
            0.0,
            0.0,
            0.0,
            0.0,
            0.0,
            0.0,
            0.0,
            0.0,
            0.0,
            0.0,
            0.0,
            0.0,
            0.0,
            0.0,
            0.0,
            0.0
        ],
        [
            0.009272343321421784,
            0.031258254092966745,
            0.0,
            0.0,
            0.0,
            0.0,
            0.08001381206901613,
            0.1329761770855406,
            0.0,
            0.0,
            0.00019634015177926928,
            0.0,
            0.004336948718217995,
            0.0,
            0.0,
            0.0,
            0.0,
            0.5472991233938722,
            0.3977211052711228,
            0.1746981057339531,
            0.2469073975676435,
            0.15042826082302452
        ],
        [
            0.0,
            0.0,
            0.0,
            0.0,
            0.0,
            0.0,
            0.012927547586137605,
            0.15670507494959104,
            0.0,
            0.0,
            0.0,
            0.0,
            0.0,
            0.0,
            0.0,
            0.0,
            0.0,
            0.49893627505563864,
            0.05052256165595885,
            0.0,
            0.8719098346767993,
            0.10783485462059408
        ],
        [
            0.0,
            0.0,
            0.0,
            0.0,
            0.0,
            0.0,
            0.1572944004407858,
            0.15787999923828716,
            0.0,
            0.0,
            0.0,
            0.0,
            0.0,
            0.0,
            0.0,
            0.0,
            0.0,
            0.0,
            0.4400376036592807,
            0.8967714797597154,
            0.0,
            0.15498518298483982
        ],
        [
            0.0,
            0.0,
            0.0,
            0.0,
            0.9779105688104722,
            0.0,
            0.0,
            0.0,
            0.0,
            0.0,
            0.0,
            0.0,
            0.0,
            0.0,
            0.0,
            0.0,
            0.0,
            0.0,
            0.0,
            0.0,
            0.0,
            0.0
        ],
        [
            0.9458573531220623,
            0.0,
            0.0,
            0.0,
            0.0,
            0.0,
            0.0,
            0.0,
            0.0,
            0.0,
            0.0,
            0.0,
            0.0,
            0.0,
            0.0,
            0.0,
            0.0,
            0.008622415462828627,
            0.0,
            0.0,
            0.0,
            0.0
        ],
        [
            0.0,
            0.0,
            0.0,
            0.0,
            0.0,
            0.0,
            0.15662663000627258,
            0.15778642683552646,
            0.0,
            0.0,
            0.0,
            0.0,
            0.0,
            0.0,
            0.0,
            0.0,
            0.0,
            0.0,
            0.43919940661360735,
            0.8957127297025625,
            0.0,
            0.15435575352172032
        ],
        [
            0.009262069896193836,
            0.030861406470777123,
            0.0,
            0.0,
            0.0,
            0.0,
            0.08467232949755912,
            0.13156035032248264,
            0.0,
            0.0,
            0.00047798469170689856,
            0.0,
            0.004840686941545653,
            0.0,
            0.0,
            0.0,
            0.0,
            0.5504352646930073,
            0.39267172937021516,
            0.1724801786656224,
            0.24377271789761693,
            0.15673105438253376
        ],
        [
            0.0,
            0.0,
            0.0,
            0.0,
            0.0,
            0.0,
            0.012122539819413065,
            0.15617438401027023,
            0.0,
            0.0,
            0.0,
            0.0,
            0.0,
            0.0,
            0.0,
            0.0,
            0.0,
            0.49471101463021505,
            0.04847015827184942,
            0.0,
            0.8789194840326073,
            0.10724683804486769
        ],
        [
            0.0,
            0.0,
            0.0,
            0.9393289430050898,
            0.0,
            0.0,
            0.0,
            0.0,
            0.0,
            0.0,
            0.0,
            0.0,
            0.0,
            0.0,
            0.0,
            0.0,
            0.0,
            0.0,
            0.0,
            0.0,
            0.0,
            0.0
        ],
        [
            0.0,
            0.0,
            0.0,
            0.0,
            0.0,
            0.16678086232356906,
            0.310879909964818,
            0.2168274458136976,
            0.009539993330811973,
            0.0033458172945927244,
            0.017377961783317106,
            0.020718976387925015,
            0.10063189820803221,
            0.11633995053103627,
            0.029676486021877925,
            0.013611693996486748,
            0.009936630627346461,
            0.1133898588383829,
            0.10407272361614511,
            0.08421182217540692,
            0.094018598486707,
            0.5414974692170382
        ],
        [
            0.0,
            0.0,
            0.0,
            0.0,
            0.0,
            0.0,
            0.12617436542516142,
            0.14614419403732923,
            0.0,
            0.0,
            0.0,
            0.0,
            0.0,
            0.0,
            0.0,
            0.0,
            0.0,
            0.1386062419420854,
            0.9553039541570117,
            0.4215594887761706,
            0.04398349359701962,
            0.15716340662946884
        ],
        [
            0.0,
            0.0,
            0.0,
            0.0,
            0.0,
            0.047905214632637375,
            0.0,
            0.0,
            0.12676904958564356,
            0.05771841193600785,
            0.0,
            0.0,
            0.0,
            0.0,
            0.9331923433314908,
            0.003129035485539027,
            0.0,
            0.0,
            0.0,
            0.0,
            0.0,
            0.027595143882383624
        ],
        [
            0.0,
            0.0,
            0.0,
            0.0,
            0.0,
            0.16678086232356906,
            0.310879909964818,
            0.2168274458136976,
            0.009539993330811973,
            0.0033458172945927244,
            0.017377961783317106,
            0.020718976387925015,
            0.10063189820803221,
            0.11633995053103627,
            0.029676486021877925,
            0.013611693996486748,
            0.009936630627346461,
            0.1133898588383829,
            0.10407272361614511,
            0.08421182217540692,
            0.094018598486707,
            0.5414974692170382
        ],
        [
            0.0,
            0.0,
            0.0,
            0.0,
            0.9773073826027441,
            0.0,
