{
    "matched_indices": [
        8,
        3,
        0,
        2,
        6,
        1,
        9,
        7,
        4,
        5,
        10
    ],
    "iou_matrix": [
        [
            0.02114954989420994,
            0.0,
            0.9852714723440171,
            0.0,
            0.0,
            0.0,
            0.0,
            0.0,
            0.0,
            0.0,
            0.0
        ],
        [
            0.07227543092172414,
            0.0,
            0.0,
            0.0,
            0.0,
            0.9900963549482007,
            0.0,
            0.0,
            0.0,
            0.0,
            0.0964418856008778
        ],
        [
            0.0,
            0.0,
            0.0,
            0.9816250674439967,
            0.0,
            0.0,
            0.0,
            0.0,
            0.0424712128966911,
            0.0,
            0.0
        ],
        [
            0.0,
            0.9842217475203928,
            0.0,
            0.0,
            0.2004978291132361,
            0.0,
            0.0,
            0.0,
            0.0,
            0.0,
            0.0
        ],
        [
            0.0,
            0.0,
            0.0,
            0.04397277349619044,
            0.0,
            0.0,
            0.1091710311116851,
            0.0,
            0.9922302212453137,
            0.011181461864307555,
            0.0
        ],
        [
            0.0,
            0.0,
            0.0,
            0.0,
            0.0,
            0.0,
            0.011616843856577104,
            0.002810233775335815,
            0.010184365559082342,
            0.9825766303739233,
            0.10688106562748852
        ],
        [
            0.0,
            0.2059425796734696,
            0.0,
            0.0,
            0.9810949187839265,
            0.0,
            0.0,
            0.0,
            0.0,
            0.0,
            0.0
        ],
        [
            0.0,
            0.0,
            0.0,
            0.0,
            0.0,
            0.0,
            0.0,
            0.9854129839563082,
            0.00017492150392403068,
            0.005854894851299436,
            0.09281672039014925
        ],
        [
            0.9752846089731908,
            0.0,
            0.01790904683813228,
            0.0,
            0.0,
            0.07396350360137588,
            0.0,
            0.0,
            0.0,
            0.0,
            0.0696508301986487
        ],
        [
            0.0,
            0.0,
            0.0,
            0.0,
            0.0,
            0.0,
            0.97807461101223,
            0.0,
            0.10480301578915772,
            0.012340288821986617,
            0.0
        ],
        [
            0.05488261615618629,
            0.0,
            0.0,
            0.0,
            0.0,
            0.09697019915060441,
            0.0,
            0.09317795037614952,
            0.0,
            0.10687549801123047,
            0.8952186455949599
        ]
    ],
    "num_matches": 11,
    "num_matches_with_correct_class": 0,
    "num_GT_boxes": 11,
    "used_labels": [
        "others",
        "tree",
        "sun",
        "people",
        "duck",
        "cloud"
    ],
    "map_score": 0.0
}