{
    "matched_indices": [
        5,
        0,
        3,
        1,
        2,
        4,
        6
    ],
    "iou_matrix": [
        [
            0.03404718193665214,
            0.9826717202364917,
            0.0,
            0.0,
            0.0,
            0.0,
            0.0
        ],
        [
            0.013260896826471332,
            0.0,
            0.0,
            0.9742079533928513,
            0.0,
            0.0,
            0.0
        ],
        [
            0.030729349853404943,
            0.0,
            0.0,
            0.0,
            0.9685608541338188,
            0.0,
            0.0
        ],
        [
            0.06422766222306817,
            0.0,
            0.989598143392017,
            0.0,
            0.0,
            0.0,
            0.037036965475795956
        ],
        [
            0.01289549996341869,
            0.0,
            0.0,
            0.0,
            0.0,
            0.9814934253170879,
            0.0
        ],
        [
            0.9964806681163269,
            0.034038020062942584,
            0.06415637578527898,
            0.013172897602861637,
            0.0315241191035307,
            0.01319111302056303,
            0.10591928096388988
        ],
        [
            0.1069407718641385,
            0.0,
            0.03897264522864084,
            0.0,
            0.0,
            0.0,
            0.9864781957766869
        ]
    ],
    "num_matches": 7,
    "num_matches_with_correct_class": 0,
    "num_GT_boxes": 7,
    "used_labels": [
        "others",
        "dog",
        "tree",
        "bird",
        "cloud"
    ],
    "map_score": 0.0
}