{
    "matched_indices": [
        3,
        1,
        5,
        3,
        0,
        2,
        4,
        2,
        5,
        4,
        2,
        5
    ],
    "iou_matrix": [
        [
            0.0,
            0.0,
            0.0,
            0.0,
            0.8422652226801701,
            0.0,
            0.0,
            0.0,
            0.0,
            0.0,
            0.0,
            0.0
        ],
        [
            0.0,
            0.7963857154926023,
            0.022980821759889334,
            0.0,
            0.0,
            0.0,
            0.005267289098036037,
            0.0,
            0.0,
            0.015950779863046792,
            0.0,
            0.0
        ],
        [
            0.0,
            0.0,
            0.0,
            0.0,
            0.0,
            0.06447429048882235,
            0.10124965951336097,
            0.02072066862441351,
            0.0,
            0.01739215207423008,
            0.9600083163924416,
            0.0011365030479763495
        ],
        [
            0.5567646626606503,
            0.0,
            0.0,
            0.4637522131338122,
            0.0,
            0.0,
            0.0,
            0.0,
            0.0,
            0.0,
            0.0,
            0.0
        ],
        [
            0.0,
            0.0350065798603024,
            0.0,
            0.0,
            0.0,
            0.0,
            0.2385785534598657,
            0.0,
            0.009587112645016906,
            0.6727287912252314,
            0.01353150774239027,
            0.0007392468486914344
        ],
        [
            0.0,
            0.053484157682673505,
            0.13262534483966718,
            0.0,
            0.0,
            0.0,
            0.0062979849881747195,
            0.0,
            0.9668954549961111,
            0.014993281116179518,
            0.0,
            0.08054393570528821
        ]
    ],
    "num_matches": 5,
    "num_GT_boxes": 12,
    "used_labels": [
        "table",
        "tree",
        "people",
        "fence",
        "sun",
        "cloud"
    ]
}