{
    "bboxes": [
        [
            0.4127383219401042,
            0.625126708984375,
            0.610746826171875,
            0.8107189127604166
        ],
        [
            0.6452054850260417,
            0.6120301920572917,
            0.8334893391927083,
            0.8702350260416667
        ],
        [
            0.025746180216471355,
            0.19842972819010415,
            0.41071187337239584,
            0.30509562174479166
        ],
        [
            0.6394202880859375,
            0.15813074747721353,
            0.9986101888020833,
            0.9501431477864584
        ],
        [
            0.03902990976969401,
            0.4114479166666667,
            0.2777120157877604,
            0.4907925618489583
        ],
        [
            0.41256396484375,
            0.6248494059244791,
            0.6106198323567709,
            0.8108421223958333
        ]
    ],
    "labels": [
        "bicycle",
        "bicycle",
        "chicken",
        "tree",
        "chicken",
        "bus"
    ],
    "scores": [
        0.8387835621833801,
        0.6076822280883789,
        0.43611404299736023,
        0.38568440079689026,
        0.32077670097351074,
        0.27377092838287354
    ]
}