{
    "bboxes": [
        [
            0.5048922526041667,
            0.6650780843098958,
            0.771451171875,
            0.9294696451822917
        ],
        [
            0.02612945302327474,
            0.491042236328125,
            0.2778464152018229,
            0.7305397135416667
        ],
        [
            0.37227433268229165,
            0.37188224283854165,
            0.5849357503255208,
            0.5843985595703125
        ],
        [
            0.21270025634765624,
            0.5857305094401042,
            0.4911032307942708,
            0.8639912109375
        ],
        [
            0.6391725260416666,
            0.4384910888671875,
            0.8912405598958333,
            0.6642648111979167
        ]
    ],
    "labels": [
        "road",
        "road",
        "road",
        "road",
        "road"
    ],
    "scores": [
        0.9973241090774536,
        0.9973064661026001,
        0.9969942569732666,
        0.9968230724334717,
        0.9959856867790222
    ]
}