{
    "matched_indices": [
        16,
        12,
        19,
        19,
        19,
        1,
        7,
        3,
        8,
        6,
        0,
        2,
        4,
        10,
        11,
        13,
        18
    ],
    "iou_matrix": [
        [
            0.030889306226010105,
            0.02427495923482327,
            0.0,
            0.0,
            0.0,
            0.0,
            0.0,
            0.0,
            0.0,
            0.08362554339027148,
            0.9230234895160028,
            0.0,
            0.0,
            0.0,
            0.0,
            0.0,
            0.0
        ],
        [
            0.05929470609342404,
            0.0,
            0.0,
            0.0,
            0.0,
            0.9764654483582963,
            0.10579738729168651,
            0.0,
            0.0,
            0.0,
            0.0,
            0.0,
            0.0,
            0.0,
            0.0,
            0.0,
            0.0
        ],
        [
            0.0,
            0.06053941999115068,
            0.0,
            0.0,
            0.0,
            0.0,
            0.0,
            0.0,
            0.0,
            0.0,
            0.0,
            0.9582672703436234,
            0.08562194466766719,
            0.0,
            0.0,
            0.0,
            0.0
        ],
        [
            0.04623451197598266,
            0.0,
            0.0,
            0.0,
            0.0,
            0.0,
            0.013207295222739682,
            0.8718048296441937,
            0.03476189181124318,
            0.0,
            0.0,
            0.0,
            0.0,
            0.0,
            0.0,
            0.0,
            0.0
        ],
        [
            0.0,
            0.05919042857185009,
            0.0,
            0.0,
            0.0,
            0.0,
            0.0,
            0.0,
            0.0,
            0.0,
            0.0,
            0.02239502923173813,
            0.8726304482089352,
            0.0,
            0.0,
            0.0,
            0.0
        ],
        [
            0.5324100617017253,
            0.18693581435595205,
            0.0,
            0.0,
            0.0,
            0.0671261435563156,
            0.03165414360655182,
            0.06048422929210301,
            0.031058491133916892,
            0.09938717162853405,
            0.05287979493635825,
            0.03780853654035484,
            0.03727018936070025,
            0.0,
            0.0,
            0.0,
            0.0
        ],
        [
            0.08363252269378582,
            0.0,
            0.0,
            0.0,
            0.0,
            0.0,
            0.0,
            0.0,
            0.03936895743443733,
            0.828318381800848,
            0.03256923382126714,
            0.0,
            0.0,
            0.0,
            0.0,
            0.0,
            0.0
        ],
        [
            0.01765515281861903,
            0.0,
            0.0,
            0.0,
            0.0,
            0.0911532101348806,
            0.9086634309628834,
            0.08384378233745299,
            0.0,
            0.0,
            0.0,
            0.0,
            0.0,
            0.0,
            0.0,
            0.0,
            0.0
        ],
        [
            0.01665641240935054,
            0.0,
            0.0,
            0.0,
            0.0,
            0.0,
            0.0,
            0.02473763657770911,
            0.915897508458888,
            0.0841851918329209,
            0.0,
            0.0,
            0.0,
            0.0,
            0.0,
            0.0,
            0.0
        ],
        [
            0.6482563891522956,
            0.22817946503031872,
            0.0,
            0.0,
            0.0,
            0.04720470762024799,
            0.016866336999735745,
            0.04266820480999931,
            0.017617752541752046,
            0.0779727694692169,
            0.030803017951776618,
            0.02352840386356972,
            0.025579797508355824,
            0.0,
            0.0,
            0.0,
            0.0
        ],
        [
            0.0,
            0.0,
            0.0,
            0.0,
            0.0,
            0.0,
            0.0,
            0.0,
            0.0,
            0.0,
            0.0,
            0.0,
            0.0,
            0.9118506383794147,
            0.0,
            0.0,
            0.0
        ],
        [
            0.0,
            0.0,
            0.0,
            0.0,
            0.0,
            0.0,
            0.0,
            0.0,
            0.0,
            0.0,
            0.0,
            0.0,
            0.0,
            0.0,
            0.9177644644264664,
            0.0,
            0.0
        ],
        [
            0.6538096125510862,
            0.23020802796521528,
            0.0,
            0.0,
            0.0,
            0.0459835982067095,
            0.015972212472337263,
            0.04157192497203249,
            0.01668344382147162,
            0.07639114350590327,
            0.029476462174705977,
            0.02252584547301997,
            0.02448787401128359,
            0.0,
            0.0,
            0.0,
            0.0
        ],
        [
            0.0,
            0.0,
            0.0,
            0.0,
            0.0,
            0.0,
            0.0,
            0.0,
            0.0,
            0.0,
            0.0,
            0.0,
            0.0,
            0.0,
            0.0,
            0.9265441771145329,
            0.0
        ],
        [
            0.22964945557161914,
            0.1207267354496906,
            0.0,
            0.0,
            0.0,
            0.13773945065672888,
            0.06597797620194434,
            0.1249582882612582,
            0.06247914413062911,
            0.19823162945293366,
            0.10996329366990727,
            0.07605794478835252,
            0.0749749729567549,
            0.0,
            0.0,
            0.0,
            0.0
        ],
        [
            0.5310933362419817,
            0.1862640570703548,
            0.0,
            0.0,
            0.0,
            0.0676371514722569,
            0.032001170170632094,
            0.0609408000246033,
            0.03097971746487433,
            0.09913509588759785,
            0.05341175604133562,
            0.03771264272724036,
            0.03717566095784918,
            0.0,
            0.0,
            0.0,
            0.0
        ],
        [
            0.9331293607769968,
            0.026394368780123207,
            0.0,
            0.0,
            0.0,
            0.06454334782271899,
            0.022424897911240464,
            0.05843749072333957,
            0.023450232071342173,
            0.10710323820050639,
            0.03642175091771051,
            0.0,
            0.0,
            0.0,
            0.0,
            0.0,
            0.0
        ],
        [
            0.41858404761928447,
            0.150211738809364,
            0.017357510009279483,
            0.020618617950416838,
            0.014336382793649207,
            0.024590568528169907,
            0.006822002873598509,
            0.022216589213932148,
            0.007117920011591916,
            0.042587202986689325,
            0.01383420306503117,
            0.010539769825644781,
            0.011443636402259686,
            0.0,
            0.0,
            0.0,
            0.0
        ],
        [
            0.23303675269271107,
            0.08242374733550652,
            0.009510380039246268,
            0.011297178713286475,
            0.007855069574082002,
            0.029990118873759547,
            0.014265570058869411,
            0.027018125111495084,
            0.013509062555747547,
            0.043229000178392145,
            0.02377595009811569,
            0.016445032151196682,
            0.01621087506689705,
            0.004214827517393227,
            0.0035123562644943634,
