{
    "matched_indices": [
        5,
        0,
        1,
        3,
        6,
        0,
        4,
        2,
        0,
        7,
        7,
        7,
        0,
        0,
        0
    ],
    "iou_matrix": [
        [
            0.002237030359316028,
            0.44112027136346943,
            0.03294700164696188,
            0.0,
            0.002224647498403288,
            0.5227569456132625,
            0.2293736417380179,
            0.31151245912583914,
            0.012456974108321346,
            0.0,
            0.0006473124731128265,
            0.0006488199167759641,
            0.0,
            0.0,
            0.0
        ],
        [
            0.1272300712278274,
            0.06226968216262838,
            0.9181620981644115,
            0.0,
            0.0,
            0.0,
            0.0,
            0.0,
            0.0,
            0.0,
            0.0,
            0.0,
            0.0,
            0.0,
            0.0
        ],
        [
            0.0,
            0.0,
            0.0,
            0.0,
            0.0338120647764782,
            0.4795531370527589,
            0.14558343179544023,
            0.8737081417217402,
            0.0,
            0.0,
            0.0,
            0.03960160862433644,
            0.0,
            0.0,
            0.0
        ],
        [
            0.0,
            0.0,
            0.0,
            0.9835024424649885,
            0.04964648364490463,
            0.0,
            0.0,
            0.0,
            0.0,
            0.0,
            0.0,
            0.0,
            0.0,
            0.0,
            0.0
        ],
        [
            0.0,
            0.0,
            0.0,
            0.0,
            0.0,
            0.3743671436162485,
            0.921113853626476,
            0.18383285971541735,
            0.0,
            0.02580125972778028,
            0.053544612041978266,
            0.051715164882866704,
            0.0,
            0.0,
            0.0
        ],
        [
            0.9929699408732066,
            0.0005900409361342641,
            0.14054999424583073,
            0.0,
            0.0,
            0.0,
            0.0,
            0.0,
            0.0,
            0.0,
            0.0,
            0.0,
            0.0,
            0.0,
            0.0
        ],
        [
            0.0,
            0.0,
            0.0,
            0.0468298004629221,
            0.9233730927384348,
            0.016877436043690998,
            0.0,
            0.04762308324100495,
            0.0,
            0.0,
            0.0,
            0.0,
            0.0,
            0.0,
            0.0
        ],
        [
            0.0,
            0.0,
            0.0,
            0.0,
            0.0,
            0.3531290618306599,
            0.8267429977668987,
            0.18954456303929618,
            0.0,
            0.052446142541161714,
            0.0904050552471175,
            0.09012777812574423,
            0.0,
            0.0,
            0.0
        ]
    ],
    "true_pos": 7,
    "false_pos": 1,
    "unmatched": 8,
    "num_GT_boxes": 15,
    "used_labels": [
        "tree",
        "bird",
        "chicken",
        "fence",
        "people",
        "flower",
        "grass"
    ]
}