{
    "matched_indices": [
        3,
        2,
        1,
        4,
        5,
        5,
        6,
        7,
        8,
        0
    ],
    "iou_matrix": [
        [
            0.0,
            0.01661773553586123,
            0.08004774605655313,
            0.0,
            0.0,
            0.0,
            0.0,
            0.0,
            0.0,
            0.9371199115249368
        ],
        [
            0.0,
            0.34353393747542793,
            0.9595916479336186,
            0.0,
            0.0,
            0.0,
            0.004274792880007293,
            0.0,
            0.0,
            0.08618002618433851
        ],
        [
            0.035494357369029665,
            0.9628522216570515,
            0.3414802150326093,
            0.0,
            0.0,
            0.0,
            0.12409825787840632,
            0.0,
            0.03754121808636464,
            0.026467448694237672
        ],
        [
            0.988242171840645,
            0.03496574469457351,
            0.0,
            0.08204425116801962,
            0.0,
            0.0,
            0.0,
            0.03174486776009387,
            0.028111798709695757,
            0.0
        ],
        [
            0.08506856575730114,
            0.0,
            0.0,
            0.9675854894524193,
            0.0,
            0.0,
            0.0,
            0.1182947978517597,
            0.0,
            0.0
        ],
        [
            0.0,
            0.0,
            0.0,
            0.0,
            0.5310777055746067,
            0.5232098877142422,
            0.0,
            0.0,
            0.0,
            0.0
        ],
        [
            0.0,
            0.11309368355871806,
            0.0,
            0.0,
            0.0,
            0.0,
            0.8930503559386195,
            0.0,
            0.0,
            0.0
        ],
        [
            0.032145175636783936,
            0.0,
            0.0,
            0.12210867623200514,
            0.0,
            0.0,
            0.0,
            0.9664628013907656,
            0.0,
            0.0
        ],
        [
            0.026802914637950186,
            0.026654265012277877,
            0.0,
            0.0,
            0.0,
            0.0,
            0.0,
            0.0,
            0.8787761559148572,
            0.0
        ],
        [
            0.3789833086803732,
            0.07848320211620632,
            0.029646813986204324,
            0.031623268251951275,
            0.024256484170530803,
            0.02389712884948591,
            0.01940518733642464,
            0.029107781004636967,
            0.010780659631347021,
            0.011319692612914364
        ]
    ],
    "num_matches": 8,
    "num_matches_with_correct_class": -2,
    "num_GT_boxes": 10,
    "used_labels": [
        "bench",
        "tree",
        "people",
        "bird",
        "cloud",
        "cat",
        "grass"
    ],
    "map_score": 0.0
}