{
    "bboxes": [
        [
            0.37266988118489586,
            0.5066577962239583,
            0.4905235595703125,
            0.5841281331380208
        ],
        [
            0.35911197916666665,
            0.42598828125,
            0.45080843098958334,
            0.4905787353515625
        ],
        [
            0.4520221761067708,
            0.5733665771484375,
            0.557499755859375,
            0.6368320719401042
        ],
        [
            0.37266988118489586,
            0.5066577962239583,
            0.4905235595703125,
            0.5841281331380208
        ],
        [
            0.4520221761067708,
            0.5733665771484375,
            0.557499755859375,
            0.6368320719401042
        ],
        [
            0.35911197916666665,
            0.42598828125,
            0.45080843098958334,
            0.4905787353515625
        ],
        [
            0.5839054361979167,
            0.06426715596516927,
            0.9535093587239584,
            0.8966040852864583
        ]
    ],
    "labels": [
        "sofa",
        "sofa",
        "sofa",
        "bus",
        "bus",
        "bus",
        "tree"
    ],
    "scores": [
        0.5860382914543152,
        0.5273774266242981,
        0.439767450094223,
        0.30929529666900635,
        0.270485520362854,
        0.26988863945007324,
        0.244950070977211
    ]
}