{
    "bboxes": [
        [
            0.2067345987955729,
            0.2067393798828125,
            0.8141292317708333,
            0.8534663899739583
        ],
        [
            0.0008547752698262532,
            0.10316127522786459,
            0.4386824137369792,
            0.7975555013020833
        ],
        [
            0.7993859049479166,
            0.6916842447916667,
            0.9712250162760416,
            0.8757674153645834
        ],
        [
            0.20167232259114584,
            0.5512491455078125,
            0.4448605143229167,
            0.9932464192708333
        ],
        [
            0.5192500813802083,
            0.762530517578125,
            0.6903715006510417,
            0.8630741373697917
        ],
        [
            0.15840499877929687,
            0.00031454859177271525,
            0.33202543131510415,
            0.13914388020833332
        ],
        [
            0.09470696004231771,
            0.71813623046875,
            0.2511617431640625,
            0.86302392578125
        ],
        [
            0.5583787841796874,
            0.00040882821877797444,
            0.9990928548177084,
            0.15562586466471354
        ]
    ],
    "labels": [
        "tree",
        "flower",
        "house",
        "dog",
        "cloud",
        "cat",
        "grass",
        "people"
    ],
    "scores": [
        0.9288381934165955,
        0.8991164565086365,
        0.8808761239051819,
        0.8769545555114746,
        0.604987621307373,
        0.5224438905715942,
        0.4616648852825165,
        0.44498971104621887
    ]
}