{
    "bboxes": [
        [
            0.0006256848176320394,
            0.0010221599737803141,
            0.478534912109375,
            0.6292607421875
        ],
        [
            0.7186610514322916,
            0.690948974609375,
            0.9306175130208333,
            0.9176207682291667
        ],
        [
            0.7324231770833334,
            0.07842772928873698,
            0.998472900390625,
            0.6306104329427084
        ],
        [
            0.10652970377604166,
            0.7049607747395833,
            0.3182652587890625,
            0.9039903971354166
        ],
        [
            0.4125323486328125,
            0.731884765625,
            0.6125893961588542,
            0.890444580078125
        ],
        [
            0.425576416015625,
            0.38492447916666667,
            0.7375423990885417,
            0.6309242757161458
        ],
        [
            0.29378993733723957,
            0.49159956868489585,
            0.4590640055338542,
            0.6336334635416667
        ],
        [
            0.002852052370707194,
            0.66219189453125,
            0.9982383626302084,
            0.996794189453125
        ],
        [
            0.0009733437697092692,
            0.0010608433882395426,
            0.998993896484375,
            0.4369139404296875
        ],
        [
            0.5180080159505208,
            0.2522384236653646,
            0.9980660807291667,
            0.4279318440755208
        ]
    ],
    "labels": [
        "dog",
        "grass",
        "dog",
        "grass",
        "grass",
        "grass",
        "grass",
        "cloud",
        "road",
        "road"
    ],
    "scores": [
        0.9222594499588013,
        0.8695321679115295,
        0.8022764921188354,
        0.726534903049469,
        0.702726423740387,
        0.6530364155769348,
        0.4768044650554657,
        0.22479887306690216,
        0.22235803306102753,
        0.2065933495759964
    ]
}