{
    "matched_indices": [
        0,
        2,
        0,
        2,
        2,
        1,
        2,
        0,
        3,
        0
    ],
    "iou_matrix": [
        [
            0.0,
            0.0,
            0.0,
            0.0,
            0.11537709080683198,
            0.0,
            0.0,
            0.9917040653859066,
            0.0,
            0.0
        ],
        [
            0.0,
            0.0,
            0.0,
            0.0,
            0.005020660195032838,
            0.08352352519317872,
            0.0,
            0.0,
            0.9847247478306133,
            0.0
        ],
        [
            0.0,
            0.3105087420112288,
            0.0,
            0.07442290795063215,
            0.9893941860128967,
            0.0,
            0.02351184914115848,
            0.11320743282591465,
            0.004823482423866382,
            0.0
        ],
        [
            0.0,
            0.0,
            0.0,
            0.0,
            0.005001603943827107,
            0.08344522606871205,
            0.0,
            0.0,
            0.9849384813077494,
            0.0
        ]
    ],
    "num_matches": 3,
    "num_GT_boxes": 10,
    "used_labels": [
        "airplane",
        "apple",
        "balloon",
        "banana",
        "basket",
        "bee",
        "bench",
        "bicycle",
        "bird",
        "bottle",
        "bucket",
        "bus",
        "butterfly",
        "car",
        "cat",
        "chair",
        "chicken",
        "cloud",
        "cow",
        "cup",
        "dinnerware",
        "dog",
        "duck",
        "fence",
        "flower",
        "grape",
        "grass",
        "horse",
        "house",
        "moon",
        "mountain",
        "people",
        "picnic rug",
        "pig",
        "rabbit",
        "road",
        "sheep",
        "sofa",
        "star",
        "street lamp",
        "sun",
        "table",
        "tree",
        "truck",
        "umbrella",
        "others"
    ]
}