{
    "matched_indices": [
        0,
        1,
        2,
        6,
        3,
        4,
        10,
        5,
        8,
        11,
        7,
        9,
        12,
        13,
        16
    ],
    "iou_matrix": [
        [
            0.9694548791121906,
            0.0,
            0.0,
            0.0,
            0.0,
            0.0,
            0.0,
            0.0,
            0.0,
            0.0,
            0.0,
            0.0,
            0.0,
            0.0,
            0.0
        ],
        [
            0.0,
            0.9811561951997891,
            0.15173790575851576,
            0.0,
            0.0,
            0.0,
            0.0,
            0.0,
            0.0,
            0.0,
            0.0,
            0.0,
            0.0,
            0.0,
            0.0
        ],
        [
            0.0,
            0.14731478796554526,
            0.9703945650398967,
            0.0,
            0.0,
            0.0,
            0.0,
            0.0,
            0.0,
            0.0,
            0.0,
            0.0,
            0.0,
            0.0,
            0.0
        ],
        [
            0.0,
            0.0,
            0.0,
            0.01848724212275516,
            0.9827807731012043,
            0.0,
            0.0,
            0.0,
            0.0,
            0.0,
            0.0004922665966221761,
            0.012758931457054715,
            0.0,
            0.0,
            0.23197013834075964
        ],
        [
            0.0,
            0.0,
            0.0,
            0.0,
            0.0,
            0.9885581448327265,
            0.047185555257733464,
            0.0,
            0.0,
            0.0,
            0.0,
            0.0,
            0.0,
            0.0,
            0.001763613223118258
        ],
        [
            0.0,
            0.0,
            0.0,
            0.0,
            0.0,
            0.0,
            0.0,
            0.9904164239846821,
            0.0,
            0.12535272399761652,
            0.0,
            0.0,
            0.0,
            0.0,
            0.0
        ],
        [
            0.0,
            0.0,
            0.0,
            0.9742459498897647,
            0.01672402484489618,
            0.0,
            0.0,
            0.0,
            0.0,
            0.0,
            0.0,
            0.154565262518819,
            0.04990341419401871,
            0.0680116065837519,
            0.04762506414718057
        ],
        [
            0.0,
            0.0,
            0.0,
            0.0,
            0.0,
            0.0,
            0.021962251956397727,
            0.0,
            0.0,
            0.0,
            0.9872941597215382,
            0.0,
            0.0,
            0.0,
            0.19021572640087375
        ],
        [
            0.0,
            0.0,
            0.0,
            0.0,
            0.0,
            0.0,
            0.0,
            0.0,
            0.9845836531991756,
            0.0,
            0.0,
            0.0,
            0.0,
            0.0,
            0.02777595275162246
        ],
        [
            0.0,
            0.0,
            0.0,
            0.16653886154207828,
            0.024126268402506906,
            0.0,
            0.0,
            0.0,
            0.0,
            0.0,
            0.0,
            0.8599007538210123,
            0.0,
            0.10723448733955394,
            0.07315519360306816
        ],
        [
            0.0,
            0.0,
            0.0,
            0.0,
            0.0,
            0.040455156853361346,
            0.9728081891871684,
            0.0,
            0.0,
            0.0,
            0.02250265024081549,
            0.0,
            0.0,
            0.0,
            0.22407103289780547
        ],
        [
            0.0,
            0.0,
            0.0,
            0.0,
            0.0,
            0.0,
            0.0,
            0.11029672618352253,
            0.0,
            0.9112404845016349,
            0.0,
            0.0,
            0.0,
            0.0,
            0.0
        ],
        [
            0.0,
            0.0,
            0.0,
            0.05492671330543853,
            0.0,
            0.0,
            0.0,
            0.0,
            0.0,
            0.0,
            0.0,
            0.0,
            0.978696557771387,
            0.0,
            0.0
        ],
        [
            0.0,
            0.0,
            0.0,
            0.07487416009644618,
            0.0,
            0.0,
            0.0,
            0.0,
            0.0,
            0.0,
            0.0,
            0.05738907060548451,
            0.0,
            0.9751549973607558,
            0.002871868857242902
        ],
        [
            0.0,
            0.0,
            0.0,
            0.052955088127594474,
            0.2929827691628762,
            0.0,
            0.1283913167948678,
            0.0,
            0.0,
            0.0,
            0.22932005757890217,
            0.07480325138002064,
            0.0,
            0.004355895347138318,
            0.7934493700019056
        ],
        [
            0.0,
            0.0,
            0.0,
            0.04846878159773449,
            0.24023993449781475,
            0.0,
            0.228597760582201,
            0.0,
            0.027704288518690508,
            0.0,
            0.19272545399821314,
            0.062305425537402856,
            0.0,
            0.001395126489470163,
            0.9792737479236391
        ],
        [
            0.0,
            0.0,
            0.0,
            0.049846577427265795,
            0.23974404996807708,
            0.0,
            0.226740978571005,
            0.0,
            0.027160991396220396,
            0.0,
            0.1900176812713057,
            0.06397802240149202,
            0.0,
            0.0038872249615919774,
            0.9811428422090299
        ],
        [
            0.0,
            0.0,
            0.0,
            0.1377909950015417,
            0.0,
            0.0,
            0.0,
            0.0,
            0.0,
            0.0,
            0.0,
            0.02912839557831444,
            0.38867708194876244,
            0.48888297202642084,
            0.0026522978845255284
        ]
    ],
    "num_matches": 15,
    "num_GT_boxes": 15,
    "used_labels": [
        "airplane",
        "apple",
        "balloon",
        "banana",
        "basket",
        "bee",
        "bench",
        "bicycle",
        "bird",
        "bottle",
        "bucket",
        "bus",
        "butterfly",
        "car",
        "cat",
        "chair",
        "chicken",
        "cloud",
        "cow",
        "cup",
        "dinnerware",
        "dog",
        "duck",
        "fence",
        "flower",
        "grape",
        "grass",
        "horse",
        "house",
        "moon",
        "mountain",
        "people",
        "picnic rug",
        "pig",
        "rabbit",
        "road",
        "sheep",
        "sofa",
        "star",
        "street lamp",
        "sun",
        "table",
        "tree",
        "truck",
        "umbrella",
        "others"
    ]
}