{
    "matched_indices": [
        5,
        2,
        1,
        0,
        3,
        4,
        3,
        0,
        0,
        3,
        0,
        0,
        4
    ],
    "iou_matrix": [
        [
            0.0,
            0.0,
            0.020721759251148004,
            0.9358274192895567,
            0.0,
            0.3626428297536406,
            0.14811485559932108,
            0.0,
            0.0,
            0.0,
            0.0,
            0.0,
            0.0
        ],
        [
            0.0,
            0.0,
            0.9545224177898464,
            0.01610418997277081,
            0.0,
            0.09540567103083039,
            0.0,
            0.0,
            0.0,
            0.0,
            0.0,
            0.0,
            0.0
        ],
        [
            0.0,
            0.9789860480796949,
            0.0,
            0.0,
            0.0,
            0.0,
            0.0,
            0.0,
            0.0,
            0.0,
            0.0,
            0.0,
            0.0
        ],
        [
            0.0,
            0.0,
            0.0,
            0.15647049957086945,
            0.25193768320187643,
            0.013955781842583732,
            0.9859080303948476,
            0.0,
            0.0,
            0.014881732570771054,
            0.0,
            0.0,
            0.0
        ],
        [
            0.0,
            0.0,
            0.09522358174732697,
            0.3737807808559139,
            0.0,
            0.9896506061481739,
            0.011951466442470918,
            0.0,
            0.0,
            0.0,
            0.0,
            0.0,
            0.015489294410185536
        ],
        [
            0.9749078920426502,
            0.0,
            0.0,
            0.0,
            0.022026282569835336,
            0.0,
            0.0,
            0.0,
            0.0,
            0.0,
            0.0,
            0.0,
            0.0
        ],
        [
            0.0,
            0.0,
            0.015321669866157446,
            0.8299774192812254,
            0.0,
            0.33643201055794364,
            0.12435425819370434,
            0.0,
            0.0,
            0.0,
            0.0,
            0.0,
            0.0
        ],
        [
            0.0,
            0.0,
            0.0,
            0.15647049957086945,
            0.25193768320187643,
            0.013955781842583732,
            0.9859080303948476,
            0.0,
            0.0,
            0.014881732570771054,
            0.0,
            0.0,
            0.0
        ]
    ],
    "num_matches": 6,
    "num_GT_boxes": 13,
    "used_labels": [
        "airplane",
        "apple",
        "balloon",
        "banana",
        "basket",
        "bee",
        "bench",
        "bicycle",
        "bird",
        "bottle",
        "bucket",
        "bus",
        "butterfly",
        "car",
        "cat",
        "chair",
        "chicken",
        "cloud",
        "cow",
        "cup",
        "dinnerware",
        "dog",
        "duck",
        "fence",
        "flower",
        "grape",
        "grass",
        "horse",
        "house",
        "moon",
        "mountain",
        "people",
        "picnic rug",
        "pig",
        "rabbit",
        "road",
        "sheep",
        "sofa",
        "star",
        "street lamp",
        "sun",
        "table",
        "tree",
        "truck",
        "umbrella",
        "others"
    ]
}