{
    "matched_indices": [
        11,
        5,
        6,
        2,
        3,
        6,
        1,
        0,
        10,
        7,
        9,
        8,
        4,
        1
    ],
    "iou_matrix": [
        [
            0.0,
            0.0,
            0.0,
            0.0,
            0.026284929705338477,
            0.0,
            0.0,
            0.9732091187753167,
            0.0,
            0.0,
            0.0,
            0.0,
            0.0,
            0.04734030827526235
        ],
        [
            0.008218205883418907,
            0.0,
            0.0,
            0.0,
            0.0,
            0.03472453517879142,
            0.9574571064078622,
            0.0,
            0.0,
            0.0,
            0.0,
            0.0,
            0.0,
            0.14445307067763974
        ],
        [
            0.0,
            0.0,
            0.0,
            0.9420907908398933,
            0.13613763402507534,
            0.0,
            0.0,
            0.0,
            0.0,
            0.0,
            0.0,
            0.0,
            0.0,
            0.015556745526084909
        ],
        [
            0.0,
            0.03758546236941013,
            0.0630452941278667,
            0.1468824431223276,
            0.9781942214789892,
            0.0,
            0.0,
            0.028582248011698536,
            0.0,
            0.0,
            0.0,
            0.0,
            0.0,
            0.14029621453170577
        ],
        [
            0.0,
            0.0,
            0.0,
            0.0,
            0.0,
            0.0,
            0.0,
            0.0,
            0.0,
            0.0,
            0.0,
            0.0,
            0.9837042754330477,
            0.0
        ],
        [
            0.0,
            0.8894766089461247,
            0.13456256221697885,
            0.0,
            0.028694235130220454,
            0.048895715487590564,
            0.0,
            0.0,
            0.0,
            0.0,
            0.0,
            0.0,
            0.0,
            0.10719271776864694
        ],
        [
            0.029054231754850515,
            0.04696001414316139,
            0.2446406176421787,
            0.0,
            0.0,
            0.9820481036482452,
            0.04102498001618759,
            0.0,
            0.0,
            0.0,
            0.0,
            0.0,
            0.0,
            0.12794971603831864
        ],
        [
            0.0,
            0.0,
            0.0,
            0.0,
            0.0,
            0.0,
            0.0,
            0.0,
            0.0,
            0.970866354404302,
            0.0,
            0.0,
            0.0,
            0.0
        ],
        [
            0.0,
            0.0,
            0.0,
            0.0,
            0.0,
            0.0,
            0.0,
            0.0,
            0.0,
            0.0,
            0.0,
            0.961442103097325,
            0.0,
            0.0
        ],
        [
            0.0,
            0.0,
            0.0,
            0.0,
            0.0,
            0.0,
            0.0,
            0.0,
            0.0,
            0.0,
            0.9687708817964498,
            0.0,
            0.0,
            0.0
        ],
        [
            0.0,
            0.0,
            0.0,
            0.0,
            0.0,
            0.0,
            0.0,
            0.0,
            0.9578777785944241,
            0.0,
            0.0,
            0.0,
            0.0,
            0.0
        ],
        [
            0.02917237165569833,
            0.04694104667503039,
            0.24436385902324806,
            0.0,
            0.0,
            0.9805148767619329,
            0.04181861129552191,
            0.0,
            0.0,
            0.0,
            0.0,
            0.0,
            0.0,
            0.12807365901479825
        ]
    ],
    "true_pos": 11,
    "false_pos": 1,
    "unmatched": 3,
    "num_GT_boxes": 14,
    "used_labels": [
        "tree",
        "moon",
        "house",
        "bicycle",
        "star",
        "people",
        "mountain",
        "others"
    ]
}