{
    "matched_indices": [
        0,
        1,
        13,
        0,
        13,
        13,
        8,
        3,
        6,
        3,
        3,
        4,
        11
    ],
    "iou_matrix": [
        [
            0.9529790738562941,
            0.35827870687248703,
            0.0,
            0.07999230788016692,
            0.014741545005876405,
            0.0,
            0.0,
            0.0,
            0.0,
            0.0,
            0.0,
            0.0,
            0.026449608210559136
        ],
        [
            0.3335090038892038,
            0.9877195847904405,
            0.0,
            0.0,
            0.0,
            0.0,
            0.0,
            0.0,
            0.0,
            0.0,
            0.0,
            0.0,
            0.0
        ],
        [
            0.2384483830362487,
            0.7633669088301032,
            0.0,
            0.0,
            0.0,
            0.0,
            0.0,
            0.0,
            0.0,
            0.0,
            0.0,
            0.0,
            0.0
        ],
        [
            0.0,
            0.0,
            0.0,
            0.0,
            0.044254113892163945,
            0.0,
            0.0,
            0.12019489875098134,
            0.035373354582441514,
            0.0526764896163643,
            0.8593318326575173,
            0.13232149169153942,
            0.08403296433122055
        ],
        [
            0.0,
            0.0,
            0.0,
            0.0,
            0.055881492631965256,
            0.0,
            0.0,
            0.0,
            0.18475339844295566,
            0.0,
            0.11325957124058351,
            0.6495366668912268,
            0.00914185262141031
        ],
        [
            0.02658117895863668,
            0.0,
            0.0,
            0.0,
            0.04250443824110555,
            0.0,
            0.0,
            0.0,
            0.0,
            0.015747929821259315,
            0.0,
            0.0,
            0.4151644574454301
        ],
        [
            0.0,
            0.0,
            0.0,
            0.0,
            0.06722474106982121,
            0.0,
            0.22195453734411047,
            0.03472312991443323,
            0.7914844591916602,
            0.0,
            0.04346691159139427,
            0.1728128125055535,
            0.0
        ],
        [
            0.0,
            0.0,
            0.0,
            0.0,
            0.036109558845168824,
            0.005014015806241224,
            0.1181468979470317,
            0.06046482294006871,
            0.43487041224948303,
            0.0,
            0.05885438074737983,
            0.04917322302910978,
            0.0
        ],
        [
            0.0,
            0.0,
            0.0,
            0.0,
            0.10745018360722548,
            0.0025303290228501467,
            0.5037741535167148,
            0.02850475187404823,
            0.6029224404738207,
            0.0,
            0.0284524698057018,
            0.12743842146395284,
            0.0
        ],
        [
            0.02919159315828102,
            0.0,
            0.0,
            0.0,
            0.05875240296940289,
            0.0,
            0.0,
            0.0,
            0.0,
            0.013844232598787105,
            0.0,
            0.0,
            0.5729900556094306
        ],
        [
            0.0,
            0.0,
            0.0,
            0.0,
            0.056346493241592584,
            0.0,
            0.0,
            0.0,
            0.0,
            0.0,
            0.08084562404405733,
            0.15526914484185753,
            0.3969985873343422
        ],
        [
            0.02871861682189166,
            0.0,
            0.0,
            0.0,
            0.07552316651660183,
            0.0,
            0.0,
            0.0,
            0.0,
            0.01852297770035955,
            0.05165110985186376,
            0.005512473509091325,
            0.7354954798268541
        ],
        [
            0.0,
            0.0,
            0.0,
            0.0,
            0.0787524604826433,
            0.0,
            0.0,
            0.07687766559753736,
            0.050732875716792705,
            0.032518305858286856,
            0.4897695561566447,
            0.3746928347461104,
            0.13952543744595658
        ],
        [
            0.015640656958145014,
            0.0,
            0.28152534410052293,
            0.0031191233755843936,
            0.9931243132432921,
            0.033948859214200565,
            0.057277299557097705,
            0.03648350254919745,
            0.08245271576118622,
            0.027627612351465956,
            0.04493231366585369,
            0.08640829551125716,
            0.10337046959121476
        ]
    ],
    "num_matches": 7,
    "num_GT_boxes": 13,
    "used_labels": [
        "picnic rug",
        "grape",
        "flower",
        "butterfly",
        "basket",
        "apple"
    ]
}