{
    "bboxes": [
        [
            0.5453356119791667,
            0.00026661155621210734,
            0.7923192545572917,
            0.4221160481770833
        ],
        [
            0.23878802490234374,
            0.00020125506321589152,
            0.5086338297526042,
            0.4619777425130208
        ],
        [
            0.5854954833984375,
            0.5448462727864584,
            0.7439397786458334,
            0.756912353515625
        ],
        [
            0.37170890299479165,
            0.5715926106770833,
            0.5038277180989583,
            0.717147216796875
        ],
        [
            0.11940586344401041,
            0.6654232584635417,
            0.2515391642252604,
            0.8235291341145833
        ],
        [
            0.7704403483072917,
            0.00045736130078633625,
            0.99870947265625,
            0.4236803792317708
        ],
        [
            0.0006880908807118734,
            0.0634170888264974,
            0.2659306437174479,
            0.5441053059895833
        ],
        [
            0.4096399332682292,
            0.05164439900716146,
            0.5869950358072916,
            0.4182630615234375
        ]
    ],
    "labels": [
        "others",
        "others",
        "grass",
        "grass",
        "grass",
        "others",
        "others",
        "others"
    ],
    "scores": [
        0.8549901843070984,
        0.844495952129364,
        0.7895957827568054,
        0.7857154607772827,
        0.745674192905426,
        0.6982188820838928,
        0.6936876177787781,
        0.35897597670555115
    ]
}