{
    "matched_indices": [
        7,
        6,
        3,
        0,
        3,
        0,
        1,
        4,
        5,
        2,
        10
    ],
    "iou_matrix": [
        [
            0.0,
            0.01214207706877359,
            0.0,
            0.9896556561520831,
            0.0,
            0.06358126036837602,
            0.0032989612935306234,
            0.0,
            0.0,
            0.0,
            0.0
        ],
        [
            0.0,
            0.0,
            0.0,
            0.0027265182530760283,
            0.0,
            0.0,
            0.9676079903288755,
            0.0,
            0.0,
            0.014180327145075427,
            0.0
        ],
        [
            0.0,
            0.0,
            0.0,
            0.0,
            0.0,
            0.0,
            0.01704123817304678,
            0.0008220740492983485,
            0.0,
            0.9763246294430142,
            0.0
        ],
        [
            0.0,
            0.0,
            0.9907216514016065,
            0.0,
            0.07676767145483103,
            0.0,
            0.0,
            0.0,
            0.0,
            0.0,
            0.0
        ],
        [
            0.0,
            0.0,
            0.0,
            0.0,
            0.0,
            0.0,
            0.0,
            0.9854326154188737,
            0.0,
            0.0,
            0.0
        ],
        [
            0.0,
            0.0,
            0.0,
            0.0,
            0.0,
            0.0,
            0.0,
            0.0,
            0.9679072722450826,
            0.0,
            0.0
        ],
        [
            0.0,
            0.975079373351889,
            0.0,
            0.012505669985438995,
            0.0,
            0.0,
            0.0,
            0.0,
            0.0,
            0.0,
            0.0
        ],
        [
            0.9674124271460366,
            0.0,
            0.0,
            0.0,
            0.0,
            0.0,
            0.0,
            0.0,
            0.0,
            0.0,
            0.0
        ],
        [
            0.0,
            0.0,
            0.0,
            0.0032122212615088856,
            0.0,
            0.0,
            0.4074139790218279,
            0.4449402784291967,
            0.0,
            0.013412370652407078,
            0.0
        ],
        [
            0.0,
            0.0,
            0.0,
            0.00439904403533545,
            0.0,
            0.0,
            0.21810951098844333,
            0.23819925565699485,
            0.08579693395052744,
            0.22348202542735532,
            0.0
        ],
        [
            0.028348578621777483,
            0.03261113399340959,
            0.1603196175564225,
            0.13177741246450092,
            0.05537466961191013,
            0.011818414715910544,
            0.08027275396452012,
            0.0876665586806937,
            0.03289348468207286,
            0.08241444513750118,
            0.045575170162437964
        ]
    ],
    "true_pos": 8,
    "false_pos": 3,
    "unmatched": 3,
    "num_GT_boxes": 11,
    "used_labels": [
        "dog",
        "people",
        "cloud",
        "grass",
        "tree"
    ]
}