{
    "mean_iou": 0.9755139404630476,
    "mean_dice": 0.9868603014358011,
    "missed_matches": 1,
    "total_matches": 17,
    "success_rate": 0.9411764705882353,
    "time": "2024-09-27 00:35:29"
}