{
    "matched_indices": [
        0,
        10,
        7,
        1,
        6,
        5,
        5,
        9,
        9,
        8,
        0
    ],
    "iou_matrix": [
        [
            0.9881280207251868,
            0.04568752130637975,
            0.08755041590129195,
            0.020419575790588698,
            0.0,
            0.0,
            0.0,
            0.0,
            0.0,
            0.0,
            0.3031962373117159
        ],
        [
            0.019852151504651038,
            0.0,
            0.10143040505841984,
            0.9795458365960618,
            0.0,
            0.0,
            0.0,
            0.0,
            0.0,
            0.0,
            0.0558397845506751
        ],
        [
            0.0,
            0.0,
            0.0,
            0.0,
            0.9863847891608816,
            0.0,
            0.0,
            0.0,
            0.0,
            0.0,
            0.0972812339697135
        ],
        [
            0.08541442154294838,
            0.0,
            0.9729040942678383,
            0.09934731429588749,
            0.0,
            0.0,
            0.0,
            0.0,
            0.0,
            0.0,
            0.06594382293147909
        ],
        [
            0.04444107666415895,
            0.9862133821451825,
            0.0,
            0.0,
            0.0,
            0.0,
            0.0,
            0.0,
            0.0,
            0.0,
            0.04003167485038797
        ],
        [
            0.0,
            0.0,
            0.0,
            0.0,
            0.0,
            0.7343272712244834,
            0.7914609058749602,
            0.0,
            0.0,
            0.0,
            0.0
        ],
        [
            0.0,
            0.0,
            0.0,
            0.0,
            0.9878232055925077,
            0.0,
            0.0,
            0.0,
            0.0,
            0.0,
            0.09738384532598565
        ],
        [
            0.08550301079487134,
            0.0,
            0.9754272291709819,
            0.09910556267545255,
            0.0,
            0.0,
            0.0,
            0.0,
            0.0,
            0.0,
            0.06602195467356035
        ],
        [
            0.0,
            0.0,
            0.0,
            0.0,
            0.0,
            0.0,
            0.0,
            0.0,
            0.09122251589503781,
            0.9680081091228331,
            0.014571284135387531
        ],
        [
            0.0,
            0.0,
            0.0,
            0.0,
            0.0,
            0.0,
            0.0,
            0.7246609856470074,
            0.12339480793861594,
            0.0,
            0.016332077995645695
        ],
        [
            0.04457533649615375,
            0.9898787847422579,
            0.0,
            0.0,
            0.0,
            0.0,
            0.0,
            0.0,
            0.0,
            0.0,
            0.04015036330370573
        ]
    ],
    "num_matches": 9,
    "num_matches_with_correct_class": 0,
    "num_GT_boxes": 11,
    "used_labels": [
        "others",
        "flower",
        "table",
        "tree",
        "people",
        "cloud",
        "cat",
        "grass"
    ],
    "map_score": 0.0
}