{
    "bboxes": [
        [
            0.8003616536458333,
            0.0787902577718099,
            0.9043736165364583,
            0.1170673828125
        ],
        [
            0.06604906717936197,
            0.09181582641601563,
            0.18402284749348957,
            0.14291465250651042
        ],
        [
            0.6805839029947917,
            0.31978627522786457,
            0.8763688151041666,
            0.3956363525390625
        ],
        [
            0.5330501708984375,
            0.5722718505859375,
            0.74225146484375,
            0.7822740885416667
        ]
    ],
    "labels": [
        "sun",
        "sun",
        "sun",
        "cloud"
    ],
    "scores": [
        0.980176568031311,
        0.9654179215431213,
        0.9590907692909241,
        0.33225616812705994
    ]
}