{
    "matched_indices": [
        0,
        1,
        8,
        3,
        7,
        5,
        2,
        12,
        14,
        4,
        6
    ],
    "iou_matrix": [
        [
            0.9931157414033271,
            0.0,
            0.0,
            0.0,
            0.0,
            0.01705446318942582,
            0.0,
            0.0,
            0.0,
            0.0,
            0.0
        ],
        [
            0.0,
            0.9850843449658737,
            0.0,
            0.0,
            0.0007927837383972482,
            0.0,
            0.15989834246442033,
            0.0,
            0.0,
            0.0,
            0.0
        ],
        [
            0.0,
            0.15784989750816483,
            0.0020953211935563335,
            0.0,
            0.0,
            0.0,
            0.9677661901227002,
            0.004114691695112118,
            0.05910819148077763,
            0.0,
            0.0
        ],
        [
            0.0,
            0.0,
            0.011532389145986997,
            0.9698162073679765,
            0.0,
            0.0,
            0.0,
            0.0,
            0.0,
            0.0,
            0.0
        ],
        [
            0.0,
            0.0,
            0.0,
            0.0,
            0.0,
            0.0,
            0.0,
            0.0,
            0.0,
            0.9715011225889569,
            0.0
        ],
        [
            0.018599366371548978,
            0.0,
            0.0,
            0.0,
            0.0,
            0.9596602210148425,
            0.0,
            0.0,
            0.0,
            0.0,
            0.0
        ],
        [
            0.0,
            0.0,
            0.0,
            0.0,
            0.0,
            0.0,
            0.0,
            0.0,
            0.0,
            0.0,
            0.9599875371297497
        ],
        [
            0.0,
            0.0003527284200192109,
            0.008504163792133779,
            0.0,
            0.954174263895277,
            0.0,
            0.0,
            0.0,
            0.0,
            0.0,
            0.0
        ],
        [
            0.0,
            0.0,
            0.9749195854373042,
            0.013631112595136935,
            0.008764396454883024,
            0.0,
            0.0004853859362223399,
            0.03881010191461174,
            0.023884269322533732,
            0.0,
            0.0
        ],
        [
            0.0,
            0.0004450796778894077,
            0.008506963341658189,
            0.0,
            0.9488593982187733,
            0.0,
            0.0,
            0.0,
            0.0,
            0.0,
            0.0
        ],
        [
            0.0,
            0.0,
            0.01167036863444142,
            0.967319863914799,
            0.0,
            0.0,
            0.0,
            0.0,
            0.0,
            0.0,
            0.0
        ],
        [
            0.0,
            0.0003527284200192109,
            0.008504163792133779,
            0.0,
            0.954174263895277,
            0.0,
            0.0,
            0.0,
            0.0,
            0.0,
            0.0
        ],
        [
            0.0,
            0.0,
            0.04085640913966882,
            0.0,
            0.0,
            0.0,
            0.0,
            0.9216245889147819,
            0.0,
            0.0,
            0.0
        ],
        [
            0.0,
            0.0,
            0.01167036863444142,
            0.967319863914799,
            0.0,
            0.0,
            0.0,
            0.0,
            0.0,
            0.0,
            0.0
        ],
        [
            0.0,
            0.0,
            0.025129017658048907,
            0.0,
            0.0,
            0.0,
            0.04125603299436308,
            0.0,
            0.8521819545849333,
            0.0,
            0.0
        ],
        [
            0.0,
            0.0,
            0.9743594568154369,
            0.013749953708144977,
            0.008715758029460428,
            0.0,
            0.00040175731309329205,
            0.038787804025406644,
            0.023842952237846448,
            0.0,
            0.0
        ],
        [
            0.18660359734557425,
            0.17804978668240498,
            0.18016928958656878,
            0.021816417378509683,
            0.007524076530353679,
            0.04947959829915845,
            0.04425927370796286,
            0.007172272047033977,
            0.007172272047033977,
            0.024966769783979034,
            0.022946012963764497
        ],
        [
            0.0,
            0.0004450796778894077,
            0.008506963341658189,
            0.0,
            0.9488593982187733,
            0.0,
            0.0,
            0.0,
            0.0,
            0.0,
            0.0
        ],
        [
            0.24264171654839142,
            0.23201788743190604,
            0.23620998704426777,
            0.02860229775093854,
            0.009864400441568997,
            0.06486996368814607,
            0.05802588495040593,
            0.009403169048373468,
            0.009403169048373468,
            0.0,
            0.0
        ],
        [
            0.0,
            0.0,
            0.04085640913966882,
            0.0,
            0.0,
            0.0,
            0.0,
            0.9216245889147819,
            0.0,
            0.0,
            0.0
        ],
        [
            0.0,
            0.0,
            0.011686544999538511,
            0.9643810710667756,
            0.0,
            0.0,
            0.0,
            0.0,
            0.0,
            0.0,
            0.0
        ],
        [
            0.0,
            0.0,
            0.04085640913966882,
            0.0,
            0.0,
            0.0,
            0.0,
            0.9216245889147819,
            0.0,
            0.0,
            0.0
        ],
        [
            0.0,
            0.0,
            0.011532389145986997,
            0.9698162073679765,
            0.0,
            0.0,
            0.0,
            0.0,
            0.0,
            0.0,
            0.0
        ],
        [
            0.0,
            0.0,
            0.011686544999538511,
            0.9643810710667756,
            0.0,
            0.0,
            0.0,
            0.0,
            0.0,
            0.0,
            0.0
        ],
        [
            0.0,
            0.00046166907810657774,
            0.008482562660617336,
            0.0,
            0.947228777684541,
            0.0,
            0.0,
            0.0,
            0.0,
            0.0,
            0.0
        ]
    ],
    "num_matches": 11,
    "num_matches_with_correct_class": 0,
    "num_GT_boxes": 11,
    "used_labels": [
        "dog",
        "tree",
        "people",
        "butterfly",
        "bee",
        "grass"
    ],
    "map_score": 0.1891639232635498
}