{
    "bboxes": [
        [
            0.5458096516927083,
            0.30412327067057293,
            0.7434580891927083,
            0.490856201171875
        ],
        [
            0.72887548828125,
            0.33492704264322914,
            0.980604736328125,
            0.9446464029947916
        ],
        [
            0.11937195841471354,
            0.6385263671875,
            0.3445408935546875,
            0.8367125651041667
        ],
        [
            0.29238944498697916,
            0.20020975748697917,
            0.5965154215494791,
            0.6465326334635416
        ],
        [
            0.6047957356770833,
            0.01206664784749349,
            0.71760205078125,
            0.16990397135416666
        ],
        [
            0.07169344075520834,
            0.171014892578125,
            0.19882440185546876,
            0.4619510498046875
        ],
        [
            0.05155849202473958,
            0.2969732462565104,
            0.74686279296875,
            0.9554063313802084
        ],
        [
            0.052922541300455726,
            0.2630920206705729,
            0.9378396809895834,
            0.9529424641927083
        ],
        [
            0.05161377461751302,
            0.2621572672526042,
            0.8369872233072917,
            0.9519415690104167
        ],
        [
            0.052392598470052086,
            0.2713240559895833,
            0.8124803873697917,
            0.9534368489583334
        ],
        [
            0.07079039510091145,
            0.17123421223958332,
            0.2032474365234375,
            0.5400308024088541
        ]
    ],
    "labels": [
        "picnic rug",
        "cat",
        "dog",
        "cat",
        "grass",
        "people",
        "flower",
        "flower",
        "flower",
        "flower",
        "people"
    ],
    "scores": [
        0.869929850101471,
        0.8420916795730591,
        0.8052799701690674,
        0.7333420515060425,
        0.46801894903182983,
        0.45985502004623413,
        0.3070833384990692,
        0.3056735396385193,
        0.2836398184299469,
        0.28201696276664734,
        0.2550787925720215
    ]
}