{
    "matched_indices": [
        4,
        4,
        1,
        1,
        5,
        3,
        0,
        5,
        4,
        0,
        0,
        2
    ],
    "iou_matrix": [
        [
            0.0,
            0.0,
            0.0,
            0.0,
            0.05743189954868679,
            0.0,
            0.0,
            0.0,
            0.0,
            0.0,
            0.9802799193634447,
            0.0
        ],
        [
            0.011196160607929447,
            0.036240892925398865,
            0.16066631084852673,
            0.9892299537777516,
            0.07353252097747699,
            0.0322086231007211,
            0.0,
            0.0,
            0.0,
            0.0,
            0.0,
            0.0
        ],
        [
            0.0,
            0.0,
            0.0,
            0.0,
            0.0,
            0.0,
            0.0,
            0.0,
            0.0,
            0.0,
            0.0,
            0.9653916992006202
        ],
        [
            0.0,
            0.0,
            0.0,
            0.03492968116354487,
            0.11578638251837363,
            0.9183632500811446,
            0.0,
            0.0,
            0.0,
            0.0,
            0.0,
            0.0
        ],
        [
            0.35950472861672433,
            0.9882012379972624,
            0.11186229560773002,
            0.03510958288037258,
            0.0,
            0.0,
            0.0,
            0.0,
            0.0036767891947124395,
            0.0,
            0.0,
            0.0
        ],
        [
            0.0,
            0.0,
            0.0,
            0.07516411815729648,
            0.9954624316927828,
            0.12418747066864524,
            0.0,
            0.003214310129856556,
            0.0,
            0.0,
            0.05729848669072631,
            0.0
        ]
    ],
    "num_matches": 6,
    "num_GT_boxes": 12,
    "used_labels": [
        "airplane",
        "apple",
        "balloon",
        "banana",
        "basket",
        "bee",
        "bench",
        "bicycle",
        "bird",
        "bottle",
        "bucket",
        "bus",
        "butterfly",
        "car",
        "cat",
        "chair",
        "chicken",
        "cloud",
        "cow",
        "cup",
        "dinnerware",
        "dog",
        "duck",
        "fence",
        "flower",
        "grape",
        "grass",
        "horse",
        "house",
        "moon",
        "mountain",
        "people",
        "picnic rug",
        "pig",
        "rabbit",
        "road",
        "sheep",
        "sofa",
        "star",
        "street lamp",
        "sun",
        "table",
        "tree",
        "truck",
        "umbrella",
        "others"
    ]
}