{
    "matched_indices": [
        3,
        17,
        5,
        14,
        17,
        2,
        8,
        10,
        18,
        7,
        0,
        13
    ],
    "iou_matrix": [
        [
            0.0,
            0.0,
            0.0,
            0.0,
            0.0,
            0.052644900076314234,
            0.0,
            0.0,
            0.0,
            0.0,
            0.9770974449874953,
            0.1449196778927559
        ],
        [
            0.0,
            0.06864462744270043,
            0.0,
            0.0,
            0.04047422511992031,
            0.10934410969791197,
            0.15873229642774977,
            0.025197419237387077,
            0.07266725321394861,
            0.07160439576102763,
            0.17577245556027732,
            0.7981850928997454
        ],
        [
            0.0,
            0.21410577456061283,
            0.0,
            0.0,
            0.1631537824523444,
            0.9589944317679292,
            0.08548535719304848,
            0.0,
            0.0,
            0.0,
            0.04781531198316279,
            0.08762363064118499
        ],
        [
            0.9363504272351186,
            0.09253378964928681,
            0.0,
            0.0,
            0.0,
            0.0,
            0.0,
            0.0,
            0.0,
            0.0,
            0.0,
            0.0
        ],
        [
            0.0,
            0.0,
            0.0,
            0.0,
            0.0,
            0.0,
            0.0,
            0.2765695891267265,
            0.46116571104129706,
            0.5540573159930148,
            0.0,
            0.28849951281352604
        ],
        [
            0.0,
            0.0,
            0.9335753541205308,
            0.0,
            0.0,
            0.0,
            0.0,
            0.0,
            0.0,
            0.0,
            0.0,
            0.0
        ],
        [
            0.0,
            0.0,
            0.9335753541205308,
            0.0,
            0.0,
            0.0,
            0.0,
            0.0,
            0.0,
            0.0,
            0.0,
            0.0
        ],
        [
            0.0,
            0.0,
            0.0,
            0.0,
            0.0,
            0.0,
            0.0,
            0.0,
            0.18270529516716186,
            0.8762547362051585,
            0.0,
            0.17506753266140304
        ],
        [
            0.0,
            0.04219761772680708,
            0.0,
            0.0,
            0.11418735927630658,
            0.06690155920254305,
            0.8588875815925773,
            0.0,
            0.0,
            0.0,
            0.0,
            0.11048628922718719
        ],
        [
            0.0224864380162033,
            0.13855119903405702,
            0.023235985950076747,
            0.00873002887687893,
            0.03466659194164676,
            0.07054568789397117,
            0.08898595189813892,
            0.07128053880953339,
            0.11863577747598306,
            0.14261144909210532,
            0.09295864081861824,
            0.6564845767993576
        ],
        [
            0.0,
            0.0,
            0.0,
            0.0,
            0.0,
            0.0,
            0.0,
            0.9198470596645565,
            0.27171239599121744,
            0.0,
            0.0,
            0.06696963051312751
        ],
        [
            0.024238861949916903,
            0.14878939963775883,
            0.025046824014914135,
            0.009410381698203034,
            0.037368245506121896,
            0.07604348847032756,
            0.09517025555607755,
            0.07683560814189348,
            0.1273020734041306,
            0.15294842275043602,
            0.10020313845308786,
            0.7076460494909443
        ],
        [
            0.0,
            0.0,
            0.9334563653123042,
            0.0,
            0.0,
            0.0,
            0.0,
            0.0,
            0.0,
            0.0,
            0.0,
            0.0
        ],
        [
            0.0,
            0.10459370703332589,
            0.0,
            0.004956382464187761,
            0.04382282373881663,
            0.08917840124910223,
            0.11128793436356835,
            0.08641766442979858,
            0.1489313915556877,
            0.1788749482962424,
            0.11751112247928572,
            0.8298770166030713
        ],
        [
            0.0,
            0.0,
            0.0,
            0.9373107176228322,
            0.0,
            0.0,
            0.0,
            0.0,
            0.0,
            0.0,
            0.0,
            0.0
        ],
        [
            0.0,
            0.0,
            0.0,
            0.0,
            0.0,
            0.0,
            0.0,
            0.45936894094006336,
            0.7108469835459199,
            0.21389522182184673,
            0.0,
            0.16622732737078008
        ],
        [
            0.02284102153815676,
            0.14045329443742458,
            0.023602388922761983,
            0.008867690714813801,
            0.03521324153799167,
            0.07165810678637417,
            0.09000748840894846,
            0.07240454539873223,
            0.12055142180146443,
            0.14491973073629377,
            0.09442448446329511,
            0.6668365326396694
        ],
        [
            0.0,
            0.2429212034202855,
            0.0,
            0.0,
            0.7339934343439183,
            0.189116445520482,
            0.21325494301122752,
            0.0,
            0.0,
            0.0,
            0.0,
            0.04515955800699966
        ],
        [
            0.0,
            0.0,
            0.0,
            0.0,
            0.0,
            0.0,
            0.0,
            0.187531549133228,
            0.8238308794244392,
            0.26684514513694857,
            0.0,
            0.14882099368599133
        ],
        [
            0.9363504272351186,
            0.09253378964928681,
            0.0,
            0.0,
            0.0,
            0.0,
            0.0,
            0.0,
            0.0,
            0.0,
            0.0,
            0.0
        ]
    ],
    "true_pos": 11,
    "false_pos": 9,
    "unmatched": 1,
    "num_GT_boxes": 12,
    "used_labels": [
        "cloud",
        "tree",
        "car",
        "road",
        "mountain"
    ]
}