{
    "matched_indices": [
        3,
        1,
        0,
        0,
        2,
        0,
        0,
        0,
        1,
        0,
        0,
        0,
        0,
        0,
        0
    ],
    "iou_matrix": [
        [
            0.0,
            0.0,
            0.0,
            6.399955146453766e-05,
            0.0,
            0.0,
            0.0,
            0.0,
            0.0,
            0.01925822220010675,
            9.688176002377401e-05,
            0.024184375959756286,
            0.0,
            0.9891950044534463,
            0.1776033101312298
        ],
        [
            0.023373731391477026,
            0.8831318434023571,
            0.0,
            0.0,
            0.4261571535959651,
            0.0,
            0.0,
            0.0,
            0.08281776337252213,
            0.0,
            0.0,
            0.0,
            0.0,
            0.0,
            0.012825828953537961
        ],
        [
            0.04893632307087861,
            0.42942969031819195,
            0.0,
            0.0,
            0.9830423434248816,
            0.0,
            0.0,
            0.0,
            0.01414912688279893,
            0.0,
            0.0,
            0.0,
            0.0,
            0.0,
            0.0
        ],
        [
            0.9706053245521996,
            0.01671128043825149,
            0.0,
            0.0,
            0.051240097431308605,
            0.0,
            0.0,
            0.0,
            0.0,
            0.0,
            0.0,
            0.0,
            0.0,
            0.0,
            0.0
        ]
    ],
    "num_matches": 4,
    "num_GT_boxes": 15,
    "used_labels": [
        "airplane",
        "apple",
        "balloon",
        "banana",
        "basket",
        "bee",
        "bench",
        "bicycle",
        "bird",
        "bottle",
        "bucket",
        "bus",
        "butterfly",
        "car",
        "cat",
        "chair",
        "chicken",
        "cloud",
        "cow",
        "cup",
        "dinnerware",
        "dog",
        "duck",
        "fence",
        "flower",
        "grape",
        "grass",
        "horse",
        "house",
        "moon",
        "mountain",
        "people",
        "picnic rug",
        "pig",
        "rabbit",
        "road",
        "sheep",
        "sofa",
        "star",
        "street lamp",
        "sun",
        "table",
        "tree",
        "truck",
        "umbrella",
        "others"
    ]
}