{
    "bboxes": [
        [
            0.0004636048873265584,
            0.6273332926432291,
            0.21026871744791667,
            0.7037019856770833
        ],
        [
            0.0004636048873265584,
            0.6273332926432291,
            0.21026871744791667,
            0.7037019856770833
        ],
        [
            0.0004636048873265584,
            0.6273332926432291,
            0.21026871744791667,
            0.7037019856770833
        ],
        [
            0.19920391845703125,
            0.4264359130859375,
            0.8605244954427084,
            0.8711040852864583
        ],
        [
            0.19920391845703125,
            0.4264359130859375,
            0.8605244954427084,
            0.8711040852864583
        ]
    ],
    "labels": [
        "grape",
        "duck",
        "banana",
        "horse",
        "bee"
    ],
    "scores": [
        0.3182888329029083,
        0.3090481758117676,
        0.30500760674476624,
        0.21924374997615814,
        0.21733228862285614
    ]
}