{
    "matched_indices": [
        1,
        0,
        2,
        1,
        3,
        4,
        0,
        3,
        0,
        2,
        1,
        1,
        4,
        0,
        1
    ],
    "iou_matrix": [
        [
            0.0,
            0.0,
            0.0,
            0.0,
            0.0,
            0.0,
            0.943177130691461,
            0.0,
            0.0,
            0.0,
            0.0,
            0.0,
            0.0,
            0.0,
            0.05631100358289279
        ],
        [
            0.0024198817571350318,
            0.0,
            0.0008883106490255345,
            0.9442621661712148,
            0.0,
            0.0,
            0.0,
            0.0,
            0.0,
            0.0,
            0.0011974863950039035,
            0.03815333122366251,
            0.0,
            0.0,
            0.14904957095551266
        ],
        [
            0.0,
            0.0,
            0.9814809500803794,
            0.0,
            0.027683298860319762,
            0.0,
            0.0,
            0.0,
            0.0,
            0.0008213710742333726,
            0.0,
            0.0026144106293308554,
            0.0,
            0.0,
            0.11977143396604509
        ],
        [
            0.0,
            0.0,
            0.0,
            0.0,
            0.07673733040399626,
            0.0,
            0.0,
            0.9386181788639403,
            0.0,
            0.0,
            0.0,
            0.0,
            0.0,
            0.0,
            0.056584511126721186
        ],
        [
            0.0,
            0.0,
            0.0,
            0.0,
            0.0,
            0.9476100253608798,
            0.0,
            0.0,
            0.0,
            0.0,
            0.0,
            0.0,
            0.002045455620006313,
            0.0,
            0.051935215217818215
        ]
    ],
    "num_matches": 5,
    "num_GT_boxes": 15
}