{
    "matched_indices": [
        5,
        18,
        4,
        19,
        16,
        9,
        2,
        12,
        8,
        21,
        15,
        20,
        23,
        24,
        15,
        1,
        3,
        0,
        7
    ],
    "iou_matrix": [
        [
            0.0,
            0.0,
            0.0,
            0.0,
            0.0,
            0.0,
            0.0,
            0.0,
            0.0,
            0.0,
            0.0,
            0.0,
            0.0,
            0.0,
            0.0,
            0.0,
            0.0,
            0.9548497905313301,
            0.0
        ],
        [
            0.0,
            0.009138789575682935,
            0.0,
            0.0,
            0.0,
            0.0,
            0.0,
            0.0,
            0.01407980222907192,
            0.0,
            0.0,
            0.0,
            0.0,
            0.0,
            0.0,
            0.9801379865992256,
            0.0,
            0.0,
            0.09913509575138023
        ],
        [
            0.019864188689015422,
            0.02029790455350858,
            0.0,
            0.0,
            0.0,
            0.0,
            0.9847071811689457,
            0.049597702802342644,
            0.0,
            0.0,
            0.0,
            0.0,
            0.0,
            0.0,
            0.0,
            0.0,
            0.0,
            0.0,
            0.14923083595354522
        ],
        [
            0.0,
            0.0,
            0.0,
            0.0,
            0.0,
            0.0,
            0.0,
            0.0,
            0.0,
            0.0,
            0.0,
            0.0,
            0.0,
            0.0,
            0.0,
            0.0,
            0.9431625049689474,
            0.0,
            0.0
        ],
        [
            0.32447272314174935,
            0.05451160273161836,
            0.9807263338413504,
            0.0035712839179389178,
            0.0,
            0.0,
            0.0,
            0.11411477957084096,
            0.0,
            0.0,
            0.0,
            0.0,
            0.0,
            0.0,
            0.0,
            0.0,
            0.0,
            0.0,
            0.13739252546440667
        ],
        [
            0.3923525325515318,
            0.1802464843456451,
            0.3061073175423242,
            0.005513892814958633,
            0.028415483988591055,
            0.0,
            0.00522360359017874,
            0.32230550300647376,
            0.2562555205755173,
            0.0,
            0.0,
            0.0,
            0.0,
            0.0,
            0.0,
            0.0167250244434971,
            0.0,
            0.0,
            0.33122596695600515
        ],
        [
            0.25667259714688917,
            0.0980970993211204,
            0.12700369094277153,
            0.0,
            0.0,
            0.0,
            0.0,
            0.881787191687874,
            0.0,
            0.0,
            0.0,
            0.0,
            0.0,
            0.0,
            0.0,
            0.0,
            0.0,
            0.0,
            0.195246517939185
        ],
        [
            0.0,
            0.6423742120322212,
            0.07457436654602982,
            0.0,
            0.0,
            0.0,
            0.05368040462766298,
            0.12444449397862258,
            0.0960295175565723,
            0.013692845318478565,
            0.03349843543264928,
            0.0386964685170259,
            0.04389450160140257,
            0.012627984330383903,
            0.022588983280253962,
            0.04699535886511047,
            0.0,
            0.0,
            0.4240994741056557
        ],
        [
            0.06052065623421936,
            0.0901577204695777,
            0.0,
            0.0,
            0.0,
            0.0,
            0.0,
            0.0,
            0.9746203653391484,
            0.0,
            0.0,
            0.0,
            0.0,
            0.0,
            0.0,
            0.017735565606011777,
            0.0,
            0.0,
            0.15821494460948649
        ],
        [
            0.0,
            0.0,
            0.00021988707682986177,
            0.0,
            0.0,
            0.9004299767809493,
            0.0,
            0.0,
            0.0,
            0.0,
            0.0,
            0.0,
            0.0,
            0.0,
            0.0,
            0.0,
            0.0,
            0.0,
            0.0
        ],
        [
            0.38957236263800343,
            0.18206345598593737,
            0.3030742798636163,
            0.005660416082205127,
            0.028560557997123957,
            0.0,
            0.0060088489246294344,
            0.32075228425268953,
            0.2537164350824859,
            0.0,
            0.0,
            0.0,
            0.0,
            0.0,
            0.0,
            0.02014632831200436,
            0.0,
            0.0,
            0.3317993733739817
        ],
        [
            0.3237804605020007,
            0.05439328524261764,
            0.9771300650608729,
            0.003467132902744731,
            0.0,
            0.0,
            0.0,
            0.11270233531231748,
            0.0,
            0.0,
            0.0,
            0.0,
            0.0,
            0.0,
            0.0,
            0.0,
            0.0,
            0.0,
            0.1370760221459081
        ],
        [
            0.25641821271383236,
            0.09783093422712169,
            0.12662990881533356,
            0.0,
            0.0,
            0.0,
            0.0,
            0.8818876793151506,
            0.0,
            0.0,
            0.0,
            0.0,
            0.0,
            0.0,
            0.0,
            0.0,
            0.0,
            0.0,
            0.1954102462165329
        ],
        [
            0.06037483896677554,
            0.09003755962851885,
            0.0,
            0.0,
            0.0,
            0.0,
            0.0,
            0.0,
            0.974015003239038,
            0.0,
            0.0,
            0.0,
            0.0,
            0.0,
            0.0,
            0.01790828827065081,
            0.0,
            0.0,
            0.1582180105071868
        ],
        [
            0.05066616483787784,
            0.0,
            0.01236813447311696,
            0.3588833786936841,
            0.3930295642392968,
            0.0,
            0.0,
            0.0,
            0.0,
            0.0,
            0.0,
            0.0,
            0.0,
            0.0,
            0.0,
            0.0,
            0.0,
            0.0,
            0.0
        ],
        [
            0.0,
            0.7269506711953193,
            0.011280431589106027,
            0.0,
            0.0,
            0.0,
            0.0010294511517074277,
            0.052567078722545346,
            0.049307765023327746,
            0.019938794019069925,
            0.060594088835952555,
            0.018328647720183482,
            0.07780158419306882,
            0.019699260708400872,
            0.040860381743784174,
            0.0,
            0.0,
            0.0,
            0.10863588260850732
        ],
        [
            0.04989912718119039,
            0.0,
            0.0,
            0.1325697960174347,
            0.9320297364253355,
            0.0,
            0.0,
            0.0,
            0.0,
            0.0,
            0.0,
            0.0,
            0.0,
            0.0,
            0.0,
            0.0,
            0.0,
            0.0,
            0.0
        ],
        [
            0.05169761792997806,
            0.0,
            0.012773488207864302,
            0.3550795604687747,
            0.3888638293289106,
            0.0,
            0.0,
            0.0,
            0.0,
            0.0,
            0.0,
            0.0,
            0.0,
            0.0,
            0.0,
            0.0,
