{
    "bboxes": [
        [
            0.19919732666015624,
            0.42593180338541664,
            0.8617161458333333,
            0.866245361328125
        ]
    ],
    "labels": [
        "bee"
    ],
    "scores": [
        0.9925956130027771
    ]
}