{
    "bboxes": [
        [
            0.13175904337565103,
            0.17197564697265624,
            0.30366507975260415,
            0.23726513671875
        ],
        [
            0.6527111409505209,
            0.2517965087890625,
            0.9845037434895834,
            0.5296241861979166
        ],
        [
            0.3055061645507812,
            0.18550628662109375,
            0.6248392740885417,
            0.2373317667643229
        ],
        [
            0.0002812035282452901,
            0.17159220377604167,
            0.09065514119466146,
            0.43589107259114585
        ],
        [
            0.3863033447265625,
            0.26534090169270835,
            0.6510814208984375,
            0.530742919921875
        ],
        [
            0.1305321553548177,
            0.799009765625,
            0.2648152058919271,
            0.9295755208333333
        ],
        [
            0.59976318359375,
            0.492069580078125,
            0.997335205078125,
            0.8105679524739583
        ],
        [
            0.2920167643229167,
            0.79836328125,
            0.5045489908854167,
            0.9438645833333333
        ],
        [
            0.07897977701822917,
            0.809823486328125,
            0.21580100504557292,
            0.9303533528645833
        ],
        [
            0.33268896484375,
            0.585347900390625,
            0.4245120849609375,
            0.6507999674479167
        ],
        [
            0.0789767303466797,
            0.3588250325520833,
            0.3445381673177083,
            0.6219332682291666
        ],
        [
            0.5457467854817708,
            0.5319718424479166,
            0.6110485432942708,
            0.5972749430338542
        ],
        [
            0.06529715983072917,
            0.3453147786458333,
            0.19816874186197916,
            0.44547843424479167
        ]
    ],
    "labels": [
        "chicken",
        "horse",
        "chicken",
        "tree",
        "picnic rug",
        "fence",
        "cloud",
        "grape",
        "grape",
        "fence",
        "chair",
        "fence",
        "dinnerware"
    ],
    "scores": [
        0.99533611536026,
        0.9930974841117859,
        0.9832823872566223,
        0.976337194442749,
        0.9602280855178833,
        0.9553075432777405,
        0.945370078086853,
        0.9129840731620789,
        0.9065092206001282,
        0.8653272390365601,
        0.7997594475746155,
        0.7630618214607239,
        0.5959504842758179
    ]
}