{
    "bboxes": [
        [
            0.5175144449869792,
            0.2688533935546875,
            0.6493841145833333,
            0.43421879069010416
        ],
        [
            0.47891092936197915,
            0.2368844197591146,
            0.6667918701171875,
            0.43566507975260416
        ],
        [
            0.30819964599609373,
            0.2933441162109375,
            0.42528861490885417,
            0.43630611165364586
        ],
        [
            0.30382381184895835,
            0.27667816162109377,
            0.45106229654947916,
            0.435204345703125
        ],
        [
            0.003233402887980143,
            0.1838038126627604,
            0.9970440266927083,
            0.9870416666666667
        ],
        [
            0.0027019678751627604,
            0.19186973063151042,
            0.9964856770833334,
            0.5216243489583333
        ],
        [
            0.21106475830078125,
            0.7966397298177084,
            0.26731793212890625,
            0.83783544921875
        ],
        [
            0.865091064453125,
            0.7963602701822917,
            0.9336487630208333,
            0.8378014322916667
        ],
        [
            0.0036281344095865885,
            0.1945057373046875,
            0.9969630533854167,
            0.7125599772135417
        ],
        [
            0.6530521647135417,
            0.23875162760416666,
            0.9965035807291667,
            0.433073486328125
        ],
        [
            0.003483623186747233,
            0.18853202311197917,
            0.9970596516927084,
            0.99050732421875
        ],
        [
            0.009084105173746745,
            0.4894637451171875,
            0.9977972005208333,
            0.7082001139322917
        ],
        [
            0.5857438557942708,
            0.9034715983072916,
            0.653025634765625,
            0.932109375
        ],
        [
            0.019758551279703777,
            0.491841064453125,
            0.9970338541666667,
            0.5289204915364584
        ]
    ],
    "labels": [
        "grass",
        "grass",
        "grass",
        "grass",
        "tree",
        "tree",
        "grass",
        "grass",
        "tree",
        "tree",
        "others",
        "others",
        "grass",
        "cloud"
    ],
    "scores": [
        0.4044460654258728,
        0.37162455916404724,
        0.36142197251319885,
        0.34747812151908875,
        0.27962812781333923,
        0.279386043548584,
        0.27522894740104675,
        0.248888298869133,
        0.23109978437423706,
        0.22498922049999237,
        0.21948036551475525,
        0.21343863010406494,
        0.20724615454673767,
        0.20330676436424255
    ]
}