{
    "matched_indices": [
        14,
        9,
        2,
        5,
        3,
        0,
        1
    ],
    "iou_matrix": [
        [
            0.0,
            0.0,
            0.10895140212905129,
            0.0,
            0.11886653282488707,
            0.9719900272912843,
            0.0
        ],
        [
            0.0,
            0.0,
            0.0,
            0.13365199706243713,
            0.08062053836892859,
            0.0,
            0.9669498128226132
        ],
        [
            0.1227583163057722,
            0.0,
            0.9130313096676106,
            0.0,
            0.1204156412969632,
            0.1344987801502386,
            0.0
        ],
        [
            0.09310756141409791,
            0.10170736708608721,
            0.12824680595286758,
            0.1442004993428786,
            0.8941572790790989,
            0.09477569004547017,
            0.05616791815987667
        ],
        [
            0.08623383675448033,
            0.08069094306381615,
            0.030404196171231287,
            0.03159121378713028,
            0.24000833573964575,
            0.0,
            0.0
        ],
        [
            0.0,
            0.10850233318418065,
            0.0,
            0.9681023751853943,
            0.14932491734686598,
            0.0,
            0.12293189883074028
        ],
        [
            0.08623383675448033,
            0.08069094306381615,
            0.030404196171231287,
            0.03159121378713028,
            0.24000833573964575,
            0.0,
            0.0
        ],
        [
            0.0,
            0.07772060328959467,
            0.0,
            0.6459457524511193,
            0.0,
            0.0,
            0.05386522771164917
        ],
        [
            0.0,
            0.03316358328057629,
            0.0,
            0.0,
            0.0,
            0.0,
            0.0
        ],
        [
            0.0,
            0.8807405904798212,
            0.0,
            0.10909378412641348,
            0.07627067459091917,
            0.0,
            0.0
        ],
        [
            0.0,
            0.0,
            0.0,
            0.378293407754435,
            0.1066920804252183,
            0.0,
            0.39632435497455576
        ],
        [
            0.0863655441658846,
            0.08077209901434296,
            0.029221737442102613,
            0.030828274847645238,
            0.23285471810535474,
            0.0,
            0.0
        ],
        [
            0.1277696302285614,
            0.12302267253702365,
            0.10962861829866759,
            0.0996707051080598,
            0.5597000842216631,
            0.0,
            0.0
        ],
        [
            0.10469538182958303,
            0.2700776443389469,
            0.17560044321037166,
            0.18658982211854772,
            0.24413964343485778,
            0.1013919996108156,
            0.053770026732211616
        ],
        [
            0.9505481268555702,
            0.024616823084713267,
            0.13399697329129104,
            0.0,
            0.08998544301757645,
            0.0,
            0.0
        ],
        [
            0.0,
            0.8668326391342915,
            0.0,
            0.10965406606085268,
            0.07398265370026809,
            0.0,
            0.0
        ],
        [
            0.08508181572347964,
            0.08072827811549553,
            0.030994161841060318,
            0.03291174964623632,
            0.25346879362609803,
            0.0,
            0.0
        ],
        [
            0.2580763439342294,
            0.6188366656845107,
            0.06467879782214805,
            0.06289997683663151,
            0.11052472893432422,
            0.0,
            0.0
        ],
        [
            0.10604029902694576,
            0.0,
            0.41887552292973834,
            0.0,
            0.009980414255509074,
            0.0,
            0.0
        ],
        [
            0.0863655441658846,
            0.08077209901434296,
            0.029221737442102613,
            0.030828274847645238,
            0.23285471810535474,
            0.0,
            0.0
        ],
        [
            0.09301885303461083,
            0.1027726446074742,
            0.12831364091723935,
            0.1474579845685855,
            0.8859402566950706,
            0.09380841841932222,
            0.05621525291303543
        ],
        [
            0.0,
            0.0,
            0.10895140212905129,
            0.0,
            0.11886653282488707,
            0.9719900272912843,
            0.0
        ],
        [
            0.7537673698222428,
            0.0982259124990142,
            0.12247593432804119,
            0.0,
            0.11751955441948665,
            0.0,
            0.0
        ],
        [
            0.05565843237410582,
            0.1389165739485077,
            0.08833311993363262,
            0.48425910583173587,
            0.6102929678555251,
            0.0788264229181589,
            0.0770731964864775
        ]
    ],
    "num_matches": 7,
    "num_GT_boxes": 7,
    "used_labels": [
        "airplane",
        "apple",
        "balloon",
        "banana",
        "basket",
        "bee",
        "bench",
        "bicycle",
        "bird",
        "bottle",
        "bucket",
        "bus",
        "butterfly",
        "car",
        "cat",
        "chair",
        "chicken",
        "cloud",
        "cow",
        "cup",
        "dinnerware",
        "dog",
        "duck",
        "fence",
        "flower",
        "grape",
        "grass",
        "horse",
        "house",
        "moon",
        "mountain",
        "people",
        "picnic rug",
        "pig",
        "rabbit",
        "road",
        "sheep",
        "sofa",
        "star",
        "street lamp",
        "sun",
        "table",
        "tree",
        "truck",
        "umbrella",
        "others"
    ]
}