{
    "matched_indices": [
        1,
        4,
        2,
        5,
        2,
        6,
        7,
        11,
        11,
        1,
        3,
        0,
        1,
        1,
        3,
        0,
        0
    ],
    "iou_matrix": [
        [
            0.0015816908885381664,
            0.0,
            0.0,
            0.0,
            0.0,
            0.0,
            0.0,
            0.0,
            0.0,
            0.0,
            0.12509967368782768,
            0.8432892224516007,
            0.0,
            0.0,
            0.0,
            0.08679571230110797,
            0.0
        ],
        [
            0.2399718205995674,
            0.0,
            0.18122341786099372,
            0.0,
            0.15805009416454713,
            0.035208763287459664,
            0.0,
            0.04616672076870525,
            0.028633165097828036,
            0.9824773249786274,
            0.0,
            0.0,
            0.011204301480563646,
            0.024179331699409504,
            0.007682600194032658,
            0.0,
            0.0
        ],
        [
            0.0,
            0.0,
            0.2009417711067301,
            0.007985653689385024,
            0.7582125633023805,
            0.0,
            0.036119597608151706,
            0.0,
            0.0,
            0.1182510530588302,
            0.10621251060451724,
            0.0,
            0.0,
            0.0,
            0.0,
            0.0,
            0.0
        ],
        [
            0.14213474943679014,
            0.0,
            0.16261688149496653,
            0.0,
            0.09933233644106819,
            0.0030993111940238083,
            0.1045856713262834,
            0.0350929744927805,
            0.03944002425978822,
            0.0,
            0.9550047840675184,
            0.14751493753105147,
            0.0,
            0.0,
            0.016274161188559743,
            0.0,
            0.0
        ],
        [
            0.0,
            0.981810377344029,
            0.0,
            0.0,
            0.030951263603306432,
            0.0,
            0.0,
            0.0,
            0.0,
            0.0,
            0.0,
            0.0,
            0.0,
            0.0,
            0.0,
            0.0,
            0.0
        ],
        [
            0.0,
            0.0,
            0.0,
            0.9869463636625659,
            0.0146860394602039,
            0.0,
            0.0,
            0.0,
            0.0,
            0.0,
            0.0,
            0.0,
            0.0,
            0.0,
            0.0,
            0.0,
            0.0
        ],
        [
            0.0,
            0.0,
            0.0,
            0.0,
            0.0,
            0.8733882655752406,
            0.0,
            0.11011431103791201,
            0.0,
            0.03771727363822147,
            0.004832789967028038,
            0.0,
            0.0,
            0.0,
            0.0,
            0.0,
            0.0
        ],
        [
            0.032027785371230105,
            0.0,
            0.00722254977703025,
            0.0,
            0.033308425207703586,
            0.0007526183085326297,
            0.9249483157959367,
            0.10471700990548156,
            0.0,
            0.0,
            0.10518490649506755,
            0.0,
            0.0,
            0.0,
            0.0,
            0.0,
            0.0
        ],
        [
            0.032607382135369865,
            0.0,
            0.0,
            0.0,
            0.020598612394857895,
            0.0,
            0.902053938836226,
            0.11114146079910273,
            0.0,
            0.0,
            0.09190982493956419,
            0.0,
            0.0,
            0.0,
            0.0,
            0.0,
            0.0
        ],
        [
            0.0,
            0.0,
            0.0,
            0.0,
            0.0,
            0.6599847671812173,
            0.0,
            0.03735435821573279,
            0.0,
            0.027545335842805854,
            0.003881324663234231,
            0.0,
            0.0,
            0.0,
            0.0,
            0.0,
            0.0
        ],
        [
            0.0,
            0.0,
            0.0,
            0.0,
            0.0,
            0.0,
            0.0,
            0.0,
            0.0,
            0.0,
            0.021346711698080733,
            0.07840635791351203,
            0.0,
            0.0,
            0.0,
            0.0,
            0.0
        ],
        [
            0.10602139303079726,
            0.0,
            0.0,
            0.0,
            0.0,
            0.0,
            0.0,
            0.1403194544161982,
            0.6282749216639832,
            0.012635255751721287,
            0.037145353232214094,
            0.0,
            0.0,
            0.0,
            0.0,
            0.0,
            0.0
        ]
    ],
    "true_pos": 9,
    "false_pos": 3,
    "unmatched": 8,
    "num_GT_boxes": 17,
    "used_labels": [
        "tree",
        "apple",
        "picnic rug",
        "people",
        "cloud",
        "grape",
        "mountain",
        "bottle",
        "basket",
        "grass"
    ]
}