{
    "bboxes": [
        [
            0.426348876953125,
            0.25149721272786457,
            0.837816162109375,
            0.7849119466145833
        ],
        [
            0.17579500325520833,
            0.03893232218424479,
            0.4705391845703125,
            0.6315716145833333
        ],
        [
            0.5599015706380208,
            0.8782054036458333,
            0.6789423014322916,
            0.9708688151041667
        ],
        [
            0.8114966634114583,
            0.064779541015625,
            0.9716522623697916,
            0.2227042439778646
        ],
        [
            0.025732640584309897,
            0.11826876831054688,
            0.11742668660481771,
            0.1961368408203125
        ],
        [
            0.0003387070894241333,
            0.35795052083333334,
            0.09196851603190104,
            0.5562508544921875
        ],
        [
            0.533451904296875,
            0.09166356404622396,
            0.6518971761067708,
            0.18301475016276042
        ],
        [
            0.679593994140625,
            0.19885548909505207,
            0.7716712239583333,
            0.28953232828776043
        ],
        [
            0.533451904296875,
            0.09166356404622396,
            0.6518971761067708,
            0.18301475016276042
        ],
        [
            0.679593994140625,
            0.19885548909505207,
            0.7716712239583333,
            0.28953232828776043
        ]
    ],
    "labels": [
        "duck",
        "cow",
        "grass",
        "cloud",
        "cloud",
        "cow",
        "others",
        "others",
        "cloud",
        "cloud"
    ],
    "scores": [
        0.9787267446517944,
        0.7823519706726074,
        0.7315536141395569,
        0.5621999502182007,
        0.4208148717880249,
        0.4109724164009094,
        0.2900596559047699,
        0.27314281463623047,
        0.21816956996917725,
        0.20832785964012146
    ]
}