{
    "matched_indices": [
        8,
        8,
        3,
        4,
        5,
        4,
        4,
        4,
        4,
        4,
        0,
        1,
        5,
        2,
        12,
        12,
        13,
        1,
        4
    ],
    "iou_matrix": [
        [
            0.0,
            0.0,
            0.0,
            0.0,
            0.0,
            0.0,
            0.0,
            0.0,
            0.0,
            0.0,
            0.9858671122462465,
            0.0,
            0.046928808203376325,
            0.06264772295131874,
            0.003965641076037089,
            0.0,
            0.06681282567373198,
            0.0,
            0.0
        ],
        [
            0.0,
            0.0,
            0.0,
            0.0,
            0.0,
            0.0,
            0.0,
            0.0007527331732453042,
            0.005747745781639293,
            0.0054627099561790115,
            0.0,
            0.16311060826731147,
            0.0,
            0.0,
            0.0,
            0.0,
            0.0,
            0.9851034214091234,
            0.0
        ],
        [
            0.0,
            0.0,
            0.0,
            0.06131131673136327,
            0.0,
            0.0,
            0.0,
            0.0,
            0.0,
            0.0,
            0.06300921697239877,
            0.0,
            0.0683170644326208,
            0.970537991834528,
            0.0,
            0.0,
            0.0,
            0.0,
            0.0
        ],
        [
            0.0,
            0.0,
            0.982208785071608,
            0.0,
            0.0,
            0.0,
            0.0,
            0.0,
            0.0,
            0.0,
            0.0,
            0.011567324343483043,
            0.0,
            0.0,
            0.0,
            0.0,
            0.0,
            0.0,
            0.0
        ],
        [
            0.0,
            0.0,
            0.0,
            0.12782927929384882,
            0.10082982672724586,
            0.122217971790601,
            0.13394396126961583,
            0.1464323846461079,
            0.134492025341734,
            0.17462054821238934,
            0.0,
            0.0,
            0.060352530632840864,
            0.011628173944770146,
            0.02717084681012371,
            0.021567977128881657,
            0.0,
            0.013804796351833855,
            0.07179815168850451
        ],
        [
            0.0,
            0.0,
            0.0,
            0.037519040834751015,
            0.10548165781323414,
            0.04522898769673602,
            0.0,
            0.0,
            0.0,
            0.0,
            0.04448519333501949,
            0.0,
            0.891041424621703,
            0.04296399262137124,
            0.005933262335648398,
            0.0,
            0.0039037067125919063,
            0.0,
            0.012188734300714635
        ],
        [
            0.0273950044956428,
            0.01757846121803747,
            0.03835300629389993,
            0.0,
            0.0,
            0.0,
            0.0,
            0.0,
            0.0,
            0.0,
            0.27460762317076143,
            0.12380973457755659,
            0.02314575151469451,
            0.026557174388640307,
            0.02150597565910316,
            0.012079946410391725,
            0.020546253371732114,
            0.14372753448972037,
            0.0
        ],
        [
            0.0,
            0.0,
            0.42410721491822695,
            0.0,
            0.0,
            0.0,
            0.0,
            0.0,
            0.0,
            0.0,
            0.0,
            0.0,
            0.0,
            0.0,
            0.0,
            0.0,
            0.0,
            0.0,
            0.0
        ],
        [
            0.518615018316747,
            0.3327779700865793,
            0.0,
            0.0,
            0.0,
            0.0,
            0.0,
            0.0,
            0.0,
            0.0,
            0.0,
            0.0,
            0.0,
            0.0,
            0.0,
            0.0,
            0.0,
            0.0,
            0.0
        ],
        [
            0.0,
            0.0,
            0.0,
            0.07115580935785475,
            0.05208535739930881,
            0.06313376654461672,
            0.06830117059180124,
            0.07468708291613312,
            0.07072172981116549,
            0.089107275068998,
            0.04300858190274204,
            0.035655323510687585,
            0.12165413705206062,
            0.08151360893480573,
            0.09493533460245461,
            0.05864489782240776,
            0.0,
            0.11846811401260256,
            0.037180459252720816
        ],
        [
            0.023401939833760387,
            0.015016244726662919,
            0.03276271576726455,
            0.019166188723849762,
            0.014029462930339354,
            0.017005409612532545,
            0.017375740331555024,
            0.019015310877073473,
            0.019207156343621898,
            0.022721890269013157,
            0.23416237250372182,
            0.10552707041330527,
            0.03295773193254589,
            0.027516900584396136,
            0.02574213381713644,
            0.015796309387788268,
            0.0175514548753203,
            0.1330010247218716,
            0.010019930572155045
        ],
        [
            0.023401939833760387,
            0.015016244726662919,
            0.03276271576726455,
            0.019166188723849762,
            0.014029462930339354,
            0.017005409612532545,
            0.017375740331555024,
            0.019015310877073473,
            0.019207156343621898,
            0.022721890269013157,
            0.23416237250372182,
            0.10552707041330527,
            0.03295773193254589,
            0.027516900584396136,
            0.02574213381713644,
            0.015796309387788268,
            0.0175514548753203,
            0.1330010247218716,
            0.010019930572155045
        ],
        [
            0.0,
            0.0,
            0.0,
            0.0,
            0.0,
            0.031831636781518104,
            0.03961380106666732,
            0.0076465759988934,
            0.0,
            0.0,
            0.0030354460955416837,
            0.0,
            0.0,
            0.0,
            0.6497817959931377,
            0.4078488789843318,
            0.0,
            0.0,
            0.0
        ],
        [
            0.0,
            0.0,
            0.0,
            0.0,
            0.0,
            0.0,
            0.0,
            0.0,
            0.0,
            0.0,
            0.069299413932515,
            0.0,
            0.0032645932542772304,
            0.0,
            0.0009978418672289477,
            0.0,
            0.9456769137364508,
            0.0,
            0.0
        ]
    ],
    "num_matches": 7,
    "num_matches_with_correct_class": -1,
    "num_GT_boxes": 19,
    "used_labels": [
        "flower",
        "tree",
        "sun",
        "rabbit",
        "bird",
        "people",
        "road",
        "cloud",
        "grass"
    ],
    "map_score": 0.0
}