{
    "bboxes": [
        [
            0.3317179361979167,
            0.824668701171875,
            0.46477412923177086,
            0.930380126953125
        ],
        [
            0.2792630411783854,
            0.6123314615885417,
            0.3578784993489583,
            0.6648865966796875
        ],
        [
            0.15885037231445312,
            0.651415771484375,
            0.2246342569986979,
            0.7037962239583333
        ],
        [
            0.9059519856770833,
            0.5587874348958334,
            0.997455810546875,
            0.6372531331380208
        ],
        [
            0.5190998128255209,
            8.276104430357615e-05,
            0.99924462890625,
            0.8523955891927083
        ]
    ],
    "labels": [
        "road",
        "road",
        "road",
        "road",
        "tree"
    ],
    "scores": [
        0.9928222298622131,
        0.9913553595542908,
        0.9872819781303406,
        0.9842995405197144,
        0.745877742767334
    ]
}