{
    "bboxes": [
        [
            0.7698264973958333,
            0.06561216735839843,
            0.999297119140625,
            0.797734130859375
        ],
        [
            0.0004022568066914876,
            0.06550213623046874,
            0.21005767822265625,
            0.8219351399739583
        ],
        [
            0.19164208984375,
            0.14597632853190104,
            0.42749869791666667,
            0.6241553548177083
        ],
        [
            0.826221435546875,
            0.6021614990234375,
            0.878207763671875,
            0.6503070475260416
        ],
        [
            0.7590174967447917,
            0.6388117268880208,
            0.8243806966145834,
            0.7044790852864583
        ],
        [
            0.760154296875,
            0.7450235188802083,
            0.83863623046875,
            0.8377645670572916
        ],
        [
            0.20010917154947916,
            0.6427825520833333,
            0.26320247395833335,
            0.6908133138020833
        ],
        [
            0.359111328125,
            0.21176548258463543,
            0.6803285725911459,
            0.6349553629557292
        ],
        [
            0.11974759928385417,
            0.6383302408854167,
            0.19841453043619792,
            0.7305816243489583
        ],
        [
            0.358720947265625,
            0.21175384521484375,
            0.76562841796875,
            0.6360894775390625
        ],
        [
            0.49436669921875,
            0.70576611328125,
            0.5443701985677083,
            0.74370751953125
        ],
        [
            0.49436669921875,
            0.70576611328125,
            0.5443701985677083,
            0.74370751953125
        ]
    ],
    "labels": [
        "grass",
        "grass",
        "grass",
        "house",
        "house",
        "house",
        "bee",
        "tree",
        "bee",
        "tree",
        "house",
        "bee"
    ],
    "scores": [
        0.8417528867721558,
        0.8384740352630615,
        0.836444079875946,
        0.5224646925926208,
        0.48067182302474976,
        0.4469677805900574,
        0.4328468441963196,
        0.4273376762866974,
        0.3285527229309082,
        0.3201763927936554,
        0.24255114793777466,
        0.23669059574604034
    ]
}