{
    "matched_indices": [
        0,
        7,
        3,
        3,
        8,
        2,
        1,
        4,
        5,
        6,
        9,
        10
    ],
    "iou_matrix": [
        [
            0.9847199630517608,
            0.0,
            0.0,
            0.12875195525738664,
            0.0,
            0.0,
            0.0,
            0.0,
            0.0,
            0.0,
            0.0,
            0.0
        ],
        [
            0.0,
            0.0,
            0.14329844023318813,
            0.11682842085877333,
            0.1692060627550933,
            0.0,
            0.9704267509802919,
            0.0,
            0.011788141608099807,
            0.0,
            0.0,
            0.2527574907942441
        ],
        [
            0.0,
            0.28058438126222884,
            0.0,
            0.0,
            0.0,
            0.9529690865272723,
            0.0,
            0.0,
            0.0,
            0.0,
            0.07255806938495392,
            0.0
        ],
        [
            0.13121320432299163,
            0.0,
            0.20577255681598483,
            0.9887154649632921,
            0.0036213300385083535,
            0.0,
            0.10817810533180128,
            0.0,
            0.0,
            0.013237257505424675,
            0.0,
            0.007431771046891303
        ],
        [
            0.0,
            0.0,
            0.0,
            0.0,
            0.0,
            0.0,
            0.0,
            0.9861632106462497,
            0.0,
            0.0,
            0.0,
            0.06627311195439567
        ],
        [
            0.0,
            0.0,
            0.0,
            0.0,
            0.037572664842415206,
            0.0,
            0.013137885766760634,
            0.0,
            0.9820988609691255,
            0.0,
            0.0,
            0.07623598464143894
        ],
        [
            0.0,
            0.0,
            0.0,
            0.021349172094245382,
            0.0,
            0.0,
            0.045806687955670236,
            0.0,
            0.0,
            0.049577012148447064,
            0.0,
            0.2608182022794929
        ],
        [
            0.0,
            0.9099692366109953,
            0.0,
            0.0,
            0.046778138146140444,
            0.2807693100315186,
            0.0,
            0.0,
            0.0,
            0.0,
            0.0,
            0.0
        ],
        [
            0.0,
            0.05841269849478686,
            0.0,
            0.0,
            0.8644860511215183,
            0.0,
            0.13462906485602275,
            0.0,
            0.00799057723200519,
            0.0,
            0.0,
            0.010881566374043812
        ],
        [
            0.0,
            0.0,
            0.0,
            0.0,
            0.0,
            0.07498241290392446,
            0.0,
            0.0,
            0.0,
            0.0,
            0.9167527043748175,
            0.00026422727969028657
        ],
        [
            0.0,
            0.0,
            0.0,
            0.011528457467062509,
            0.027322836288180143,
            0.0,
            0.2177122405159852,
            0.05430854291165921,
            0.06289608125956532,
            0.00970573872814374,
            0.0013631656701614695,
            0.8078256978981029
        ],
        [
            0.0,
            0.7553846814756582,
            0.0,
            0.0,
            0.05730604936106286,
            0.38485359151090826,
            0.0,
            0.0,
            0.0,
            0.0,
            0.02665887098991807,
            0.0
        ]
    ],
    "num_matches": 10,
    "num_matches_with_correct_class": 1,
    "num_GT_boxes": 12,
    "used_labels": [
        "tree",
        "road",
        "duck",
        "mountain",
        "grass"
    ],
    "map_score": 0.012984441593289375
}