{
    "mean_iou": 0.37117308813176525,
    "mean_dice": 0.41820547435100713,
    "missed_matches": 7,
    "total_matches": 12,
    "success_rate": 0.4166666666666667,
    "time": "2024-09-22 21:03:59"
}