{
    "matched_indices": [
        1,
        0,
        1,
        5,
        0,
        5,
        0,
        3,
        2,
        1
    ],
    "iou_matrix": [
        [
            0.0,
            0.0,
            0.0,
            0.06713800922804772,
            0.008551110211137275,
            0.031270454036616116,
            0.9857960702673373,
            0.0,
            0.0,
            0.028709735944751947
        ],
        [
            0.009765244792679376,
            0.0,
            0.992893424179615,
            0.0,
            0.0,
            0.0,
            0.0,
            0.297186290117928,
            0.08229825648647214,
            0.26519070878052164
        ],
        [
            0.0,
            0.0,
            0.0620833358033435,
            0.08708324344874703,
            0.0,
            0.05291744037550969,
            0.0,
            0.08613961173374943,
            0.9186349613170872,
            0.16807580585134416
        ],
        [
            0.0,
            0.0,
            0.30799336602162536,
            0.0,
            0.0,
            0.0,
            0.0,
            0.9633660777008554,
            0.13881375304692778,
            0.13674244096137647
        ],
        [
            0.0,
            0.0,
            0.2347725995664118,
            0.06856906292710194,
            0.0,
            0.03661155787156914,
            0.0,
            0.4629039053894438,
            0.6359638632159089,
            0.2572228977099051
        ],
        [
            0.0,
            0.0,
            0.0,
            0.9797500135292906,
            0.0,
            0.1510195674794748,
            0.06301931122319405,
            0.0,
            0.08559382105638814,
            0.23069515860432982
        ]
    ],
    "num_matches": 5,
    "num_GT_boxes": 10,
    "used_labels": [
        "airplane",
        "apple",
        "balloon",
        "banana",
        "basket",
        "bee",
        "bench",
        "bicycle",
        "bird",
        "bottle",
        "bucket",
        "bus",
        "butterfly",
        "car",
        "cat",
        "chair",
        "chicken",
        "cloud",
        "cow",
        "cup",
        "dinnerware",
        "dog",
        "duck",
        "fence",
        "flower",
        "grape",
        "grass",
        "horse",
        "house",
        "moon",
        "mountain",
        "people",
        "picnic rug",
        "pig",
        "rabbit",
        "road",
        "sheep",
        "sofa",
        "star",
        "street lamp",
        "sun",
        "table",
        "tree",
        "truck",
        "umbrella",
        "others"
    ]
}