{
    "bboxes": [
        [
            0.5858774820963542,
            0.5052589518229167,
            0.8110082194010416,
            0.730588134765625
        ],
        [
            0.0009256898562113444,
            0.3599659423828125,
            0.3839137776692708,
            0.767520751953125
        ],
        [
            0.5065727945963542,
            0.3715402425130208,
            0.997808837890625,
            0.5966350504557292
        ],
        [
            0.0006848275661468506,
            0.362472412109375,
            0.9988924153645833,
            0.5965094807942708
        ]
    ],
    "labels": [
        "dinnerware",
        "horse",
        "duck",
        "duck"
    ],
    "scores": [
        0.9364789724349976,
        0.838211715221405,
        0.4457986354827881,
        0.25009453296661377
    ]
}