{
    "bboxes": [
        [
            0.3054044189453125,
            0.1586022745768229,
            0.424564453125,
            0.250573974609375
        ],
        [
            0.798684326171875,
            0.2653868408203125,
            0.9708055826822917,
            0.35738639322916665
        ],
        [
            0.5719781901041666,
            0.692137451171875,
            0.6521398518880208,
            0.7440536295572917
        ],
        [
            0.00038516517480214436,
            0.7723479817708333,
            0.3428260498046875,
            0.943996337890625
        ],
        [
            0.7595065104166666,
            0.5586140950520834,
            0.9997943522135416,
            0.7705918782552084
        ],
        [
            0.2916401163736979,
            0.8917910970052083,
            0.3873257649739583,
            0.9571796875
        ],
        [
            0.3462882486979167,
            0.7858274739583333,
            0.7030384114583333,
            0.9435511067708333
        ],
        [
            0.651454833984375,
            0.478821533203125,
            0.71793798828125,
            0.6108751627604166
        ],
        [
            0.06592854817708334,
            0.6653863118489584,
            0.17141853841145832,
            0.7170955403645833
        ],
        [
            0.708537841796875,
            0.8042442220052083,
            0.9995818684895833,
            0.94880224609375
        ],
        [
            0.34598457845052083,
            0.11912335205078126,
            0.4636666259765625,
            0.19663431803385417
        ],
        [
            0.30644781494140627,
            0.5457236735026042,
            0.571693603515625,
            0.8042523600260416
        ],
        [
            0.3063403116861979,
            0.545734130859375,
            0.5716825764973958,
            0.8835230305989583
        ]
    ],
    "labels": [
        "chicken",
        "chicken",
        "grape",
        "duck",
        "road",
        "grape",
        "duck",
        "fence",
        "grape",
        "duck",
        "street lamp",
        "road",
        "road"
    ],
    "scores": [
        0.9968461394309998,
        0.9968020915985107,
        0.9906614422798157,
        0.9884675145149231,
        0.986778736114502,
        0.9852223992347717,
        0.9850431680679321,
        0.9820463061332703,
        0.9773262143135071,
        0.9760269522666931,
        0.97468101978302,
        0.5123552680015564,
        0.27227121591567993
    ]
}