{
    "matched_indices": [
        11,
        3,
        4,
        1,
        2,
        8,
        0,
        7,
        5,
        6,
        9
    ],
    "iou_matrix": [
        [
            0.0,
            0.0,
            0.07181541094103554,
            0.0,
            0.09940246349669292,
            0.0,
            0.9818442153135164,
            0.0,
            0.0,
            0.08369228766709474,
            0.04607339526141423
        ],
        [
            0.08594908562654123,
            0.021478137428744482,
            0.055793541986157186,
            0.9906839639316433,
            0.0,
            0.06323652593963743,
            0.0,
            0.0,
            0.0,
            0.0,
            0.15184764189282893
        ],
        [
            0.0,
            0.0,
            0.14935121872424936,
            0.0,
            0.9945495308775842,
            0.0,
            0.10046488218853013,
            0.0,
            0.0,
            0.0,
            0.0
        ],
        [
            0.3010943143586156,
            0.9896930959315254,
            0.0,
            0.021994004324285714,
            0.0,
            0.04057176991051995,
            0.0,
            0.0,
            0.0,
            0.0,
            0.0
        ],
        [
            0.0,
            0.0,
            0.962968387725895,
            0.05265887368267518,
            0.14609776172976924,
            0.0,
            0.06001278635393206,
            0.0,
            0.0,
            0.0,
            0.006745993452599699
        ],
        [
            0.0,
            0.0,
            0.0,
            0.0,
            0.0,
            0.17613527230574377,
            0.0,
            0.0,
            0.9745163205616172,
            0.0,
            0.0
        ],
        [
            0.0,
            0.0,
            0.0,
            0.0,
            0.0,
            0.0,
            0.0881069446953677,
            0.0,
            0.0,
            0.9577152668456075,
            0.0
        ],
        [
            0.0,
            0.0,
            0.0,
            0.0,
            0.0,
            0.0,
            0.0,
            0.9685873090843509,
            0.0,
            0.0,
            0.0
        ],
        [
            0.06673906948604794,
            0.04475250516645336,
            0.0,
            0.06624985132179113,
            0.0,
            0.9260619000678392,
            0.0,
            0.0,
            0.13048572441490783,
            0.0,
            0.0
        ],
        [
            3.205005461958295e-06,
            0.0,
            0.017627426382060597,
            0.15814709907344174,
            0.0,
            0.0,
            0.042542037812306074,
            0.0,
            0.0,
            0.0,
            0.9524003963455138
        ],
        [
            0.06673906948604794,
            0.04475250516645336,
            0.0,
            0.06624985132179113,
            0.0,
            0.9260619000678392,
            0.0,
            0.0,
            0.13048572441490783,
            0.0,
            0.0
        ],
        [
            0.9317558025111133,
            0.31644643691140295,
            0.0,
            0.06946243071604517,
            0.0,
            0.03800840450049092,
            0.0,
            0.0,
            0.0,
            0.0,
            0.0
        ],
        [
            3.205005461958295e-06,
            0.0,
            0.017627426382060597,
            0.15814709907344174,
            0.0,
            0.0,
            0.042542037812306074,
            0.0,
            0.0,
            0.0,
            0.9524003963455138
        ],
        [
            0.15384900403099538,
            0.5141201237031707,
            0.0,
            0.02958862102289037,
            0.0,
            0.05447721292245507,
            0.0,
            0.0,
            0.0,
            0.0,
            0.0
        ],
        [
            0.2808572207864573,
            0.08438246203085333,
            0.10940322303045347,
            0.07258706411256204,
            0.14589999886624966,
            0.07819804416846302,
            0.07137123078867659,
            0.05995069938531711,
            0.028145634109645913,
            0.02968085051562662,
            0.02151480580296339
        ],
        [
            0.3459168429219337,
            0.0,
            0.0,
            0.0,
            0.0,
            0.0,
            0.0,
            0.0,
            0.0,
            0.0,
            0.0
        ],
        [
            0.0,
            0.0,
            0.01762640927340456,
            0.15849389776473335,
            0.0,
            0.0,
            0.04283692976922928,
            0.0,
            0.0,
            0.0,
            0.9521177688670961
        ],
        [
            0.0,
            0.0,
            0.0,
            0.0,
            0.0,
            0.0,
            0.08820869411265873,
            0.0,
            0.0,
            0.9575229612932628,
            0.0
        ]
    ],
    "true_pos": 11,
    "false_pos": 7,
    "unmatched": 0,
    "num_GT_boxes": 11,
    "used_labels": [
        "chair",
        "dog",
        "people",
        "cloud",
        "grass",
        "tree",
        "table"
    ]
}