{
    "bboxes": [
        [
            0.6259222819010417,
            0.6657781575520834,
            0.9314312337239583,
            0.970984130859375
        ],
        [
            0.07970289103190104,
            0.5713583577473959,
            0.3190570271809896,
            0.784363525390625
        ],
        [
            0.42617122395833335,
            0.40991556803385415,
            0.7046354166666666,
            0.5715825602213541
        ],
        [
            0.0007269829114278157,
            0.46181949869791666,
            0.29096966552734377,
            0.6118268636067709
        ],
        [
            0.052323776245117186,
            0.772367919921875,
            0.24949029541015624,
            0.9317344563802084
        ],
        [
            0.7322587076822916,
            0.49184016927083335,
            0.864577392578125,
            0.623732177734375
        ],
        [
            0.43990083821614584,
            0.4659217936197917,
            0.70398095703125,
            0.6507308756510417
        ],
        [
            0.5994687906901042,
            0.09147585042317709,
            0.8130148111979166,
            0.3565892333984375
        ],
        [
            0.5992415771484375,
            0.09110169474283854,
            0.8653362630208333,
            0.35758646647135417
        ],
        [
            0.4285320638020833,
            0.07134845479329427,
            0.8662223307291667,
            0.3588780517578125
        ],
        [
            0.0011915563742319743,
            0.461735107421875,
            0.46988081868489584,
            0.9953407389322917
        ],
        [
            0.03220264434814453,
            0.357737548828125,
            0.13184416707356772,
            0.4720189615885417
        ],
        [
            0.3919017333984375,
            0.2651526082356771,
            0.49140743001302084,
            0.47299296061197915
        ]
    ],
    "labels": [
        "duck",
        "road",
        "sun",
        "sun",
        "grass",
        "grass",
        "fence",
        "cow",
        "cow",
        "cow",
        "chicken",
        "sheep",
        "sheep"
    ],
    "scores": [
        0.97479647397995,
        0.9044264554977417,
        0.8828157782554626,
        0.7550946474075317,
        0.558940589427948,
        0.5353254675865173,
        0.4436190724372864,
        0.4104331433773041,
        0.30388012528419495,
        0.2764633595943451,
        0.2746661305427551,
        0.2525355815887451,
        0.20229573547840118
    ]
}