{
    "bboxes": [
        [
            0.34603605143229166,
            0.38510404459635417,
            0.5324587809244792,
            0.5577698567708333
        ],
        [
            0.7859292805989583,
            0.7716695149739583,
            0.931590576171875,
            0.8909370930989583
        ],
        [
            0.0007247030735015869,
            0.30587178548177085,
            0.3325285847981771,
            0.8131857096354167
        ],
        [
            0.29343680826822915,
            0.5703201904296875,
            0.718576904296875,
            0.850984619140625
        ],
        [
            0.8641434733072917,
            0.465334716796875,
            0.9582915852864583,
            0.6103932698567708
        ],
        [
            0.717735595703125,
            0.4783833821614583,
            0.8121031901041667,
            0.5977029622395833
        ],
        [
            0.5382491861979166,
            0.27815802001953127,
            0.9432316080729166,
            0.40983064778645834
        ],
        [
            0.2011754150390625,
            0.09501500447591146,
            0.5159370524088541,
            0.24808754475911457
        ],
        [
            0.000538766344388326,
            0.00039719788233439127,
            0.13184544881184895,
            0.17073539225260417
        ],
        [
            0.7054566243489583,
            0.03886006673177083,
            0.8756910807291667,
            0.1697296651204427
        ],
        [
            0.5341569010416667,
            0.5206556803385417,
            0.6248478190104166,
            0.5699551595052084
        ],
        [
            0.0009073018232981364,
            0.8160623372395833,
            0.9988295084635417,
            0.99740478515625
        ]
    ],
    "labels": [
        "dog",
        "car",
        "grass",
        "sun",
        "grass",
        "grass",
        "house",
        "house",
        "others",
        "house",
        "grass",
        "tree"
    ],
    "scores": [
        0.9657003283500671,
        0.8870378732681274,
        0.8628413081169128,
        0.8532258868217468,
        0.8020206093788147,
        0.7950735092163086,
        0.7203688025474548,
        0.6169554591178894,
        0.5501834750175476,
        0.4867052435874939,
        0.30345526337623596,
        0.25506219267845154
    ],
    "model_info": {
        "model_config": "/mnt/sda/miatang/projects/stroke-label/extern/mmdetection/ours_weights/base_cat_full_ft_allclass_val/intersect_full_ft_all_class_val.py",
        "weights": "/mnt/sda/miatang/projects/stroke-label/extern/mmdetection/ours_weights/base_cat_full_ft_allclass_val/best_coco_bbox_mAP_iter_47000.pth",
        "device": "cuda:0",
        "score_threshold": 0.2
    }
}