{
    "bboxes": [
        [
            0.7056013997395834,
            0.7327388509114583,
            0.85034521484375,
            0.9295904947916667
        ],
        [
            0.214684326171875,
            0.5855407307942708,
            0.6775643717447917,
            0.9245247395833334
        ],
        [
            0.3435322265625,
            0.3854494222005208,
            0.6828810221354167,
            0.5756234944661458
        ],
        [
            0.5464672037760416,
            0.13193251546223958,
            0.8514729817708333,
            0.7327830403645833
        ],
        [
            0.72667431640625,
            0.47822379557291667,
            0.948351806640625,
            0.7444188639322916
        ],
        [
            0.492490478515625,
            0.8647892252604167,
            0.6368488362630208,
            0.984052978515625
        ],
        [
            0.8396021321614583,
            0.6798707275390625,
            0.9577730305989584,
            0.7840035807291666
        ],
        [
            0.129078857421875,
            0.3201340738932292,
            0.38341056315104166,
            0.8715990397135417
        ],
        [
            0.796559814453125,
            0.47812874348958334,
            0.9817017415364583,
            0.7451377766927083
        ],
        [
            0.5464672037760416,
            0.13193251546223958,
            0.8514729817708333,
            0.7327830403645833
        ],
        [
            0.6941808268229167,
            0.4783915608723958,
            0.9843151041666667,
            0.7446643880208333
        ]
    ],
    "labels": [
        "car",
        "bench",
        "bee",
        "mountain",
        "dinnerware",
        "fence",
        "fence",
        "mountain",
        "dinnerware",
        "others",
        "dinnerware"
    ],
    "scores": [
        0.979546070098877,
        0.978417158126831,
        0.9295239448547363,
        0.6426987051963806,
        0.6332034468650818,
        0.593167781829834,
        0.4389362931251526,
        0.27153903245925903,
        0.2395133376121521,
        0.2339586317539215,
        0.22456933557987213
    ]
}