{
    "bboxes": [
        [
            0.77475439453125,
            0.704962158203125,
            0.95944482421875,
            0.889432373046875
        ],
        [
            0.13811288452148437,
            0.3383596598307292,
            0.470916015625,
            0.965092041015625
        ],
        [
            0.29100160725911456,
            0.22279770914713543,
            0.5617249755859375,
            0.421377197265625
        ],
        [
            0.566572265625,
            0.2522977091471354,
            0.9042686360677084,
            0.6552015380859375
        ],
        [
            0.5431101888020833,
            0.022332979838053386,
            0.9126953125,
            0.3747042236328125
        ],
        [
            0.08542007446289063,
            0.42110172526041667,
            0.378990478515625,
            0.81700146484375
        ],
        [
            0.29077205403645834,
            0.2226396484375,
            0.5632778727213542,
            0.4927220458984375
        ],
        [
            0.6654462890625,
            0.34497306315104165,
            0.9037644856770833,
            0.6547639973958334
        ],
        [
            0.5414129638671875,
            0.02264305877685547,
            0.9131614583333333,
            0.6530373942057291
        ],
        [
            0.09167760213216146,
            0.023358673095703126,
            0.9153711751302084,
            0.9596478678385416
        ],
        [
            0.21120737711588541,
            0.3551896565755208,
            0.7601979166666667,
            0.7884188639322917
        ],
        [
            0.7747395833333334,
            0.7050386555989583,
            0.959600830078125,
            0.8895357259114584
        ],
        [
            0.5599098714192708,
            0.342764892578125,
            0.9040096028645833,
            0.6551525472005209
        ]
    ],
    "labels": [
        "picnic rug",
        "chair",
        "cat",
        "flower",
        "chair",
        "flower",
        "cat",
        "flower",
        "chair",
        "chair",
        "people",
        "people",
        "flower"
    ],
    "scores": [
        0.7607041597366333,
        0.5850651264190674,
        0.489301472902298,
        0.4517245590686798,
        0.37630757689476013,
        0.3301503360271454,
        0.32497087121009827,
        0.3080046474933624,
        0.27434974908828735,
        0.2743343412876129,
        0.2707975506782532,
        0.23879942297935486,
        0.20574183762073517
    ]
}