{
    "bboxes": [
        [
            0.3190485026041667,
            0.531244873046875,
            0.4914574788411458,
            0.7039278157552084
        ],
        [
            0.81152685546875,
            0.5321522216796875,
            0.9988387858072917,
            0.7305928548177083
        ],
        [
            0.72153955078125,
            0.25520939127604164,
            0.9989917805989583,
            0.6278848470052083
        ],
        [
            0.50555224609375,
            0.34510306803385415,
            0.74467236328125,
            0.5964224039713542
        ],
        [
            0.0663195546468099,
            0.33588450113932294,
            0.3845478515625,
            0.7434332682291667
        ],
        [
            0.0007067098617553711,
            0.03567212677001953,
            0.216514892578125,
            0.72278271484375
        ],
        [
            0.8645115559895833,
            0.41146773274739584,
            0.9992704264322917,
            0.5498145345052083
        ],
        [
            0.4122922770182292,
            0.49108251953125,
            0.54509033203125,
            0.9696251627604167
        ],
        [
            0.4122922770182292,
            0.49108251953125,
            0.54509033203125,
            0.9696251627604167
        ],
        [
            0.8645115559895833,
            0.41146773274739584,
            0.9992704264322917,
            0.5498145345052083
        ],
        [
            0.8647775065104166,
            0.41158805338541665,
            0.999145263671875,
            0.49506245930989584
        ],
        [
            0.8647775065104166,
            0.41158805338541665,
            0.999145263671875,
            0.49506245930989584
        ]
    ],
    "labels": [
        "butterfly",
        "truck",
        "horse",
        "tree",
        "tree",
        "horse",
        "table",
        "star",
        "table",
        "star",
        "table",
        "star"
    ],
    "scores": [
        0.987280011177063,
        0.934499979019165,
        0.9077630043029785,
        0.7786601185798645,
        0.7625720500946045,
        0.6444273591041565,
        0.36628270149230957,
        0.3635667562484741,
        0.3620031476020813,
        0.35744941234588623,
        0.3150066137313843,
        0.309922456741333
    ]
}