{
    "bboxes": [
        [
            0.00039122994740804036,
            0.00034931302070617676,
            0.26368367513020835,
            0.5038048909505208
        ],
        [
            0.77801220703125,
            0.01914450454711914,
            0.999553466796875,
            0.4019602864583333
        ],
        [
            0.6125985921223959,
            0.15919600423177083,
            0.892051513671875,
            0.48940743001302084
        ],
        [
            0.4506728515625,
            0.1185072733561198,
            0.6780675048828125,
            0.42235148111979165
        ],
        [
            0.1340573018391927,
            0.17250042724609374,
            0.5185682373046875,
            0.5993686930338542
        ],
        [
            0.0007594525814056396,
            0.43398014322916667,
            0.9085594889322917,
            0.993940185546875
        ],
        [
            0.4506728515625,
            0.1185072733561198,
            0.6780675048828125,
            0.42235148111979165
        ]
    ],
    "labels": [
        "tree",
        "tree",
        "tree",
        "tree",
        "tree",
        "grass",
        "house"
    ],
    "scores": [
        0.6271073222160339,
        0.5330086946487427,
        0.3880225419998169,
        0.3093910813331604,
        0.28833505511283875,
        0.25905823707580566,
        0.21775148808956146
    ]
}