{
    "bboxes": [
        [
            0.5351127115885417,
            0.229445068359375,
            0.6112241617838542,
            0.3026336873372396
        ],
        [
            0.5351127115885417,
            0.229445068359375,
            0.6112241617838542,
            0.3026336873372396
        ],
        [
            0.17243990071614584,
            0.3317150268554688,
            0.6529351399739584,
            0.8101263020833334
        ],
        [
            0.39911185709635416,
            0.65222705078125,
            0.4779149983723958,
            0.7039153645833334
        ],
        [
            0.39911185709635416,
            0.65222705078125,
            0.4779149983723958,
            0.7039153645833334
        ],
        [
            0.012841433207194011,
            0.3318386637369792,
            0.2633951416015625,
            0.8377060546875
        ],
        [
            0.75878173828125,
            0.7053805338541667,
            0.9948130696614583,
            0.9170184733072917
        ],
        [
            0.75878173828125,
            0.7053805338541667,
            0.9948130696614583,
            0.9170184733072917
        ]
    ],
    "labels": [
        "sofa",
        "bus",
        "horse",
        "bus",
        "sofa",
        "tree",
        "dinnerware",
        "car"
    ],
    "scores": [
        0.8370782136917114,
        0.7866944670677185,
        0.640518844127655,
        0.44281020760536194,
        0.40823614597320557,
        0.38346028327941895,
        0.36098212003707886,
        0.2707119584083557
    ]
}