{
    "matched_indices": [
        10,
        7,
        9,
        13,
        8,
        6,
        5,
        1,
        2,
        4,
        5,
        14,
        14
    ],
    "iou_matrix": [
        [
            0.0,
            0.0,
            0.12616499616606464,
            0.20250645193701444,
            0.9772470566104167,
            0.0,
            0.0,
            0.0,
            0.0,
            0.0,
            0.0,
            0.13287424671785789,
            0.0
        ],
        [
            0.0,
            0.0,
            0.4083388976038035,
            0.9737038460021901,
            0.20418250609449357,
            0.011166262246891993,
            0.0,
            0.019286007791232265,
            0.0265099763453365,
            0.0,
            0.03784561159198992,
            0.44529022451029654,
            0.0
        ],
        [
            0.0,
            0.0,
            0.008055648021965393,
            0.0283884792911533,
            0.0,
            0.0,
            0.0,
            0.0,
            0.9474329521664879,
            0.0,
            0.0,
            0.012459597580582321,
            0.0
        ],
        [
            0.0,
            0.0,
            0.18033728035973315,
            0.017273522508669103,
            0.0,
            0.0,
            0.0,
            0.0,
            0.0,
            0.0011916013379004566,
            0.0,
            0.030820103741166525,
            0.0
        ],
        [
            0.0,
            0.0,
            0.0006938636681068932,
            0.0,
            0.0,
            0.0,
            0.0,
            0.0,
            0.0,
            0.9409381288016149,
            0.0,
            0.0019211964869873723,
            0.0
        ],
        [
            0.0,
            0.0,
            0.14380490408916097,
            0.013302723742536007,
            0.0,
            0.0,
            0.03715449973710366,
            0.0,
            0.0,
            0.0,
            0.2155654910026727,
            0.04445604862552093,
            0.0
        ],
        [
            0.0,
            0.0,
            0.0,
            0.011960585455724539,
            0.0,
            0.9129224859790948,
            0.0,
            0.0,
            0.0,
            0.0,
            0.0,
            0.008265020963762675,
            0.0
        ],
        [
            0.0,
            0.7755977007551388,
            0.0,
            0.0,
            0.0,
            0.0,
            0.0,
            0.0,
            0.0,
            0.0,
            0.0,
            0.0,
            0.11236326523037547
        ],
        [
            0.0,
            0.0,
            0.12503216593644392,
            0.2013152242534684,
            0.9785491128035267,
            0.0,
            0.0,
            0.0,
            0.0,
            0.0,
            0.0,
            0.1323154742378682,
            0.0
        ],
        [
            0.0,
            0.0,
            0.4629632427301221,
            0.7172125953988555,
            0.2699617679004378,
            0.0,
            0.0,
            0.0,
            0.0,
            0.0,
            0.03713595886315449,
            0.3270552922272855,
            0.0
        ],
        [
            0.9580821035853043,
            0.0,
            0.0,
            0.0,
            0.0,
            0.0,
            0.0,
            0.0,
            0.0,
            0.0,
            0.044059699531177346,
            0.018014826466249162,
            0.16173394129097626
        ],
        [
            0.9580821035853043,
            0.0,
            0.0,
            0.0,
            0.0,
            0.0,
            0.0,
            0.0,
            0.0,
            0.0,
            0.044059699531177346,
            0.018014826466249162,
            0.16173394129097626
        ],
        [
            0.0,
            0.7755977007551388,
            0.0,
            0.0,
            0.0,
            0.0,
            0.0,
            0.0,
            0.0,
            0.0,
            0.0,
            0.0,
            0.11236326523037547
        ],
        [
            0.0,
            0.0,
            0.40576300640013135,
            0.9775859462983822,
            0.2040408821454013,
            0.011736942902538985,
            0.0,
            0.01919441501137937,
            0.02638407561701637,
            0.0,
            0.03698965796829093,
            0.4474150805936957,
            0.0
        ],
        [
            0.11339174693960814,
            0.042071450873969136,
            0.02493933074372516,
            0.13339557751246456,
            0.11070962411968602,
            0.0,
            0.0,
            0.0,
            0.0,
            0.0,
            0.14256850964044826,
            0.4554721070006246,
            0.5221465553918704
        ],
        [
            0.0,
            0.0,
            0.0006938636681068932,
            0.0,
            0.0,
            0.0,
            0.0,
            0.0,
            0.0,
            0.9409381288016149,
            0.0,
            0.0019211964869873723,
            0.0
        ],
        [
            0.0,
            0.48814305620882664,
            0.0,
            0.0,
            0.0,
            0.0,
            0.0,
            0.0,
            0.0,
            0.0,
            0.0,
            0.0,
            0.17600226361332064
        ],
        [
            0.0,
            0.0,
            0.008055648021965393,
            0.0283884792911533,
            0.0,
            0.0,
            0.0,
            0.0,
            0.9474329521664879,
            0.0,
            0.0,
            0.012459597580582321,
            0.0
        ],
        [
            0.0,
            0.0,
            0.14380490408916097,
            0.013302723742536007,
            0.0,
            0.0,
            0.03715449973710366,
            0.0,
            0.0,
            0.0,
            0.2155654910026727,
            0.04445604862552093,
            0.0
        ],
        [
            0.0,
            0.48814305620882664,
            0.0,
            0.0,
            0.0,
            0.0,
            0.0,
            0.0,
            0.0,
            0.0,
            0.0,
            0.0,
            0.17600226361332064
        ],
        [
            0.0,
            0.0,
            0.14380490408916097,
            0.013302723742536007,
            0.0,
            0.0,
            0.03715449973710366,
            0.0,
            0.0,
            0.0,
            0.2155654910026727,
            0.04445604862552093,
            0.0
        ]
    ],
    "num_matches": 7,
    "num_GT_boxes": 13,
    "used_labels": [
        "airplane",
        "apple",
        "balloon",
        "banana",
        "basket",
        "bee",
        "bench",
        "bicycle",
        "bird",
        "bottle",
        "bucket",
        "bus",
        "butterfly",
        "car",
        "cat",
        "chair",
        "chicken",
        "cloud",
        "cow",
        "cup",
        "dinnerware",
        "dog",
        "duck",
        "fence",
        "flower",
        "grape",
        "grass",
        "horse",
        "house",
        "moon",
        "mountain",
        "people",
        "picnic rug",
        "pig",
        "rabbit",
        "road",
        "sheep",
        "sofa",
        "star",
        "street lamp",
        "sun",
        "table",
        "tree",
        "truck",
        "umbrella",
        "others"
    ]
}