{
    "matched_indices": [
        0,
        3,
        2,
        1,
        1,
        0,
        1,
        5,
        7,
        6,
        7,
        3,
        0,
        0,
        0,
        0
    ],
    "iou_matrix": [
        [
            0.9941735219900972,
            0.0,
            0.0,
            0.0042432533544252814,
            0.0,
            0.00849285596306005,
            0.012776900090170093,
            0.07052324754746161,
            0.12245587785850777,
            0.0,
            0.0,
            0.0,
            0.0,
            0.0,
            0.0,
            0.26080785700676745
        ],
        [
            0.013040550598795879,
            0.0,
            0.0,
            0.09126825014267104,
            0.1451487249282076,
            0.0,
            0.9899794199374607,
            0.05312071369753579,
            0.0,
            0.0,
            0.0,
            0.017852791745990675,
            0.0,
            0.0,
            0.0,
            0.0
        ],
        [
            0.0,
            0.0,
            0.9817592177338766,
            0.0,
            0.0,
            0.0,
            0.0,
            0.0,
            0.0,
            0.0,
            0.0,
            0.0,
            0.0,
            0.0,
            0.0,
            0.0
        ],
        [
            0.0,
            0.06582264098921652,
            0.0,
            0.0,
            0.0,
            0.0,
            0.01696902305034948,
            0.0,
            0.0,
            0.0,
            0.0,
            0.9788807779627501,
            0.0,
            0.0,
            0.0,
            0.0007151581744433402
        ],
        [
            0.0,
            0.06582264098921652,
            0.0,
            0.0,
            0.0,
            0.0,
            0.01696902305034948,
            0.0,
            0.0,
            0.0,
            0.0,
            0.9788807779627501,
            0.0,
            0.0,
            0.0,
            0.0007151581744433402
        ],
        [
            0.06844076427128121,
            0.0,
            0.0,
            0.0,
            0.0,
            0.0,
            0.05102422652853804,
            0.9680523941036236,
            0.0,
            0.0,
            0.0,
            0.0,
            0.0,
            0.0,
            0.0,
            0.03775121396317059
        ],
        [
            0.0,
            0.0,
            0.0,
            0.0,
            0.0,
            0.0,
            0.0,
            0.0,
            0.07484145401360202,
            0.9872660941688739,
            0.0,
            0.0,
            0.0,
            0.0,
            0.0,
            0.04312495380888141
        ],
        [
            0.12189399399554478,
            0.0,
            0.0,
            0.0,
            0.0,
            0.0,
            0.0,
            0.0,
            0.992828138815213,
            0.07410197702058174,
            0.004439762185007499,
            0.0,
            0.0,
            0.0,
            0.0,
            0.16114242752013566
        ]
    ],
    "num_matches": 7,
    "num_GT_boxes": 16,
    "used_labels": [
        "tree",
        "grass",
        "others",
        "sun",
        "flower",
        "butterfly"
    ]
}