{
    "matched_indices": [
        0,
        11,
        2,
        3,
        7,
        1,
        4
    ],
    "iou_matrix": [
        [
            0.9758454054253533,
            0.03922718708404392,
            0.023290622000713277,
            0.06685366725432984,
            0.0,
            0.0,
            0.14006226170383584
        ],
        [
            0.0,
            0.025669534757963464,
            0.25443740651927876,
            0.09213758663766415,
            0.0,
            0.9039876413262372,
            0.0
        ],
        [
            0.02616689247637312,
            0.3262197780394392,
            0.90043120903274,
            0.2865253793423373,
            0.0,
            0.20728599312906282,
            0.0
        ],
        [
            0.0740898587257111,
            0.09786035304156343,
            0.2768407627914017,
            0.9897891262938203,
            0.053837972541237254,
            0.0898855264084711,
            0.0
        ],
        [
            0.11598073630134255,
            0.0,
            0.0,
            0.0,
            0.0,
            0.0,
            0.7940230544666241
        ],
        [
            0.0,
            0.0,
            0.0,
            0.0551043939898597,
            0.986101652934054,
            0.0,
            0.0
        ],
        [
            0.04014528775509756,
            0.9632710567973374,
            0.2972805325634059,
            0.09332214121108513,
            0.0,
            0.017449667882217516,
            0.0
        ],
        [
            0.0,
            0.0,
            0.0,
            0.05520339886194776,
            0.9869449129270937,
            0.0,
            0.0
        ],
        [
            0.09725460293670739,
            0.09893797686707291,
            0.21020952230037113,
            0.5776675665909844,
            0.03740954754192207,
            0.0,
            0.0
        ],
        [
            0.11598073630134255,
            0.0,
            0.0,
            0.0,
            0.0,
            0.0,
            0.7940230544666241
        ],
        [
            0.0,
            0.023899330146859406,
            0.025497017501294315,
            0.005247485385145206,
            0.0,
            0.0304846258842416,
            0.0
        ],
        [
            0.03974311391316755,
            0.965794895686032,
            0.2960706431348504,
            0.09270219749210733,
            0.0,
            0.01714648563113379,
            0.0
        ],
        [
            0.09397361013323559,
            0.7411633855071157,
            0.4153377837414581,
            0.1704826789488024,
            0.0,
            0.034266928717000274,
            0.0
        ],
        [
            0.0,
            0.0,
            0.0,
            0.007242026828058414,
            0.5124247938728067,
            0.0,
            0.0
        ],
        [
            0.07503533063338136,
            0.09810006564912235,
            0.2766375043312946,
            0.986684617288657,
            0.052369367995107566,
            0.08965463625214781,
            0.0
        ],
        [
            0.0,
            0.023899330146859406,
            0.025497017501294315,
            0.005247485385145206,
            0.0,
            0.0304846258842416,
            0.0
        ],
        [
            0.3180499391276777,
            0.1776441767194947,
            0.17041486205552392,
            0.3294004202266581,
            0.13926508254647343,
            0.07750287538313419,
            0.04451024163597533
        ]
    ],
    "num_matches": 7,
    "num_GT_boxes": 7,
    "used_labels": [
        "airplane",
        "apple",
        "balloon",
        "banana",
        "basket",
        "bee",
        "bench",
        "bicycle",
        "bird",
        "bottle",
        "bucket",
        "bus",
        "butterfly",
        "car",
        "cat",
        "chair",
        "chicken",
        "cloud",
        "cow",
        "cup",
        "dinnerware",
        "dog",
        "duck",
        "fence",
        "flower",
        "grape",
        "grass",
        "horse",
        "house",
        "moon",
        "mountain",
        "people",
        "picnic rug",
        "pig",
        "rabbit",
        "road",
        "sheep",
        "sofa",
        "star",
        "street lamp",
        "sun",
        "table",
        "tree",
        "truck",
        "umbrella",
        "others"
    ]
}