{
    "matched_indices": [
        13,
        8,
        14,
        10,
        2,
        1,
        0,
        4,
        4,
        4,
        3
    ],
    "iou_matrix": [
        [
            0.0,
            0.014156901960795422,
            0.00077929424436574,
            0.022095035203695088,
            0.0,
            0.0,
            0.9741264207431046,
            0.0,
            0.0,
            0.0,
            0.034972081129349554
        ],
        [
            0.0,
            0.0,
            0.0,
            0.1801390691368229,
            0.0,
            0.9819161228862716,
            0.0,
            0.0,
            0.0,
            0.0,
            0.02605146583321999
        ],
        [
            0.0261670286349414,
            0.0,
            0.0,
            0.06721493464963066,
            0.9551158912900071,
            0.0,
            0.0,
            0.0,
            0.0,
            0.0,
            0.0
        ],
        [
            0.0,
            0.024145530680786658,
            0.02056715747526351,
            0.14345386877839053,
            0.0,
            0.024742870226409624,
            0.03504185625517032,
            0.02111250628412188,
            0.0,
            0.0,
            0.9928447945082935
        ],
        [
            0.0,
            0.1299318398261366,
            0.17816542706204586,
            0.1582661998717324,
            0.0,
            0.0,
            0.0,
            0.28469273744865586,
            0.28180771788621745,
            0.5484047386869735,
            0.01403545716024345
        ],
        [
            0.0,
            0.4936464100592386,
            0.7826495944529182,
            0.01715936948474263,
            0.0,
            0.0,
            0.0,
            0.07348593437807281,
            0.09376758499039767,
            0.08050834886469739,
            0.001955242223695541
        ],
        [
            0.0,
            0.0,
            0.0,
            0.05109823349064016,
            0.0,
            0.0,
            0.0,
            0.0,
            0.0,
            0.0,
            0.49301462961274733
        ],
        [
            0.0,
            0.5318315982854707,
            0.3101337225339516,
            0.0060485731712328844,
            0.0,
            0.0,
            0.021211974370447337,
            0.08157932038452338,
            0.0,
            0.001732107487040966,
            0.02286373218926426
        ],
        [
            0.0,
            0.7405854842491105,
            0.7961516159087659,
            0.023054657207729593,
            0.0,
            0.0,
            0.01176468756775688,
            0.10154682839260694,
            0.09312128662848417,
            0.08272529486009775,
            0.0225634923346246
        ],
        [
            0.0,
            0.5924157139603693,
            0.9645194897823847,
            0.029260124919553127,
            0.0,
            0.0,
            0.004421246749120013,
            0.11000384903929714,
            0.09075041758658768,
            0.09111588742617054,
            0.020770525943956418
        ],
        [
            0.009992888898431208,
            0.03624600463175519,
            0.057209052039986434,
            0.26184346542756637,
            0.34840899698559574,
            0.0738524369677784,
            0.008106316331468544,
            0.01857083377754614,
            0.018140008573915636,
            0.029477513932612918,
            0.2292829466430127
        ],
        [
            0.0,
            0.45639634493416065,
            0.2671797714583307,
            0.0,
            0.0,
            0.0,
            0.013045469341225698,
            0.012856272594373244,
            0.0,
            0.0002210025522598324,
            0.017752536719289884
        ],
        [
            0.010225895305580412,
            0.03591695682155843,
            0.056689697879757195,
            0.25946640291299095,
            0.3463587339468556,
            0.0743044720714965,
            0.008032725720179624,
            0.01840224437713879,
            0.017975330282919446,
            0.029209911709744112,
            0.22654121937700447
        ],
        [
            0.02625029623524473,
            0.09082100988999361,
            0.14334776850325545,
            0.03408966874006481,
            0.26036270712078446,
            0.0,
            0.011647400159842511,
            0.021776025274435833,
            0.03306488468609094,
            0.025641453604691212,
            0.07471517277518569
        ],
        [
            0.0,
            0.5978416185637153,
            0.9686443954603287,
            0.032296863501015884,
            0.0,
            0.0,
            0.008072781344117543,
            0.11654674502942759,
            0.0934414560992248,
            0.09673978967228232,
            0.022625124223102536
        ]
    ],
    "num_matches": 6,
    "num_GT_boxes": 11,
    "used_labels": [
        "bottle",
        "grape",
        "cloud",
        "chair",
        "dog",
        "table",
        "people"
    ]
}