{
    "bboxes": [
        [
            0.7314068196614584,
            0.0682421620686849,
            0.998204345703125,
            0.8148694661458333
        ],
        [
            0.11907944742838542,
            0.611779296875,
            0.31775640869140626,
            0.7821892903645833
        ],
        [
            0.5867493489583333,
            0.8652845052083333,
            0.6773281656901041,
            0.930474609375
        ],
        [
            0.23975,
            0.8523619791666667,
            0.3181136881510417,
            0.9272772623697917
        ],
        [
            0.39871695963541665,
            0.1707941691080729,
            0.6652526448567708,
            0.2519434611002604
        ],
        [
            0.20856162516276042,
            0.7193275553385416,
            0.29094234212239584,
            0.7838163248697917
        ],
        [
            0.7590826009114583,
            0.3982156575520833,
            0.826121826171875,
            0.49038179524739584
        ],
        [
            0.11952513631184895,
            0.81184228515625,
            0.19796598307291666,
            0.873001708984375
        ],
        [
            0.11874778238932292,
            0.10464818318684896,
            0.319762939453125,
            0.2002764892578125
        ],
        [
            0.6657802327473958,
            0.15340878295898439,
            0.7676822916666667,
            0.313819091796875
        ],
        [
            0.30711527506510417,
            0.2782237548828125,
            0.5708236490885417,
            0.5439185791015625
        ],
        [
            0.0004932581981023153,
            0.2652492472330729,
            0.28946974690755206,
            0.660098388671875
        ],
        [
            0.67062548828125,
            0.42300907389322917,
            0.7835353190104166,
            0.5585802408854167
        ]
    ],
    "labels": [
        "flower",
        "sun",
        "others",
        "others",
        "road",
        "others",
        "rabbit",
        "others",
        "road",
        "road",
        "flower",
        "flower",
        "road"
    ],
    "scores": [
        0.7338517904281616,
        0.5717201828956604,
        0.5646698474884033,
        0.5407947897911072,
        0.5382483005523682,
        0.5215020179748535,
        0.5162564516067505,
        0.505805492401123,
        0.3754119575023651,
        0.3052716553211212,
        0.29114511609077454,
        0.22669938206672668,
        0.2081691324710846
    ]
}