{
    "bboxes": [
        [
            0.11188479614257812,
            0.5673202718098959,
            0.6509712727864584,
            0.7770171712239583
        ],
        [
            0.6860729166666667,
            0.6492667643229166,
            0.9576661783854167,
            0.9175299479166666
        ],
        [
            0.6860729166666667,
            0.6492667643229166,
            0.9576661783854167,
            0.9175299479166666
        ],
        [
            0.6860729166666667,
            0.6492667643229166,
            0.9576661783854167,
            0.9175299479166666
        ],
        [
            0.6860729166666667,
            0.6492667643229166,
            0.9576661783854167,
            0.9175299479166666
        ]
    ],
    "labels": [
        "bucket",
        "tree",
        "star",
        "table",
        "umbrella"
    ],
    "scores": [
        0.43783003091812134,
        0.3361479938030243,
        0.3187496066093445,
        0.3107064366340637,
        0.2089824229478836
    ]
}