{
    "bboxes": [
        [
            0.31973529052734373,
            0.7200523274739583,
            0.570469482421875,
            0.929634765625
        ],
        [
            0.71951806640625,
            0.22463031005859374,
            0.9985135904947917,
            0.36857568359375
        ],
        [
            0.2001708780924479,
            0.09154652913411458,
            0.4243795166015625,
            0.27635207112630206
        ],
        [
            0.014662652333577475,
            0.33283614095052083,
            0.8594410807291667,
            0.6220847574869791
        ],
        [
            0.0002229558229446411,
            0.453128662109375,
            0.02330987294514974,
            0.50389697265625
        ],
        [
            0.025915606180826823,
            0.46742451985677086,
            0.06370687357584635,
            0.5299857584635417
        ],
        [
            0.0072963231404622395,
            0.7977596842447917,
            0.9980502115885417,
            0.9497893880208333
        ],
        [
            0.18634470621744792,
            0.51975390625,
            0.20992277018229166,
            0.5708052978515625
        ],
        [
            0.7614734700520833,
            0.5195787353515625,
            0.7977513834635417,
            0.5699720865885417
        ],
        [
            0.21382047526041667,
            0.5195222981770833,
            0.237097900390625,
            0.5738933919270833
        ],
        [
            0.0028800665537516276,
            0.7972066243489583,
            0.9979072265625,
            0.9947862955729166
        ],
        [
            0.8524612630208334,
            0.4794569091796875,
            0.9955709635416666,
            0.5840155843098959
        ],
        [
            0.9563646647135416,
            0.53296435546875,
            0.994611083984375,
            0.5839387613932292
        ]
    ],
    "labels": [
        "sun",
        "tree",
        "mountain",
        "cloud",
        "road",
        "road",
        "bus",
        "road",
        "road",
        "road",
        "bus",
        "road",
        "road"
    ],
    "scores": [
        0.9670270681381226,
        0.8072136044502258,
        0.5951589941978455,
        0.510245680809021,
        0.3121103048324585,
        0.30126121640205383,
        0.28737661242485046,
        0.28551462292671204,
        0.24305066466331482,
        0.24285157024860382,
        0.2187700867652893,
        0.20364317297935486,
        0.2006741613149643
    ]
}