{
    "bboxes": [
        [
            0.09198649088541666,
            0.22549237060546876,
            0.4640730794270833,
            0.6227386067708334
        ],
        [
            0.25166001383463543,
            0.27711468505859377,
            0.9872484537760416,
            0.9758684895833334
        ]
    ],
    "labels": [
        "sheep",
        "grass"
    ],
    "scores": [
        0.24242250621318817,
        0.2089085578918457
    ]
}