{
    "matched_indices": [
        8,
        8,
        0,
        10,
        0,
        8,
        8,
        9,
        1,
        8,
        2,
        25,
        0,
        0,
        8,
        0,
        0,
        8
    ],
    "iou_matrix": [
        [
            0.10171600770295935,
            0.0,
            0.1572102852422675,
            0.02305562449593662,
            0.9335876372915874,
            0.0,
            0.0,
            0.0,
            0.0,
            0.00015691348256130594,
            0.0004232802434132459,
            0.0,
            0.0,
            0.0,
            0.0,
            0.0,
            0.0,
            0.036100049595369936
        ],
        [
            0.0386403523209974,
            0.0,
            0.0,
            0.0,
            0.0,
            0.0,
            0.0,
            0.0,
            0.9297013468520885,
            0.0001885749783848052,
            0.0,
            0.0,
            0.0,
            0.0,
            0.0,
            0.0,
            0.0,
            0.013985576580045959
        ],
        [
            0.057531555867132655,
            0.0,
            0.0,
            0.0,
            0.0,
            0.0,
            0.0,
            0.0,
            0.0,
            0.008876678340727038,
            0.9578952347492643,
            0.0,
            0.0,
            0.0,
            0.0,
            0.0,
            0.0,
            0.04019511071433351
        ],
        [
            0.10171600770295935,
            0.0,
            0.1572102852422675,
            0.02305562449593662,
            0.9335876372915874,
            0.0,
            0.0,
            0.0,
            0.0,
            0.00015691348256130594,
            0.0004232802434132459,
            0.0,
            0.0,
            0.0,
            0.0,
            0.0,
            0.0,
            0.036100049595369936
        ],
        [
            0.057531555867132655,
            0.0,
            0.0,
            0.0,
            0.0,
            0.0,
            0.0,
            0.0,
            0.0,
            0.008876678340727038,
            0.9578952347492643,
            0.0,
            0.0,
            0.0,
            0.0,
            0.0,
            0.0,
            0.04019511071433351
        ],
        [
            0.10171600770295935,
            0.0,
            0.1572102852422675,
            0.02305562449593662,
            0.9335876372915874,
            0.0,
            0.0,
            0.0,
            0.0,
            0.00015691348256130594,
            0.0004232802434132459,
            0.0,
            0.0,
            0.0,
            0.0,
            0.0,
            0.0,
            0.036100049595369936
        ],
        [
            0.0386403523209974,
            0.0,
            0.0,
            0.0,
            0.0,
            0.0,
            0.0,
            0.0,
            0.9297013468520885,
            0.0001885749783848052,
            0.0,
            0.0,
            0.0,
            0.0,
            0.0,
            0.0,
            0.0,
            0.013985576580045959
        ],
        [
            0.057531555867132655,
            0.0,
            0.0,
            0.0,
            0.0,
            0.0,
            0.0,
            0.0,
            0.0,
            0.008876678340727038,
            0.9578952347492643,
            0.0,
            0.0,
            0.0,
            0.0,
            0.0,
            0.0,
            0.04019511071433351
        ],
        [
            0.12545283955909248,
            0.028411416070360167,
            0.0,
            0.0,
            0.008166881547686139,
            0.07152413514731275,
            0.008863734020085601,
            0.005802905610911235,
            0.007091931366376363,
            0.3295642204137853,
            0.0,
            0.01964434483445043,
            0.0,
            0.0,
            0.02002999042552305,
            0.0,
            0.0,
            0.19320663004057623
        ],
        [
            0.035577810937635464,
            0.011883739152388202,
            0.0,
            0.0,
            0.0,
            0.0,
            0.0,
            0.8230031995180481,
            0.0,
            0.0,
            0.0,
            0.0,
            0.0,
            0.0,
            0.0,
            0.0,
            0.0,
            0.012564054964564387
        ],
        [
            0.011123745894716947,
            0.0,
            0.0,
            0.8899047962505174,
            0.013577598155840271,
            0.0,
            0.0,
            0.0,
            0.0,
            0.0,
            0.0,
            0.0,
            0.0,
            0.0,
            0.0,
            0.0,
            0.0,
            0.0
        ],
        [
            0.12545283955909248,
            0.028411416070360167,
            0.0,
            0.0,
            0.008166881547686139,
            0.07152413514731275,
            0.008863734020085601,
            0.005802905610911235,
            0.007091931366376363,
            0.3295642204137853,
            0.0,
            0.01964434483445043,
            0.0,
            0.0,
            0.02002999042552305,
            0.0,
            0.0,
            0.19320663004057623
        ],
        [
            0.10171600770295935,
            0.0,
            0.1572102852422675,
            0.02305562449593662,
            0.9335876372915874,
            0.0,
            0.0,
            0.0,
            0.0,
            0.00015691348256130594,
            0.0004232802434132459,
            0.0,
            0.0,
            0.0,
            0.0,
            0.0,
            0.0,
            0.036100049595369936
        ],
        [
            0.10171600770295935,
            0.0,
            0.1572102852422675,
            0.02305562449593662,
            0.9335876372915874,
            0.0,
            0.0,
            0.0,
            0.0,
            0.00015691348256130594,
            0.0004232802434132459,
            0.0,
            0.0,
            0.0,
            0.0,
            0.0,
            0.0,
            0.036100049595369936
        ],
        [
            0.10171600770295935,
            0.0,
            0.1572102852422675,
            0.02305562449593662,
            0.9335876372915874,
            0.0,
            0.0,
            0.0,
            0.0,
            0.00015691348256130594,
            0.0004232802434132459,
            0.0,
            0.0,
            0.0,
            0.0,
            0.0,
            0.0,
            0.036100049595369936
        ],
        [
            0.10171600770295935,
            0.0,
            0.1572102852422675,
            0.02305562449593662,
            0.9335876372915874,
            0.0,
            0.0,
            0.0,
            0.0,
            0.00015691348256130594,
            0.0004232802434132459,
            0.0,
            0.0,
            0.0,
            0.0,
            0.0,
            0.0,
            0.036100049595369936
        ],
        [
            0.10171600770295935,
            0.0,
            0.1572102852422675,
            0.02305562449593662,
            0.9335876372915874,
            0.0,
            0.0,
            0.0,
            0.0,
            0.00015691348256130594,
            0.0004232802434132459,
            0.0,
            0.0,
            0.0,
            0.0,
            0.0,
            0.0,
            0.036100049595369936
        ],
        [
            0.035577810937635464,
            0.011883739152388202,
            0.0,
            0.0,
            0.0,
            0.0,
            0.0,
            0.8230031995180481,
            0.0,
            0.0,
            0.0,
            0.0,
            0.0,
            0.0,
            0.0,
            0.0,
            0.0,
            0.012564054964564387
        ],
        [
            0.011123745894716947,
            0.0,
            0.0,
