{
    "mean_iou": 0.7229485511207733,
    "mean_dice": 0.7537817552494671,
    "missed_matches": 9,
    "total_matches": 21,
    "success_rate": 0.5714285714285714,
    "time": "2024-09-26 23:51:06"
}