{
    "matched_indices": [
        0,
        0,
        0,
        2,
        2,
        0,
        0,
        0,
        1,
        0
    ],
    "iou_matrix": [
        [
            7.235560243027996e-05,
            0.003961305174063667,
            0.956080389136788,
            0.0,
            0.27575488916861574,
            0.3391243519997434,
            0.012267212124015183,
            0.019281727468168176,
            0.0,
            0.5641715469694197
        ],
        [
            0.0,
            0.0,
            0.0,
            0.0,
            0.007208142726204889,
            0.0,
            0.0,
            0.0,
            0.9897418025155442,
            0.0
        ],
        [
            0.0,
            0.0,
            0.3472477493950115,
            0.016827089493753576,
            0.7577208693776146,
            0.31230432519843276,
            0.0,
            0.0,
            0.006222665985074389,
            0.16275170029388392
        ]
    ],
    "num_matches": 3,
    "num_matches_with_correct_class": 0,
    "num_GT_boxes": 10,
    "used_labels": [
        "others",
        "bench",
        "tree",
        "sun",
        "cat",
        "grass"
    ],
    "map_score": 0.03333333507180214
}