{
    "bboxes": [
        [
            0.007765292485555013,
            0.31599176025390624,
            0.9932113444010416,
            0.5202932942708334
        ],
        [
            0.0021249353090922038,
            0.32753485107421876,
            0.6324463704427083,
            0.5563540852864584
        ],
        [
            0.7871592610677083,
            0.10535765584309896,
            0.9957657063802083,
            0.29013090006510417
        ]
    ],
    "labels": [
        "duck",
        "duck",
        "street lamp"
    ],
    "scores": [
        0.3686005473136902,
        0.2161286473274231,
        0.20226527750492096
    ]
}