{
    "bboxes": [
        [
            0.02695843505859375,
            0.19875569661458334,
            0.17100752766927083,
            0.2758430786132812
        ],
        [
            0.2400923868815104,
            0.10547529093424479,
            0.38462910970052083,
            0.1943968709309896
        ],
        [
            0.61219873046875,
            0.11822622680664062,
            0.7818273111979167,
            0.196007080078125
        ],
        [
            0.3733055419921875,
            0.19877591959635416,
            0.4774645182291667,
            0.2626434326171875
        ],
        [
            0.016764461517333986,
            0.29594091796875,
            0.2735049235026042,
            0.5532204182942708
        ],
        [
            0.4262890218098958,
            0.2963019816080729,
            0.79834130859375,
            0.5603580322265626
        ],
        [
            0.38826155598958334,
            0.0653383534749349,
            0.6653222249348958,
            0.19724176025390625
        ],
        [
            0.692034423828125,
            0.4125036214192708,
            0.9449839680989583,
            0.6373804931640625
        ],
        [
            0.3354413045247396,
            0.778951416015625,
            0.554656494140625,
            0.9908663736979166
        ],
        [
            0.2616949462890625,
            0.5057650553385417,
            0.37026676432291666,
            0.5430227457682292
        ],
        [
            0.47937967936197917,
            0.6746487223307291,
            0.8760689290364584,
            0.7561571451822917
        ],
        [
            0.8272689615885417,
            0.7317509765625,
            0.9299129231770833,
            0.7825580240885417
        ],
        [
            0.0004679113229115804,
            0.6879795735677083,
            0.2327890625,
            0.9986859537760416
        ],
        [
            0.18567938232421874,
            0.7264479166666666,
            0.34563956705729165,
            0.9986566569010417
        ]
    ],
    "labels": [
        "chicken",
        "chicken",
        "chicken",
        "chicken",
        "horse",
        "horse",
        "others",
        "cloud",
        "grape",
        "grape",
        "duck",
        "grape",
        "grape",
        "grape"
    ],
    "scores": [
        0.9936419129371643,
        0.9930100440979004,
        0.9920604228973389,
        0.991703987121582,
        0.9744477868080139,
        0.9733642935752869,
        0.9701436161994934,
        0.9661000370979309,
        0.9657990336418152,
        0.9194641709327698,
        0.9135807156562805,
        0.8639726638793945,
        0.853718638420105,
        0.8415195941925049
    ]
}