{
    "matched_indices": [
        1,
        3,
        2,
        3,
        2,
        4,
        1,
        0,
        0,
        1,
        2,
        4,
        2,
        5,
        5,
        5
    ],
    "iou_matrix": [
        [
            0.0,
            0.0,
            0.02776326560085019,
            0.0,
            0.0,
            0.13044683917019756,
            0.0,
            0.9908785513030464,
            0.14750349253535908,
            0.0,
            0.0,
            0.0,
            0.0,
            0.0,
            0.0,
            0.0
        ],
        [
            0.1129000098481255,
            0.0,
            0.01157374847260751,
            0.0,
            0.03741568619781497,
            0.0,
            0.993533007810671,
            0.0,
            0.0,
            0.03957759578205811,
            0.026719556890763947,
            0.0,
            0.0,
            0.0,
            0.0,
            0.0
        ],
        [
            0.0,
            0.0,
            0.28702628386719103,
            0.0,
            0.9404685973549471,
            0.0,
            0.03537157956884734,
            0.0,
            0.016211957015468355,
            0.0,
            0.03872048478194737,
            0.0,
            0.020236357697528427,
            0.0,
            0.0,
            0.0
        ],
        [
            0.0,
            0.07167224789893442,
            0.0,
            0.9857629570387744,
            0.0,
            0.0,
            0.0,
            0.0,
            0.0,
            0.0,
            0.0,
            0.0,
            0.0,
            0.0,
            0.0,
            0.0
        ],
        [
            0.0,
            0.0,
            0.05593542988223353,
            0.0,
            0.0,
            0.9428868298004406,
            0.0,
            0.12194952026658577,
            0.0,
            0.0,
            0.0,
            0.017529252295511052,
            0.0,
            0.0,
            0.0,
            0.0
        ],
        [
            0.0,
            0.0,
            0.0,
            0.0,
            0.0,
            0.0,
            0.0,
            0.0,
            0.09373079191229156,
            0.0,
            0.00788057510028648,
            0.0,
            0.0,
            0.010709490006988344,
            0.007392944869848876,
            0.9675037777996838
        ]
    ],
    "num_matches": 6,
    "num_GT_boxes": 16,
    "used_labels": [
        "truck",
        "fence",
        "road",
        "cloud",
        "tree",
        "grass",
        "house",
        "mountain",
        "sun"
    ]
}