{
    "bboxes": [
        [
            0.3325475870768229,
            0.49130436197916666,
            0.611156005859375,
            0.8773589680989583
        ],
        [
            0.35947574869791665,
            0.0652689208984375,
            0.5711240641276042,
            0.23551627604166667
        ],
        [
            0.6450790201822917,
            0.09008356730143229,
            0.9986971028645834,
            0.8915421549479167
        ],
        [
            0.6791415201822917,
            0.08816612752278646,
            0.997757080078125,
            0.43018916829427084
        ],
        [
            0.13300314331054688,
            0.06605936177571614,
            0.30354608154296875,
            0.14268376668294272
        ],
        [
            0.6410787760416666,
            0.25911822509765625,
            0.9985760091145833,
            0.8918920084635417
        ],
        [
            0.003211170196533203,
            0.0018235742251078288,
            0.9993179524739584,
            0.48089615885416664
        ],
        [
            0.6776903076171875,
            0.0006490647395451864,
            0.9988038736979167,
            0.43035921223958334
        ]
    ],
    "labels": [
        "grass",
        "cloud",
        "duck",
        "tree",
        "tree",
        "duck",
        "tree",
        "tree"
    ],
    "scores": [
        0.8710134029388428,
        0.4421292245388031,
        0.39343538880348206,
        0.2445206642150879,
        0.24043743312358856,
        0.23092412948608398,
        0.22451701760292053,
        0.2038547843694687
    ]
}