{
    "bboxes": [
        [
            0.8006611328125,
            0.07895360310872396,
            0.9044650065104166,
            0.11700028483072916
        ],
        [
            0.33130242919921876,
            0.06527180989583334,
            0.5980478515625,
            0.3294890340169271
        ],
        [
            0.06610071309407552,
            0.09202810668945313,
            0.18409910074869792,
            0.14322038777669271
        ],
        [
            0.7364451497395833,
            0.5096630452473958,
            0.9699422200520833,
            0.7671830240885417
        ],
        [
            0.0003149956266085307,
            0.5184971110026042,
            0.13015720621744792,
            0.7835113932291666
        ],
        [
            0.6806553141276042,
            0.3201634724934896,
            0.8770445149739583,
            0.3962284749348958
        ],
        [
            0.5326842041015625,
            0.5724766031901042,
            0.7424844563802083,
            0.7844300944010417
        ],
        [
            0.10165723673502604,
            0.4561295166015625,
            0.32899481201171876,
            0.766688232421875
        ],
        [
            0.013871222178141277,
            0.7835187174479167,
            0.9954644368489584,
            0.9023826497395834
        ],
        [
            0.32512255859375,
            0.5612731119791666,
            0.5513636067708333,
            0.7667239583333333
        ],
        [
            0.4617236328125,
            0.469901611328125,
            0.6726454671223958,
            0.7669884440104167
        ]
    ],
    "labels": [
        "others",
        "bicycle",
        "others",
        "grass",
        "grass",
        "others",
        "grass",
        "grass",
        "cow",
        "grass",
        "grass"
    ],
    "scores": [
        0.9915233850479126,
        0.9885026216506958,
        0.9858564138412476,
        0.9757477641105652,
        0.9722927212715149,
        0.9719070196151733,
        0.9687924385070801,
        0.9561910033226013,
        0.9274030327796936,
        0.6894581913948059,
        0.4602506756782532
    ]
}