{
    "mean_iou": 0.25463863023914024,
    "mean_dice": 0.2870510621053709,
    "missed_matches": 18,
    "total_matches": 21,
    "success_rate": 0.14285714285714285,
    "time": "2024-09-27 00:05:19"
}