{
    "matched_indices": [
        11,
        12,
        0,
        1,
        5,
        8,
        4,
        6,
        9,
        7,
        10,
        3,
        2
    ],
    "iou_matrix": [
        [
            0.0,
            0.0,
            0.9924429341910133,
            0.11266333407975981,
            0.035607452706770765,
            0.0,
            0.0,
            0.0,
            0.0,
            0.004453086355786488,
            0.0,
            0.0,
            0.0
        ],
        [
            0.14089205921002412,
            0.0,
            0.1143321042562644,
            0.9959298669763648,
            0.0,
            0.0365831863911623,
            0.0055962324034646415,
            0.0,
            0.0,
            0.004564497991998968,
            0.0,
            0.0,
            0.0
        ],
        [
            0.0,
            0.0,
            0.0,
            0.0,
            0.0,
            0.0,
            0.0,
            0.0,
            0.0,
            0.0,
            0.0,
            0.0,
            0.9689700043040801
        ],
        [
            0.0,
            0.0,
            0.0,
            0.0,
            0.0,
            0.0,
            0.0,
            0.0,
            0.0,
            0.0254950100662148,
            0.0,
            0.9848450054455763,
            0.00013400770832599387
        ],
        [
            0.040736363504832514,
            0.0,
            0.0,
            0.005273844456128924,
            0.0,
            0.0,
            0.9659007464174406,
            0.0,
            0.0,
            0.0,
            0.0,
            0.0,
            0.0
        ],
        [
            0.0,
            0.0,
            0.03452103135783556,
            0.0,
            0.9613499495496415,
            0.0,
            0.0,
            0.0,
            0.0,
            0.0,
            0.0,
            0.0,
            0.0
        ],
        [
            0.0,
            0.0,
            0.0,
            0.0,
            0.0,
            0.0,
            0.0,
            0.9782507288805966,
            0.0,
            0.0,
            0.0,
            0.0,
            0.0
        ],
        [
            0.0,
            0.0,
            0.004834281648506085,
            0.004939380790086955,
            0.0,
            0.0,
            0.0,
            0.0,
            0.0,
            0.9884340742839073,
            0.0,
            0.024224330343053175,
            0.0
        ],
        [
            0.0,
            0.0,
            0.0,
            0.03640308153324037,
            0.0,
            0.9871370313284686,
            0.0,
            0.0,
            0.0,
            0.0,
            0.0,
            0.0,
            0.0
        ],
        [
            0.057645314035600144,
            0.09059903708197886,
            0.0,
            0.0,
            0.0,
            0.0,
            0.0,
            0.0,
            0.976504828423839,
            0.0,
            0.0,
            0.0,
            0.0
        ],
        [
            0.016298971251732953,
            0.0,
            0.0,
            0.0,
            0.0,
            0.0,
            0.0,
            0.0,
            0.0,
            0.0,
            0.9773554042766183,
            0.0,
            0.0
        ],
        [
            0.9829469239462676,
            0.14440975247280793,
            0.0,
            0.1409188569529813,
            0.0,
            0.0,
            0.04290616393309069,
            0.0,
            0.05642862748279498,
            0.0,
            0.015304814912287218,
            0.0,
            0.0
        ],
        [
            0.14517949547852876,
            0.9672032053518899,
            0.0,
            0.0,
            0.0,
            0.0,
            0.0,
            0.0,
            0.07928583207238828,
            0.0,
            0.0,
            0.0,
            0.0
        ],
        [
            0.15548541816483408,
            0.9183024412708617,
            0.0,
            0.0,
            0.0,
            0.0,
            0.0,
            0.0,
            0.12472328562588388,
            0.0,
            0.0,
            0.0,
            0.0
        ],
        [
            0.8178253829027521,
            0.06878593840867887,
            0.0,
            0.15502639944145688,
            0.0,
            0.0,
            0.051569054639357854,
            0.0,
            0.023593261544955748,
            0.0,
            0.01837475220366701,
            0.0,
            0.0
        ]
    ],
    "num_matches": 13,
    "num_GT_boxes": 13,
    "used_labels": [
        "airplane",
        "apple",
        "balloon",
        "banana",
        "basket",
        "bee",
        "bench",
        "bicycle",
        "bird",
        "bottle",
        "bucket",
        "bus",
        "butterfly",
        "car",
        "cat",
        "chair",
        "chicken",
        "cloud",
        "cow",
        "cup",
        "dinnerware",
        "dog",
        "duck",
        "fence",
        "flower",
        "grape",
        "grass",
        "horse",
        "house",
        "moon",
        "mountain",
        "people",
        "picnic rug",
        "pig",
        "rabbit",
        "road",
        "sheep",
        "sofa",
        "star",
        "street lamp",
        "sun",
        "table",
        "tree",
        "truck",
        "umbrella",
        "others"
    ]
}