{
    "bboxes": [
        [
            0.5037693277994791,
            0.16856594848632814,
            0.973461669921875,
            0.4172659505208333
        ],
        [
            0.18395920817057293,
            0.3295546468098958,
            0.5487017415364583,
            0.918963134765625
        ],
        [
            0.5833253580729166,
            0.5558041178385417,
            0.7853655598958333,
            0.82775048828125
        ],
        [
            0.00959735361735026,
            0.43703641764322915,
            0.16077332560221355,
            0.5466727294921875
        ],
        [
            0.6713788248697916,
            0.5570463460286458,
            0.997999267578125,
            0.826843994140625
        ],
        [
            0.18355940755208333,
            0.32938433837890624,
            0.5485905354817708,
            0.9191983235677084
        ],
        [
            0.7220270182291667,
            0.5570968017578125,
            0.997980224609375,
            0.8262122395833333
        ],
        [
            0.5041509602864583,
            0.37336832682291665,
            0.9984991048177083,
            0.4613800048828125
        ]
    ],
    "labels": [
        "horse",
        "mountain",
        "basket",
        "tree",
        "tree",
        "others",
        "tree",
        "people"
    ],
    "scores": [
        0.6690106391906738,
        0.586911678314209,
        0.5332295894622803,
        0.49668675661087036,
        0.37206292152404785,
        0.35202789306640625,
        0.323759526014328,
        0.2302447110414505
    ]
}