{
    "matched_indices": [
        15,
        9,
        2,
        17,
        15,
        1,
        3,
        8,
        4,
        10,
        12,
        5,
        7,
        11,
        0,
        6,
        16
    ],
    "iou_matrix": [
        [
            0.0,
            0.0,
            0.0,
            0.0,
            0.0,
            0.0,
            0.0,
            0.0,
            0.0,
            0.0,
            0.0,
            0.0,
            0.0,
            0.0,
            0.9774878761510097,
            0.0,
            0.04044195598391586
        ],
        [
            0.0,
            0.0,
            0.0,
            0.03150483619038908,
            0.0,
            0.8676133204624509,
            0.0,
            0.0,
            0.0,
            0.0,
            0.0,
            0.0,
            0.0,
            0.0,
            0.0,
            0.0,
            0.0104169239277731
        ],
        [
            0.0,
            0.0,
            0.989906444602667,
            0.0,
            0.0,
            0.0,
            0.0,
            0.0,
            0.0,
            0.0,
            0.0,
            0.0,
            0.0,
            0.0,
            0.0,
            0.03680229146554769,
            0.05566074161182397
        ],
        [
            0.0,
            0.0,
            0.0,
            0.04827085683050321,
            0.0,
            0.0,
            0.7445629961171563,
            0.0,
            0.034750842913773575,
            0.0,
            0.0,
            0.0,
            0.0,
            0.0,
            0.0,
            0.0,
            0.0159605287420975
        ],
        [
            0.0,
            0.0,
            0.0,
            0.014343932018450838,
            0.0,
            0.0,
            0.0,
            0.016762738665898433,
            0.9542931456513273,
            0.0,
            0.0,
            0.0,
            0.0,
            0.0,
            0.0,
            0.0,
            0.004742752755747813
        ],
        [
            0.0,
            0.0,
            0.0,
            0.22487163492575174,
            0.0,
            0.0,
            0.0,
            0.0,
            0.0,
            0.0,
            0.0,
            0.9924255887655238,
            0.042057409125488894,
            0.029372182340550754,
            0.0,
            0.0,
            0.0808946427237678
        ],
        [
            0.0,
            0.0,
            0.03501627542342144,
            0.0,
            0.0,
            0.0,
            0.0,
            0.0,
            0.0,
            0.0,
            0.0,
            0.0,
            0.0,
            0.0,
            0.0,
            0.9898724785509624,
            0.0
        ],
        [
            0.0,
            0.0,
            0.0,
            0.013183946015180477,
            0.0,
            0.0,
            0.0,
            0.0,
            0.0,
            0.0,
            0.06662458929950146,
            0.04266827987639964,
            0.9880132799642517,
            0.0,
            0.0,
            0.0,
            0.012831359566221685
        ],
        [
            0.0,
            0.0,
            0.0,
            0.11689561686169656,
            0.0,
            0.0,
            0.0037039550503355986,
            0.9122816650360811,
            0.02117919662836854,
            0.0,
            0.11955459851042531,
            0.0,
            0.0,
            0.0,
            0.0,
            0.0,
            0.03930824714286321
        ],
        [
            0.0,
            0.9877134521113901,
            0.0,
            0.0,
            0.0,
            0.0,
            0.0,
            0.0,
            0.0,
            0.0,
            0.0,
            0.0,
            0.0,
            0.0,
            0.0,
            0.0,
            0.01954599462185613
        ],
        [
            0.0014447237171583871,
            0.0,
            0.0,
            0.0,
            0.09056840624741208,
            0.0,
            0.0,
            0.0,
            0.0,
            0.9775234898144128,
            0.0,
            0.0,
            0.0,
            0.08192862644196496,
            0.0,
            0.0,
            0.028476915846498252
        ],
        [
            0.01449256168840582,
            0.0,
            0.0,
            0.03674810422988182,
            0.0,
            0.0,
            0.0,
            0.0,
            0.0,
            0.08859931827605831,
            0.0,
            0.028893029841935022,
            0.0,
            0.9852174363202887,
            0.0,
            0.0,
            0.03485996801504329
        ],
        [
            0.0,
            0.0,
            0.0,
            0.03757154738924886,
            0.0,
            0.0,
            0.0,
            0.11305623741103309,
            0.0,
            0.0,
            0.9010463357893779,
            0.0,
            0.06879459427066106,
            0.0,
            0.0,
            0.0,
            0.02162547311335193
        ],
        [
            0.05536483601626316,
            0.0,
            0.0,
            0.7278367287994522,
            0.0,
            0.03744029485461583,
            0.044820414122248624,
            0.09354140451475818,
            0.01541604140638809,
            0.00427901325485774,
            0.024379133604504017,
            0.1921127373605155,
            0.0,
            0.038113636320295,
            0.0,
            0.0,
            0.3201648385083652
        ],
        [
            0.0,
            0.04288600709522987,
            0.0,
            0.011848544630192664,
            0.0,
            0.0,
            0.0,
            0.0,
            0.0,
            0.0,
            0.0,
            0.0,
            0.0,
            0.0,
            0.0,
            0.0,
            0.20455252404643487
        ],
        [
            0.07436706900638879,
            0.0,
            0.0,
            0.06981271480832726,
            0.1590193851633396,
            0.0,
            0.0,
            0.0,
            0.0,
            0.3531422754738396,
            0.0,
            0.035625327270513256,
            0.0,
            0.41325824516185605,
            0.0,
            0.0,
            0.11700122394161976
        ],
        [
            0.02490287761294793,
            0.0,
            0.0,
            0.41798231924398527,
            0.053387891679208266,
            0.016840492045949573,
            0.02008900410386465,
            0.06012055660404002,
            0.006934072599919746,
            0.11912295328291495,
            0.12964279549096946,
            0.1145153459124571,
            0.10819367145518369,
            0.14181060187140174,
            0.0,
            0.0,
            0.3828779264746253
        ],
        [
            0.0,
            0.0,
            0.0,
            0.734129865683339,
            0.0,
            0.04938303027158905,
            0.05850780556461835,
            0.10275462458128243,
            0.02033346271432682,
            0.0,
            0.007873557397704848,
            0.21961043868802996,
            0.0,
            0.011103228717763798,
            0.0,
            0.0,
            0.24273654107309875
        ],
        [
            0.0,
            0.0,
            0.0,
            0.030561132766666554,
            0.0,
            0.0,
            0.0,
            0.11735738252074747,
            0.0,
            0.0,
            0.7746584268569745,
            0.0,
            0.006013494179830997,
            0.0,
            0.0,
            0.0,
            0.01788144458192679
        ],
        [
            0.0,
            0.0,
            0.0,
            0.02772392957497333,
            0.0,
            0.0,
            0.0,
            0.12162991366803237,
            0.0,
            0.0,
            0.6813038051452329,
            0.0,
