{
    "matched_indices": [
        18,
        14,
        12,
        13,
        6,
        5,
        5,
        7,
        4,
        5,
        2,
        8,
        3,
        0,
        1,
        17
    ],
    "iou_matrix": [
        [
            0.0,
            0.0,
            0.0,
            0.0,
            0.0,
            0.0,
            0.0,
            0.0,
            0.0,
            0.0,
            0.0,
            0.0,
            0.0,
            0.9730922329630302,
            0.0,
            0.05355903521348013
        ],
        [
            0.0,
            0.0,
            0.0,
            0.0,
            0.0,
            0.0,
            0.0,
            0.0,
            0.0,
            0.0,
            0.0,
            0.0,
            0.0,
            0.0,
            0.9861931283634712,
            0.0
        ],
        [
            0.0,
            0.0,
            0.0,
            0.0,
            0.0,
            0.0,
            0.0,
            0.0,
            0.0,
            0.0,
            0.980469273053546,
            0.0,
            0.16698306612638722,
            0.0,
            0.0,
            0.19659685891913659
        ],
        [
            0.0,
            0.0,
            0.0,
            0.0,
            0.0,
            0.0,
            0.0,
            0.13196184721494414,
            0.015273792692795636,
            0.0,
            0.15710627509346697,
            0.01524964197678118,
            0.8790428272734323,
            0.0,
            0.0,
            0.20970947721582014
        ],
        [
            0.0,
            0.0,
            0.0,
            0.0,
            0.004573704535281388,
            0.0,
            0.0,
            0.0,
            0.9841924427299883,
            0.0,
            0.0,
            0.0,
            0.016723806538849896,
            0.0,
            0.0,
            0.03316896678996739
        ],
        [
            0.0,
            6.524710630992909e-05,
            0.0,
            0.0,
            0.0,
            0.014972115326615505,
            0.017622333014909876,
            0.0,
            0.0,
            0.8024768618002995,
            0.0,
            0.0,
            0.0,
            0.0,
            0.0,
            0.04894178462327603
        ],
        [
            0.0,
            0.0,
            0.0,
            0.0,
            0.09780787066455314,
            0.0,
            0.0,
            0.0,
            0.018442325771494832,
            0.0,
            0.0,
            0.7526641673872909,
            0.009209509571142372,
            0.0,
            0.0,
            0.054309079629950546
        ],
        [
            0.0,
            0.0,
            0.0,
            0.0,
            0.0,
            0.0,
            0.0,
            0.9677337649990035,
            0.0,
            0.0,
            0.0,
            0.0,
            0.06887105167945695,
            0.0,
            0.0,
            0.03919117220578497
        ],
        [
            0.0,
            0.0,
            0.0,
            0.0,
            0.03182863310819883,
            0.0,
            0.0,
            0.0,
            0.0,
            0.0,
            0.0,
            0.9799803918531753,
            0.004438876987704245,
            0.0,
            0.0,
            0.04972390299594594
        ],
        [
            0.0,
            0.0,
            0.0,
            0.0,
            0.015322245990841485,
            0.0,
            0.0,
            0.0491741947999406,
            0.08525297669304203,
            0.0,
            0.4244670732689516,
            0.11075581936489541,
            0.25819327224520616,
            0.0,
            0.009915348782726548,
            0.3820977441048395
        ],
        [
            0.0,
            0.0,
            0.0,
            0.0,
            0.0,
            0.0,
            0.0,
            0.03073095443249683,
            0.026926300578040893,
            0.03374564660121634,
            0.16154275126384768,
            0.0401711471368562,
            0.16313451194899387,
            0.04213217682893209,
            0.0,
            0.8046741157146685
        ],
        [
            0.0,
            0.000269497323708267,
            0.0009225073661896273,
            0.0,
            0.009256488957578695,
            0.002332635217309833,
            0.0027769466872736097,
            0.029707158561189217,
            0.051503104559967865,
            0.12465723194478652,
            0.25642942809548347,
            0.07123176802488722,
            0.1543372875129857,
            0.040728551413346255,
            0.01555845553087547,
            0.508697878091732
        ],
        [
            0.0,
            0.0,
            0.8919049337906819,
            0.20778349264641294,
            0.0,
            0.0,
            0.0,
            0.0,
            0.0,
            0.0,
            0.0,
            0.0,
            0.0,
            0.0,
            0.0,
            0.0
        ],
        [
            0.0,
            0.0,
            0.37004066105565303,
            0.5976021009745289,
            0.0,
            0.0,
            0.0,
            0.0,
            0.0,
            0.0,
            0.0,
            0.0,
            0.0,
            0.0,
            0.0,
            0.0
        ],
        [
            0.0,
            0.9038638754790895,
            0.0,
            0.0,
            0.0,
            0.0,
            0.0,
            0.0,
            0.0,
            0.0,
            0.0,
            0.0,
            0.0,
            0.0,
            0.0,
            0.0
        ],
        [
            0.0,
            0.0,
            0.0,
            0.0,
            0.0,
            0.0,
            0.0,
            0.0,
            0.0,
            0.0,
            0.0,
            0.0,
            0.0,
            0.0,
            0.9845247360952896,
            0.0
        ],
        [
            0.0,
            6.524710630992909e-05,
            0.0,
            0.0,
            0.0,
            0.014972115326615505,
            0.017622333014909876,
            0.0,
            0.0,
            0.8024768618002995,
            0.0,
            0.0,
            0.0,
            0.0,
            0.0,
            0.04894178462327603
        ],
        [
            0.0,
            0.0,
            0.0,
            0.0,
            0.0,
            0.0,
            0.0,
            0.03574568686538368,
            0.030866768788668383,
            0.038185058484319925,
            0.1847149608379951,
            0.046081090002752706,
            0.18975509510695468,
            0.04900738124460579,
            0.0,
            0.9349070426479745
        ],
        [
            0.9120733409296785,
            0.0,
            0.0,
            0.0,
            0.0,
            0.0,
            0.0,
            0.0,
            0.0,
            0.0,
            0.0,
            0.0,
            0.0,
            0.0,
            0.0,
            0.0
        ],
        [
            0.010260728701248016,
            0.0064491868249369625,
            0.005434707998542382,
            0.008429200435898688,
            0.005434707998542381,
            0.0013695464156326812,
            0.001630412399562715,
            0.017441789536655344,
            0.03023871530388981,
            0.07341928192164189,
            0.1505559041142868,
            0.04182188961811645,
            0.09258930860183369,
            0.02391271519358647,
            0.026086598393003427,
            0.4566237346691931
        ],
        [
            0.010291783463650872,
            0.006468705708085651,
            0.005451156495577794,
            0.008500165918392644,
            0.005451156495577793,
            0.0013736914368856048,
            0.0016353469486733386,
            0.017494578246474327,
            0.030330234741394842,
