{
    "matched_indices": [
        2,
        13,
        14,
        10,
        0,
        1,
        8,
        7,
        4,
        12,
        3,
        9,
        6,
        5,
        11,
        15,
        16
    ],
    "iou_matrix": [
        [
            0.0,
            0.05599985176476511,
            0.0,
            0.0,
            0.9806241660734953,
            0.0,
            0.0,
            0.0,
            0.0,
            0.0,
            0.0,
            0.0,
            0.0,
            0.0,
            0.0,
            0.004086932274849845,
            0.00499485358365189
        ],
        [
            0.0,
            0.0,
            0.013283016905698658,
            0.0,
            0.0,
            0.842868696123866,
            0.0,
            0.0,
            0.0,
            0.0,
            0.0,
            0.0,
            0.0,
            0.0,
            0.0,
            9.061150710841024e-06,
            0.04364731210302449
        ],
        [
            0.9510074526583494,
            0.0,
            0.045916349078298245,
            0.0,
            0.0,
            0.047290356769478036,
            0.0,
            0.0,
            0.0,
            0.0,
            0.0,
            0.0,
            0.0,
            0.0,
            0.0,
            4.5520761032224135e-05,
            0.057395986176118935
        ],
        [
            0.0,
            0.0,
            0.0,
            0.0,
            0.0,
            0.0,
            0.0,
            0.0,
            0.0,
            0.0,
            0.9341378297509616,
            0.0,
            0.0,
            0.0,
            0.0,
            0.004588112274714252,
            0.0
        ],
        [
            0.0,
            0.0,
            0.0,
            0.0,
            0.0,
            0.0,
            0.0,
            0.0,
            0.9354798434706529,
            0.0,
            0.0,
            0.0,
            0.0,
            0.0,
            0.0,
            0.005799967338978567,
            0.0
        ],
        [
            0.0,
            0.0,
            0.0,
            0.0,
            0.0,
            0.0,
            0.0,
            0.0,
            0.0,
            0.0,
            0.0,
            0.0,
            0.0,
            0.9606342966371738,
            0.0,
            0.005551205966395498,
            0.0
        ],
        [
            0.0,
            0.010899813587122928,
            0.0,
            0.0,
            0.0,
            0.0,
            0.0,
            0.0,
            0.0,
            0.0,
            0.0,
            0.0,
            0.9596371862432637,
            0.0,
            0.0,
            0.0069643539041399204,
            0.0
        ],
        [
            0.0,
            0.0,
            0.0,
            0.0,
            0.0,
            0.0,
            0.0,
            0.9493068719215902,
            0.0,
            0.0,
            0.0,
            0.0,
            0.0,
            0.0,
            0.0,
            0.004557213508601654,
            0.0
        ],
        [
            0.0,
            0.0,
            0.0,
            0.0,
            0.0,
            0.0,
            0.9282278075854016,
            0.0,
            0.0,
            0.0,
            0.0,
            0.0,
            0.0,
            0.0,
            0.0,
            0.0036609363036152805,
            0.0
        ],
        [
            0.0,
            0.0,
            0.010096054478337531,
            0.0,
            0.0,
            0.0,
            0.0,
            0.0,
            0.0,
            0.0,
            0.0,
            0.9647667899503015,
            0.0,
            0.0,
            0.0,
            0.011280324726326025,
            0.0
        ],
        [
            0.0,
            0.0,
            0.0,
            0.8745290857809593,
            0.0,
            0.0,
            0.0,
            0.0,
            0.0,
            0.0,
            0.0,
            0.0,
            0.0,
            0.0,
            0.0,
            0.0,
            0.04903402270786322
        ],
        [
            0.0,
            0.0,
            0.00845796955414463,
            0.0,
            0.0,
            0.0,
            0.0,
            0.0,
            0.0,
            0.0,
            0.0,
            0.0,
            0.0,
            0.0,
            0.9527514762382517,
            0.006982878263011158,
            0.0
        ],
        [
            0.0,
            0.0,
            0.0,
            0.0,
            0.0,
            0.0,
            0.0,
            0.0,
            0.0,
            0.950483226874178,
            0.0,
            0.0,
            0.0,
            0.0,
            0.0,
            0.004713579401648461,
            0.0
        ],
        [
            0.0,
            0.9894258832570031,
            0.0,
            0.0,
            0.05661226886620373,
            0.0,
            0.0,
            0.0,
            0.0,
            0.0,
            0.0,
            0.0,
            0.011060626358558173,
            0.0,
            0.0,
            0.1062326659296826,
            0.027908934856952776
        ],
        [
            0.048816312142403714,
            0.0,
            0.9915111032623061,
            0.0,
            0.0,
            0.019998814263447746,
            0.0,
            0.0,
            0.0,
            0.0,
            0.0,
            0.010297674311400436,
            0.0,
            0.0,
            0.00858572400008419,
            0.320566211709659,
            0.02088359110284051
        ],
        [
            0.006166079684766411,
            0.11797012479060928,
            0.3325769603795832,
            0.004197323380690165,
            0.010290339971441749,
            0.006131154328370061,
            0.00363541722688834,
            0.004544271533610424,
            0.005740132463507904,
            0.004601017378577249,
            0.004544271533610436,
            0.011097589429448619,
            0.006888158956209486,
            0.005453125840332514,
            0.006888158956209486,
            0.9458520077629102,
            0.01654791207982586
        ],
        [
            0.04739767002728414,
            0.024090039326732888,
            0.016449707403175914,
            0.04344458025590213,
            0.038625201389683735,
            0.03863268154420668,
            0.0,
            0.0,
            0.0,
            0.0,
            0.0,
            0.0,
            0.0,
            0.0,
            0.0,
            0.0,
            0.7124710028591035
        ],
        [
            0.04739767002728414,
            0.024090039326732888,
            0.016449707403175914,
            0.04344458025590213,
            0.038625201389683735,
            0.03863268154420668,
            0.0,
            0.0,
            0.0,
            0.0,
            0.0,
            0.0,
            0.0,
            0.0,
            0.0,
            0.0,
            0.7124710028591035
        ]
    ],
    "num_matches": 17,
    "num_GT_boxes": 17,
    "used_labels": [
        "airplane",
        "apple",
        "balloon",
        "banana",
        "basket",
        "bee",
        "bench",
        "bicycle",
        "bird",
        "bottle",
        "bucket",
        "bus",
        "butterfly",
        "car",
        "cat",
        "chair",
        "chicken",
        "cloud",
        "cow",
        "cup",
        "dinnerware",
        "dog",
        "duck",
        "fence",
        "flower",
        "grape",
        "grass",
        "horse",
        "house",
        "moon",
        "mountain",
        "people",
        "picnic rug",
        "pig",
        "rabbit",
        "road",
        "sheep",
        "sofa",
        "star",
        "street lamp",
        "sun",
        "table",
        "tree",
        "truck",
        "umbrella",
        "others"
    ]
}