{
    "bboxes": [
        [
            0.5698041585286459,
            0.6257702229817709,
            0.673440673828125,
            0.8928163248697917
        ],
        [
            0.29247857666015625,
            0.4661496175130208,
            0.6672462972005209,
            0.8015648600260417
        ],
        [
            0.5449745279947916,
            0.344091796875,
            0.85314404296875,
            0.7947417805989583
        ],
        [
            0.00029510257641474406,
            0.38716552734375,
            0.30321818033854164,
            0.6658178304036458
        ],
        [
            0.2518348592122396,
            0.2637701416015625,
            0.4930698649088542,
            0.5938601888020834
        ],
        [
            0.051460474650065105,
            0.09044265747070312,
            0.33385782877604164,
            0.7318475748697917
        ],
        [
            0.7175743001302083,
            0.7305550130208334,
            0.8799918619791667,
            0.8791537272135417
        ],
        [
            0.784015380859375,
            0.15672293090820313,
            0.8662049967447917,
            0.21306302897135418
        ],
        [
            0.840631103515625,
            0.65001513671875,
            0.9184712727864583,
            0.693177001953125
        ],
        [
            0.6725135498046875,
            0.8901682942708333,
            0.7439761555989584,
            0.9196490885416667
        ],
        [
            0.332868896484375,
            0.8899205729166667,
            0.4260289306640625,
            0.9327100423177084
        ],
        [
            0.025514691670735678,
            0.7167259114583333,
            0.10600375366210937,
            0.75928564453125
        ]
    ],
    "labels": [
        "tree",
        "grass",
        "house",
        "sheep",
        "house",
        "house",
        "car",
        "people",
        "people",
        "people",
        "people",
        "people"
    ],
    "scores": [
        0.789389431476593,
        0.7412278652191162,
        0.7210254669189453,
        0.6964949369430542,
        0.6405240893363953,
        0.6109586954116821,
        0.5425963997840881,
        0.4404245913028717,
        0.240332692861557,
        0.22520461678504944,
        0.22317205369472504,
        0.20708799362182617
    ]
}