{
    "matched_indices": [
        0,
        0,
        0,
        0,
        0,
        0,
        0,
        2,
        1,
        0,
        0,
        0,
        2,
        1,
        1,
        1,
        1,
        0,
        0,
        2
    ],
    "iou_matrix": [
        [
            0.0,
            0.0,
            0.0,
            0.0,
            0.0,
            0.0,
            0.0,
            0.0,
            0.1330260109764403,
            0.8698423051070562,
            0.0,
            0.0,
            0.0,
            0.0,
            0.0,
            0.0,
            0.0,
            0.0,
            0.0,
            0.0
        ],
        [
            0.0,
            0.0,
            0.0,
            0.0,
            0.0,
            0.0,
            0.0,
            0.0,
            0.9715606428535777,
            0.1560052868576537,
            0.0,
            0.0,
            0.0,
            0.002195555993934918,
            0.01474346332815357,
            0.01696782592467802,
            0.005366248749959536,
            0.0,
            0.0,
            0.010482490589962876
        ],
        [
            0.0,
            0.0,
            0.0,
            0.0,
            0.0,
            0.0,
            0.0,
            0.9841821758464945,
            0.0,
            0.0,
            0.0,
            0.0,
            0.19479526858221596,
            0.0,
            0.0,
            0.0,
            0.0,
            0.0,
            0.0,
            0.017362760112445554
        ]
    ],
    "num_matches": 3,
    "num_GT_boxes": 20,
    "used_labels": [
        "airplane",
        "apple",
        "balloon",
        "banana",
        "basket",
        "bee",
        "bench",
        "bicycle",
        "bird",
        "bottle",
        "bucket",
        "bus",
        "butterfly",
        "car",
        "cat",
        "chair",
        "chicken",
        "cloud",
        "cow",
        "cup",
        "dinnerware",
        "dog",
        "duck",
        "fence",
        "flower",
        "grape",
        "grass",
        "horse",
        "house",
        "moon",
        "mountain",
        "people",
        "picnic rug",
        "pig",
        "rabbit",
        "road",
        "sheep",
        "sofa",
        "star",
        "street lamp",
        "sun",
        "table",
        "tree",
        "truck",
        "umbrella",
        "others"
    ]
}