{
    "bboxes": [
        [
            0.0,
            0.043513745069503784,
            0.9999744892120361,
            0.8329386711120605
        ],
        [
            0.5768269300460815,
            0.29301920533180237,
            1.0,
            0.7309922575950623
        ],
        [
            0.0728873461484909,
            0.04618697986006737,
            0.27283400297164917,
            0.4271581768989563
        ],
        [
            0.5768225789070129,
            0.2928757667541504,
            1.0,
            0.7310385704040527
        ],
        [
            0.14536821842193604,
            0.2630392909049988,
            1.0,
            0.8212544322013855
        ],
        [
            0.14581811428070068,
            0.38327449560165405,
            0.51075279712677,
            0.8125553727149963
        ],
        [
            0.14581811428070068,
            0.38327449560165405,
            0.51075279712677,
            0.8125553727149963
        ],
        [
            0.14596040546894073,
            0.3830208480358124,
            0.5106220245361328,
            0.8123517036437988
        ],
        [
            0.5769013166427612,
            0.2928871512413025,
            0.9999885559082031,
            0.7312991619110107
        ],
        [
            0.14619043469429016,
            0.3827853798866272,
            0.5103923082351685,
            0.8121887445449829
        ],
        [
            1.0132789611816406e-06,
            0.0028041303157806396,
            1.0,
            0.9953466653823853
        ],
        [
            6.729364395141602e-05,
            0.04696431756019592,
            1.0,
            0.8301694989204407
        ],
        [
            0.14619043469429016,
            0.3827853798866272,
            0.5103923082351685,
            0.8121887445449829
        ],
        [
            0.0007224678993225098,
            0.25845301151275635,
            1.0,
            0.8216375112533569
        ],
        [
            0.14537495374679565,
            0.2631368339061737,
            1.0,
            0.820203423500061
        ]
    ],
    "labels": [
        " horse",
        "animal",
        " illustration",
        " donkey",
        "animal",
        " tree",
        "animal",
        " donkey",
        " illustration",
        " drawing",
        " horse",
        " donkey",
        " illustration",
        "animal",
        " donkey"
    ],
    "scores": [
        0.5458864569664001,
        0.4352721869945526,
        0.3970363140106201,
        0.39501887559890747,
        0.354838490486145,
        0.3403405249118805,
        0.3103198707103729,
        0.2776201665401459,
        0.25404077768325806,
        0.24973507225513458,
        0.22393880784511566,
        0.22083637118339539,
        0.21484041213989258,
        0.2018355429172516,
        0.2005007266998291
    ],
    "model_info": {
        "model_config": "/mnt/sda/miatang/projects/stroke-label/extern/mmdetection/ours_weights/base_cat_full_ft_allclass_val/intersect_full_ft_all_class_val.py",
        "weights": "/mnt/sda/miatang/projects/stroke-label/extern/mmdetection/groundingdino_swint_ogc_mmdet-822d7e9d.pth",
        "device": "cuda:0",
        "score_threshold": 0.2
    }
}