{
    "bboxes": [
        [
            0.04530755615234375,
            0.29129081217447916,
            0.2916144612630208,
            0.6242412516276041
        ],
        [
            0.5445000813802083,
            0.6400046793619791,
            0.8201704915364584,
            0.8913748372395833
        ],
        [
            0.6140519205729167,
            0.33300215657552085,
            0.9697489420572917,
            0.7297823079427084
        ],
        [
            0.4889561767578125,
            0.20436981201171875,
            0.6966250813802083,
            0.7010393880208333
        ],
        [
            0.2668207194010417,
            0.5052415771484375,
            0.5312899576822917,
            0.7701136881510416
        ],
        [
            0.09898407999674479,
            0.5927831217447916,
            0.31326727294921874,
            0.9232345377604166
        ],
        [
            0.14913218180338542,
            0.8548409830729167,
            0.36706709798177084,
            0.979806640625
        ],
        [
            0.734716796875,
            0.8013767903645833,
            0.96776513671875,
            0.92641015625
        ],
        [
            0.5625773518880208,
            0.0003504529396692912,
            0.9947411295572917,
            0.13890662638346354
        ]
    ],
    "labels": [
        "cloud",
        "table",
        "cloud",
        "dog",
        "tree",
        "dog",
        "grass",
        "grass",
        "people"
    ],
    "scores": [
        0.8958380818367004,
        0.8913733959197998,
        0.8872070908546448,
        0.8709641695022583,
        0.8695414662361145,
        0.847183346748352,
        0.5475928783416748,
        0.47828787565231323,
        0.4170145094394684
    ]
}