{
    "bboxes": [
        [
            0.38753715006510414,
            0.2919945068359375,
            0.99631201171875,
            0.8509892578125
        ],
        [
            0.0010239183108011881,
            0.21619854736328126,
            0.328273681640625,
            0.9250999348958333
        ],
        [
            0.4664736328125,
            0.67903857421875,
            0.745324462890625,
            0.9842211100260416
        ],
        [
            0.8843602701822917,
            0.744502685546875,
            0.9966529134114583,
            0.8726378580729167
        ],
        [
            0.18358441162109376,
            0.6272715250651042,
            0.4630506591796875,
            0.9518994140625
        ],
        [
            0.6117533365885417,
            0.00026348231236139933,
            0.7939457194010416,
            0.12985036214192708
        ],
        [
            0.18152779134114583,
            0.6274711100260416,
            0.4634001871744792,
            0.9522284342447916
        ]
    ],
    "labels": [
        "flower",
        "cat",
        "dog",
        "grass",
        "dog",
        "cloud",
        "bicycle"
    ],
    "scores": [
        0.9875276684761047,
        0.9245489239692688,
        0.8182536363601685,
        0.6581498384475708,
        0.6555542945861816,
        0.36040276288986206,
        0.2127981334924698
    ]
}