{
    "matched_indices": [
        12,
        5,
        2,
        4,
        9,
        1,
        0,
        15,
        11,
        7,
        6,
        8,
        3,
        10,
        10
    ],
    "iou_matrix": [
        [
            0.0,
            0.0,
            0.0,
            0.0,
            0.0,
            0.08232127649632771,
            0.9806590888840268,
            0.0,
            0.0,
            0.0,
            0.0,
            0.0,
            0.0,
            0.0,
            0.0
        ],
        [
            0.0,
            0.0,
            0.0,
            0.256396039863207,
            0.0,
            0.9399122556439902,
            0.09068025647361969,
            0.0,
            0.0007154792254855714,
            0.0,
            0.0,
            0.0,
            0.0,
            0.0,
            0.0
        ],
        [
            0.00021144532853441034,
            0.0,
            0.9348064013726314,
            0.0,
            0.0,
            0.0,
            0.0,
            0.0,
            0.004579835287214242,
            0.0,
            0.0,
            0.0,
            0.0,
            0.0,
            0.0
        ],
        [
            0.0,
            0.0,
            0.0,
            0.0,
            0.03177150170938573,
            0.0,
            0.0,
            0.05973563804984555,
            0.20017264144455701,
            0.0,
            0.0,
            0.005773447728142405,
            0.9936215849930331,
            0.25646643509659117,
            0.2531734298945164
        ],
        [
            0.0,
            0.0,
            0.0,
            0.9752298593551929,
            0.0,
            0.24486379806043107,
            0.0,
            0.0,
            0.011260043299876298,
            0.0,
            0.0,
            0.0,
            0.0,
            0.0,
            0.0
        ],
        [
            0.023889061394109953,
            0.9627176202477893,
            0.0,
            0.0,
            0.0,
            0.0,
            0.0,
            0.0,
            0.005137493242383329,
            0.0,
            0.0,
            0.0,
            0.0,
            0.0,
            0.0
        ],
        [
            0.0,
            0.0,
            0.0,
            0.0,
            0.0,
            0.0,
            0.0,
            0.0,
            0.0,
            0.0,
            0.8827234302554235,
            0.0,
            0.0,
            0.0,
            0.0
        ],
        [
            0.0,
            0.0,
            0.0,
            0.0,
            0.0,
            0.0,
            0.0,
            0.0,
            0.0,
            0.899898175584318,
            0.0,
            0.0,
            0.0,
            0.0,
            0.0
        ],
        [
            0.0,
            0.0,
            0.0,
            0.0,
            0.0,
            0.0,
            0.0,
            0.0,
            0.0,
            0.0,
            0.0,
            0.9125309070763512,
            0.005630580437795286,
            0.0,
            0.0
        ],
        [
            0.05215155973495901,
            0.0,
            0.0,
            0.0,
            0.9833574072874938,
            0.0,
            0.0,
            0.10697914195647748,
            0.012809209154350822,
            0.0,
            0.0,
            0.0,
            0.03420172778191449,
            0.0,
            0.0
        ],
        [
            0.0,
            0.0,
            0.0,
            0.0,
            0.0,
            0.0,
            0.0,
            0.003676982620239104,
            0.39564447635431793,
            0.0,
            0.0,
            0.0,
            0.2550961235643285,
            0.9930571675240176,
            0.28748498200013245
        ],
        [
            0.015380861979258439,
            0.004696164492494779,
            0.004575096177637404,
            0.011574284323032353,
            0.011988170090991406,
            0.00027962508617819363,
            0.0,
            0.0,
            0.9885193217746102,
            0.0,
            0.0,
            0.0,
            0.19948823844680447,
            0.39915043648524723,
            0.10193723841449943
        ],
        [
            0.7843782318245437,
            0.019981588028184526,
            0.0009394846625097826,
            0.0,
            0.19005690499099204,
            0.0,
            0.0,
            0.0014414257308599005,
            0.021854330991705927,
            0.0,
            0.0,
            0.0,
            0.0,
            0.0,
            0.0
        ],
        [
            0.0,
            0.0,
            0.0,
            0.0,
            0.11414460742998614,
            0.0,
            0.0,
            0.7308276825810885,
            0.0,
            0.0,
            0.0,
            0.0,
            0.03816302510495475,
            0.0,
            0.0
        ],
        [
            0.0,
            0.0,
            0.0,
            0.0,
            0.09172063259423394,
            0.0,
            0.0,
            0.5565474111654952,
            0.0,
            0.0,
            0.0,
            0.0,
            0.12426385900141658,
            0.07733127970012955,
            0.17242481455701686
        ],
        [
            0.0,
            0.0,
            0.0,
            0.0,
            0.11672728025467634,
            0.0,
            0.0,
            0.8989771927227884,
            0.0,
            0.0,
            0.0,
            0.0,
            0.06445172167501984,
            0.002180296112849191,
            0.0
        ],
        [
            0.6404629927267657,
            0.017169157605003003,
            0.0008439958139428579,
            0.0,
            0.21517471880150707,
            0.0,
            0.0,
            0.019943935044557617,
            0.09584975427795221,
            0.0,
            0.0,
            0.0,
            0.009913479353613908,
            0.0,
            0.0
        ]
    ],
    "num_matches": 14,
    "num_GT_boxes": 15,
    "used_labels": [
        "airplane",
        "apple",
        "balloon",
        "banana",
        "basket",
        "bee",
        "bench",
        "bicycle",
        "bird",
        "bottle",
        "bucket",
        "bus",
        "butterfly",
        "car",
        "cat",
        "chair",
        "chicken",
        "cloud",
        "cow",
        "cup",
        "dinnerware",
        "dog",
        "duck",
        "fence",
        "flower",
        "grape",
        "grass",
        "horse",
        "house",
        "moon",
        "mountain",
        "people",
        "picnic rug",
        "pig",
        "rabbit",
        "road",
        "sheep",
        "sofa",
        "star",
        "street lamp",
        "sun",
        "table",
        "tree",
        "truck",
        "umbrella",
        "others"
    ]
}