{
    "matched_indices": [
        0,
        0,
        0,
        1,
        1,
        1,
        1,
        0
    ],
    "iou_matrix": [
        [
            0.011381153876301594,
            0.0,
            0.12050263298793139,
            0.0,
            0.0,
            0.030659989110523155,
            0.0,
            0.9789652874474476
        ],
        [
            0.0,
            0.0,
            0.0,
            0.07890701926837702,
            0.02987134736709236,
            0.057399732192347556,
            0.9866296300492962,
            0.0
        ]
    ],
    "num_matches": 2,
    "num_GT_boxes": 8,
    "used_labels": [
        "airplane",
        "apple",
        "balloon",
        "banana",
        "basket",
        "bee",
        "bench",
        "bicycle",
        "bird",
        "bottle",
        "bucket",
        "bus",
        "butterfly",
        "car",
        "cat",
        "chair",
        "chicken",
        "cloud",
        "cow",
        "cup",
        "dinnerware",
        "dog",
        "duck",
        "fence",
        "flower",
        "grape",
        "grass",
        "horse",
        "house",
        "moon",
        "mountain",
        "people",
        "picnic rug",
        "pig",
        "rabbit",
        "road",
        "sheep",
        "sofa",
        "star",
        "street lamp",
        "sun",
        "table",
        "tree",
        "truck",
        "umbrella",
        "others"
    ]
}