{
    "matched_indices": [
        3,
        2,
        4,
        0,
        0,
        3,
        2,
        4,
        3,
        0,
        0,
        0,
        0,
        1,
        0
    ],
    "iou_matrix": [
        [
            0.002343373862388906,
            0.047022377497900995,
            0.0,
            0.9771405644492811,
            0.0004963043771344067,
            0.0,
            0.06866446281524982,
            0.0,
            0.0,
            0.0,
            0.0,
            0.0,
            0.0,
            0.0,
            0.27155021044345073
        ],
        [
            0.0,
            0.0,
            0.0,
            0.0,
            0.0,
            0.0,
            0.019903301378986032,
            0.12465150862261648,
            0.0,
            0.0,
            0.0,
            0.0,
            0.0,
            0.9639101878724937,
            0.12122372906265366
        ],
        [
            0.0,
            0.14182729900037616,
            0.1835155535999526,
            0.06850214403937306,
            0.0,
            0.0,
            0.9532703732659817,
            0.19483882862307186,
            0.0,
            0.0,
            0.0,
            0.0,
            0.0,
            0.01767517371910118,
            0.08101660245093753
        ],
        [
            0.33125456807512565,
            0.0,
            0.0,
            0.0,
            0.0,
            0.8237526110682646,
            0.0,
            0.0,
            0.16676599761041497,
            0.0,
            0.0,
            0.0,
            0.0,
            0.0,
            0.10789809870090719
        ],
        [
            0.0,
            0.0,
            0.9337599279455827,
            0.0,
            0.0,
            0.0,
            0.22430663054778038,
            0.5512056735628207,
            0.0,
            0.0,
            0.0,
            0.0,
            0.0,
            0.0,
            0.011581966916068024
        ]
    ],
    "num_matches": 5,
    "num_GT_boxes": 15,
    "used_labels": [
        "airplane",
        "apple",
        "balloon",
        "banana",
        "basket",
        "bee",
        "bench",
        "bicycle",
        "bird",
        "bottle",
        "bucket",
        "bus",
        "butterfly",
        "car",
        "cat",
        "chair",
        "chicken",
        "cloud",
        "cow",
        "cup",
        "dinnerware",
        "dog",
        "duck",
        "fence",
        "flower",
        "grape",
        "grass",
        "horse",
        "house",
        "moon",
        "mountain",
        "people",
        "picnic rug",
        "pig",
        "rabbit",
        "road",
        "sheep",
        "sofa",
        "star",
        "street lamp",
        "sun",
        "table",
        "tree",
        "truck",
        "umbrella",
        "others"
    ]
}