{
    "matched_indices": [
        8,
        6,
        5,
        4,
        9,
        0,
        9,
        3,
        8,
        8,
        8,
        1,
        7,
        3,
        2,
        7,
        0,
        3,
        7,
        1,
        0,
        0,
        1,
        8,
        0,
        0
    ],
    "iou_matrix": [
        [
            0.028656346509444014,
            0.013797090385048907,
            0.022393994337882115,
            0.022725921131427795,
            0.0992135090672623,
            0.10997841092813644,
            0.026554143483654688,
            0.00975864773024308,
            0.02001960483401563,
            0.08349065280319096,
            0.021473819504663788,
            0.20673507124670315,
            0.1832831199512921,
            0.0330451563352147,
            0.04074034133014788,
            0.016754926923089334,
            0.0147965588411698,
            0.013915108800531817,
            0.004315048316093888,
            0.00221284529030455,
            0.003817158125775362,
            0.003263946803199223,
            0.0033192679354568265,
            0.006296170302210646,
            0.0035865937316547445,
            0.14741260391184804
        ],
        [
            0.0,
            0.0006756593985458244,
            0.0,
            0.0,
            0.0,
            0.014362308120103435,
            0.0,
            0.0,
            0.0,
            0.0,
            0.0,
            0.962438934093086,
            0.21009821260504333,
            0.0,
            0.0,
            0.0,
            0.0,
            0.0,
            0.0,
            0.004052544438016044,
            0.0,
            0.0,
            0.006060074475125755,
            0.0,
            0.0,
            0.03440685047183933
        ],
        [
            0.0,
            0.0,
            0.0,
            0.0,
            0.0,
            0.0,
            0.0,
            0.0,
            0.0,
            0.0,
            0.0,
            0.0,
            0.0,
            0.0,
            0.9594230503121619,
            0.0,
            0.0,
            0.0,
            0.0,
            0.0,
            0.0,
            0.0,
            0.0,
            0.0,
            0.0,
            0.0
        ],
        [
            0.0,
            0.0,
            0.0,
            0.0,
            0.0,
            0.051474419241858665,
            0.0,
            0.044131050289874636,
            0.0,
            0.0,
            0.0,
            0.0,
            0.0,
            0.9476968639272302,
            0.0,
            0.0,
            0.0,
            0.03289724529418392,
            0.0,
            0.0,
            0.0,
            0.0,
            0.0,
            0.0,
            0.0005588284800538013,
            0.09219146907940778
        ],
        [
            0.0,
            0.0,
            0.0,
            0.8934926525563124,
            0.0,
            0.0,
            0.0,
            0.0,
            0.0,
            0.0,
            0.0,
            0.0,
            0.0,
            0.0,
            0.0,
            0.0,
            0.0,
            0.0,
            0.0,
            0.0,
            0.0,
            0.0,
            0.0,
            0.0,
            0.0,
            0.0
        ],
        [
            0.0,
            0.0,
            0.9042652705061083,
            0.0,
            0.0,
            0.0,
            0.0,
            0.0,
            0.0,
            0.0025817287255546903,
            0.0,
            0.0,
            0.0,
            0.0,
            0.0,
            0.0,
            0.0,
            0.0,
            0.0,
            0.0,
            0.0,
            0.0,
            0.0,
            0.0,
            0.0,
            0.0
        ],
        [
            0.0,
            0.8640595903165735,
            0.0,
            0.0,
            0.0,
            0.0,
            0.0,
            0.0,
            0.0,
            0.0,
            0.0,
            0.0014990304697475977,
            0.0,
            0.0,
            0.0,
            0.0,
            0.0,
            0.0,
            0.0,
            0.0,
            0.0,
            0.0,
            0.0,
            0.0,
            0.0,
            0.0
        ],
        [
            0.0,
            0.0,
            0.0,
            0.0,
            0.0,
            0.0,
            0.0,
            0.0,
            0.0,
            0.0,
            0.0,
            0.19548719839203393,
            0.98763534171762,
            0.0,
            0.0,
            0.06834024724033784,
            0.0,
            0.0,
            0.019711645928023262,
            0.0,
            0.0,
            0.0,
            0.0,
            0.0,
            0.0,
            0.0
        ],
        [
            0.2544454268592201,
            0.0,
            0.0024869890360687155,
            0.0,
            0.0,
            0.07306087589158457,
            0.0,
            0.0,
            0.17729454402977773,
            0.7413301896060522,
            0.10831648875874686,
            0.0,
            0.0,
            0.0,
            0.0,
            0.0,
            0.0,
            0.017621521019401037,
            0.0,
            0.0,
            0.0,
            0.0,
            0.0,
            0.050918517399290465,
            0.0,
            0.12488973613561757
        ],
        [
            0.0,
            0.0,
            0.0,
            0.0,
            0.23884328581477385,
            0.0,
            0.9124607927003137,
            0.0,
            0.0,
            0.0,
            0.0,
            0.0,
            0.0,
            0.0,
            0.0,
            0.0,
            0.0,
            0.0,
            0.0,
            0.0,
            0.0,
            0.0,
            0.0,
            0.0,
            0.0,
            0.0
        ]
    ],
    "num_matches": 9,
    "num_GT_boxes": 26,
    "used_labels": [
        "picnic rug",
        "house",
        "chair",
        "mountain",
        "others",
        "cloud",
        "tree",
        "basket",
        "grass"
    ]
}