{
    "bboxes": [
        [
            0.0024674086570739746,
            0.011831073760986329,
            0.3020918172200521,
            0.7156612955729167
        ],
        [
            0.7467797037760416,
            0.05117061360677083,
            0.9990568033854167,
            0.9833638509114583
        ],
        [
            0.0005785599152247111,
            0.3703736979166667,
            0.18396242268880209,
            0.732021484375
        ],
        [
            0.26735113525390625,
            0.4383186442057292,
            0.42442508951822916,
            0.8109891764322916
        ],
        [
            0.1719063720703125,
            0.6790972493489583,
            0.33275775146484377,
            0.9314413248697917
        ],
        [
            0.4941516927083333,
            0.5596476643880208,
            0.796671875,
            0.7821392415364583
        ],
        [
            0.5195086263020834,
            0.31860123697916665,
            0.625826171875,
            0.4109813639322917
        ],
        [
            0.2235237019856771,
            0.43775081380208336,
            0.4241597900390625,
            0.811290283203125
        ]
    ],
    "labels": [
        "others",
        "others",
        "picnic rug",
        "picnic rug",
        "mountain",
        "grass",
        "grass",
        "picnic rug"
    ],
    "scores": [
        0.8399667739868164,
        0.8351631164550781,
        0.8250665068626404,
        0.6953408718109131,
        0.6326569318771362,
        0.490964412689209,
        0.37541335821151733,
        0.27124983072280884
    ]
}