{
    "bboxes": [
        [
            0.0745084991455078,
            0.6651559244791667,
            0.3309828084309896,
            0.8909312337239583
        ],
        [
            0.720322265625,
            0.46769730631510414,
            0.87495654296875,
            0.7295986328125
        ],
        [
            0.32648539225260415,
            0.3496514892578125,
            0.6279954427083333,
            0.8109798177083334
        ],
        [
            0.7061708170572917,
            0.1305594991048177,
            0.9992357584635416,
            0.5097368977864584
        ],
        [
            0.3330765380859375,
            0.012055657704671223,
            0.49280078125,
            0.18438334147135416
        ],
        [
            0.26587548828125,
            0.7585655924479167,
            0.5668965250651041,
            0.9499082845052084
        ],
        [
            0.7439635416666667,
            0.723696533203125,
            0.9976481119791667,
            0.997712890625
        ],
        [
            0.16605803426106772,
            0.2510469970703125,
            0.3847251383463542,
            0.618168701171875
        ],
        [
            0.7455948893229166,
            0.7380795084635416,
            0.995219482421875,
            0.937457275390625
        ],
        [
            0.264030029296875,
            0.7589418131510417,
            0.5671208089192709,
            0.996798828125
        ],
        [
            0.8924423014322916,
            0.5070651041666666,
            0.9993736979166666,
            0.6357264811197917
        ],
        [
            0.0428182627360026,
            0.06710403951009114,
            0.3975589192708333,
            0.18284576416015624
        ],
        [
            0.0042032225926717124,
            0.25927614339192706,
            0.2011130574544271,
            0.7477685546875
        ]
    ],
    "labels": [
        "bucket",
        "dog",
        "dog",
        "grass",
        "tree",
        "cloud",
        "cloud",
        "grass",
        "cloud",
        "cloud",
        "cloud",
        "people",
        "grass"
    ],
    "scores": [
        0.9053482413291931,
        0.8948639035224915,
        0.8901973366737366,
        0.7724534869194031,
        0.4962020814418793,
        0.38824284076690674,
        0.3715681731700897,
        0.3586916923522949,
        0.2974495589733124,
        0.2925083041191101,
        0.2793865501880646,
        0.2539185583591461,
        0.23319540917873383
    ]
}