{
    "bboxes": [
        [
            0.3053948974609375,
            0.2530758870442708,
            0.44973982747395835,
            0.34261474609375
        ],
        [
            0.06578927612304687,
            0.12140622965494792,
            0.2752116495768229,
            0.2479177042643229
        ],
        [
            0.5590664469401042,
            0.03985279083251953,
            0.7163369954427083,
            0.14265687052408854
        ],
        [
            0.87982666015625,
            0.7987621256510417,
            0.9709990234375,
            0.9443689778645833
        ],
        [
            0.372731201171875,
            0.613237548828125,
            0.5424276529947917,
            0.7140914713541666
        ],
        [
            0.372731201171875,
            0.613237548828125,
            0.5424276529947917,
            0.7140914713541666
        ],
        [
            0.65375341796875,
            0.853618408203125,
            0.890875,
            0.9421105143229167
        ],
        [
            0.1067437744140625,
            0.35871968587239583,
            0.37080875651041667,
            0.6367839762369791
        ],
        [
            0.759523681640625,
            0.6131698811848958,
            0.902028076171875,
            0.7011420084635417
        ],
        [
            0.76034228515625,
            0.7203445638020833,
            0.8776344401041667,
            0.82200634765625
        ],
        [
            0.76034228515625,
            0.7203445638020833,
            0.8776344401041667,
            0.82200634765625
        ],
        [
            0.65375341796875,
            0.853618408203125,
            0.890875,
            0.9421105143229167
        ],
        [
            0.6396230061848959,
            0.0502216796875,
            0.9993558756510417,
            0.5298614095052083
        ],
        [
            0.759523681640625,
            0.6131698811848958,
            0.902028076171875,
            0.7011420084635417
        ],
        [
            0.043092366536458336,
            0.7303681640625,
            0.6242757161458333,
            0.933569091796875
        ]
    ],
    "labels": [
        "grass",
        "grass",
        "grass",
        "fence",
        "cow",
        "tree",
        "cow",
        "butterfly",
        "cow",
        "cow",
        "tree",
        "tree",
        "house",
        "tree",
        "cow"
    ],
    "scores": [
        0.9860935211181641,
        0.9842017292976379,
        0.9705348014831543,
        0.9575088620185852,
        0.812064528465271,
        0.806404709815979,
        0.7900932431221008,
        0.7583857178688049,
        0.7237257361412048,
        0.6617798209190369,
        0.5973710417747498,
        0.5605160593986511,
        0.4066255986690521,
        0.2852793335914612,
        0.21253065764904022
    ]
}