{
    "matched_indices": [
        9,
        9,
        14,
        12,
        8,
        2,
        1,
        0,
        25,
        7,
        11,
        34,
        34,
        14,
        22
    ],
    "iou_matrix": [
        [
            0.0,
            0.0,
            0.0,
            0.04597818293775235,
            0.0,
            0.0,
            0.0038935095474362464,
            0.9749861766622931,
            0.0,
            0.0,
            0.0,
            0.0,
            0.0,
            0.0,
            0.09329758472380272
        ],
        [
            0.0,
            0.0,
            0.060945893439661045,
            0.059936237891350906,
            0.0,
            0.0,
            0.9813624177382564,
            0.0010581298450065373,
            0.0,
            0.0,
            0.0,
            0.0,
            0.0,
            0.0,
            0.06722161125595959
        ],
        [
            0.0,
            0.0,
            0.0,
            0.0,
            0.00750856947582457,
            0.9176660779711817,
            0.0,
            0.0,
            0.0,
            0.0,
            0.0,
            0.029503131228630325,
            0.007883149079700369,
            0.0,
            0.040568516651215775
        ],
        [
            0.0,
            0.0,
            0.006428225338496026,
            0.7121892195655174,
            0.0,
            0.0,
            0.017223176475683784,
            0.0,
            0.0,
            0.0,
            0.0,
            0.0,
            0.0,
            0.0,
            0.0051614982165164415
        ],
        [
            0.0,
            0.0,
            0.0,
            0.0,
            0.008178060277374385,
            0.9162017714221784,
            0.0,
            0.0,
            0.0,
            0.0,
            0.0,
            0.029446545761416462,
            0.007896685900362329,
            0.0,
            0.04061600042225447
        ],
        [
            0.0,
            0.0,
            0.060977219246632075,
            0.05979257292341903,
            0.0,
            0.0,
            0.9800157327910588,
            0.0009208315086123159,
            0.0,
            0.0,
            0.0,
            0.0,
            0.0,
            0.0,
            0.06724298170804904
        ],
        [
            0.0,
            0.0,
            0.0,
            0.011216667211593284,
            0.03874814298526336,
            0.04841882751266898,
            0.0657464701112581,
            0.09402404366547508,
            0.05104819505732491,
            0.022626323732094816,
            0.044877534116329616,
            0.04981406286912586,
            0.04354346432024201,
            0.0,
            0.9608505686447424
        ],
        [
            0.0,
            0.0,
            0.0,
            0.0,
            0.027396526729990742,
            0.0,
            0.0,
            0.0,
            0.0,
            0.9411523939637756,
            0.015345793325595347,
            0.0,
            0.0,
            0.0,
            0.025654302110313405
        ],
        [
            0.0,
            0.0,
            0.0,
            0.0,
            0.9715660748183353,
            0.00659779768715314,
            0.0,
            0.0,
            0.0,
            0.022981620179779408,
            0.06944030644961627,
            0.0,
            0.0,
            0.0,
            0.040088527483309086
        ],
        [
            0.6192589231130483,
            0.43463264878465246,
            0.08197277601288344,
            0.0,
            0.0,
            0.0,
            0.0,
            0.0,
            0.0,
            0.0,
            0.0,
            0.0,
            0.0,
            0.0,
            0.0
        ],
        [
            0.0,
            0.0,
            0.006428225338496026,
            0.7121892195655174,
            0.0,
            0.0,
            0.017223176475683784,
            0.0,
            0.0,
            0.0,
            0.0,
            0.0,
            0.0,
            0.0,
            0.0051614982165164415
        ],
        [
            0.0,
            0.0,
            0.0,
            0.0,
            0.8195597448868025,
            0.007634756507404855,
            0.0,
            0.0,
            0.0019254963403312788,
            0.020618705794865848,
            0.18146716204701005,
            0.0,
            0.0,
            0.0,
            0.06929076587200195
        ],
        [
            0.0,
            0.0,
            0.008395345317509672,
            0.7635167604067995,
            0.0,
            0.0,
            0.08320825283647264,
            0.0,
            0.0,
            0.0,
            0.0,
            0.0,
            0.0,
            0.0,
            0.006996258161395982
        ],
        [
            0.0,
            0.0,
            0.0,
            0.0,
            0.055891539282563726,
            0.0,
            0.0,
            0.0,
            0.0,
            0.4697774879352577,
            0.1210428047988463,
            0.0,
            0.0,
            0.0,
            0.06488868174924006
        ],
        [
            0.09877773314291251,
            0.009063616771113569,
            0.9818733513609933,
            0.004003587829661964,
            0.0,
            0.0,
            0.060806016146694855,
            0.0,
            0.0,
            0.0,
            0.0,
            0.0,
            0.0,
            0.08777995467501547,
            0.0
        ],
        [
            0.6192589231130483,
            0.43463264878465246,
            0.08197277601288344,
            0.0,
            0.0,
            0.0,
            0.0,
            0.0,
            0.0,
            0.0,
            0.0,
            0.0,
            0.0,
            0.0,
            0.0
        ],
        [
            0.0,
            0.0,
            0.008395345317509672,
            0.7635167604067995,
            0.0,
            0.0,
            0.08320825283647264,
            0.0,
            0.0,
            0.0,
            0.0,
            0.0,
            0.0,
            0.0,
            0.006996258161395982
        ],
        [
            0.0,
            0.0,
            0.0,
            0.0,
            0.04007225623726033,
            0.04974610656015924,
            0.0789549589147753,
            0.12280252896913721,
            0.055342805234714125,
            0.020920642024799804,
            0.06600135667998064,
            0.07326150591477848,
            0.06255354339683777,
            0.0,
            0.6535002061282744
        ],
        [
            0.0,
            0.0,
            0.0,
            0.0,
            0.07568808328228974,
            0.0,
            0.0,
            0.0,
            0.0,
            0.0,
            0.0,
            0.0,
            0.0,
            0.0,
            0.0064433738775438515
        ],
        [
            0.0,
            0.0,
            0.0,
            0.08784275711599203,
            0.0,
            0.0,
            0.2984972272718366,
            0.39771786120794006,
            0.0,
            0.0,
            0.0,
            0.0,
            0.0,
            0.0,
            0.13843516705382156
        ],
        [
            0.09877773314291251,
            0.009063616771113569,
            0.9818733513609933,
            0.004003587829661964,
            0.0,
            0.0,
            0.060806016146694855,
            0.0,
            0.0,
            0.0,
            0.0,
            0.0,
            0.0,
            0.08777995467501547,
            0.0
        ],
        [
            0.0,
            0.0,
            0.0,
            0.0,
            0.008431653260009464,
            0.9134105589766616,
            0.0,
            0.0,
            0.0,
            0.0,
            0.0,
            0.02907211237350165,
            0.007836386000241766,
