{
    "bboxes": [
        [
            0.10732089233398437,
            0.5337200927734375,
            0.5211948649088541,
            0.9327135416666666
        ],
        [
            0.6265502115885416,
            0.6033960774739583,
            0.8914453938802084,
            0.822891357421875
        ],
        [
            0.011040448506673177,
            0.8109444173177084,
            0.3437181803385417,
            0.9951258138020833
        ],
        [
            0.4628614095052083,
            0.45126578776041665,
            0.6647520751953125,
            0.689071044921875
        ],
        [
            0.6932943522135416,
            0.811648193359375,
            0.998623291015625,
            0.995359130859375
        ],
        [
            0.9059615071614583,
            0.6122509358723959,
            0.9987720540364583,
            0.7293548990885417
        ],
        [
            0.7717517903645833,
            0.211124755859375,
            0.998522216796875,
            0.3181044921875
        ],
        [
            0.0005307234525680542,
            0.6394539794921875,
            0.11828253173828125,
            0.7439696451822917
        ],
        [
            0.23883357747395834,
            0.3444788818359375,
            0.4248570963541667,
            0.42418424479166666
        ],
        [
            0.02506010945638021,
            0.17071051025390624,
            0.19829361979166665,
            0.23789361572265624
        ],
        [
            0.002039551575978597,
            0.4899221598307292,
            0.9984283040364583,
            0.6210894368489583
        ],
        [
            0.00190541140238444,
            0.4830301513671875,
            0.998311279296875,
            0.686677734375
        ],
        [
            0.6489953206380208,
            0.49055379231770835,
            0.9988138834635417,
            0.6101808268229166
        ],
        [
            0.0017771719296773274,
            0.49522562662760417,
            0.40376688639322916,
            0.5897000732421875
        ]
    ],
    "labels": [
        "road",
        "road",
        "others",
        "fence",
        "others",
        "road",
        "cow",
        "road",
        "cow",
        "cow",
        "house",
        "house",
        "house",
        "house"
    ],
    "scores": [
        0.9412586092948914,
        0.9254857301712036,
        0.8891094326972961,
        0.8853241205215454,
        0.8572211265563965,
        0.7447917461395264,
        0.7112014293670654,
        0.7011557817459106,
        0.5977780222892761,
        0.5031182765960693,
        0.3008021414279938,
        0.218858540058136,
        0.2140904664993286,
        0.20680242776870728
    ]
}