{
    "mean_iou": 0.7163458748038317,
    "mean_dice": 0.7972268881258419,
    "missed_matches": 3,
    "total_matches": 6,
    "success_rate": 0.5,
    "time": "2024-09-24 01:44:22"
}