{
    "matched_indices": [
        0,
        0,
        2,
        2,
        0,
        0,
        0,
        1,
        0,
        0,
        2,
        2
    ],
    "iou_matrix": [
        [
            0.0,
            0.0,
            0.0,
            0.030097447239254307,
            0.0,
            0.0,
            0.0,
            0.0,
            0.9735074007395339,
            0.0,
            0.0,
            0.0
        ],
        [
            0.0,
            0.0,
            0.0,
            0.021183894518814212,
            0.0,
            0.0,
            0.0,
            0.9600423307623718,
            0.0,
            0.0,
            0.0,
            0.0
        ],
        [
            0.0,
            0.0,
            0.14380159213847687,
            0.9851517573836606,
            0.0,
            0.0,
            0.0,
            0.022398157089191063,
            0.026725886099283867,
            0.0,
            0.07391593286087703,
            0.05300535003798899
        ]
    ],
    "num_matches": 3,
    "num_GT_boxes": 12,
    "used_labels": [
        "airplane",
        "apple",
        "balloon",
        "banana",
        "basket",
        "bee",
        "bench",
        "bicycle",
        "bird",
        "bottle",
        "bucket",
        "bus",
        "butterfly",
        "car",
        "cat",
        "chair",
        "chicken",
        "cloud",
        "cow",
        "cup",
        "dinnerware",
        "dog",
        "duck",
        "fence",
        "flower",
        "grape",
        "grass",
        "horse",
        "house",
        "moon",
        "mountain",
        "people",
        "picnic rug",
        "pig",
        "rabbit",
        "road",
        "sheep",
        "sofa",
        "star",
        "street lamp",
        "sun",
        "table",
        "tree",
        "truck",
        "umbrella",
        "others"
    ]
}