{
    "bboxes": [
        [
            0.39779890950520835,
            0.7034267578125,
            0.6521485595703125,
            0.8524615071614583
        ],
        [
            0.6119526774088542,
            0.46257470703125,
            0.9321123860677083,
            0.785011474609375
        ],
        [
            0.17961517333984375,
            0.6156265055338541,
            0.33862455240885414,
            0.9189180501302083
        ],
        [
            0.385271240234375,
            0.11772993977864583,
            0.5711375325520833,
            0.26655613199869793
        ],
        [
            0.6509305419921875,
            0.7970237630208333,
            0.8267880859375,
            0.9731405436197916
        ],
        [
            0.037470919291178385,
            0.35042822265625,
            0.4620975748697917,
            0.7937269694010417
        ],
        [
            0.05246246846516927,
            0.037881006876627606,
            0.4614525553385417,
            0.1706849161783854
        ],
        [
            0.0006433799664179484,
            0.8668186848958334,
            0.12975811767578124,
            0.9950502115885417
        ],
        [
            0.1602919921875,
            0.8736957194010416,
            0.31611181640625,
            0.9952838541666666
        ],
        [
            0.8158243815104167,
            0.8537084147135416,
            0.9830299479166666,
            0.99412353515625
        ],
        [
            0.042866170247395835,
            0.03171607716878255,
            0.977192138671875,
            0.3039605712890625
        ],
        [
            0.5223687337239583,
            0.15708978271484375,
            0.969771484375,
            0.3013042195638021
        ],
        [
            0.002024859110514323,
            0.002474352518717448,
            0.9978570149739583,
            0.32095770263671874
        ],
        [
            0.0013018697102864583,
            0.8666422526041667,
            0.3175647786458333,
            0.99625830078125
        ]
    ],
    "labels": [
        "dog",
        "bench",
        "sun",
        "house",
        "grass",
        "bench",
        "people",
        "cloud",
        "cloud",
        "cloud",
        "people",
        "people",
        "people",
        "cloud"
    ],
    "scores": [
        0.7657251358032227,
        0.7581418752670288,
        0.7424688935279846,
        0.71150803565979,
        0.6837852597236633,
        0.48253729939460754,
        0.37808704376220703,
        0.33850714564323425,
        0.3262585699558258,
        0.31936153769493103,
        0.27820974588394165,
        0.23592118918895721,
        0.23419970273971558,
        0.2027229219675064
    ],
    "model_info": {
        "model_config": "/mnt/sda/miatang/projects/stroke-label/extern/mmdetection/ours_weights/base_cat_full_ft_allclass_val/intersect_full_ft_all_class_val.py",
        "weights": "/mnt/sda/miatang/projects/stroke-label/extern/mmdetection/groundingdino_swint_ogc_mmdet-822d7e9d.pth",
        "device": "cuda:0",
        "score_threshold": 0.2
    }
}