{
    "matched_indices": [
        3,
        2,
        0,
        4,
        3,
        4,
        4,
        4,
        4,
        3,
        3,
        4,
        3,
        3,
        1,
        0,
        3
    ],
    "iou_matrix": [
        [
            0.0,
            0.0,
            0.9899783147435012,
            0.0,
            0.0,
            0.0,
            0.0,
            0.0,
            0.0,
            0.0,
            0.0,
            0.0,
            0.0,
            0.0,
            0.0,
            0.037312122279696866,
            0.05575029936785282
        ],
        [
            0.0,
            0.0,
            0.0,
            0.0,
            0.0,
            0.0,
            0.0,
            0.0,
            0.0,
            0.0,
            0.0,
            0.0,
            0.0,
            0.0,
            0.9822497957289074,
            0.0,
            0.04063897258807734
        ],
        [
            0.0,
            0.98934833913502,
            0.0,
            0.0,
            0.0,
            0.0,
            0.0,
            0.0,
            0.0,
            0.0,
            0.0,
            0.0,
            0.0,
            0.0,
            0.0,
            0.0,
            0.019830414464663684
        ],
        [
            0.024433368647254622,
            0.0,
            0.0,
            0.4284184634376769,
            0.05246623023254653,
            0.01652298809619924,
            0.020793293695612804,
            0.05898706750343132,
            0.006803340348610047,
            0.11685225227392701,
            0.1290034197606198,
            0.11235631905415483,
            0.1059349344732266,
            0.13891260656212803,
            0.0,
            0.0,
            0.39114274677575545
        ],
        [
            0.0006333959658285358,
            0.0,
            0.0,
            0.7800690397194997,
            0.0,
            0.04647480611889703,
            0.05672587680073139,
            0.10616582589914556,
            0.01913600141945588,
            0.0,
            0.018244095427522092,
            0.22175344681055362,
            0.0,
            0.015715888444739118,
            0.0,
            0.0,
            0.25792611001253035
        ],
        [
            0.0,
            0.043465402689213416,
            0.0,
            0.011546821079368746,
            0.0,
            0.0,
            0.0,
            0.0,
            0.0,
            0.0,
            0.0,
            0.0,
            0.0,
            0.0,
            0.0,
            0.0,
            0.20331906392438098
        ]
    ],
    "num_matches": 4,
    "num_GT_boxes": 17,
    "used_labels": [
        "cloud",
        "tree",
        "sheep",
        "others",
        "mountain",
        "sun"
    ]
}