{
    "bboxes": [
        [
            0.08754591878255208,
            0.4147242431640625,
            0.300567138671875,
            0.6198908284505208
        ],
        [
            0.12276858520507812,
            0.6018174235026041,
            0.3813665771484375,
            0.8617396647135417
        ],
        [
            0.19925974527994791,
            0.15955513509114583,
            0.3306219278971354,
            0.23710117594401042
        ],
        [
            0.2682240600585937,
            0.7724267578125,
            0.40780668131510417,
            0.9031292317708334
        ],
        [
            0.41290950520833336,
            0.41327360026041665,
            0.6257527669270834,
            0.691285888671875
        ],
        [
            0.0007612555821736654,
            0.7460001627604167,
            0.13298489379882814,
            0.8720861002604167
        ]
    ],
    "labels": [
        "horse",
        "mountain",
        "street lamp",
        "mountain",
        "tree",
        "dinnerware"
    ],
    "scores": [
        0.9249579906463623,
        0.7171077728271484,
        0.7089675664901733,
        0.5405591130256653,
        0.2309761941432953,
        0.21053959429264069
    ]
}