{
    "bboxes": [
        [
            0.03996978505452474,
            0.2123612263997396,
            0.17181266276041668,
            0.33080110677083335
        ],
        [
            0.4651272786458333,
            0.06551738484700521,
            0.6098020426432291,
            0.1693352966308594
        ],
        [
            0.6710386962890625,
            0.14571788533528646,
            0.7976944986979166,
            0.25527614339192706
        ],
        [
            0.03996978505452474,
            0.2123612263997396,
            0.17181266276041668,
            0.33080110677083335
        ],
        [
            0.4651272786458333,
            0.06551738484700521,
            0.6098020426432291,
            0.1693352966308594
        ],
        [
            0.6710386962890625,
            0.14571788533528646,
            0.7976944986979166,
            0.25527614339192706
        ],
        [
            0.39849735514322915,
            0.7991128743489583,
            0.5828168131510416,
            0.9302335611979167
        ],
        [
            0.6710386962890625,
            0.14571788533528646,
            0.7976944986979166,
            0.25527614339192706
        ],
        [
            0.39849735514322915,
            0.7991128743489583,
            0.5828168131510416,
            0.9302335611979167
        ],
        [
            0.4651272786458333,
            0.06551738484700521,
            0.6098020426432291,
            0.1693352966308594
        ],
        [
            0.6710386962890625,
            0.14571788533528646,
            0.7976944986979166,
            0.25527614339192706
        ],
        [
            0.4651272786458333,
            0.06551738484700521,
            0.6098020426432291,
            0.1693352966308594
        ],
        [
            0.03996978505452474,
            0.2123612263997396,
            0.17181266276041668,
            0.33080110677083335
        ]
    ],
    "labels": [
        "bicycle",
        "bus",
        "bus",
        "bus",
        "sofa",
        "bicycle",
        "dinnerware",
        "sofa",
        "mountain",
        "bicycle",
        "basket",
        "basket",
        "basket"
    ],
    "scores": [
        0.7771642208099365,
        0.5784583687782288,
        0.576198935508728,
        0.4332677721977234,
        0.3962700366973877,
        0.38622912764549255,
        0.3355674743652344,
        0.3215649425983429,
        0.32029351592063904,
        0.29431775212287903,
        0.28543341159820557,
        0.2549285888671875,
        0.23436899483203888
    ]
}