{
    "bboxes": [
        [
            0.5999732259114583,
            0.692194580078125,
            0.8357748209635417,
            0.8503059895833334
        ],
        [
            0.16434183756510418,
            0.4380458170572917,
            0.2657021687825521,
            0.874784912109375
        ],
        [
            0.16434183756510418,
            0.4380458170572917,
            0.2657021687825521,
            0.874784912109375
        ]
    ],
    "labels": [
        "bee",
        "table",
        "star"
    ],
    "scores": [
        0.9918364882469177,
        0.30928677320480347,
        0.30085092782974243
    ]
}