{
    "matched_indices": [
        6,
        5,
        7,
        1,
        4,
        9,
        2,
        0,
        3,
        10,
        10,
        10,
        10,
        13,
        11,
        4,
        10
    ],
    "iou_matrix": [
        [
            0.0,
            0.0,
            0.0,
            0.0,
            0.0,
            0.0,
            0.0,
            0.9785671378888904,
            0.0,
            0.0,
            0.0,
            0.0,
            0.0,
            0.0,
            0.0,
            0.0,
            0.07062240135948525
        ],
        [
            0.0,
            0.0,
            0.0,
            0.982976626926323,
            0.0,
            0.0,
            0.0,
            0.0,
            0.0,
            0.0,
            0.0,
            0.0,
            0.0,
            0.0,
            0.0,
            0.0,
            0.0
        ],
        [
            0.0,
            0.0,
            0.0,
            0.0,
            0.0,
            0.0,
            0.9905361003919635,
            0.0,
            0.0,
            0.0,
            0.0,
            0.0073450898285838204,
            0.0,
            0.0,
            0.0,
            0.0,
            0.13304671300814733
        ],
        [
            0.0,
            0.0,
            0.0,
            0.0,
            0.0,
            0.0,
            0.0,
            0.0,
            0.9942021317279156,
            0.0,
            0.0,
            0.0,
            0.0,
            0.0,
            0.0,
            0.0,
            0.0
        ],
        [
            0.0,
            0.0,
            0.0,
            0.0,
            0.9704667882048452,
            0.0,
            0.0,
            0.0,
            0.0,
            0.0,
            0.0,
            0.0,
            0.0,
            0.0,
            0.0,
            0.11839122253961536,
            0.09242795827262894
        ],
        [
            0.0,
            0.9600747602333213,
            0.0,
            0.0,
            0.0,
            0.0,
            0.0,
            0.0,
            0.0,
            0.0,
            0.0,
            0.0,
            0.0,
            0.0,
            0.0,
            0.0,
            0.0
        ],
        [
            0.9515824101550813,
            0.0,
            0.0,
            0.0,
            0.0,
            0.0,
            0.0,
            0.0,
            0.0,
            0.0,
            0.0,
            0.0,
            0.0,
            0.0,
            0.0,
            0.0,
            0.0
        ],
        [
            0.0,
            0.0,
            0.9567574312264245,
            0.0,
            0.0,
            0.0,
            0.0,
            0.0,
            0.003106117420426787,
            0.0,
            0.0,
            0.0,
            0.0,
            0.0,
            0.0,
            0.0,
            0.0
        ],
        [
            0.03643703159665698,
            0.05731972581377708,
            0.03643703159665698,
            0.05772391243683034,
            0.025069468226219832,
            0.14196924640355246,
            0.09349307691236534,
            0.03588293170067057,
            0.025809864861907804,
            0.011971806547484922,
            0.010581262459022923,
            0.005631243242598068,
            0.004909288980726521,
            0.004909288980726521,
            0.0060138790013899894,
            0.030776910183584038,
            0.21313045017231524
        ],
        [
            0.0,
            0.0,
            0.0,
            0.0,
            0.0,
            0.9892715177195524,
            0.0,
            0.0,
            0.0,
            0.0,
            0.0,
            0.0,
            0.0,
            0.0,
            0.0,
            0.0,
            0.026296187313217752
        ],
        [
            0.0,
            0.0,
            0.0,
            0.12979480045302733,
            0.04441191931710878,
            0.01708744550950193,
            0.2099197948109278,
            0.0353144702656408,
            0.0,
            0.026880270250596194,
            0.023854998567201465,
            0.012643817756951633,
            0.011022815480419374,
            0.011022815480419374,
            0.013502948963513737,
            0.06910332704857024,
            0.47846923910838535
        ],
        [
            0.0,
            0.0,
            0.0,
            0.0,
            0.0,
            0.0,
            0.0,
            0.0,
            0.0,
            0.0,
            0.0,
            0.0,
            0.0,
            0.0,
            0.9304682735923848,
            0.0,
            0.030220366911636938
        ],
        [
            0.06098671997513086,
            0.09592869627888341,
            0.06098671997513086,
            0.0,
            0.0178012563143959,
            0.23763645920941281,
            0.0,
            0.044686739709572154,
            0.04319943013891277,
            0.0,
            0.0,
            0.0,
            0.0,
            0.001316715162450736,
            0.0,
            0.004748382849826233,
            0.0505198654255638
        ],
        [
            0.0,
            0.0,
            0.0,
            0.0,
            0.0,
            0.0,
            0.0,
            0.0,
            0.0,
            0.0,
            0.0,
            0.0,
            0.0,
            0.9249429000577387,
            0.0,
            0.008422010132760435,
            0.023452841886644624
        ],
        [
            0.0,
            0.0,
            0.0,
            0.0,
            0.0,
            0.0,
            0.9896963509168015,
            0.0,
            0.0,
            0.0,
            0.0,
            0.007377479428601024,
            0.0,
            0.0,
            0.0,
            0.0,
            0.13281721594076204
        ]
    ],
    "true_pos": 11,
    "false_pos": 4,
    "unmatched": 6,
    "num_GT_boxes": 17,
    "used_labels": [
        "bench",
        "house",
        "fence",
        "cloud",
        "grass",
        "tree",
        "road",
        "sun",
        "others"
    ]
}