{
    "bboxes": [
        [
            0.0013308822313944499,
            0.06423702494303385,
            0.357368896484375,
            0.6248772786458333
        ],
        [
            0.15934451293945312,
            0.5833558756510416,
            0.42454402669270835,
            0.8509137369791666
        ],
        [
            0.1593946024576823,
            0.5830800374348958,
            0.4248044840494792,
            0.8508887532552083
        ],
        [
            0.38497603352864584,
            0.2576690673828125,
            0.7220784505208333,
            0.7338702799479166
        ],
        [
            0.38497603352864584,
            0.2576690673828125,
            0.7220784505208333,
            0.7338702799479166
        ],
        [
            0.38328389485677083,
            0.2572274169921875,
            0.7228870442708333,
            0.7337898763020834
        ],
        [
            0.3834844970703125,
            0.2569730428059896,
            0.7223238932291667,
            0.7337449544270833
        ],
        [
            0.38328389485677083,
            0.2572274169921875,
            0.7228870442708333,
            0.7337898763020834
        ],
        [
            0.3834844970703125,
            0.2569730428059896,
            0.7223238932291667,
            0.7337449544270833
        ],
        [
            0.3834844970703125,
            0.2569730428059896,
            0.7223238932291667,
            0.7337449544270833
        ],
        [
            0.003224819819132487,
            0.030251024881998698,
            0.9964798177083334,
            0.9911228841145834
        ],
        [
            0.1593946024576823,
            0.5830800374348958,
            0.4248044840494792,
            0.8508887532552083
        ],
        [
            0.38328389485677083,
            0.2572274169921875,
            0.7228870442708333,
            0.7337898763020834
        ],
        [
            0.15887863159179688,
            0.5830277099609374,
            0.4248961995442708,
            0.851208740234375
        ]
    ],
    "labels": [
        " dog",
        " chase",
        " walk",
        " black",
        " house exterior",
        " black",
        " house exterior",
        " house exterior",
        " black",
        " ride",
        " leash",
        " illustration",
        " ride",
        " illustration"
    ],
    "scores": [
        0.780646800994873,
        0.46532803773880005,
        0.444793701171875,
        0.4366700053215027,
        0.3959016501903534,
        0.3841060698032379,
        0.3761526048183441,
        0.3436833322048187,
        0.33098000288009644,
        0.32939133048057556,
        0.2727477550506592,
        0.25116828083992004,
        0.24787554144859314,
        0.20519797503948212
    ],
    "model_info": {
        "model_config": "/mnt/sda/miatang/projects/stroke-label/extern/mmdetection/ours_weights/base_cat_full_ft_allclass_val/intersect_full_ft_all_class_val.py",
        "weights": "/mnt/sda/miatang/projects/stroke-label/extern/mmdetection/ours_weights/base_cat_full_ft_allclass_val/best_coco_bbox_mAP_iter_47000.pth",
        "device": "cuda:0",
        "score_threshold": 0.2
    }
}