{
    "matched_indices": [
        14,
        16,
        11,
        12,
        9,
        3,
        5,
        6,
        4,
        1,
        0,
        2,
        15
    ],
    "iou_matrix": [
        [
            0.0,
            0.0,
            0.0,
            0.0,
            0.0,
            0.0,
            0.0,
            0.0,
            0.14430421831978055,
            0.0,
            0.9610554901349527,
            0.0,
            0.0
        ],
        [
            0.0,
            0.0,
            0.0,
            0.0,
            0.0,
            0.0,
            0.0,
            0.014746074092091405,
            0.0,
            0.9700675669021543,
            0.0,
            0.0,
            0.0
        ],
        [
            0.0,
            0.0,
            0.0,
            0.0,
            0.0,
            0.0,
            0.0,
            0.0,
            0.0,
            0.0,
            0.0,
            0.9829668612458041,
            0.17543589665779935
        ],
        [
            0.4100132178678609,
            0.0,
            0.0,
            0.0,
            0.0,
            0.9866524331286157,
            0.0,
            0.0,
            0.0,
            0.0,
            0.0,
            0.0,
            0.0
        ],
        [
            0.0,
            0.0,
            0.0,
            0.0,
            0.0,
            0.0,
            0.0,
            0.0,
            0.9746866146350001,
            0.0,
            0.14508491760498818,
            0.0,
            0.0
        ],
        [
            0.0,
            0.0,
            0.1652668207140139,
            0.019024239524360727,
            0.13241906738863782,
            0.0,
            0.9692106338771384,
            0.017857115422690223,
            0.0,
            0.0,
            0.0,
            0.0,
            0.0
        ],
        [
            0.030962818103675845,
            0.12820892132803308,
            0.004142136849755507,
            0.025636829619885976,
            0.025405685368836094,
            0.0,
            0.018304219831303606,
            0.995719818300546,
            0.0,
            0.015233659894817633,
            0.0,
            0.0,
            0.0
        ],
        [
            0.0,
            0.0,
            0.0,
            0.0,
            0.0,
            0.0,
            0.0,
            0.0,
            0.0,
            0.0,
            0.0,
            0.17351469270553993,
            0.959377788363588
        ],
        [
            0.0,
            0.0,
            0.5578624701067199,
            0.10961154146837362,
            0.10276206661293182,
            0.0,
            0.1671264793032896,
            0.06420817026665429,
            0.0,
            0.0,
            0.0,
            0.0,
            0.0
        ],
        [
            0.0,
            0.0,
            0.0,
            0.1439090886175769,
            0.9426233217259794,
            0.0,
            0.12693742989105886,
            0.025426359515432304,
            0.0,
            0.0,
            0.0,
            0.0,
            0.0
        ],
        [
            0.5338098821413668,
            0.41093340420840335,
            0.0,
            0.0,
            0.0,
            0.2581675051220405,
            0.0,
            0.08923872124872818,
            0.0,
            0.0,
            0.0,
            0.0,
            0.0
        ],
        [
            0.0,
            0.0,
            0.930458142599595,
            0.002667184783384854,
            0.0,
            0.0,
            0.1288141305278538,
            0.0,
            0.0,
            0.0,
            0.0,
            0.0,
            0.0
        ],
        [
            0.0,
            0.0,
            0.030711800398921064,
            0.5183330147743415,
            0.4577496933084124,
            0.0,
            0.15492798655218246,
            0.0478388738768755,
            0.0,
            0.0,
            0.0,
            0.0,
            0.0
        ],
        [
            0.004707598368876181,
            0.003073689549216483,
            0.05805547021431134,
            0.0,
            0.0,
            0.0,
            0.015613395961682104,
            0.15397978402935208,
            0.0,
            0.0,
            0.0,
            0.10068621163514084,
            0.26188580130369143
        ],
        [
            0.6569298272807588,
            0.45579194997007083,
            0.0,
            0.0,
            0.0,
            0.27691232936177057,
            0.0,
            0.10630793406827614,
            0.0,
            0.0,
            0.0,
            0.0,
            0.0
        ],
        [
            0.0,
            0.0,
            0.0,
            0.0,
            0.0,
            0.0,
            0.0,
            0.0,
            0.0,
            0.0,
            0.0,
            0.17407801673326645,
            0.9738389558514451
        ],
        [
            0.26555541248178116,
            0.6397880538850206,
            0.0,
            0.0,
            0.0,
            0.005776775049582231,
            0.0,
            0.09900240969117052,
            0.0,
            0.0,
            0.0,
            0.0,
            0.0
        ],
        [
            0.30441759509721134,
            0.0,
            0.0,
            0.0,
            0.0,
            0.5478033024749301,
            0.0,
            0.0,
            0.0,
            0.0,
            0.0,
            0.0,
            0.0
        ],
        [
            0.03322584566562476,
            0.027355535074883884,
            0.0501607343983548,
            0.0,
            0.0,
            0.0,
            0.05032387457046964,
            0.01746604756227375,
            0.0,
            0.0,
            0.0,
            0.0,
            0.0
        ],
        [
            0.0,
            0.0,
            0.8744324025399461,
            0.021263605578005332,
            0.05275971027050597,
            0.0,
            0.26071848221784677,
            0.020389676723021374,
            0.0,
            0.0,
            0.0,
            0.0,
            0.0
        ],
        [
            0.0,
            0.0,
            0.13521854031649164,
            0.2560873218634785,
            0.23315845089264026,
            0.0,
            0.3486431767953685,
            0.07410851467725474,
            0.0,
            0.0,
            0.0,
            0.0,
            0.0
        ],
        [
            0.0,
            0.08673806513944737,
            0.010235194609623561,
            0.07510755795388245,
            0.0671866189069016,
            0.0,
            0.030803712408627008,
            0.35867234565935197,
            0.0,
            0.0,
            0.0013758373964636757,
            0.0,
            0.0
        ],
        [
            0.03322584566562476,
            0.027355535074883884,
            0.0501607343983548,
            0.0,
            0.0,
            0.0,
            0.05032387457046964,
            0.01746604756227375,
            0.0,
            0.0,
            0.0,
            0.0,
            0.0
        ],
        [
            0.6429258237348342,
            0.0,
            0.0,
            0.0,
            0.0,
            0.6364284896298551,
            0.0,
            0.0,
            0.0,
            0.0,
            0.0,
            0.0,
            0.0
        ],
        [
            0.3886610754500171,
            0.5095335990157934,
            0.0,
            0.0,
            0.0,
            0.1273592534515541,
            0.0,
            0.09391604697063288,
            0.0,
            0.0,
            0.0,
            0.0,
            0.0
        ]
    ],
    "num_matches": 12,
    "num_GT_boxes": 13,