{
    "matched_indices": [
        7,
        7,
        5,
        9,
        5,
        10,
        2,
        10,
        2,
        9,
        2,
        7,
        2,
        9,
        7,
        2,
        7,
        8,
        7,
        2,
        2,
        5,
        7,
        9,
        7,
        7,
        0,
        1,
        6,
        10,
        6
    ],
    "iou_matrix": [
        [
            0.0,
            0.0,
            0.0,
            0.0,
            0.02121616149215411,
            0.0,
            0.0,
            0.0,
            0.0,
            0.0,
            0.0,
            0.0,
            0.0,
            0.0,
            0.0,
            0.0,
            0.0,
            0.0,
            0.0,
            0.0,
            0.0,
            0.0,
            0.0,
            0.0,
            0.0,
            0.0,
            0.9393166602882662,
            0.0,
            0.0,
            0.0,
            0.0
        ],
        [
            0.0,
            0.0,
            0.0,
            0.0,
            0.0,
            0.0,
            0.0,
            0.0,
            0.0,
            0.0,
            0.0,
            0.0,
            0.0,
            0.0,
            0.0,
            0.0,
            0.0,
            0.0,
            0.0,
            0.0,
            0.0,
            0.016304762940314108,
            0.0,
            0.0,
            0.0,
            0.0,
            0.0,
            0.9442458429712288,
            0.0,
            0.0,
            0.0
        ],
        [
            0.0,
            0.0,
            0.0,
            0.0,
            0.08697127129106327,
            0.0,
            0.31453341227841364,
            0.0,
            0.2815543979005729,
            0.0,
            0.24472613998183843,
            0.0,
            0.15653822389056976,
            0.0,
            0.020931272364688978,
            0.2937757621507929,
            0.0,
            0.0,
            0.0,
            0.29312573874601155,
            0.07918874128341187,
            0.0,
            0.0,
            0.0,
            0.0,
            0.0,
            0.0,
            0.0,
            0.0,
            0.0,
            0.09295843408543947
        ],
        [
            0.0004361741014766241,
            0.027041351127247783,
            0.059864895427666716,
            0.0005597567635616718,
            0.3823849274006553,
            0.0021881400757410665,
            0.022700728680130334,
            0.34354558108954897,
            0.020354791402242483,
            0.026170446088597477,
            0.017623410955089347,
            0.010419980056463114,
            0.0253526196483288,
            0.018933369165977085,
            0.013820674940798531,
            0.020650188150074,
            0.01686539859042948,
            0.01690872430348651,
            0.013820674940798524,
            0.02014445462702261,
            0.01676981938802469,
            0.05887379932064857,
            0.021544061883719393,
            0.020462402781248303,
            0.01451859698172014,
            0.020823265018066046,
            0.021626965864882632,
            0.02944175184967216,
            0.021808705073831237,
            0.02312673615216466,
            0.1675192634940394
        ],
        [
            0.0012701824184522521,
            0.07879132505209135,
            0.0,
            0.0016300674370137355,
            0.15561909412705316,
            0.0,
            0.0660534454578282,
            0.3455342178863053,
            0.05927517952777184,
            0.07621094510713522,
            0.05125293855901773,
            0.030417080833646755,
            0.07382935307253723,
            0.05651331333562753,
            0.04143154535777083,
            0.061501849017521426,
            0.04911372018015379,
            0.04996050845912198,
            0.0414315453577708,
            0.061118748629568974,
            0.05132030979810401,
            0.0,
            0.06541463497834442,
            0.062131036673348954,
            0.04440681639950171,
            0.062470311662226434,
            0.0,
            0.0,
            0.05839086050215486,
            0.0,
            0.4321030083508263
        ],
        [
            0.0004443278573851598,
            0.027536235680508718,
            0.06098399842611323,
            0.0005702207503109593,
            0.3889870481173254,
            0.002229044751215554,
            0.023075578888595957,
            0.3481788697097447,
            0.02073530001130748,
            0.026659671443109618,
            0.017880950123379293,
            0.010604532629075462,
            0.025826556710512438,
            0.01896781362614913,
            0.01380611243901625,
            0.020723115811616864,
            0.01695257739541524,
            0.016947558339652776,
            0.013806112439016242,
            0.019897850060846017,
            0.016515484495069496,
            0.05995819203479777,
            0.021324138125965616,
            0.020254168507729157,
            0.014299446033417441,
            0.020789084452996705,
            0.021858863909947242,
            0.029992130373498318,
            0.02221639286925802,
            0.023551171775766044,
            0.17063533983305884
        ],
        [
            0.0012474291474288974,
            0.07733398488536646,
            0.0,
            0.001600867405867097,
            0.15943792720643132,
            0.0,
            0.06485164768680016,
            0.3498564008824223,
            0.05821336021334862,
            0.07484574884573394,
            0.05030786087330564,
            0.029827957143299492,
            0.07250681919430474,
            0.0555013609324648,
            0.04068950620261014,
            0.06040008574949786,
            0.04823392703391741,
            0.049065546465536694,
            0.040689506202610116,
            0.060007926447088925,
            0.050400765168284206,
            0.0,
            0.06424386336591374,
            0.0610189417539934,
            0.043611661497137785,
            0.0613097778278551,
            0.0,
            0.0,
            0.06118729609533272,
            0.0,
            0.4491158167747268
        ],
        [
            0.0014139315929376092,
            0.08770403558188238,
            0.0,
            0.0018145455442699452,
            0.13387161795055438,
            0.0,
            0.07363486548888848,
            0.32080114372877366,
            0.06598347433708851,
            0.08483589557625665,
            0.057207457469743456,
            0.03386085191954353,
            0.08218477383949861,
            0.06283758283246177,
            0.04606140395897696,
            0.06839500443550357,
            0.0546720215935876,
            0.055614642655546026,
            0.04606140395897693,
            0.0680002732695641,
            0.05700820969671046,
            0.0,
            0.07267572822376166,
            0.06902873806011657,
            0.049325562678657835,
            0.06944398609333617,
            0.0,
            0.0,
            0.04144731008937312,
            0.0,
            0.33810738402581086
        ],
        [
            0.0,
            0.0,
            0.0,
            0.0,
            0.0,
            0.0,
            0.0,
            0.023293857168173237,
            0.0,
            0.0,
            0.0,
            0.0,
            0.0,
            0.0,
            0.0,
            0.0,
            0.0,
            0.4686872750993858,
            0.0,
            0.0,
            0.0,
            0.0,
            0.0,
            0.05610605755949896,
            0.0,
            0.0,
            0.0,
            0.0,
            0.0,
            0.0,
            0.0
        ],
        [
            0.0,
            0.015297907557614428,
            0.0,
            0.023307810603347485,
            0.0,
            0.0,
            0.0,
