{
    "bboxes": [
        [
            0.22962870279947917,
            0.22154329427083333,
            0.541162109375,
            0.7220809733072917
        ],
        [
            0.07961281840006511,
            0.11866367594401042,
            0.23755076090494792,
            0.23448134358723957
        ],
        [
            0.07961281840006511,
            0.11866367594401042,
            0.23755076090494792,
            0.23448134358723957
        ],
        [
            0.012685129801432292,
            0.5720205078125,
            0.11287611897786458,
            0.6624625651041667
        ]
    ],
    "labels": [
        "horse",
        "fence",
        "street lamp",
        "chair"
    ],
    "scores": [
        0.94032222032547,
        0.39779460430145264,
        0.27867764234542847,
        0.20590780675411224
    ]
}