{
    "bboxes": [
        [
            0.8011875,
            0.5856583658854166,
            0.96957666015625,
            0.7701908365885417
        ],
        [
            0.3078975830078125,
            0.8127762044270833,
            0.5160377197265625,
            0.99873828125
        ],
        [
            0.5452076416015625,
            0.7718024088541666,
            0.7050602213541667,
            0.930838623046875
        ],
        [
            0.5489259847005208,
            0.7865463053385416,
            0.998556884765625,
            0.99837939453125
        ],
        [
            0.742242431640625,
            0.09658582560221354,
            0.9629610188802084,
            0.5050994873046875
        ],
        [
            0.9079708658854166,
            0.19876658121744792,
            0.963117919921875,
            0.24807710774739583
        ],
        [
            0.49204736328125,
            0.39905029296875,
            0.8645795084635417,
            0.6768768717447917
        ],
        [
            0.09778996785481771,
            0.2787840983072917,
            0.5036116536458334,
            0.7706905110677084
        ],
        [
            0.09799140421549479,
            0.43222359212239586,
            0.45628145345052085,
            0.770798583984375
        ]
    ],
    "labels": [
        "cat",
        "cat",
        "banana",
        "people",
        "tree",
        "bicycle",
        "umbrella",
        "horse",
        "horse"
    ],
    "scores": [
        0.9681457281112671,
        0.966277003288269,
        0.7304967045783997,
        0.6172931790351868,
        0.4286155104637146,
        0.3694491684436798,
        0.3418174684047699,
        0.33793705701828003,
        0.306670606136322
    ]
}