{
    "bboxes": [
        [
            0.5186980387369792,
            0.3052467041015625,
            0.6517258707682292,
            0.4237370198567708
        ],
        [
            0.8252676595052083,
            0.4252016194661458,
            0.9717125651041667,
            0.5173817545572916
        ],
        [
            0.5186980387369792,
            0.3052467041015625,
            0.6517258707682292,
            0.4237370198567708
        ],
        [
            0.6118211263020833,
            0.41161808268229166,
            0.78575634765625,
            0.5301588948567708
        ],
        [
            0.8252676595052083,
            0.4252016194661458,
            0.9717125651041667,
            0.5173817545572916
        ],
        [
            0.6118211263020833,
            0.41161808268229166,
            0.78575634765625,
            0.5301588948567708
        ],
        [
            0.5186980387369792,
            0.3052467041015625,
            0.6517258707682292,
            0.4237370198567708
        ],
        [
            0.6118211263020833,
            0.41161808268229166,
            0.78575634765625,
            0.5301588948567708
        ],
        [
            0.8252676595052083,
            0.4252016194661458,
            0.9717125651041667,
            0.5173817545572916
        ],
        [
            0.6118211263020833,
            0.41161808268229166,
            0.78575634765625,
            0.5301588948567708
        ],
        [
            0.8252676595052083,
            0.4252016194661458,
            0.9717125651041667,
            0.5173817545572916
        ],
        [
            0.8252676595052083,
            0.4252016194661458,
            0.9717125651041667,
            0.5173817545572916
        ],
        [
            0.0031241175333658854,
            0.31835555013020833,
            0.6382706298828125,
            0.7925817057291666
        ]
    ],
    "labels": [
        "tree",
        "grape",
        "grape",
        "grape",
        "tree",
        "tree",
        "umbrella",
        "umbrella",
        "umbrella",
        "people",
        "people",
        "airplane",
        "horse"
    ],
    "scores": [
        0.6577932238578796,
        0.6119431257247925,
        0.6039640307426453,
        0.5751779079437256,
        0.5563457012176514,
        0.5459569692611694,
        0.36590054631233215,
        0.3540360927581787,
        0.3471715450286865,
        0.23254525661468506,
        0.2265661209821701,
        0.21339181065559387,
        0.20670442283153534
    ]
}