{
    "bboxes": [
        [
            0.30611199951171875,
            0.5323316243489583,
            0.8519708658854167,
            0.836507080078125
        ],
        [
            0.06635592651367188,
            0.118406982421875,
            0.3312102254231771,
            0.33152205403645835
        ],
        [
            0.14524324544270834,
            0.2774543253580729,
            0.33135638427734376,
            0.433754638671875
        ],
        [
            0.3326727091471354,
            0.1177581787109375,
            0.5852175699869792,
            0.29063669840494794
        ],
        [
            0.8954767252604167,
            0.6246154378255209,
            0.9916331380208333,
            0.731187255859375
        ],
        [
            0.014545711517333984,
            0.6643602294921875,
            0.11043482462565105,
            0.7709384765625
        ],
        [
            0.12933488972981771,
            0.1740429890950521,
            0.26553951009114585,
            0.28771142578125
        ],
        [
            0.8531153157552084,
            0.5587548828125,
            0.9990952962239583,
            0.7311688639322916
        ],
        [
            0.06656419881184895,
            0.1189458516438802,
            0.3323324381510417,
            0.4328770345052083
        ],
        [
            0.3732213541666667,
            0.8787266438802084,
            0.47941092936197915,
            0.9307842610677083
        ],
        [
            0.3326727091471354,
            0.1177581787109375,
            0.5852175699869792,
            0.29063669840494794
        ]
    ],
    "labels": [
        "grass",
        "tree",
        "tree",
        "tree",
        "bus",
        "bus",
        "tree",
        "bus",
        "tree",
        "bus",
        "mountain"
    ],
    "scores": [
        0.9737926125526428,
        0.6032691597938538,
        0.5401450991630554,
        0.48417988419532776,
        0.4597552716732025,
        0.45521512627601624,
        0.3053666353225708,
        0.24717991054058075,
        0.2455141246318817,
        0.22884215414524078,
        0.22054199874401093
    ]
}