{
    "bboxes": [
        [
            0.0,
            0.6102677408854167,
            0.9864107259114583,
            0.7470634765625
        ],
        [
            0.052670730590820315,
            0.0005512237151463826,
            0.46458976236979166,
            0.33081988525390627
        ],
        [
            0.6295530192057291,
            0.09238212076822917,
            0.7592731119791667,
            0.29091579182942706
        ],
        [
            0.7636988932291666,
            0.13283046468098958,
            0.9054991048177083,
            0.37031437174479165
        ],
        [
            0.86759619140625,
            0.06485718282063802,
            0.9848788248697916,
            0.1834119669596354
        ],
        [
            0.4508878987630208,
            0.19949180094401042,
            0.5808931477864583,
            0.2905531819661458
        ],
        [
            0.00047153790791829427,
            0.1994466349283854,
            0.06182588195800781,
            0.30606087239583335
        ],
        [
            0.2916419677734375,
            0.5585064290364583,
            0.49123075358072915,
            0.9575182291666666
        ],
        [
            0.2916419677734375,
            0.5585064290364583,
            0.49123075358072915,
            0.9575182291666666
        ],
        [
            0.0006496309836705526,
            0.7435035807291667,
            0.99922314453125,
            0.9971922200520833
        ]
    ],
    "labels": [
        "rabbit",
        "tree",
        "others",
        "others",
        "others",
        "others",
        "others",
        "fence",
        "house",
        "chicken"
    ],
    "scores": [
        0.9355648756027222,
        0.9349976181983948,
        0.8021039366722107,
        0.7942879796028137,
        0.5928393006324768,
        0.4452011287212372,
        0.30368298292160034,
        0.27472129464149475,
        0.23348385095596313,
        0.224744975566864
    ]
}