{
    "matched_indices": [
        1,
        9,
        4,
        11,
        3,
        0,
        2,
        7,
        7,
        7,
        7,
        11,
        1,
        7
    ],
    "iou_matrix": [
        [
            0.048213969675649664,
            0.011784230311886797,
            0.4158187967769747,
            0.0,
            0.0,
            0.896643988993534,
            0.0,
            0.0,
            0.004490414159511594,
            0.0,
            0.0,
            0.0,
            0.0,
            0.0
        ],
        [
            0.8973260152027265,
            0.0,
            0.0801210906067491,
            0.0,
            0.04843721519730331,
            0.0076873003730710526,
            0.11752401944219475,
            0.0,
            0.0,
            0.0,
            0.0,
            0.0,
            0.025824677403057644,
            0.0
        ],
        [
            0.11782449044966063,
            0.0,
            0.0,
            0.0,
            0.0,
            0.0,
            0.9751169121937833,
            0.0,
            0.0,
            0.0,
            0.0,
            0.0,
            0.0,
            0.0
        ],
        [
            0.04853464768774276,
            0.0,
            0.0,
            0.009415207265761312,
            0.9911740188378892,
            0.0,
            0.0,
            0.0,
            0.0,
            0.0,
            0.0,
            0.0,
            0.0,
            0.0
        ],
        [
            0.08737318069282568,
            0.0,
            0.8642968700901816,
            0.0,
            0.0,
            0.3188960259047388,
            0.0,
            0.0,
            0.0,
            0.0,
            0.0,
            0.0,
            0.0,
            0.0
        ],
        [
            0.048090077549592304,
            0.0,
            0.0,
            0.009231802540397818,
            0.9893512178622608,
            0.0,
            0.0,
            0.0,
            0.0,
            0.0,
            0.0,
            0.0,
            0.0,
            0.0
        ],
        [
            0.08737318069282568,
            0.0,
            0.8642968700901816,
            0.0,
            0.0,
            0.3188960259047388,
            0.0,
            0.0,
            0.0,
            0.0,
            0.0,
            0.0,
            0.0,
            0.0
        ],
        [
            0.09605957825009609,
            0.013640064434539011,
            0.11224456504419113,
            0.009352364854905445,
            0.22152782244984617,
            0.23976540016954584,
            0.018416964637352255,
            0.006962116221795958,
            0.007321822562369242,
            0.006962116221795943,
            0.009661712307798468,
            0.004138421448295668,
            0.0028057094564716274,
            0.0069621162217959505
        ],
        [
            0.048303795194469756,
            0.0,
            0.0,
            0.009342022595853419,
            0.9899933439586612,
            0.0,
            0.0,
            0.0,
            0.0,
            0.0,
            0.0,
            0.0,
            0.0,
            0.0
        ],
        [
            0.0,
            0.9079737121097426,
            0.0,
            0.0,
            0.0,
            0.0034985149050289852,
            0.0,
            0.0,
            0.0,
            0.0,
            0.0,
            0.0,
            0.0,
            0.0
        ],
        [
            0.0,
            0.0,
            0.0,
            0.0,
            0.38781702567678894,
            0.0,
            0.0,
            0.0,
            0.0,
            0.0,
            0.0,
            0.0,
            0.0,
            0.0
        ],
        [
            0.1269286167596516,
            0.018023340750893048,
            0.1477332623264552,
            0.012357775831308529,
            0.29231920592321986,
            0.3155403310720315,
            0.024335312406269096,
            0.0,
            0.0013008165733142717,
            0.0,
            0.0,
            0.005468315805354035,
            0.0037073327493925504,
            0.0
        ],
        [
            0.048303795194469756,
            0.0,
            0.0,
            0.009342022595853419,
            0.9899933439586612,
            0.0,
            0.0,
            0.0,
            0.0,
            0.0,
            0.0,
            0.0,
            0.0,
            0.0
        ]
    ],
    "true_pos": 6,
    "false_pos": 7,
    "unmatched": 8,
    "num_GT_boxes": 14,
    "used_labels": [
        "dog",
        "cloud",
        "grass",
        "tree",
        "umbrella",
        "sun"
    ]
}