{
    "mean_iou": 0.4738907689500272,
    "mean_dice": 0.5423037420941561,
    "missed_matches": 7,
    "total_matches": 21,
    "success_rate": 0.6666666666666666,
    "time": "2024-09-22 20:54:32"
}