{
    "bboxes": [
        [
            0.697952880859375,
            0.689510498046875,
            0.8631847330729167,
            0.9219768880208333
        ],
        [
            0.6312632242838542,
            0.5927855631510417,
            0.7361105143229166,
            0.7084213053385416
        ],
        [
            0.1862469482421875,
            0.6927373046875,
            0.264646484375,
            0.797935791015625
        ],
        [
            0.18660628255208334,
            0.1850376993815104,
            0.74440478515625,
            0.612214599609375
        ],
        [
            0.05320862325032552,
            0.6264357503255208,
            0.26433719889322915,
            0.8098973795572917
        ],
        [
            0.05320862325032552,
            0.6264357503255208,
            0.26433719889322915,
            0.8098973795572917
        ],
        [
            0.38721065266927085,
            0.02639972432454427,
            0.4900108642578125,
            0.11669732666015625
        ],
        [
            0.05266135660807292,
            0.6264851481119792,
            0.19656817626953124,
            0.80993701171875
        ],
        [
            0.7562066243489584,
            0.22150797526041666,
            0.9613203125,
            0.5308332112630209
        ]
    ],
    "labels": [
        "bee",
        "bee",
        "dinnerware",
        "horse",
        "mountain",
        "dinnerware",
        "fence",
        "mountain",
        "tree"
    ],
    "scores": [
        0.9559149742126465,
        0.9525658488273621,
        0.6295105218887329,
        0.5814403295516968,
        0.4004298448562622,
        0.3329859972000122,
        0.2721188962459564,
        0.25283390283584595,
        0.21319419145584106
    ]
}