{
    "bboxes": [
        [
            0.5197714436848958,
            0.11866597493489583,
            0.8113455403645833,
            0.5219534912109375
        ],
        [
            0.024711578369140626,
            0.5186513264973959,
            0.28972471110026043,
            0.7844248860677083
        ],
        [
            0.3207910359700521,
            0.1854943644205729,
            0.558892822265625,
            0.4515370279947917
        ],
        [
            0.804218505859375,
            0.15845848592122397,
            0.999261962890625,
            0.6244733072916666
        ],
        [
            0.0010793506304423014,
            0.2509431762695313,
            0.22874983723958334,
            0.5219080810546874
        ],
        [
            0.56411572265625,
            0.41359423828125,
            0.685628662109375,
            0.6763069661458333
        ],
        [
            0.2933983968098958,
            0.7843838704427083,
            0.5857594807942709,
            0.9314916178385416
        ],
        [
            0.5706278483072916,
            0.5055231119791667,
            0.6437431640625,
            0.676005126953125
        ],
        [
            0.4803805338541667,
            0.8126427408854167,
            0.5854551188151041,
            0.9315330403645833
        ],
        [
            0.29279728190104165,
            0.798078369140625,
            0.41382039388020836,
            0.9178763020833334
        ],
        [
            0.3834530029296875,
            0.7849031575520833,
            0.4799520263671875,
            0.9312417805989583
        ],
        [
            0.2733009033203125,
            0.4237388916015625,
            0.8738616536458333,
            0.9917168782552084
        ],
        [
            0.10080024210611979,
            0.14459937540690104,
            0.34554398600260416,
            0.39171622721354166
        ],
        [
            0.5639679768880208,
            0.4135538736979167,
            0.685235595703125,
            0.6766353352864584
        ]
    ],
    "labels": [
        "people",
        "people",
        "people",
        "people",
        "people",
        "road",
        "others",
        "road",
        "others",
        "others",
        "others",
        "flower",
        "people",
        "tree"
    ],
    "scores": [
        0.6457505822181702,
        0.6336585283279419,
        0.5855533480644226,
        0.5645396113395691,
        0.4305936396121979,
        0.4294779598712921,
        0.33563175797462463,
        0.28867465257644653,
        0.28710806369781494,
        0.27474918961524963,
        0.27355819940567017,
        0.25936397910118103,
        0.250087171792984,
        0.23335935175418854
    ]
}