{
    "bboxes": [
        [
            0.7186200358072916,
            0.547394287109375,
            0.9717911783854166,
            0.810277099609375
        ],
        [
            0.42649967447916665,
            0.17186971028645834,
            0.6108551839192708,
            0.263694091796875
        ],
        [
            0.2921554158528646,
            0.332134765625,
            0.531144287109375,
            0.5695855305989583
        ],
        [
            0.7457584635416666,
            0.4255937093098958,
            0.8515131022135417,
            0.5703717041015625
        ],
        [
            0.012770469665527345,
            0.17226780192057292,
            0.13107325236002604,
            0.3842472737630208
        ],
        [
            0.025942039489746094,
            0.5051695149739583,
            0.23822943115234374,
            0.6241641031901042
        ],
        [
            0.5456114095052084,
            0.42635795084635414,
            0.6902928873697917,
            0.583856201171875
        ],
        [
            0.41292110188802084,
            0.8111663411458333,
            0.6516565348307292,
            0.96651171875
        ],
        [
            0.03879726155598958,
            0.3986490478515625,
            0.10588531494140625,
            0.47742720540364586
        ],
        [
            0.34598291015625,
            0.6122996012369791,
            0.46566459147135414,
            0.716817626953125
        ],
        [
            0.13167586263020833,
            0.27824676513671875,
            0.2248203328450521,
            0.34390974934895835
        ],
        [
            0.7732769368489584,
            0.25428155517578127,
            0.8246739908854167,
            0.35737406412760414
        ],
        [
            0.6533153076171875,
            0.38531278483072917,
            0.7585225423177083,
            0.4633028157552083
        ],
        [
            0.07989070129394531,
            0.7583271484375,
            0.2901933797200521,
            0.9840519205729167
        ]
    ],
    "labels": [
        "flower",
        "flower",
        "chicken",
        "tree",
        "house",
        "pig",
        "chicken",
        "pig",
        "house",
        "house",
        "grass",
        "house",
        "tree",
        "house"
    ],
    "scores": [
        0.9396381378173828,
        0.9296974539756775,
        0.9030459523200989,
        0.8319430947303772,
        0.8128948211669922,
        0.5199887752532959,
        0.3988484740257263,
        0.3467750549316406,
        0.339018851518631,
        0.3265085220336914,
        0.2503081262111664,
        0.24505846202373505,
        0.24397142231464386,
        0.20632784068584442
    ]
}