{
    "matched_indices": [
        15,
        12,
        7,
        0,
        20,
        6,
        2,
        3,
        13
    ],
    "iou_matrix": [
        [
            0.0,
            0.0,
            0.008207575968140111,
            0.8993102360995328,
            0.2205124126921684,
            0.0,
            0.0,
            0.0,
            0.28777817162471697
        ],
        [
            0.0,
            0.0,
            0.0,
            0.0,
            0.0,
            0.8755674965928845,
            0.0,
            0.0,
            0.0
        ],
        [
            0.0,
            0.022373267818227082,
            0.0,
            0.0,
            0.0,
            0.0,
            0.9637628478952625,
            0.0,
            0.0
        ],
        [
            0.0,
            0.0,
            0.0,
            0.0,
            0.0,
            0.0,
            0.0,
            0.940760157874511,
            0.0
        ],
        [
            0.0,
            0.0,
            0.0,
            0.0,
            0.0,
            0.0,
            0.0,
            0.940760157874511,
            0.0
        ],
        [
            0.0,
            0.022325159955146303,
            0.0,
            0.0,
            0.0,
            0.0,
            0.9627848918270523,
            0.0,
            0.0
        ],
        [
            0.0,
            0.0,
            0.0,
            0.0,
            0.0,
            0.8774746939291224,
            0.0,
            0.0,
            0.0
        ],
        [
            0.0836248937727487,
            0.0,
            0.9293430049931444,
            0.017268486751458093,
            0.0,
            0.0,
            0.0,
            0.0,
            0.10525073760943515
        ],
        [
            0.36517113515318084,
            0.0,
            0.0,
            0.0,
            0.06624343320738099,
            0.0,
            0.0,
            0.0,
            0.04567363051297563
        ],
        [
            0.0,
            0.0,
            0.0,
            0.0,
            0.0,
            0.0,
            0.0,
            0.9343531376941642,
            0.0
        ],
        [
            0.0,
            0.022373267818227082,
            0.0,
            0.0,
            0.0,
            0.0,
            0.9637628478952625,
            0.0,
            0.0
        ],
        [
            0.050212662795796184,
            0.01075459374874989,
            0.0,
            0.24931306597576233,
            0.7652391928129135,
            0.0,
            0.0,
            0.0,
            0.3082169215446072
        ],
        [
            0.0,
            0.9770799408960438,
            0.0,
            0.0,
            0.08415807835686079,
            0.0,
            0.02410678779659835,
            0.0,
            0.03671868230419762
        ],
        [
            0.07256791267671031,
            0.07876811803056438,
            0.06824897472475111,
            0.13871308563758122,
            0.17097152201319188,
            0.06531293063149446,
            0.03998381625916975,
            0.02116790272544281,
            0.4260900271745769
        ],
        [
            0.0,
            0.0,
            0.0,
            0.0,
            0.0,
            0.8774746939291224,
            0.0,
            0.0,
            0.0
        ],
        [
            0.9844508216519261,
            0.0,
            0.08655122677066046,
            0.0,
            0.10340944301541427,
            0.0,
            0.0,
            0.0,
            0.07380737821570427
        ],
        [
            0.08379921034819302,
            0.0,
            0.9273727727294102,
            0.017532515410195442,
            0.0,
            0.0,
            0.0,
            0.0,
            0.10541996852057996
        ],
        [
            0.0836248937727487,
            0.0,
            0.9293430049931444,
            0.017268486751458093,
            0.0,
            0.0,
            0.0,
            0.0,
            0.10525073760943515
        ],
        [
            0.0,
            0.0,
            0.0,
            0.0,
            0.0,
            0.8774746939291224,
            0.0,
            0.0,
            0.0
        ],
        [
            0.0,
            0.0,
            0.0,
            0.0,
            0.0,
            0.8765404739958647,
            0.0,
            0.0,
            0.0
        ],
        [
            0.10242749781008097,
            0.08318505402046358,
            0.0,
            0.21175000421381465,
            0.9835691812938511,
            0.0,
            0.0,
            0.0,
            0.339691795517761
        ],
        [
            0.0,
            0.0,
            0.010764956696818817,
            0.8668670354270016,
            0.2247308052817882,
            0.0,
            0.0,
            0.0,
            0.29830636784192543
        ],
        [
            0.0,
            0.022325159955146303,
            0.0,
            0.0,
            0.0,
            0.0,
            0.9627848918270523,
            0.0,
            0.0
        ],
        [
            0.0,
            0.9770799408960438,
            0.0,
            0.0,
            0.08415807835686079,
            0.0,
            0.02410678779659835,
            0.0,
            0.03671868230419762
        ],
        [
            0.0,
            0.0,
            0.0018585871145626195,
            0.2954027119823917,
            0.0011823273673384207,
            0.0,
            0.0,
            0.0,
            0.10122557668953626
        ],
        [
            0.982577541780849,
            0.0,
            0.08696667431460933,
            0.0,
            0.10344403484381691,
            0.0,
            0.0,
            0.0,
            0.07398695749473909
        ]
    ],
    "num_matches": 8,
    "num_matches_with_correct_class": 1,
    "num_GT_boxes": 9,
    "used_labels": [
        "fence",
        "tree",
        "sun",
        "road",
        "cow",
        "cloud"
    ],
    "map_score": 0.05245691165328026
}