{
    "matched_indices": [
        24,
        20,
        25,
        3,
        9,
        29,
        2,
        1,
        8
    ],
    "iou_matrix": [
        [
            0.0,
            0.0,
            0.0,
            0.0,
            0.0,
            0.8742671305734891,
            0.0,
            0.0,
            0.0
        ],
        [
            0.0,
            0.0,
            0.0,
            0.0,
            0.0,
            0.0,
            0.0,
            0.9409301086649566,
            0.0
        ],
        [
            0.0,
            0.022692299772545308,
            0.0,
            0.0,
            0.0,
            0.0,
            0.9611912402904669,
            0.0,
            0.0
        ],
        [
            0.0,
            0.0,
            0.009562429590235096,
            0.8790882241124341,
            0.22433146987258845,
            0.0,
            0.0,
            0.0,
            0.29399110519543836
        ],
        [
            0.05314821346948025,
            0.014782005514681276,
            0.0,
            0.24709979032559667,
            0.7753392005143922,
            0.0,
            0.0,
            0.0,
            0.3136964814463662
        ],
        [
            0.0,
            0.0,
            0.0,
            0.0,
            0.0,
            0.0,
            0.0,
            0.9345685148871757,
            0.0
        ],
        [
            0.0,
            0.022733812893599672,
            0.0,
            0.0,
            0.0,
            0.0,
            0.9589021873101995,
            0.0,
            0.0
        ],
        [
            0.0,
            0.19583840946887304,
            0.0,
            0.0,
            0.21148756300590424,
            0.0,
            0.0,
            0.0,
            0.05491424625630996
        ],
        [
            0.13059466581521958,
            0.1417526792719326,
            0.12156117703668279,
            0.20546161168615462,
            0.3041485544784253,
            0.007387736831025416,
            0.0074477709560988115,
            0.0,
            0.5246227125369821
        ],
        [
            0.10277757509557565,
            0.08340801300657534,
            0.0,
            0.2117732099544964,
            0.9783407596326262,
            0.0,
            0.0,
            0.0,
            0.3417073776195279
        ],
        [
            0.0,
            0.0,
            0.0,
            0.0,
            0.0,
            0.0,
            0.0,
            0.9345685148871757,
            0.0
        ],
        [
            0.0,
            0.0,
            0.0,
            0.0,
            0.0,
            0.872347419106366,
            0.0,
            0.0,
            0.0
        ],
        [
            0.0,
            0.0,
            0.005352196654365096,
            0.2989608518578687,
            0.0021920918942751636,
            0.0,
            0.0,
            0.0,
            0.10423534690413144
        ],
        [
            0.0,
            0.0,
            0.0,
            0.0,
            0.0,
            0.0,
            0.0,
            0.9409301086649566,
            0.0
        ],
        [
            0.0,
            0.022733812893599672,
            0.0,
            0.0,
            0.0,
            0.0,
            0.9589021873101995,
            0.0,
            0.0
        ],
        [
            0.3667794333902443,
            0.0,
            0.00110013258018706,
            0.0,
            0.065986815909978,
            0.0,
            0.0,
            0.0,
            0.04587963923167764
        ],
        [
            0.0,
            0.0,
            0.0,
            0.0,
            0.0,
            0.0,
            0.0,
            0.9409301086649566,
            0.0
        ],
        [
            0.0,
            0.022692299772545308,
            0.0,
            0.0,
            0.0,
            0.0,
            0.9611912402904669,
            0.0,
            0.0
        ],
        [
            0.0,
            0.0,
            0.0,
            0.009632949945787216,
            0.1138634412327258,
            0.0,
            0.0,
            0.0,
            0.17451858420388405
        ],
        [
            0.0,
            0.0,
            0.005533918172808023,
            0.29774864432511133,
            0.0017489247038868976,
            0.0,
            0.0,
            0.0,
            0.104622624659506
        ],
        [
            0.09355015234743543,
            0.2368942844511831,
            0.0,
            0.19167547425628648,
            0.5141950497424447,
            0.0,
            0.01078534203906167,
            0.0,
            0.3871815576365411
        ],
        [
            0.0,
            0.0,
            0.0,
            0.0,
            0.0,
            0.0,
            0.0,
            0.9359933363862032,
            0.0
        ],
        [
            0.0,
            0.022692299772545308,
            0.0,
            0.0,
            0.0,
            0.0,
            0.9611912402904669,
            0.0,
            0.0
        ],
        [
            0.05314821346948025,
            0.014782005514681276,
            0.0,
            0.24709979032559667,
            0.7753392005143922,
            0.0,
            0.0,
            0.0,
            0.3136964814463662
        ],
        [
            0.9780685271812228,
            0.0,
            0.08803704622506231,
            0.0,
            0.10368655676875042,
            0.0,
            0.0,
            0.0,
            0.07443934651470464
        ],
        [
            0.08434368246979047,
            0.0,
            0.9254603657264359,
            0.018642881939694485,
            0.0,
            0.0,
            0.0,
            0.0,
            0.10623827066969596
        ],
        [
            0.0,
            0.0,
            0.0,
            0.0,
            0.0,
            0.8711256304820398,
            0.0,
            0.0,
            0.0
        ],
        [
            0.0,
            0.022619271285357588,
            0.0,
            0.0,
            0.0,
            0.0,
            0.9597832072815319,
            0.0,
            0.0
        ],
        [
            0.0,
            0.2063496799901391,
            0.0,
            0.0,
            0.17440955347807577,
            0.0,
            0.0,
            0.0,
            0.04089190862725466
        ],
        [
            0.0,
            0.0,
            0.0,
            0.0,
            0.0,
            0.874481998971118,
            0.0,
            0.0,
            0.0
        ],
        [
            0.05314821346948025,
            0.014782005514681276,
            0.0,
            0.24709979032559667,
            0.7753392005143922,
            0.0,
            0.0,
            0.0,
            0.3136964814463662
        ],
        [
            0.0,
            0.0,
            0.0,
            0.011844148810103377,
            0.09666883479329613,
            0.0,
            0.0,
            0.0,
            0.18338678694070903
        ],
        [
            0.06993874794582891,
            0.0,
            0.6070261955066962,
            0.13774000739136127,
            0.0,
            0.0,
            0.0,
            0.0,
            0.1786260319769395
        ]
    ],
    "num_matches": 7,
    "num_GT_boxes": 9,