{
    "matched_indices": [
        12,
        10,
        8,
        4,
        0,
        6,
        9,
        3,
        5,
        2,
        7,
        17,
        11
    ],
    "iou_matrix": [
        [
            0.0,
            0.0,
            0.0,
            0.0,
            0.9880669728637363,
            0.037206679772387286,
            0.0,
            0.0,
            0.0,
            0.0,
            0.0,
            0.0373888763653489,
            0.10997654018010819
        ],
        [
            0.0,
            0.0,
            0.0,
            0.0,
            0.9880669728637363,
            0.037206679772387286,
            0.0,
            0.0,
            0.0,
            0.0,
            0.0,
            0.0373888763653489,
            0.10997654018010819
        ],
        [
            0.02070718366106359,
            0.0,
            0.0,
            0.09783071575836348,
            0.0,
            0.0,
            0.00909975421075116,
            0.0,
            0.0907766126346912,
            0.944471809289799,
            0.0,
            0.0,
            0.0181570906780224
        ],
        [
            0.0,
            0.0,
            0.0,
            0.0,
            0.0,
            0.0,
            0.0,
            0.9754780755550526,
            0.0,
            0.0,
            0.0,
            0.0,
            0.0
        ],
        [
            0.0,
            0.0,
            0.0,
            0.9124164870426557,
            0.0,
            0.0,
            0.11769137207951863,
            0.0,
            0.0,
            0.10040562682874958,
            0.0,
            0.0,
            0.010602548752108075
        ],
        [
            0.02403399507523494,
            0.0,
            0.0,
            0.0,
            0.0,
            0.0,
            0.0,
            0.0,
            0.9608877066775624,
            0.08836491608869554,
            0.0,
            0.0,
            0.05474872808981593
        ],
        [
            0.0,
            0.0,
            0.0,
            0.0,
            0.03647962031191564,
            0.9719440820017059,
            0.0,
            0.0,
            0.0,
            0.0,
            0.0,
            0.0,
            0.04696052628004134
        ],
        [
            0.2057432546575447,
            0.5915006568261075,
            0.0,
            0.0,
            0.0,
            0.0,
            0.0,
            0.0,
            0.0,
            0.0,
            0.9657515833644094,
            0.08421610517878576,
            0.19267735810848807
        ],
        [
            0.009644081608526412,
            0.0,
            0.976772191374543,
            0.0,
            0.0,
            0.0,
            0.0,
            0.0,
            0.0,
            0.0,
            0.0,
            0.0382991106031362,
            0.0
        ],
        [
            0.0,
            0.0,
            0.0,
            0.1292290424500683,
            0.0,
            0.0,
            0.900776612200377,
            0.0,
            0.0,
            0.015080154345640228,
            0.0,
            0.0,
            0.04328947954633216
        ],
        [
            0.11291758405283171,
            0.960725971042986,
            0.0,
            0.0,
            0.0,
            0.0,
            0.0,
            0.0,
            0.0,
            0.0,
            0.5782307307005559,
            0.07242430311433767,
            0.20749490444457427
        ],
        [
            0.13151843476223932,
            0.19412906945431466,
            0.0,
            0.014641429149887454,
            0.09035980240940811,
            0.05165009647131809,
            0.05165009647131809,
            0.0,
            0.06275149218900693,
            0.01892536061633598,
            0.1796545029603816,
            0.0,
            0.8674614680610572
        ],
        [
            0.9246574048432263,
            0.14470868705221562,
            0.021744988484676753,
            0.0,
            0.0,
            0.0,
            0.0,
            0.0,
            0.023209269110686118,
            0.019521991540095658,
            0.23253204679944006,
            0.020308152589143633,
            0.13583806067364398
        ],
        [
            0.06774535009835617,
            0.18841709413408222,
            0.05568911515574913,
            0.0,
            0.09558188997021855,
            0.0,
            0.0,
            0.0,
            0.0,
            0.0,
            0.18201965404810003,
            0.5325714026792638,
            0.057999675345832724
        ],
        [
            0.9237646119180847,
            0.07451563731651756,
            0.0,
            0.0,
            0.0,
            0.0,
            0.0,
            0.0,
            0.027059400048718894,
            0.022603214955126773,
            0.16759911372182085,
            0.0,
            0.15571472289490418
        ],
        [
            0.002630168771935573,
            0.0,
            0.0,
            0.0,
            0.07512680555430601,
            0.10746937030146472,
            0.10746937030146472,
            0.0,
            0.0,
            0.0,
            0.0,
            0.0,
            0.20755913927314942
        ],
        [
            0.14706377169309134,
            0.22681154245219817,
            0.040745091558171506,
            0.004456067334898537,
            0.12478520072891688,
            0.015791339535917853,
            0.015791339535917853,
            0.0,
            0.019600613858975668,
            0.0058904890309155935,
            0.23353229703688277,
            0.38276455370215534,
            0.3382405313968054
        ],
        [
            0.0,
            0.07471403433691069,
            0.03850909354007594,
            0.0,
            0.03780040997127687,
            0.0,
            0.0,
            0.0,
            0.0,
            0.0,
            0.0838507051773439,
            0.9594833082754003,
            0.0
        ]
    ],
    "num_matches": 13,
    "num_matches_with_correct_class": 9,
    "num_GT_boxes": 13,
    "used_labels": [
        "others",
        "street lamp",
        "bucket",
        "chair",
        "tree",
        "sun",
        "people",
        "duck",
        "road"
    ],
    "map_score": 0.4543417692184448
}