{
    "matched_indices": [
        2,
        2,
        4,
        3,
        0,
        3,
        0,
        0,
        1,
        0,
        1,
        0,
        3
    ],
    "iou_matrix": [
        [
            0.0,
            0.0,
            0.10025285400231643,
            0.0,
            0.0,
            0.0,
            0.0,
            0.0,
            0.0,
            0.8689782521053188,
            0.09447145129418812,
            0.1959332695877879,
            0.0
        ],
        [
            0.00804924354404212,
            0.0,
            0.03451706707697716,
            0.0,
            0.0,
            0.0,
            0.0,
            0.0,
            0.09541538414006098,
            0.0997195824882403,
            0.9612835908880103,
            0.0,
            0.0
        ],
        [
            0.19206762547802866,
            0.9892711006648878,
            0.0,
            0.03119409405956425,
            0.0,
            0.20742181617286193,
            0.0,
            0.0,
            0.003273183915397545,
            0.0,
            0.0,
            0.0,
            0.0
        ],
        [
            0.08191724069424228,
            0.20413997848543147,
            0.0,
            0.07941829891092612,
            0.0,
            0.9804688045343013,
            0.0,
            0.0,
            0.0,
            0.0,
            0.0,
            0.0,
            0.1526008694447736
        ],
        [
            0.008104172913474364,
            0.0,
            0.9903060517927085,
            0.0,
            0.0,
            0.0,
            0.0,
            0.0,
            0.0,
            0.10272100419126104,
            0.0323971212314668,
            0.0,
            0.0
        ]
    ],
    "num_matches": 5,
    "num_GT_boxes": 13,
    "used_labels": [
        "airplane",
        "apple",
        "balloon",
        "banana",
        "basket",
        "bee",
        "bench",
        "bicycle",
        "bird",
        "bottle",
        "bucket",
        "bus",
        "butterfly",
        "car",
        "cat",
        "chair",
        "chicken",
        "cloud",
        "cow",
        "cup",
        "dinnerware",
        "dog",
        "duck",
        "fence",
        "flower",
        "grape",
        "grass",
        "horse",
        "house",
        "moon",
        "mountain",
        "people",
        "picnic rug",
        "pig",
        "rabbit",
        "road",
        "sheep",
        "sofa",
        "star",
        "street lamp",
        "sun",
        "table",
        "tree",
        "truck",
        "umbrella",
        "others"
    ]
}