{
    "bboxes": [
        [
            0.7337273763020833,
            0.5187582194010417,
            0.9447454427083334,
            0.6772939046223958
        ],
        [
            0.025810284932454425,
            0.6649493815104167,
            0.2900467936197917,
            0.9055372721354167
        ]
    ],
    "labels": [
        "bee",
        "bee"
    ],
    "scores": [
        0.9963042736053467,
        0.9957125186920166
    ]
}