{
    "bboxes": [
        [
            0.7058548990885417,
            0.5724774983723958,
            0.8507737630208333,
            0.743914306640625
        ],
        [
            0.6122645263671875,
            0.7055535481770834,
            0.7839176432291667,
            0.9171541341145834
        ],
        [
            0.19930399576822916,
            0.5854705810546875,
            0.357396484375,
            0.744139404296875
        ],
        [
            0.35933817545572916,
            0.09205550130208333,
            0.6242378743489584,
            0.35675435384114584
        ],
        [
            0.00046779958407084147,
            0.26652166748046874,
            0.19531663004557293,
            0.877337158203125
        ]
    ],
    "labels": [
        "road",
        "cloud",
        "road",
        "street lamp",
        "tree"
    ],
    "scores": [
        0.9648391604423523,
        0.8596377372741699,
        0.28874558210372925,
        0.20588159561157227,
        0.20294086635112762
    ]
}