{
    "matched_indices": [
        10,
        7,
        11,
        11,
        16,
        8,
        13,
        11,
        4,
        6,
        5,
        1,
        0,
        2,
        3,
        14
    ],
    "iou_matrix": [
        [
            0.0,
            0.0,
            0.0,
            0.012075814608661799,
            0.0,
            0.0,
            0.0,
            0.07849749975747185,
            0.09244261502747769,
            0.0,
            0.0,
            0.0,
            0.9254520784306773,
            0.0,
            0.0,
            0.09163132878987508
        ],
        [
            0.0,
            0.0,
            0.0,
            0.0,
            0.0,
            0.0,
            0.0,
            0.0,
            0.0,
            0.07573815842849162,
            0.044333490273210464,
            0.9518918514260059,
            0.0,
            0.0,
            0.0,
            0.08098743145597828
        ],
        [
            0.0,
            0.0,
            0.0,
            0.0,
            0.0,
            0.0,
            0.0,
            0.0,
            0.12393157375725765,
            0.0,
            0.1432267746936044,
            0.0,
            0.0,
            0.911644517623259,
            0.0,
            0.07813111083409417
        ],
        [
            0.0,
            0.0,
            0.05540248066870904,
            0.0,
            0.0,
            0.0,
            0.0,
            0.097750670357766,
            0.0,
            0.0,
            0.0,
            0.0,
            0.0,
            0.0,
            0.9583938523285628,
            0.058237184648598686
        ],
        [
            0.0,
            0.0,
            0.0,
            0.036768865976820206,
            0.09648952049664962,
            0.011180457541075562,
            0.0,
            0.0,
            0.9548825381889824,
            0.0,
            0.04814531961461564,
            0.0,
            0.09142093189249222,
            0.13950905949452067,
            0.0,
            0.16716162005690388
        ],
        [
            0.0,
            0.0,
            0.0,
            0.0,
            0.0,
            0.09731889248093342,
            0.028279099443305703,
            0.0,
            0.033015467063190015,
            0.0,
            0.9837187329497356,
            0.041295484553421226,
            0.0,
            0.13061426006013233,
            0.0,
            0.13914039127921882
        ],
        [
            0.0,
            0.0,
            0.0,
            0.0,
            0.0,
            0.0,
            0.16524585680625334,
            0.0,
            0.0,
            0.9555528178956275,
            0.0,
            0.06887340904353903,
            0.0,
            0.0,
            0.0,
            0.12407500699224568
        ],
        [
            0.050541811562400014,
            0.016054457790409416,
            0.04595115086742176,
            0.05402060698791654,
            0.08858493043019242,
            0.07014906140087224,
            0.05462975220347647,
            0.0228665347406852,
            0.02495799473389439,
            0.034758136546182455,
            0.030375589454945756,
            0.0,
            0.0,
            0.0,
            0.0,
            0.02013234249607588
        ],
        [
            0.0,
            0.0,
            0.07049868777438185,
            0.11075100383842168,
            0.13018185755749453,
            0.10789306092351601,
            0.08402352169822445,
            0.12126823376527426,
            0.14157106023276358,
            0.1365081145217887,
            0.1371812599154686,
            0.03894068069737131,
            0.04799723297529211,
            0.04300220226989602,
            0.03638059648068673,
            0.4198366792954886
        ],
        [
            0.0,
            0.0,
            0.0,
            0.0,
            0.0,
            0.0,
            0.0,
            0.01863983925050352,
            0.041153027672633354,
            0.017033856977479896,
            0.03612767528152171,
            0.08315828105220119,
            0.07090470622922479,
            0.07220536488925539,
            0.05559167629920251,
            0.3600421953709508
        ],
        [
            0.9615521400923837,
            0.0,
            0.0,
            0.0,
            0.0,
            0.0,
            0.0,
            0.0,
            0.0,
            0.0,
            0.0,
            0.0,
            0.0,
            0.0,
            0.0,
            0.0
        ],
        [
            0.0,
            0.0,
            0.15208137024005733,
            0.2091346426426457,
            0.019388953977912467,
            0.0,
            0.0,
            0.7350482625256199,
            0.0,
            0.0,
            0.0,
            0.0,
            0.07603345594746107,
            0.0,
            0.1373519546277537,
            0.1619175272882488
        ],
        [
            0.0,
            0.0,
            0.0,
            0.0,
            0.0,
            0.0,
            0.0,
            0.006461443999717165,
            0.017324233842451124,
            0.006046521116433881,
            0.015162008217418798,
            0.032264775208568096,
            0.02757846797150373,
            0.027786701575345057,
            0.021890755896857027,
            0.22745288160667593
        ],
        [
            0.0,
            0.0,
            0.0,
            0.0,
            0.0,
            0.0,
            0.23843038547529108,
            0.0,
            0.0,
            0.7962389494407873,
            0.0,
            0.06164921095968664,
            0.0,
            0.0,
            0.0,
            0.12149056956455222
        ],
        [
            0.0,
            0.0,
            0.05326232404300992,
            0.11667437886358836,
            0.08922507889219583,
            0.06413509788543559,
            0.08028349968402015,
            0.1628199475592932,
            0.19007939579320196,
            0.18279391049908694,
            0.1841854610399244,
            0.04852594727954702,
            0.060304388174947814,
            0.053638829508789725,
            0.03812808133237988,
            0.4971108695331037
        ],
        [
            0.0,
            0.0,
            0.0,
            0.0,
            0.0,
            0.0,
            0.0,
            0.0,
            0.0,
            0.0,
            0.0,
            0.0,
            0.0,
            0.0,
            0.0,
            0.051589146071832376
        ],
        [
            0.0,
            0.0,
            0.07551155665561432,
            0.10826266053148383,
            0.13271087737623474,
            0.10546892961355736,
            0.08213568898703606,
            0.11854359030945297,
            0.13839025475040206,
            0.13233628022668328,
            0.1340990840604671,
            0.03750293074356848,
            0.04628911145689324,
            0.041408517895809356,
            0.03888394369882187,
            0.405933133166036
        ]
    ],
    "num_matches": 9,
    "num_matches_with_correct_class": 0,
    "num_GT_boxes": 16,
    "used_labels": [
        "tree",
        "cloud",
        "road",
        "house"
    ],
    "map_score": 0.0
}