{
    "matched_indices": [
        1,
        0,
        1,
        0,
        0,
        1,
        4,
        1,
        1,
        0,
        0,
        0,
        1,
        0,
        0,
        3,
        2,
        1
    ],
    "iou_matrix": [
        [
            0.0,
            0.246153716012067,
            0.0,
            0.24253711530463906,
            0.9918244669692557,
            0.0,
            0.0,
            0.0,
            0.0,
            0.0,
            0.0,
            0.02237004409140498,
            0.0,
            0.0,
            0.0,
            0.0,
            0.0,
            0.00869257976683213
        ],
        [
            0.3716632214280455,
            0.0,
            0.27387502141867454,
            0.0,
            0.0,
            0.9935249855282493,
            0.005048469182415641,
            0.05729013550213746,
            0.009032061464397296,
            0.0,
            0.0,
            0.0,
            0.00934530876768217,
            0.0,
            0.0,
            0.0,
            0.0,
            0.17730966084567584
        ],
        [
            0.0,
            0.0,
            0.0,
            0.0,
            0.0,
            0.0,
            0.0,
            0.0,
            0.0,
            0.0,
            0.0,
            0.0,
            0.0,
            0.0,
            0.0,
            0.0,
            0.9440376937689057,
            0.0
        ],
        [
            0.0,
            0.0,
            0.0,
            0.0,
            0.0,
            0.0,
            0.0,
            0.0,
            0.0,
            0.0,
            0.0,
            0.0,
            0.0,
            0.0,
            0.0,
            0.9559276579401292,
            0.0,
            0.0
        ],
        [
            0.0,
            0.0,
            0.0,
            0.0,
            0.0,
            0.0053072232489283925,
            0.9625840560041208,
            0.0,
            0.0,
            0.0,
            0.0,
            0.0,
            0.0,
            0.0,
            0.0,
            0.0,
            0.0,
            0.025303078548144998
        ]
    ],
    "num_matches": 5,
    "num_GT_boxes": 18,
    "used_labels": [
        "airplane",
        "apple",
        "balloon",
        "banana",
        "basket",
        "bee",
        "bench",
        "bicycle",
        "bird",
        "bottle",
        "bucket",
        "bus",
        "butterfly",
        "car",
        "cat",
        "chair",
        "chicken",
        "cloud",
        "cow",
        "cup",
        "dinnerware",
        "dog",
        "duck",
        "fence",
        "flower",
        "grape",
        "grass",
        "horse",
        "house",
        "moon",
        "mountain",
        "people",
        "picnic rug",
        "pig",
        "rabbit",
        "road",
        "sheep",
        "sofa",
        "star",
        "street lamp",
        "sun",
        "table",
        "tree",
        "truck",
        "umbrella",
        "others"
    ]
}