{
    "matched_indices": [
        2,
        0,
        0,
        0,
        0,
        0,
        5,
        3,
        4,
        1,
        0,
        3,
        4,
        0,
        0
    ],
    "iou_matrix": [
        [
            0.0066859255583956185,
            0.2681848150137247,
            0.0,
            0.9845124744566935,
            0.0,
            0.0,
            0.0,
            0.0,
            0.14886423271333668,
            0.0,
            0.01984509309992749,
            0.0,
            0.0,
            0.0037918842426699325,
            0.0
        ],
        [
            0.0,
            0.0,
            0.0,
            0.0,
            0.0,
            0.0,
            0.139808655624726,
            0.0,
            0.0,
            0.9813473192474144,
            0.0,
            0.0,
            0.0,
            0.0,
            0.0
        ],
        [
            0.99309361117521,
            0.0,
            0.0,
            0.007776779076572961,
            0.0,
            0.0,
            0.009937040387820553,
            0.06911078199760526,
            0.0015626408788790265,
            0.0,
            0.0,
            0.0,
            0.0,
            0.0,
            0.0
        ],
        [
            0.06867413747202765,
            0.0,
            0.0,
            0.0,
            0.0,
            0.0,
            0.0,
            0.9310328331207223,
            0.0,
            0.0,
            0.0,
            0.11385287570308775,
            0.0,
            0.0,
            0.0
        ],
        [
            0.00039821695736878934,
            0.0,
            0.0,
            0.14950009223155683,
            0.0,
            0.0,
            0.0,
            0.0,
            0.9409321864035352,
            0.0,
            0.0,
            0.0,
            0.05090014375108763,
            0.0,
            0.0
        ],
        [
            0.009845601101692273,
            0.0,
            0.0,
            0.0,
            0.0,
            0.0,
            0.9302823640073091,
            0.0,
            0.0,
            0.11676474936141439,
            0.0,
            0.0,
            0.0,
            0.0,
            0.0
        ],
        [
            0.06867413747202765,
            0.0,
            0.0,
            0.0,
            0.0,
            0.0,
            0.0,
            0.9310328331207223,
            0.0,
            0.0,
            0.0,
            0.11385287570308775,
            0.0,
            0.0,
            0.0
        ]
    ],
    "num_matches": 6,
    "num_GT_boxes": 15,
    "used_labels": [
        "airplane",
        "apple",
        "balloon",
        "banana",
        "basket",
        "bee",
        "bench",
        "bicycle",
        "bird",
        "bottle",
        "bucket",
        "bus",
        "butterfly",
        "car",
        "cat",
        "chair",
        "chicken",
        "cloud",
        "cow",
        "cup",
        "dinnerware",
        "dog",
        "duck",
        "fence",
        "flower",
        "grape",
        "grass",
        "horse",
        "house",
        "moon",
        "mountain",
        "people",
        "picnic rug",
        "pig",
        "rabbit",
        "road",
        "sheep",
        "sofa",
        "star",
        "street lamp",
        "sun",
        "table",
        "tree",
        "truck",
        "umbrella",
        "others"
    ]
}