{
    "bboxes": [
        [
            0.4911939697265625,
            0.4628660481770833,
            0.786798828125,
            0.8783352864583334
        ],
        [
            0.09024649047851563,
            0.329880615234375,
            0.3996400553385417,
            0.8804612630208334
        ],
        [
            0.7034112141927084,
            0.14255514526367188,
            0.9593438313802083,
            0.2546588338216146
        ],
        [
            0.14391389973958332,
            0.20966680908203125,
            0.3603736572265625,
            0.307765625
        ],
        [
            0.7848297526041667,
            0.770203369140625,
            0.985592529296875,
            0.9203521321614583
        ],
        [
            0.3318957316080729,
            0.7589717610677084,
            0.5413368733723959,
            0.8787599283854167
        ],
        [
            0.05255450948079427,
            0.89083544921875,
            0.1567363077799479,
            0.9332047526041667
        ],
        [
            0.5490417073567708,
            0.8512786458333333,
            0.6222089029947917,
            0.8802479654947917
        ],
        [
            0.7848018391927083,
            0.7702676595052084,
            0.9858440755208333,
            0.920561279296875
        ],
        [
            0.3324522908528646,
            0.7589536946614583,
            0.47420609537760416,
            0.8784736328125
        ],
        [
            0.052503209431966145,
            0.8908479817708334,
            0.15683188883463542,
            0.9332794596354167
        ]
    ],
    "labels": [
        "flower",
        "tree",
        "people",
        "people",
        "bucket",
        "grass",
        "bucket",
        "bucket",
        "cloud",
        "grass",
        "cloud"
    ],
    "scores": [
        0.8305460214614868,
        0.7028059959411621,
        0.5782995820045471,
        0.5296025276184082,
        0.5071595311164856,
        0.42398637533187866,
        0.3874731659889221,
        0.3019980490207672,
        0.2389989197254181,
        0.2355193942785263,
        0.23019404709339142
    ]
}