{
    "bboxes": [
        [
            0.7456515299479166,
            0.5590061848958333,
            0.9982342936197917,
            0.797451904296875
        ],
        [
            0.00023987142244974772,
            0.6522977701822916,
            0.15756540934244792,
            0.7971650390625
        ],
        [
            0.6262591145833334,
            0.6786326090494792,
            0.73102978515625,
            0.8240963541666667
        ],
        [
            0.3063900960286458,
            0.7589049479166666,
            0.4648526204427083,
            0.93064794921875
        ],
        [
            0.14624695841471355,
            0.7721168619791666,
            0.2512293904622396,
            0.9309502766927084
        ],
        [
            0.51929638671875,
            0.5716291910807292,
            0.6243868815104167,
            0.771044921875
        ],
        [
            0.1727995808919271,
            0.47876765950520833,
            0.3580889892578125,
            0.623927978515625
        ],
        [
            0.012298076629638673,
            0.024999722798665365,
            0.27816888427734376,
            0.49038045247395834
        ],
        [
            0.22364986165364584,
            0.06563493347167969,
            0.451482421875,
            0.48936116536458335
        ],
        [
            0.05232887776692708,
            0.8652783203125,
            0.131596923828125,
            0.9307637532552083
        ],
        [
            0.6519176025390625,
            0.545545654296875,
            0.7584341634114583,
            0.6110067138671875
        ],
        [
            0.27992277018229167,
            0.07842777506510416,
            0.9980965983072917,
            0.4510268147786458
        ]
    ],
    "labels": [
        "horse",
        "tree",
        "tree",
        "tree",
        "tree",
        "tree",
        "horse",
        "tree",
        "tree",
        "grape",
        "grape",
        "moon"
    ],
    "scores": [
        0.9933203458786011,
        0.9923375248908997,
        0.9922060370445251,
        0.9921741485595703,
        0.9911892414093018,
        0.9903427362442017,
        0.9894318580627441,
        0.9859387874603271,
        0.9679948091506958,
        0.9501714706420898,
        0.93702232837677,
        0.8797186017036438
    ]
}