{
    "bboxes": [
        [
            0.5061871744791666,
            0.346546875,
            0.8490773111979166,
            0.717872802734375
        ],
        [
            0.3192052612304688,
            0.6791470133463542,
            0.4118581136067708,
            0.8650315755208333
        ],
        [
            0.5323024088541667,
            0.6514852701822916,
            0.6253704020182291,
            0.8380931803385416
        ],
        [
            0.7859532877604166,
            0.6912823893229166,
            0.8775047200520834,
            0.8776885579427083
        ],
        [
            0.7987359212239583,
            0.35931913248697916,
            0.9992356770833334,
            0.78437744140625
        ],
        [
            0.7321349283854167,
            0.07806499226888021,
            0.9451831868489583,
            0.19828096516927082
        ],
        [
            0.4389294840494792,
            0.2777059122721354,
            0.611672607421875,
            0.3854076334635417
        ],
        [
            0.08640509033203125,
            0.26030802408854165,
            0.3497871907552083,
            0.74446630859375
        ],
        [
            0.024967430114746093,
            0.1457688496907552,
            0.380487060546875,
            0.40612296549479165
        ],
        [
            0.025932668050130208,
            0.14691253662109374,
            0.4037999674479167,
            0.744514404296875
        ],
        [
            0.08528691101074219,
            0.19240091959635416,
            0.3507553304036458,
            0.743971435546875
        ],
        [
            0.0024432538350423177,
            0.001221880276997884,
            0.999658447265625,
            0.40042940266927085
        ],
        [
            0.026719144185384115,
            0.838519775390625,
            0.07735719807942708,
            0.90378271484375
        ]
    ],
    "labels": [
        "flower",
        "tree",
        "tree",
        "tree",
        "flower",
        "people",
        "people",
        "flower",
        "people",
        "flower",
        "flower",
        "people",
        "flower"
    ],
    "scores": [
        0.8822498321533203,
        0.8581657409667969,
        0.8443902730941772,
        0.8374908566474915,
        0.715461254119873,
        0.6381998658180237,
        0.5759086608886719,
        0.5050334930419922,
        0.3719415068626404,
        0.29645389318466187,
        0.24685204029083252,
        0.23630426824092865,
        0.20694640278816223
    ]
}