{
    "mean_iou": 0.4990240001802975,
    "mean_dice": 0.5727493912556604,
    "missed_matches": 8,
    "total_matches": 11,
    "success_rate": 0.2727272727272727,
    "time": "2024-09-24 01:44:59"
}