{
    "bboxes": [
        [
            0.22600295003255208,
            0.8386256510416666,
            0.4118885498046875,
            0.9848601888020834
        ],
        [
            0.39873103841145835,
            0.2510555419921875,
            0.5850399983723958,
            0.47650162760416664
        ],
        [
            0.24771638997395834,
            0.29181245930989586,
            0.4069573974609375,
            0.47683732096354164
        ],
        [
            0.02720543670654297,
            0.7605980631510416,
            0.21021142578125,
            0.9830980631510416
        ],
        [
            0.3469770914713542,
            0.10589071655273438,
            0.634709228515625,
            0.18377693684895832
        ],
        [
            0.5731429036458333,
            0.4649399007161458,
            0.8515323079427083,
            0.83419287109375
        ],
        [
            0.14599537150065103,
            0.10525986735026041,
            0.2909730021158854,
            0.24964261881510416
        ],
        [
            0.14505713907877604,
            0.6516177164713541,
            0.2651528523763021,
            0.771082763671875
        ],
        [
            0.02710626220703125,
            0.760680908203125,
            0.21050168863932292,
            0.9831709798177083
        ],
        [
            0.17178859456380208,
            0.6515687255859375,
            0.26435575358072916,
            0.7444004720052083
        ],
        [
            0.838947998046875,
            0.10509110514322917,
            0.9569601236979167,
            0.2095733642578125
        ],
        [
            0.2803375244140625,
            0.6519364420572916,
            0.398306884765625,
            0.7705056966145833
        ],
        [
            0.50808154296875,
            0.4643401692708333,
            0.8516251627604167,
            0.8347371419270834
        ],
        [
            0.838947998046875,
            0.10509110514322917,
            0.9569601236979167,
            0.2095733642578125
        ]
    ],
    "labels": [
        "house",
        "flower",
        "flower",
        "dog",
        "people",
        "tree",
        "mountain",
        "grass",
        "cloud",
        "grass",
        "people",
        "grass",
        "tree",
        "mountain"
    ],
    "scores": [
        0.9267189502716064,
        0.9095611572265625,
        0.9040698409080505,
        0.7349737286567688,
        0.579097330570221,
        0.5512712597846985,
        0.5342962145805359,
        0.3406769931316376,
        0.31606703996658325,
        0.31318843364715576,
        0.3000692129135132,
        0.27993208169937134,
        0.27523112297058105,
        0.22767102718353271
    ]
}