{
    "bboxes": [
        [
            0.0006392746766408284,
            0.14539882405598958,
            0.224992919921875,
            0.264066650390625
        ],
        [
            0.7195044759114584,
            0.03837189737955729,
            0.878071533203125,
            0.21132600911458332
        ],
        [
            0.186229248046875,
            0.5187941487630209,
            0.38420467122395835,
            0.7034844563802083
        ],
        [
            0.4655506591796875,
            0.4927518717447917,
            0.8766682942708334,
            0.850646240234375
        ],
        [
            0.02559449005126953,
            0.7054335123697917,
            0.11816994222005209,
            0.77087060546875
        ],
        [
            0.3184414265950521,
            0.7451416829427083,
            0.438220947265625,
            0.8113197428385417
        ],
        [
            0.879517333984375,
            0.426641357421875,
            0.9842483723958333,
            0.5299560546875
        ],
        [
            0.09267254638671875,
            0.42533443196614584,
            0.22458304850260416,
            0.5436112060546875
        ],
        [
            0.5493392740885417,
            0.17613401285807292,
            0.9442752278645833,
            0.503881103515625
        ],
        [
            0.17225016276041666,
            0.2387202351888021,
            0.5167899576822916,
            0.5039616292317708
        ]
    ],
    "labels": [
        "chicken",
        "street lamp",
        "cloud",
        "cloud",
        "grape",
        "grape",
        "tree",
        "tree",
        "moon",
        "moon"
    ],
    "scores": [
        0.9941262006759644,
        0.9938169121742249,
        0.9909762740135193,
        0.9892256855964661,
        0.9861526489257812,
        0.9781185984611511,
        0.9655942916870117,
        0.9629923701286316,
        0.8832022547721863,
        0.7751837968826294
    ]
}