{
    "matched_indices": [
        5,
        3,
        6,
        4,
        0,
        2,
        1
    ],
    "iou_matrix": [
        [
            0.12951714751532944,
            0.12438774070182927,
            0.11427530169354215,
            0.10243006110953096,
            0.5605023295940668,
            0.0,
            0.0
        ],
        [
            0.0,
            0.0,
            0.0,
            0.13573430227538733,
            0.0821561474689732,
            0.0,
            0.933181050684155
        ],
        [
            0.0,
            0.0,
            0.11284448706711155,
            0.0,
            0.1080047862728291,
            0.9158983628266462,
            0.0
        ],
        [
            0.0,
            0.8725228879692656,
            0.0,
            0.11321821631914657,
            0.0757540470772901,
            0.0,
            0.0
        ],
        [
            0.0,
            0.07824276032353301,
            0.0,
            0.6539465838610985,
            0.0,
            0.0,
            0.05654067756351654
        ],
        [
            0.9433384911413419,
            0.024621252985083858,
            0.13555218016128176,
            0.0,
            0.09070799912101504,
            0.0,
            0.0
        ],
        [
            0.10233937726005131,
            0.2665780398383805,
            0.17167980686509063,
            0.18260741207822448,
            0.23864566552021926,
            0.1050610955269941,
            0.05256001702145723
        ],
        [
            0.08636122171681493,
            0.08122883598588734,
            0.03509757043495851,
            0.0346086029037005,
            0.27700507980185046,
            0.0,
            0.0
        ]
    ],
    "num_matches": 5,
    "num_GT_boxes": 7
}