{
    "matched_indices": [
        4,
        2,
        18,
        12,
        1,
        0,
        6
    ],
    "iou_matrix": [
        [
            0.005622995186432702,
            0.0,
            0.0,
            0.0,
            0.0,
            0.987966563282421,
            0.0
        ],
        [
            0.11349403951234797,
            0.1393008785113638,
            0.0,
            0.0,
            0.9365915106934526,
            0.0,
            0.2232769103833389
        ],
        [
            0.0,
            0.986672383140068,
            0.0,
            0.0,
            0.12239234989620848,
            0.0,
            0.0
        ],
        [
            0.005628738474531584,
            0.0,
            0.0,
            0.0,
            0.0,
            0.9821766214436571,
            0.0
        ],
        [
            0.27980222717010633,
            0.0,
            0.9684315142636454,
            0.047750935717530835,
            0.0,
            0.0,
            0.07565520814447009
        ],
        [
            0.2032975946580913,
            0.0,
            0.6091972674487041,
            0.0,
            0.0,
            0.0,
            0.0
        ],
        [
            0.07231535098337162,
            0.0,
            0.07610641996486232,
            0.06279324324776116,
            0.23545887589740158,
            0.0,
            0.8977604046645782
        ],
        [
            0.0,
            0.7311056414274325,
            0.0,
            0.0,
            0.26086081872299594,
            0.0,
            0.044266935071486026
        ],
        [
            0.005628738474531584,
            0.0,
            0.0,
            0.0,
            0.0,
            0.9821766214436571,
            0.0
        ],
        [
            0.11396543620858725,
            0.13969270219177735,
            0.0,
            0.0,
            0.935847187267088,
            0.0,
            0.22285071061854939
        ],
        [
            0.0,
            0.6969842208365978,
            0.0,
            0.0,
            0.006840871749741597,
            0.0,
            0.0
        ],
        [
            0.20378164496824883,
            0.0,
            0.6078196853135507,
            0.0,
            0.0,
            0.0,
            0.0
        ],
        [
            0.0,
            0.0,
            0.0484766914304249,
            0.9173582146676341,
            0.0,
            0.0,
            0.05615018196993964
        ],
        [
            0.246701675248514,
            0.1733938958625814,
            0.29662683094263526,
            0.018896048416041672,
            0.3285772145422841,
            0.018021715981779377,
            0.19026758205731048
        ],
        [
            0.27980222717010633,
            0.0,
            0.9684315142636454,
            0.047750935717530835,
            0.0,
            0.0,
            0.07565520814447009
        ],
        [
            0.0,
            0.0,
            0.0484766914304249,
            0.9173582146676341,
            0.0,
            0.0,
            0.05615018196993964
        ],
        [
            0.005546999290981247,
            0.0,
            0.0,
            0.0,
            0.0,
            0.9857561714461316,
            0.0
        ],
        [
            0.27980222717010633,
            0.0,
            0.9684315142636454,
            0.047750935717530835,
            0.0,
            0.0,
            0.07565520814447009
        ],
        [
            0.27974701999497587,
            0.0,
            0.9698933858127712,
            0.04751570072525558,
            0.0,
            0.0,
            0.07541705593172626
        ],
        [
            0.27974701999497587,
            0.0,
            0.9698933858127712,
            0.04751570072525558,
            0.0,
            0.0,
            0.07541705593172626
        ],
        [
            0.25369700598816325,
            0.17563514400426172,
            0.30692403053359596,
            0.018191754024975165,
            0.3377499921128531,
            0.017879602022079805,
            0.18041543748548025
        ],
        [
            0.22554558892839213,
            0.0,
            0.294353560662389,
            0.0,
            0.0,
            0.0,
            0.05515003065987327
        ],
        [
            0.11325509537631129,
            0.13962169514728012,
            0.0,
            0.0,
            0.9349537813279999,
            0.0,
            0.22308038778254816
        ],
        [
            0.0,
            0.0,
            0.0484766914304249,
            0.9173582146676341,
            0.0,
            0.0,
            0.05615018196993964
        ],
        [
            0.22554558892839213,
            0.0,
            0.294353560662389,
            0.0,
            0.0,
            0.0,
            0.05515003065987327
        ],
        [
            0.005628738474531584,
            0.0,
            0.0,
            0.0,
            0.0,
            0.9821766214436571,
            0.0
        ],
        [
            0.2263163536746206,
            0.15806918402253894,
            0.2709326683884944,
            0.01831131138073962,
            0.29899837562209314,
            0.01693837132760097,
            0.2540849316572962
        ],
        [
            0.005546999290981247,
            0.0,
            0.0,
            0.0,
            0.0,
            0.9857561714461316,
            0.0
        ],
        [
            0.11396543620858725,
            0.13969270219177735,
            0.0,
            0.0,
            0.935847187267088,
            0.0,
            0.22285071061854939
        ]
    ],
    "num_matches": 6,
    "num_GT_boxes": 7,
    "used_labels": [
        "airplane",
        "apple",
        "balloon",
        "banana",
        "basket",
        "bee",
        "bench",
        "bicycle",
        "bird",
        "bottle",
        "bucket",
        "bus",
        "butterfly",
        "car",
        "cat",
        "chair",
        "chicken",
        "cloud",
        "cow",
        "cup",
        "dinnerware",
        "dog",
        "duck",
        "fence",
        "flower",
        "grape",
        "grass",
        "horse",
        "house",
        "moon",
        "mountain",
        "people",
        "picnic rug",
        "pig",
        "rabbit",
        "road",
        "sheep",
        "sofa",
        "star",
        "street lamp",
        "sun",
        "table",
        "tree",
        "truck",
        "umbrella",
        "others"
    ]
}