{
    "bboxes": [
        [
            0.19900398763020832,
            0.7854868977864583,
            0.238237060546875,
            0.8240894368489583
        ],
        [
            0.18453399658203126,
            0.6643320719401041,
            0.2246033935546875,
            0.7049302571614583
        ],
        [
            0.13153725179036457,
            0.5975669759114584,
            0.27845458984375,
            0.7441832682291667
        ],
        [
            0.3604546305338542,
            0.4414178466796875,
            0.7948192545572916,
            0.9287515462239583
        ],
        [
            0.292340576171875,
            0.719498291015625,
            0.42459403483072916,
            0.850811279296875
        ],
        [
            0.0028386411666870117,
            0.3812211507161458,
            0.7158157552083333,
            0.6250990397135416
        ],
        [
            0.0036087929407755534,
            0.38271435546875,
            0.7169530436197916,
            0.6603827311197916
        ],
        [
            0.2647778116861979,
            0.45273828125,
            0.4280487060546875,
            0.5800122884114584
        ],
        [
            0.0024203656514485677,
            0.3801072591145833,
            0.7158661295572917,
            0.5592174886067708
        ]
    ],
    "labels": [
        "airplane",
        "airplane",
        "banana",
        "mountain",
        "flower",
        "duck",
        "duck",
        "fence",
        "duck"
    ],
    "scores": [
        0.9885513186454773,
        0.9850853085517883,
        0.9442989826202393,
        0.669899046421051,
        0.4097999334335327,
        0.3230011463165283,
        0.26008665561676025,
        0.25155144929885864,
        0.20044349133968353
    ]
}