{
    "bboxes": [
        [
            0.582968017578125,
            0.558447509765625,
            0.7054793294270834,
            0.6444105224609376
        ],
        [
            0.6260227457682291,
            0.5993429361979167,
            0.8908238118489583,
            0.8636576334635416
        ],
        [
            0.0658788096110026,
            0.5943359781901042,
            0.3305210774739583,
            0.8638219401041667
        ],
        [
            0.18390928141276042,
            0.5450619303385417,
            0.32021722412109377,
            0.6489711507161459
        ],
        [
            0.7987325846354166,
            0.3995166829427083,
            0.9038243001302083,
            0.6373904622395833
        ],
        [
            0.052348871866861976,
            0.33247991943359373,
            0.14437638346354167,
            0.6284014892578125
        ],
        [
            0.7987325846354166,
            0.3995166829427083,
            0.9038243001302083,
            0.6373904622395833
        ],
        [
            0.432754150390625,
            0.359155517578125,
            0.5050345052083334,
            0.6378017578125
        ],
        [
            0.052348871866861976,
            0.33247991943359373,
            0.14437638346354167,
            0.6284014892578125
        ],
        [
            0.432754150390625,
            0.359155517578125,
            0.5050345052083334,
            0.6378017578125
        ],
        [
            0.18470163981119792,
            0.5451606852213542,
            0.3199812418619792,
            0.5951586100260416
        ],
        [
            0.18448980712890625,
            0.5449698893229167,
            0.32062837727864585,
            0.6089906412760416
        ],
        [
            0.052348871866861976,
            0.33247991943359373,
            0.14437638346354167,
            0.6284014892578125
        ]
    ],
    "labels": [
        "bee",
        "truck",
        "truck",
        "bee",
        "table",
        "table",
        "star",
        "table",
        "star",
        "star",
        "bee",
        "bee",
        "tree"
    ],
    "scores": [
        0.974301815032959,
        0.9710735082626343,
        0.9492177963256836,
        0.5682950615882874,
        0.4110543429851532,
        0.4039653241634369,
        0.3981805443763733,
        0.3976980447769165,
        0.38989412784576416,
        0.3796878159046173,
        0.36874330043792725,
        0.26726672053337097,
        0.22149232029914856
    ]
}