{
    "mean_iou": 0.4665672976648324,
    "mean_dice": 0.6088788858683744,
    "missed_matches": 8,
    "total_matches": 8,
    "success_rate": 0.0,
    "time": "2024-09-26 23:50:48"
}