{
    "matched_indices": [
        2,
        0,
        1,
        1,
        0,
        0,
        1,
        0,
        2,
        0,
        2,
        0,
        2
    ],
    "iou_matrix": [
        [
            0.0,
            0.0,
            0.0,
            0.006286907016673108,
            0.0,
            0.0,
            0.0,
            0.0,
            0.09226431036205628,
            0.9743200721367932,
            0.0,
            0.0,
            0.05923857353702057
        ],
        [
            0.0,
            0.0,
            0.1503063799078673,
            0.9937543829674963,
            0.0,
            0.0,
            0.008270321153843125,
            0.0,
            0.11889672546711205,
            0.0064438371240606316,
            0.004007629325411474,
            0.0,
            0.07827044376235841
        ],
        [
            0.0023495035424559306,
            0.0,
            0.0011290666918081238,
            0.11952592547104268,
            0.0,
            0.0,
            0.0,
            0.0,
            0.9875671982475157,
            0.09338159729016907,
            0.029717750841967504,
            0.0,
            0.13101576744491064
        ]
    ],
    "num_matches": 3,
    "num_GT_boxes": 13,
    "used_labels": [
        "airplane",
        "apple",
        "balloon",
        "banana",
        "basket",
        "bee",
        "bench",
        "bicycle",
        "bird",
        "bottle",
        "bucket",
        "bus",
        "butterfly",
        "car",
        "cat",
        "chair",
        "chicken",
        "cloud",
        "cow",
        "cup",
        "dinnerware",
        "dog",
        "duck",
        "fence",
        "flower",
        "grape",
        "grass",
        "horse",
        "house",
        "moon",
        "mountain",
        "people",
        "picnic rug",
        "pig",
        "rabbit",
        "road",
        "sheep",
        "sofa",
        "star",
        "street lamp",
        "sun",
        "table",
        "tree",
        "truck",
        "umbrella",
        "others"
    ]
}