{
    "matched_indices": [
        15,
        12,
        7,
        11,
        9,
        9,
        1,
        4,
        11,
        2,
        0,
        12
    ],
    "iou_matrix": [
        [
            0.0,
            0.02638337842187494,
            0.0,
            0.0,
            0.0,
            0.0,
            0.0,
            0.0,
            0.0,
            0.0,
            0.9513843679582991,
            0.05278883229359649
        ],
        [
            0.0851370770540207,
            0.0,
            0.0,
            0.0,
            0.0,
            0.33372148014390735,
            0.6380239040846291,
            0.0,
            0.0,
            0.0,
            0.0,
            0.0
        ],
        [
            0.0,
            0.004043639855934938,
            0.01616618276548721,
            0.0,
            0.0,
            0.0,
            0.0,
            0.0,
            0.0,
            0.9656493336728328,
            0.0,
            0.0
        ],
        [
            0.0,
            0.0,
            0.011287061424808453,
            0.24942249033792768,
            0.0,
            0.0,
            0.0,
            0.0,
            0.5140179699228059,
            0.0,
            0.0,
            0.0013964942468503126
        ],
        [
            0.0,
            0.06949893744262249,
            0.0,
            0.0,
            0.2569610199548986,
            0.006119487220459475,
            0.0,
            0.8234576126708378,
            0.0,
            0.0,
            0.0,
            0.04658848435407871
        ],
        [
            0.0,
            0.0,
            0.7837468484708606,
            0.1691243535526501,
            0.0,
            0.0,
            0.0,
            0.0,
            0.14380676118731384,
            0.01330899188044793,
            0.0,
            0.07559372970953304
        ],
        [
            0.14071060582175712,
            0.09764059019421341,
            0.01908326567274367,
            0.3322725779843731,
            0.34662261030784325,
            0.2946291404123981,
            0.13212988163328884,
            0.11781868665983809,
            0.19690226843518385,
            0.0,
            0.0,
            0.13950299365628283
        ],
        [
            0.0,
            0.0,
            0.9818249887511452,
            0.0,
            0.0,
            0.0,
            0.0,
            0.0,
            0.009580360472587032,
            0.016280189108789273,
            0.0,
            0.0697677683780175
        ],
        [
            0.0210695151059357,
            0.11416049841005758,
            0.0,
            0.0,
            0.5035375999884827,
            0.08835266980412897,
            0.0,
            0.5046835824650892,
            0.0,
            0.0,
            0.0,
            0.08263870613380032
        ],
        [
            0.16456855216899577,
            0.11935122056612989,
            0.0,
            0.06393921829202867,
            0.531524392952416,
            0.4282648004912208,
            0.1687307843221061,
            0.1811570458269905,
            0.0,
            0.0,
            0.0,
            0.14034436289549992
        ],
        [
            0.2608002785884704,
            0.25308077420435254,
            0.2357761058826874,
            0.07179335614679253,
            0.07513643904752315,
            0.06402478003358962,
            0.028660601917568033,
            0.025616899716212647,
            0.04326167080416283,
            0.018446932270513056,
            0.01730466832166513,
            0.3445602809741801
        ],
        [
            0.0,
            0.0,
            0.010977183485745239,
            0.4050258072249178,
            0.0,
            0.0,
            0.0,
            0.0,
            0.7749640952110328,
            0.0,
            0.0,
            0.001389396457114683
        ],
        [
            0.4939850040322806,
            0.4853520419390987,
            0.0,
            0.0,
            0.10035169623101871,
            0.11385558233670127,
            0.046901145674826714,
            0.04578221397572475,
            0.0,
            0.0025569693887361857,
            0.012467518184275383,
            0.3692305389857084
        ],
        [
            0.17347994096780064,
            0.1683450570171182,
            0.15683428388774256,
            0.04838168781604607,
            0.05059670039280012,
            0.04303319837956905,
            0.019709157490865763,
            0.0172121118863042,
            0.028776932823439006,
            0.017266159694063407,
            0.011510773129375602,
            0.22919568003058144
        ],
        [
            0.26132490303043965,
            0.2535898701326955,
            0.23625039183302401,
            0.0709184516685091,
            0.07508705809485526,
            0.06400596835091307,
            0.02796157386247263,
            0.02561151659779671,
            0.04334869574917872,
            0.019637670954687273,
            0.017339478299671487,
            0.34525339658781823
        ],
        [
            0.9739865385266236,
            0.03704319884867313,
            0.0,
            0.0,
            0.019911888898937153,
            0.22425882690027202,
            0.0950764588717905,
            0.0,
            0.0,
            0.0,
            0.0,
            0.10083000201511343
        ],
        [
            0.0,
            0.0,
            0.3497756433533563,
            0.2883659356594206,
            0.0,
            0.0,
            0.0,
            0.0,
            0.2773176519536176,
            0.0,
            0.0,
            0.05700992102863511
        ]
    ],
    "num_matches": 7,
    "num_matches_with_correct_class": -1,
    "num_GT_boxes": 12,
    "used_labels": [
        "flower",
        "tree",
        "road",
        "bird",
        "grass"
    ],
    "map_score": 0.0016831683460623026
}