{
    "matched_indices": [
        15,
        0,
        3,
        4,
        5,
        11,
        11,
        10,
        16,
        0,
        7,
        1,
        2,
        8
    ],
    "iou_matrix": [
        [
            0.22173287065011657,
            0.9886557219434232,
            0.0,
            0.0,
            0.0,
            0.0,
            0.0,
            0.0,
            0.0,
            0.003897379060601662,
            0.0,
            0.0,
            0.01771535936637107,
            0.0052061162469816185
        ],
        [
            0.0,
            0.0,
            0.0,
            0.0,
            0.0006295342269688049,
            0.0,
            0.0,
            0.0,
            0.0,
            0.0,
            0.0,
            0.9564783508506106,
            0.0,
            0.0
        ],
        [
            0.0,
            0.018747956253359538,
            0.0,
            0.0,
            0.0,
            0.0,
            0.0,
            0.0,
            0.0,
            0.0,
            0.0,
            0.0,
            0.9556703408533976,
            0.0
        ],
        [
            0.031247042484400335,
            0.0,
            0.8769480880721406,
            0.08774649921295907,
            0.0,
            0.0,
            0.0,
            0.0,
            0.0,
            0.0,
            0.0,
            0.0,
            0.0,
            0.38431727932558285
        ],
        [
            0.0,
            0.0,
            0.09303216533159828,
            0.9252590778268005,
            0.0,
            0.0,
            0.0,
            0.0,
            0.0,
            0.0,
            0.0,
            0.0,
            0.0,
            0.3328250382973217
        ],
        [
            0.0,
            0.0,
            0.0,
            0.0,
            0.9623090780405784,
            0.0,
            0.0,
            0.0,
            0.0,
            0.0,
            0.0,
            0.0014462731855675371,
            0.0,
            0.0
        ],
        [
            0.5919247312767384,
            0.006415306226001281,
            0.04047272232699362,
            0.0,
            0.0,
            0.0,
            0.0,
            0.0,
            0.0,
            0.0,
            0.0,
            0.0,
            0.0,
            0.0
        ],
        [
            0.0,
            0.0,
            0.0,
            0.0,
            0.0,
            0.0,
            0.0,
            0.0,
            0.0,
            0.0,
            0.9117577720058443,
            0.0,
            0.0,
            0.0
        ],
        [
            0.0,
            0.008827779644814468,
            0.1269635757795292,
            0.6583717901781826,
            0.0,
            0.0,
            0.0,
            0.0,
            0.0,
            0.0,
            0.0,
            0.0,
            0.0,
            0.45415625425520595
        ],
        [
            0.04204280899824463,
            0.04702802446843001,
            0.6039496023691648,
            0.15651277967649255,
            0.0,
            0.0,
            0.0,
            0.0,
            0.0,
            0.0,
            0.0,
            0.0,
            0.0,
            0.4073391690437918
        ],
        [
            0.0,
            0.0,
            0.0,
            0.0,
            0.0,
            0.0,
            0.0,
            0.9146194681495995,
            0.0,
            0.0,
            0.0,
            0.0,
            0.0,
            0.0
        ],
        [
            0.0,
            0.0,
            0.0,
            0.0,
            0.0,
            0.48161527238052715,
            0.6494384023966868,
            0.0,
            0.0,
            0.0,
            0.0,
            0.0,
            0.0,
            0.0
        ],
        [
            0.0,
            0.0,
            0.0,
            0.0,
            0.0,
            0.48161527238052715,
            0.6494384023966868,
            0.0,
            0.0,
            0.0,
            0.0,
            0.0,
            0.0,
            0.0
        ],
        [
            0.4709472831204355,
            0.3123347528968221,
            0.013869576132215544,
            0.0,
            0.0,
            0.029024000280056615,
            0.039137671610521535,
            0.0,
            0.0,
            0.0,
            0.0,
            0.0,
            0.0,
            0.0
        ],
        [
            0.2826113451118209,
            0.3032226330141917,
            0.08366510777147429,
            0.021731196823759555,
            0.011408878332473761,
            0.01692135859343412,
            0.02281775666494754,
            0.005269815229761702,
            0.004637711794369193,
            0.0011952158253067838,
            0.01014122518442113,
            0.0054327992059399035,
            0.005432799205939889,
            0.05642867441902899
        ],
        [
            0.9588711998638222,
            0.22681411336632354,
            0.03139662417898642,
            0.0,
            0.0,
            0.0,
            0.0,
            0.0,
            0.0,
            0.0,
            0.0,
            0.0,
            0.0,
            0.0
        ],
        [
            0.0439289015008064,
            0.15733449952294792,
            0.1762123647219294,
            0.048763060612416344,
            0.02560060682151857,
            0.0,
            0.0,
            0.011825042198510986,
            0.010516709039582638,
            0.0026819683336829175,
            0.02275609495246097,
            0.012190765153104119,
            0.012190765153104086,
            0.1266214140569078
        ]
    ],
    "num_matches": 10,
    "num_matches_with_correct_class": 0,
    "num_GT_boxes": 14,
    "used_labels": [
        "cloud",
        "flower",
        "dog",
        "tree",
        "people",
        "duck",
        "road",
        "mountain",
        "grass"
    ],
    "map_score": 0.0
}