{
    "bboxes": [
        [
            0.01245987319946289,
            0.4787987060546875,
            0.3835941162109375,
            0.8157314453125
        ],
        [
            0.35020951334635414,
            0.38824100748697915,
            0.705059814453125,
            0.6466463216145834
        ],
        [
            0.7048959147135416,
            0.6657647298177083,
            0.970211669921875,
            0.8011204427083334
        ],
        [
            0.0009276270071665446,
            0.00011479853590329488,
            0.4768253173828125,
            0.46593013509114584
        ],
        [
            0.0,
            0.798416748046875,
            0.9994000651041667,
            0.9990218912760417
        ]
    ],
    "labels": [
        "cloud",
        "cloud",
        "road",
        "horse",
        "duck"
    ],
    "scores": [
        0.9894883036613464,
        0.9807924628257751,
        0.9214211702346802,
        0.6135453581809998,
        0.3835468888282776
    ]
}