{
    "matched_indices": [
        6,
        7,
        10,
        13,
        12,
        8,
        11,
        1,
        0,
        3,
        2,
        4,
        5,
        9,
        9
    ],
    "iou_matrix": [
        [
            0.0,
            0.0,
            0.0,
            0.0,
            0.0,
            0.0867511234381492,
            0.03999843156491727,
            0.0,
            0.9897919847836204,
            0.0,
            0.0,
            0.0,
            0.0,
            0.14659904473487204,
            0.0
        ],
        [
            0.0,
            0.0,
            0.05604668670258396,
            0.0,
            0.0,
            0.0,
            0.0,
            0.9920880672765207,
            0.0,
            0.0,
            0.0,
            0.0,
            0.0,
            0.15325830316363057,
            0.08630134534155286
        ],
        [
            0.0010358302626906817,
            0.0,
            0.0,
            0.0,
            0.0,
            0.0,
            0.0,
            0.0,
            0.0,
            0.014973871104670787,
            0.9904107162635752,
            0.0,
            0.0,
            0.11184440149995968,
            0.2862329591707729
        ],
        [
            0.013671813727592358,
            0.0,
            0.0,
            0.0,
            0.0,
            0.0,
            0.0,
            0.0,
            0.0,
            0.9852595429841867,
            0.01246544864013453,
            0.0,
            0.0,
            0.0007828771169101067,
            0.019714534321399847
        ],
        [
            0.0,
            0.0,
            0.0,
            0.0,
            0.0,
            0.0,
            0.0,
            0.0,
            0.0,
            0.0,
            0.0,
            0.994011472753035,
            0.0,
            0.0671044965902774,
            0.16797115765700502
        ],
        [
            0.0,
            0.0,
            0.0,
            0.0,
            0.0,
            0.0,
            0.0,
            0.0,
            0.0,
            0.0,
            0.0,
            0.0,
            0.9876600355350472,
            0.0,
            0.0003822437463816489
        ],
        [
            0.991599754543194,
            0.0,
            0.0,
            0.0,
            0.0,
            0.0,
            0.0,
            0.0,
            0.0,
            0.012766197889355277,
            0.0,
            0.0,
            0.0,
            0.0,
            0.00978024468621349
        ],
        [
            0.0,
            0.9747802777963541,
            0.06775838876700668,
            0.0,
            0.0,
            0.0,
            0.0,
            0.0,
            0.0,
            0.0,
            0.0,
            0.0,
            0.0,
            0.02945919358830736,
            0.0
        ],
        [
            0.0,
            0.0,
            0.0,
            0.0,
            0.12605966792217946,
            0.8800361721858037,
            0.0,
            0.0,
            0.07870432160244732,
            0.0,
            0.0,
            0.0,
            0.0,
            0.024290722116216554,
            0.0
        ],
        [
            0.0,
            0.029805199223239563,
            0.036864304742806116,
            0.0391844358105352,
            0.03866885112881762,
            0.027068195790172337,
            0.020185140289242783,
            0.1546754045152704,
            0.14823059599380078,
            0.002552826847058463,
            0.11474352212375144,
            0.06911459140033947,
            0.0,
            0.9872731935582489,
            0.3687970160498427
        ],
        [
            0.0,
            0.06456425174225008,
            0.977311774730473,
            0.0884577680850218,
            0.0,
            0.0,
            0.0,
            0.057930741840222705,
            0.0,
            0.0,
            0.0,
            0.0,
            0.0,
            0.036570848786864577,
            0.0
        ],
        [
            0.0,
            0.0,
            0.0,
            0.0,
            0.0,
            0.0,
            0.9154745210915807,
            0.0,
            0.040523729839561096,
            0.0,
            0.0,
            0.0,
            0.0,
            0.021391335633172397,
            0.0
        ],
        [
            0.0,
            0.0,
            0.0,
            0.15429571096460612,
            0.969985373550939,
            0.12046268316902649,
            0.0,
            0.00032323392077929604,
            0.0,
            0.0,
            0.0,
            0.0,
            0.0,
            0.037639366382573106,
            0.0
        ],
        [
            0.0,
            0.0,
            0.08906911651478565,
            0.9809775418143394,
            0.15737397605196438,
            0.0,
            0.0,
            0.00014956264654803866,
            0.0,
            0.0,
            0.0,
            0.0,
            0.0,
            0.03842130904134408,
            0.0
        ]
    ],
    "num_matches": 14,
    "num_matches_with_correct_class": 0,
    "num_GT_boxes": 15,
    "used_labels": [
        "others",
        "sheep",
        "tree",
        "people",
        "road",
        "grass"
    ],
    "map_score": 0.0
}