{
    "bboxes": [
        [
            0.1591248474121094,
            0.74534326171875,
            0.29234232584635417,
            0.89063134765625
        ],
        [
            0.5196722412109375,
            0.6916097005208334,
            0.6772288818359375,
            0.850876708984375
        ],
        [
            0.5442254231770833,
            0.5082141927083333,
            0.7947198893229167,
            0.7739403483072916
        ],
        [
            0.444912109375,
            0.3594044189453125,
            0.5854392496744791,
            0.6231278076171874
        ],
        [
            0.14526729329427082,
            0.5057456461588542,
            0.30495892333984376,
            0.771836181640625
        ],
        [
            0.2668826497395833,
            0.3182802124023438,
            0.5294749755859375,
            0.5433002522786459
        ],
        [
            0.2652207845052083,
            0.5318001708984375,
            0.3969302164713542,
            0.6464825846354166
        ],
        [
            0.33249623616536456,
            0.19873586018880207,
            0.47724906412760415,
            0.31824910481770835
        ],
        [
            0.30083024088541666,
            0.5449164632161458,
            0.5563880615234374,
            0.8035741373697917
        ],
        [
            0.06609534708658854,
            0.03842071278889974,
            0.2513071085611979,
            0.21210774739583332
        ],
        [
            0.06609534708658854,
            0.03842071278889974,
            0.2513071085611979,
            0.21210774739583332
        ],
        [
            0.33249623616536456,
            0.19873586018880207,
            0.47724906412760415,
            0.31824910481770835
        ]
    ],
    "labels": [
        "car",
        "car",
        "cat",
        "cat",
        "cat",
        "umbrella",
        "bicycle",
        "bicycle",
        "sun",
        "bus",
        "bicycle",
        "bus"
    ],
    "scores": [
        0.9880231618881226,
        0.9845149517059326,
        0.9822763800621033,
        0.9708887338638306,
        0.9696107506752014,
        0.9618392586708069,
        0.9561917185783386,
        0.7279147505760193,
        0.615897536277771,
        0.5846164226531982,
        0.5795766115188599,
        0.5504170656204224
    ]
}