{
    "matched_indices": [
        2,
        10,
        14,
        0,
        16,
        0,
        13,
        16,
        3,
        5,
        4,
        2,
        7,
        6
    ],
    "iou_matrix": [
        [
            0.0,
            0.0,
            0.0,
            0.0,
            0.0,
            0.9700480889525316,
            0.0,
            0.0,
            0.0,
            0.0,
            0.0,
            0.0,
            0.18891211229165134,
            0.0833843193522809
        ],
        [
            0.0,
            0.0,
            0.0,
            0.0,
            0.9792747881184435,
            0.0,
            0.10026405525720068,
            0.05056432638133082,
            0.04843909092565041,
            0.0,
            0.0,
            0.0,
            0.05304671949516367,
            0.34982474071312736
        ],
        [
            0.3202102106749327,
            0.0,
            0.0,
            0.0,
            0.0,
            0.0,
            0.09567066184483289,
            0.0,
            0.0,
            0.0,
            0.0,
            0.97751312565686,
            0.0,
            0.05667436270039734
        ],
        [
            0.0,
            0.0,
            0.0,
            0.0,
            0.044643275900686605,
            0.0,
            0.0,
            0.0,
            0.858149609764224,
            0.0,
            0.0,
            0.0,
            0.0,
            0.0
        ],
        [
            0.0,
            0.0,
            0.0,
            0.0,
            0.0,
            0.0,
            0.0,
            0.0,
            0.0,
            0.0,
            0.9465649142990068,
            0.0,
            0.0,
            0.026726530269226577
        ],
        [
            0.0,
            0.0,
            0.0,
            0.0,
            0.0,
            0.0,
            0.0,
            0.0,
            0.0,
            0.964056345629512,
            0.0,
            0.0,
            0.02551550174678938,
            0.0
        ],
        [
            0.03120145173557464,
            0.0,
            0.0,
            0.0,
            0.36080224118379367,
            0.07616426298001515,
            0.19501323734055365,
            0.04836455657326988,
            0.0,
            0.0,
            0.0,
            0.060751793625300865,
            0.2907532529025564,
            0.7479563915730755
        ],
        [
            0.0,
            0.0,
            0.0,
            0.0,
            0.029890227094080558,
            0.18133133100817533,
            0.0,
            0.0,
            0.0,
            0.0352256221909456,
            0.0,
            0.0,
            0.542432938413057,
            0.07892349689937825
        ],
        [
            0.03424411614154923,
            0.0,
            0.0,
            0.0,
            0.29973657036092066,
            0.07322175974440573,
            0.12872223844478856,
            0.031756586630503625,
            0.03257291518041577,
            0.027460851880613337,
            0.017353052180590266,
            0.07110409366743849,
            0.39475797451093436,
            0.5881584540601326
        ],
        [
            0.026760091046137913,
            0.0,
            0.0,
            0.0,
            0.39027477284026313,
            0.0956122716880669,
            0.1680842645333932,
            0.03577768270650087,
            0.023071277747863248,
            0.0056767942422913265,
            0.0,
            0.048620258488867585,
            0.3760725373657139,
            0.648218180918856
        ],
        [
            0.0,
            0.978207321217474,
            0.0,
            0.0,
            0.0,
            0.0,
            0.0,
            0.0,
            0.0,
            0.0,
            0.0,
            0.0,
            0.0,
            0.0
        ],
        [
            0.0310313744879807,
            0.0,
            0.0,
            0.0,
            0.3606713852684094,
            0.0760539119746525,
            0.19497960752327487,
            0.048384745704350716,
            0.0,
            0.0,
            0.0,
            0.06064023841388345,
            0.2899116591546103,
            0.746788797138301
        ],
        [
            0.03877852865045056,
            0.0,
            0.0,
            0.0,
            0.28236128262170157,
            0.09261695043828551,
            0.24884532204985446,
            0.015666440079284683,
            0.0,
            0.0,
            0.0,
            0.05489471608986999,
            0.3397477971360604,
            0.7308523827322712
        ],
        [
            0.06513230410542184,
            0.0,
            0.0,
            0.0,
            0.1298987150257561,
            0.0,
            0.6960781454139814,
            0.010587470129961401,
            0.0,
            0.0,
            0.0,
            0.07789217418961614,
            0.028387387410373076,
            0.23254367004051485
        ],
        [
            0.0,
            0.0,
            0.9786842288578639,
            0.0,
            0.0,
            0.0,
            0.0,
            0.0,
            0.0,
            0.0,
            0.0,
            0.0,
            0.0,
            0.0
        ],
        [
            0.0,
            0.0,
            0.0,
            0.0,
            0.6493009892544416,
            0.0,
            0.01097094427491391,
            0.0,
            0.06717040469440418,
            0.0,
            0.0,
            0.0,
            0.060073034234321136,
            0.2445902544599025
        ],
        [
            0.0,
            0.0,
            0.0,
            0.0,
            0.9797374173531738,
            0.0,
            0.10087406395458072,
            0.05109637117788881,
            0.04690883905200685,
            0.0,
            0.0,
            0.0,
            0.05346313093680948,
            0.35083304282682887
        ],
        [
            0.024879583840672514,
            0.0,
            0.0,
            0.0,
            0.3388429930030916,
            0.0832405818736789,
            0.14633510674462147,
            0.030241960451011417,
            0.037029817671746845,
            0.01059113575914798,
            0.0,
            0.04506611957802201,
            0.44561413487326623,
            0.5788696672780901
        ]
    ],
    "num_matches": 10,
    "num_GT_boxes": 14,
    "used_labels": [
        "road",
        "others",
        "cloud",
        "tree",
        "house",
        "mountain",
        "car"
    ]
}