{
    "matched_indices": [
        8,
        2,
        1,
        0,
        17,
        6,
        22,
        3,
        7,
        4,
        14,
        5,
        10
    ],
    "iou_matrix": [
        [
            0.0,
            0.0,
            0.0,
            0.9832260326921505,
            0.0,
            0.0,
            0.0,
            0.0,
            0.0,
            0.0,
            0.0,
            0.0,
            0.0
        ],
        [
            0.027948779058619467,
            0.0,
            0.985817921679034,
            0.0,
            0.0,
            0.0,
            0.0,
            0.0,
            0.0,
            0.0,
            0.0,
            0.0,
            0.0
        ],
        [
            0.0,
            0.9841216996364546,
            0.0,
            0.0,
            0.0,
            0.0,
            0.0,
            0.007421192404017913,
            0.0,
            0.0,
            0.05787194195724396,
            0.0,
            0.0
        ],
        [
            0.0,
            0.008728197985107752,
            0.0,
            0.0,
            0.0,
            0.0,
            0.0,
            0.9847425381310609,
            0.0,
            0.0,
            0.031244086287042262,
            0.0,
            0.0
        ],
        [
            0.0,
            0.0,
            0.0,
            0.0,
            0.0,
            0.0,
            0.0,
            0.0,
            0.0,
            0.9538116717536446,
            0.0,
            0.0,
            0.009241793714118084
        ],
        [
            0.0,
            0.0,
            0.0,
            0.0,
            0.01500951957303374,
            0.0,
            0.0017529528560980285,
            0.0,
            0.0,
            0.0,
            0.0,
            0.9874311872594134,
            0.4196937702788693
        ],
        [
            0.0,
            0.0,
            0.0,
            0.0,
            0.0,
            0.9835963418847988,
            0.0,
            0.0,
            0.0,
            0.0,
            0.0,
            0.0,
            0.005718283905536687
        ],
        [
            0.0,
            0.0,
            0.0,
            0.0,
            0.016423030934601172,
            0.0,
            0.07093699770112513,
            0.0,
            0.9084121265151016,
            0.0,
            0.0,
            9.801056934250545e-06,
            0.057964141521435385
        ],
        [
            0.9896200736862553,
            0.0,
            0.029714539929260937,
            0.0,
            0.1985289632111221,
            0.0,
            0.0,
            0.0,
            0.0,
            0.0,
            0.0,
            0.0,
            0.0
        ],
        [
            0.10309228632120422,
            0.0,
            0.0,
            0.0,
            0.7361171271971693,
            0.0,
            0.23065642272672296,
            0.0,
            0.03247646131794963,
            0.0,
            0.0,
            0.016835065247595184,
            0.07107690912833738
        ],
        [
            0.0,
            0.0,
            0.0,
            0.0,
            0.06707000750645133,
            0.006428070609178183,
            0.04755637088282955,
            0.0,
            0.0634271033985091,
            0.01012380790061308,
            0.0,
            0.42106990912868353,
            0.9916685520323094
        ],
        [
            0.0,
            0.0,
            0.0,
            0.0,
            0.029229524615645416,
            0.0,
            0.1725491753350071,
            0.0,
            0.09581539218342176,
            0.0,
            0.0,
            0.0,
            0.012761887175026491
        ],
        [
            0.0,
            0.0,
            0.0,
            0.0,
            0.037111527271257,
            0.0,
            0.21378961220243936,
            0.0,
            0.11753887495899865,
            0.0,
            0.0,
            0.0016019422970301935,
            0.017475990098292038
        ],
        [
            0.02150078657306896,
            0.0,
            0.0,
            0.0,
            0.1289178928762014,
            0.0,
            0.0,
            0.0,
            0.0,
            0.0,
            0.0,
            0.0,
            0.0
        ],
        [
            0.0,
            0.06093862127661982,
            0.0,
            0.0,
            0.0,
            0.0,
            0.0,
            0.03170379061653706,
            0.0,
            0.0,
            0.9710172370500485,
            0.0,
            0.0
        ],
        [
            0.0,
            0.0,
            0.0,
            0.0,
            0.0,
            0.0,
            0.0,
            0.024546374394282203,
            0.0,
            0.0,
            0.5400324035007583,
            0.0,
            0.0
        ],
        [
            0.0,
            0.0,
            0.0,
            0.0,
            0.03433948598845985,
            0.0,
            0.19702202787581705,
            0.0,
            0.0,
            0.0,
            0.0,
            0.0,
            0.0076940203790073205
        ],
        [
            0.2013325351224468,
            0.0,
            0.0,
            0.0,
            0.9927413989025319,
            0.0,
            0.17054993452749784,
            0.0,
            0.024602900131666643,
            0.0,
            0.0,
            0.014532037805502261,
            0.06464426187570892
        ],
        [
            0.0,
            0.16686749980439017,
            0.0,
            0.0,
            0.0,
            0.0,
            0.0,
            0.027785610352353468,
            0.0,
            0.0,
            0.8515613314211067,
            0.0,
            0.0
        ],
        [
            0.0,
            0.0,
            0.0,
            0.0,
            0.0,
            0.0,
            0.0,
            0.019655386108984457,
            0.0,
            0.0,
            0.759463044586805,
            0.0,
            0.0
        ],
        [
            0.0,
            0.0,
            0.0,
            0.0,
            0.08200274404518121,
            0.008542771701582208,
            0.06275147378569887,
            0.0,
            0.08508278595701195,
            0.01354100596241178,
            0.0,
            0.3295707267701944,
            0.739907654805904
        ],
        [
            0.0,
            0.0,
            0.0,
            0.0,
            0.05118242329467896,
            0.0,
            0.2964045404033565,
            0.0,
            0.04584494141593319,
            0.0,
            0.0,
            0.0,
            0.012932301329292082
        ],
        [
            0.0,
            0.0,
            0.0,
            0.0,
            0.06035401418335123,
            0.0,
            0.34768338130650434,
            0.0,
            0.16935577535725233,
            0.0,
            0.0,
            0.0016829700777747558,
            0.027098355786755693
        ],
        [
            0.0,
            0.0,
            0.0,
            0.0,
            0.03265389358721155,
            0.0,
            0.19164691497819875,
            0.0,
            0.11347084369729464,
            0.0,
            0.0,
            0.0,
            0.014370356629683329
        ],
        [
            0.0,
            0.0,
            0.0,
            0.0,
            0.02292636656052404,
            0.0,
            0.13207268405742958,
            0.0,
            0.08128527256669259,
            0.0,
            0.0,
            0.0016519926900569579,
            0.01079613221177898
        ],
        [
            0.0,
            0.0,
            0.0,
            0.0,
            0.01829349997948278,
            0.0,
            0.10538397511513914,
            0.0,
            0.05773611326361871,
            0.0,
            0.0,
            0.0,
