{
    "bboxes": [
        [
            0.30197243245442706,
            0.47552925618489583,
            0.5540431315104166,
            0.9211421712239584
        ],
        [
            0.1370462443033854,
            0.1820783894856771,
            0.5006384684244791,
            0.4260849609375
        ],
        [
            0.5850094401041667,
            0.24224420166015626,
            0.9983277994791667,
            0.8501353352864583
        ],
        [
            0.0006613432963689168,
            0.06235044860839844,
            0.13351348876953126,
            0.161291015625
        ],
        [
            0.5652509765625,
            0.0043529268900553385,
            0.998255126953125,
            0.8507562662760416
        ],
        [
            0.0006653219064076741,
            0.28966715494791667,
            0.17345648193359375,
            0.5308548177083333
        ],
        [
            0.13675002034505207,
            0.18200457763671876,
            0.5004778238932291,
            0.42595890299479167
        ],
        [
            0.744455078125,
            0.8240365397135416,
            0.9443507486979167,
            0.9078671061197917
        ],
        [
            0.49059891764322916,
            0.37013338216145836,
            0.5862738850911459,
            0.504874755859375
        ],
        [
            0.7453082682291666,
            0.8512950846354167,
            0.864225341796875,
            0.9070743001302083
        ],
        [
            0.4636659342447917,
            0.1427469991048177,
            0.5892047526041667,
            0.21403173828125
        ],
        [
            0.0018402039210001627,
            0.002510994593302409,
            0.99769482421875,
            0.9908558756510417
        ],
        [
            0.0021304486592610677,
            0.000988125721613566,
            0.997133056640625,
            0.42279020182291666
        ]
    ],
    "labels": [
        "tree",
        "cow",
        "cloud",
        "grass",
        "cloud",
        "cloud",
        "grass",
        "mountain",
        "cloud",
        "mountain",
        "grass",
        "grass",
        "grass"
    ],
    "scores": [
        0.49808740615844727,
        0.48028016090393066,
        0.40593332052230835,
        0.36293497681617737,
        0.35422801971435547,
        0.287992388010025,
        0.28335440158843994,
        0.2720482349395752,
        0.2559417486190796,
        0.24649327993392944,
        0.2246626615524292,
        0.22005052864551544,
        0.21858921647071838
    ]
}