{
    "matched_indices": [
        0,
        3,
        1,
        9,
        4,
        5,
        11,
        4,
        10,
        8,
        2,
        14,
        13
    ],
    "iou_matrix": [
        [
            0.953032014104557,
            0.0,
            0.0,
            0.12460916760110713,
            0.04646726660754561,
            0.0113720874464899,
            0.08100637848763743,
            0.08259464302705542,
            0.0,
            0.0,
            0.0,
            0.0,
            0.0
        ],
        [
            0.0,
            0.0,
            0.9773941505716071,
            0.0,
            0.0,
            0.0,
            0.018818633058672544,
            0.0,
            0.0,
            0.0,
            0.02279538077944013,
            0.0,
            0.0
        ],
        [
            0.0,
            0.0,
            0.02614694682115963,
            0.0,
            0.0,
            0.0,
            0.016532056059384213,
            0.0,
            0.0,
            0.0,
            0.9793848004306583,
            0.0,
            0.0
        ],
        [
            0.0,
            0.917349771655558,
            0.0,
            0.0,
            0.0,
            0.0,
            0.05984701807982828,
            0.01681019252562665,
            0.0,
            0.0,
            0.0,
            0.0,
            0.05434503407736754
        ],
        [
            0.06954542820935461,
            0.019828421022482137,
            0.0,
            0.18618492860333855,
            0.04744806495874044,
            0.0,
            0.0,
            0.8349683443475924,
            0.0,
            0.0,
            0.0,
            0.05214093431285625,
            0.0
        ],
        [
            0.011373156332855123,
            0.0,
            0.0,
            0.0,
            0.0,
            0.9929237892099859,
            0.0,
            0.0,
            0.17339263364142454,
            0.0,
            0.0,
            0.0,
            0.0
        ],
        [
            0.10544553506016635,
            0.0,
            0.0,
            0.8834364744868758,
            0.0,
            0.0,
            0.0,
            0.260795735789489,
            0.0,
            0.0,
            0.0,
            0.050607962355695583,
            0.0
        ],
        [
            0.08015499109702677,
            0.03055214672719875,
            0.025058365286740936,
            0.0,
            0.0,
            0.0,
            0.8082663143065296,
            0.0,
            0.0,
            0.0,
            0.014515756574994553,
            0.0,
            0.030544214430848406
        ],
        [
            0.0,
            0.0,
            0.0,
            0.0,
            0.0,
            0.0,
            0.0,
            0.0,
            0.0,
            0.9887810204607085,
            0.0,
            0.0,
            0.0
        ],
        [
            0.12530904440570517,
            0.0,
            0.0,
            0.9889967402164591,
            0.0,
            0.0,
            0.0,
            0.23981020784951315,
            0.0,
            0.0,
            0.0,
            0.04616314350127693,
            0.0
        ],
        [
            0.0,
            0.0,
            0.0,
            0.0,
            0.0,
            0.17268818741512654,
            0.0,
            0.0,
            0.992296022359558,
            0.0,
            0.0,
            0.0,
            0.0
        ],
        [
            0.07260047119899637,
            0.06591785328699241,
            0.022963439987260654,
            0.0,
            0.0,
            0.0,
            0.9776474384880853,
            0.0,
            0.0,
            0.0,
            0.02197564541623945,
            0.0,
            0.13909561138063772
        ],
        [
            0.0037215811489351705,
            0.0,
            0.0,
            0.18109927919352636,
            0.0,
            0.0,
            0.0,
            0.0,
            0.0,
            0.0,
            0.0,
            0.0,
            0.0
        ],
        [
            0.0,
            0.07786245193237569,
            0.0,
            0.0,
            0.0,
            0.0,
            0.14707124964853927,
            0.0,
            0.0,
            0.0,
            0.0,
            0.0,
            0.9611938528342001
        ],
        [
            0.0,
            0.0,
            0.0,
            0.05028355255386304,
            0.0,
            0.0,
            0.0,
            0.08006332606317572,
            0.0,
            0.0,
            0.0,
            0.9520756022508734,
            0.0
        ]
    ],
    "true_pos": 12,
    "false_pos": 3,
    "unmatched": 1,
    "num_GT_boxes": 13,
    "used_labels": [
        "tree",
        "car",
        "sun",
        "dog",
        "people",
        "cloud",
        "flower",
        "bench",
        "grass"
    ]
}