{
    "matched_indices": [
        5,
        1,
        7,
        6,
        0,
        11,
        4,
        4,
        8,
        0,
        3,
        2,
        2,
        0,
        0,
        3,
        0
    ],
    "iou_matrix": [
        [
            0.0,
            0.0,
            0.1322127438986589,
            0.0,
            0.03158357749298125,
            0.07007934607286424,
            0.053173902319625425,
            0.0,
            0.0,
            0.9611383718104838,
            0.0,
            0.0,
            0.0,
            0.018751773352628284,
            0.028138096311928724,
            0.0,
            0.0
        ],
        [
            0.0,
            0.9755115276399466,
            0.0,
            0.0,
            0.0,
            0.0,
            0.0,
            0.0,
            0.0,
            0.0,
            0.0,
            0.0,
            0.0,
            0.0,
            0.0,
            0.0,
            0.0
        ],
        [
            0.0,
            0.0,
            0.0,
            0.0,
            0.0,
            0.0,
            0.035337269224572046,
            0.0,
            0.0,
            0.0,
            0.0,
            0.9522483975140745,
            0.07567342333688756,
            0.0,
            0.0,
            0.0,
            0.0
        ],
        [
            0.0,
            0.0,
            0.0,
            0.0,
            0.0,
            0.0,
            0.0,
            0.0,
            0.1492196675356946,
            0.0,
            0.9692952661723641,
            0.0,
            0.0,
            0.0,
            0.0,
            0.05112756636687332,
            0.0
        ],
        [
            0.0,
            0.0,
            0.0,
            0.12931036500700485,
            0.0,
            0.03092814165586013,
            0.6372154353682269,
            0.18864369159848676,
            0.0049006393886118355,
            0.058534885099102936,
            0.0,
            0.029672818899787443,
            0.0,
            0.0,
            0.0,
            0.0,
            0.0
        ],
        [
            0.7358556649064738,
            0.0,
            0.0,
            0.021310157975318825,
            0.0,
            0.022971687700684085,
            0.0,
            0.0,
            0.0,
            0.0,
            0.0,
            0.0,
            0.0,
            0.0,
            0.0,
            0.0,
            0.0
        ],
        [
            0.015961124027701057,
            0.0,
            0.0,
            0.8334592484383344,
            0.0,
            0.014275129856414362,
            0.06359906606466816,
            0.10935474605735575,
            0.193791739920249,
            0.0,
            0.0,
            0.00504833129592572,
            0.0,
            0.0,
            0.0,
            0.0,
            0.0
        ],
        [
            0.0,
            0.0,
            0.8316527839220937,
            0.0,
            0.009799454678621313,
            0.14984150553038203,
            0.0,
            0.0,
            0.0,
            0.09188233225870991,
            0.0,
            0.0,
            0.0,
            0.0,
            0.0,
            0.0,
            0.0
        ],
        [
            0.0,
            0.0,
            0.0,
            0.15223048125220795,
            0.0,
            0.0,
            0.0,
            0.009069394270732981,
            0.9447336124825276,
            0.0,
            0.14792998701395213,
            0.0,
            0.0,
            0.0,
            0.0,
            0.0,
            0.0
        ],
        [
            0.0,
            0.0,
            0.7347761991977362,
            0.0,
            0.0073318079728336705,
            0.2906141250995595,
            0.004511785178245714,
            0.0,
            0.0,
            0.11221335041258004,
            0.0,
            0.0,
            0.0,
            0.0,
            0.0,
            0.0,
            0.0
        ],
        [
            0.02484410562689437,
            0.0,
            0.0,
            0.7325659847893183,
            0.0,
            0.01726567745867147,
            0.0049326297134074945,
            0.008932619071783296,
            0.11555990372810093,
            0.0,
            0.0,
            0.0,
            0.0,
            0.0,
            0.0,
            0.0,
            0.0
        ],
        [
            0.032442144162351416,
            0.0,
            0.5044905025038545,
            0.012156226745301018,
            0.004601440022342701,
            0.5966667514607242,
            0.014579448713216123,
            0.0,
            0.0,
            0.11519741372594235,
            0.0,
            0.0,
            0.0,
            0.0,
            0.0,
            0.0,
            0.0
        ]
    ],
    "true_pos": 10,
    "false_pos": 2,
    "unmatched": 7,
    "num_GT_boxes": 17,
    "used_labels": [
        "tree",
        "house",
        "dog",
        "fence",
        "people",
        "cloud",
        "grass"
    ]
}