{
    "matched_indices": [
        5,
        4,
        3,
        12,
        0,
        2,
        11,
        1,
        6
    ],
    "iou_matrix": [
        [
            0.0,
            0.0,
            0.0,
            0.0,
            0.9767550707232321,
            0.0,
            0.0,
            0.0,
            0.30974762061419836
        ],
        [
            0.0,
            0.006940260749959367,
            0.0,
            0.0,
            0.0,
            0.0,
            0.0,
            0.9867957181162897,
            0.0
        ],
        [
            0.1684869325249443,
            0.0,
            0.05245023651851856,
            0.08646158296008138,
            0.0,
            0.9736352690018799,
            0.0,
            0.0,
            0.002703983922890243
        ],
        [
            0.0963045900891045,
            0.0,
            0.9874068328347573,
            0.0,
            0.0,
            0.04668337908703291,
            0.0,
            0.0,
            0.20892783513266636
        ],
        [
            0.0,
            0.7907355986757135,
            0.0,
            0.1089006081914361,
            0.0,
            0.0,
            0.15732737059443594,
            0.0,
            0.0
        ],
        [
            0.9667669898845869,
            0.0,
            0.09629602083101547,
            0.0,
            0.0,
            0.156550088049618,
            0.0,
            0.0,
            0.005091864884056365
        ],
        [
            0.009018301035426954,
            0.0,
            0.21595553340992946,
            0.0,
            0.29773252875461675,
            0.0013845422661043457,
            0.0,
            0.0,
            0.9410971710458459
        ],
        [
            0.0,
            0.30726672485308343,
            0.0,
            0.019760375618373908,
            0.0,
            0.0,
            0.6962294241036232,
            0.0,
            0.0
        ],
        [
            0.0963045900891045,
            0.0,
            0.9874068328347573,
            0.0,
            0.0,
            0.04668337908703291,
            0.0,
            0.0,
            0.20892783513266636
        ],
        [
            0.9667669898845869,
            0.0,
            0.09629602083101547,
            0.0,
            0.0,
            0.156550088049618,
            0.0,
            0.0,
            0.005091864884056365
        ],
        [
            0.0,
            0.08653674309117286,
            0.0,
            0.6926859738484981,
            0.0,
            0.17016765416237953,
            0.0,
            0.0,
            0.0
        ],
        [
            0.0,
            0.12757157207454825,
            0.0,
            0.0,
            0.0,
            0.0,
            0.9849809961627258,
            0.0,
            0.0
        ],
        [
            0.0,
            0.09638529436757654,
            0.0,
            0.9215980648503229,
            0.0,
            0.10139510751293078,
            0.0,
            0.0,
            0.0
        ]
    ],
    "num_matches": 9,
    "num_GT_boxes": 9,
    "used_labels": [
        "house",
        "tree",
        "cloud",
        "sun",
        "bench",
        "car",
        "road"
    ]
}