{
    "bboxes": [
        [
            0.86536083984375,
            0.8518064778645833,
            0.9848521321614583,
            0.9306541341145833
        ],
        [
            0.00031952557961146036,
            0.4387681884765625,
            0.19733036295572917,
            0.7247181803385416
        ],
        [
            0.026272295633951823,
            0.185446044921875,
            0.29033797200520833,
            0.45024959309895835
        ],
        [
            0.1480228271484375,
            0.8519366048177084,
            0.3047611490885417,
            0.9307711588541666
        ],
        [
            0.786047607421875,
            0.7442576497395833,
            0.86461669921875,
            0.8238827311197917
        ],
        [
            0.6122597249348959,
            5.7309860984484354e-05,
            0.9992493489583333,
            0.7514834798177084
        ],
        [
            0.0007265060742696126,
            0.6930304361979167,
            0.26240663655598956,
            0.8774837239583333
        ],
        [
            0.0005515515406926473,
            0.8389816080729167,
            0.17196146647135416,
            0.9173496907552083
        ],
        [
            0.34631184895833333,
            0.17200882975260418,
            0.5710868733723958,
            0.2772059326171875
        ],
        [
            0.26695548502604166,
            0.42534488932291664,
            0.5312145589192708,
            0.811067138671875
        ],
        [
            0.5061586100260417,
            0.28641326904296877,
            0.8225538736979167,
            0.8105904947916667
        ]
    ],
    "labels": [
        "cloud",
        "grass",
        "dog",
        "cloud",
        "grass",
        "house",
        "chicken",
        "cloud",
        "people",
        "fence",
        "tree"
    ],
    "scores": [
        0.9797360897064209,
        0.9786891341209412,
        0.9782739281654358,
        0.9697870016098022,
        0.9692534804344177,
        0.967424213886261,
        0.9666993618011475,
        0.9507853388786316,
        0.9448584318161011,
        0.9248612523078918,
        0.7045355439186096
    ]
}