{
    "matched_indices": [
        13,
        11,
        5,
        0,
        3,
        8,
        20,
        4,
        6,
        2,
        1,
        9,
        7
    ],
    "iou_matrix": [
        [
            0.08293610895153025,
            0.09991698255960721,
            0.0,
            0.9264823797888316,
            0.04869655497762711,
            0.0,
            0.0,
            0.08078178528894239,
            0.0,
            0.002411638631645812,
            0.0,
            0.0,
            0.0
        ],
        [
            0.0,
            0.0,
            0.0,
            0.0,
            0.0,
            0.002962296363186974,
            0.0,
            0.0,
            0.0,
            0.0,
            0.9700964140478259,
            0.0,
            0.0
        ],
        [
            0.18882038188030262,
            0.0,
            0.0,
            0.0,
            0.0,
            0.00786976989265949,
            0.1540455044042232,
            0.0,
            0.0,
            0.9312594673602668,
            0.0,
            0.0,
            0.0
        ],
        [
            0.03956941550282354,
            0.0,
            0.0,
            0.048952877754767164,
            0.9388702579752505,
            0.0,
            0.0,
            0.0,
            0.0,
            0.0,
            0.0,
            0.0,
            0.0
        ],
        [
            0.0,
            0.1387232176688855,
            0.0,
            0.06901908637059474,
            0.0,
            0.0,
            0.0,
            0.9764498977752595,
            0.20486931890394752,
            0.0,
            0.0,
            0.0,
            0.0
        ],
        [
            0.0,
            0.12658511962534105,
            0.9126559749315752,
            0.0,
            0.0,
            0.0,
            0.0,
            0.0,
            0.0,
            0.0,
            0.0,
            0.0,
            0.0
        ],
        [
            0.0,
            0.0,
            0.0,
            0.0,
            0.0,
            0.0,
            0.0,
            0.20634946269467477,
            0.9911425624483031,
            0.0,
            0.0,
            0.0,
            0.0
        ],
        [
            0.0,
            0.0,
            0.0,
            0.0,
            0.0,
            0.018871284543004026,
            0.0,
            0.0,
            0.0,
            0.0,
            0.0,
            0.0,
            0.9456267872921501
        ],
        [
            0.0,
            0.0,
            0.0,
            0.0,
            0.0,
            0.9347089575084573,
            0.0,
            0.0,
            0.0,
            0.008879134522868223,
            0.01016019330751662,
            0.0,
            0.025275970559521802
        ],
        [
            0.0,
            0.0,
            0.0,
            0.0,
            0.0,
            0.0,
            0.0,
            0.0,
            0.0,
            0.0,
            0.0,
            0.9917187296282882,
            0.0
        ],
        [
            0.05747776014435497,
            0.0,
            0.0,
            0.0,
            0.0,
            0.0,
            0.7946112801701847,
            0.0,
            0.0,
            0.14931567432997792,
            0.0,
            0.0,
            0.0
        ],
        [
            0.0,
            0.9621024240464788,
            0.13631627849437472,
            0.06908416927226572,
            0.0,
            0.0,
            0.0,
            0.13878092298185404,
            0.0,
            0.0,
            0.0,
            0.0,
            0.0
        ],
        [
            0.0,
            0.0,
            0.0,
            0.0,
            0.0,
            0.0,
            0.0,
            0.0,
            0.0,
            0.0,
            0.0,
            0.5476607124706929,
            0.0
        ],
        [
            0.9333817821007871,
            0.0,
            0.0,
            0.06576330654798127,
            0.036926246074067026,
            0.0,
            0.07047012097765104,
            0.0,
            0.0,
            0.2187472978435539,
            0.0,
            0.0,
            0.0
        ],
        [
            0.6434553359925911,
            0.0,
            0.0,
            0.04009556255999943,
            0.0,
            0.0,
            0.010545377553963398,
            0.0,
            0.0,
            0.19855359755281632,
            0.0,
            0.0,
            0.0
        ],
        [
            0.0,
            0.5919930123287488,
            0.07950446664970284,
            0.006620331223661988,
            0.0,
            0.0,
            0.0,
            0.11742251839528615,
            0.0,
            0.0,
            0.0,
            0.0,
            0.0
        ],
        [
            0.3568055536236053,
            0.0,
            0.0,
            0.044847385310227306,
            0.0,
            0.0,
            0.0,
            0.0,
            0.0,
            0.10217489269786706,
            0.0,
            0.0,
            0.0
        ],
        [
            0.42155725253956167,
            0.0,
            0.0,
            0.04233464226505151,
            0.016135076099639097,
            0.0,
            0.4348722980966227,
            0.0,
            0.0,
            0.39177071764538474,
            0.0,
            0.0,
            0.0
        ],
        [
            0.08618416362696013,
            0.04574367976355297,
            0.0008400129710544816,
            0.09685170790751217,
            0.0,
            0.08769193671374982,
            0.057515443927877816,
            0.1901168005597379,
            0.12651159756102623,
            0.3074183114002173,
            0.028878326318218482,
            0.00018157855457233435,
            0.008181171938309023
        ],
        [
            0.11406608429378697,
            0.06099284921823219,
            0.016072889130376238,
            0.14360329944324557,
            0.008933601462854318,
            0.07601943052999138,
            0.06329557223041986,
            0.16481071640500222,
            0.10967188047656258,
            0.28143589989563944,
            0.025381170613518623,
            0.00038066000252988505,
            0.007092191769561881
        ],
        [
            0.07783019521944284,
            0.0,
            0.0,
            0.0,
            0.0,
            0.0,
            0.9786028751118347,
            0.0,
            0.0,
            0.1572092446298721,
            0.0,
            0.0,
            0.0
        ],
        [
            0.0,
            0.7572587360849449,
            0.20738253188954803,
            0.07044294677274544,
            0.0,
            0.0,
            0.0,
            0.1281823517680808,
            0.0,
            0.0,
            0.0,
            0.0038961812757253144,
            0.0
        ]
    ],
    "true_pos": 13,
    "false_pos": 9,
    "unmatched": 0,
    "num_GT_boxes": 13,
    "used_labels": [
        "house",
        "dog",
        "people",
        "tree",
        "bird",
        "flower"
    ]
}