{
    "bboxes": [
        [
            0.19928045654296875,
            0.6796686197916667,
            0.3980230712890625,
            0.9045826822916667
        ],
        [
            0.6807058512369791,
            0.718970947265625,
            0.9183448079427083,
            0.931018798828125
        ],
        [
            0.0008161663214365641,
            0.43809716796875,
            0.9988658040364583,
            0.830306640625
        ],
        [
            0.346354248046875,
            0.3051527099609375,
            0.69306787109375,
            0.9079359537760416
        ],
        [
            0.6524212239583334,
            0.25192840576171877,
            0.7581439615885417,
            0.3148500569661458
        ],
        [
            0.2788966267903646,
            0.3069069010416667,
            0.37148885091145833,
            0.3560098470052083
        ],
        [
            0.053061731974283856,
            0.2663680216471354,
            0.1579225870768229,
            0.32790511067708333
        ],
        [
            0.346354248046875,
            0.3051527099609375,
            0.69306787109375,
            0.9079359537760416
        ],
        [
            0.053061731974283856,
            0.2663680216471354,
            0.1579225870768229,
            0.32790511067708333
        ],
        [
            0.6524212239583334,
            0.25192840576171877,
            0.7581439615885417,
            0.3148500569661458
        ]
    ],
    "labels": [
        "car",
        "car",
        "duck",
        "mountain",
        "bus",
        "bus",
        "bus",
        "others",
        "basket",
        "basket"
    ],
    "scores": [
        0.992152750492096,
        0.9716045260429382,
        0.9115206599235535,
        0.5692950487136841,
        0.5110684037208557,
        0.5019820928573608,
        0.48355552554130554,
        0.3197844624519348,
        0.23085013031959534,
        0.212685689330101
    ]
}