{
    "bboxes": [
        [
            0.5053511555989584,
            0.06518050638834635,
            0.6905652669270833,
            0.21069805908203126
        ],
        [
            0.6931266276041667,
            0.06554863993326823,
            0.9577981770833334,
            0.33073518880208336
        ],
        [
            0.2918945109049479,
            0.11883788045247395,
            0.45093986002604164,
            0.2507496744791667
        ],
        [
            0.026064773559570313,
            0.06529646301269532,
            0.2380621134440104,
            0.25076751708984374
        ],
        [
            0.2654849650065104,
            0.2652754109700521,
            0.6288828938802083,
            0.5704251302083333
        ],
        [
            0.892680908203125,
            0.31891009521484376,
            0.9582049153645833,
            0.45096830240885416
        ],
        [
            0.5717491455078125,
            0.3593187255859375,
            0.9059534505208333,
            0.9306173502604167
        ],
        [
            0.09243587239583333,
            0.34510188802083336,
            0.15954559326171874,
            0.4451051025390625
        ],
        [
            0.021468221028645835,
            0.5583339029947917,
            0.6386767985026042,
            0.9399651692708333
        ],
        [
            0.05217900594075521,
            0.42558955891927086,
            0.23609102376302082,
            0.797298828125
        ],
        [
            0.11878103637695313,
            0.6783239339192708,
            0.35714729817708335,
            0.8905797526041667
        ],
        [
            0.2726502685546875,
            0.6786731363932291,
            0.43848421223958334,
            0.7854051106770833
        ]
    ],
    "labels": [
        "cow",
        "house",
        "cow",
        "cow",
        "tree",
        "grass",
        "road",
        "grass",
        "sun",
        "grass",
        "road",
        "cloud"
    ],
    "scores": [
        0.9914340972900391,
        0.9881917834281921,
        0.9879583120346069,
        0.9877228736877441,
        0.9864004850387573,
        0.9799588918685913,
        0.9603045582771301,
        0.9104490280151367,
        0.8903851509094238,
        0.7278618216514587,
        0.7129902839660645,
        0.6815727353096008
    ]
}