{
    "bboxes": [
        [
            0.8124169108072916,
            0.09051900227864583,
            0.9987140299479167,
            0.22261153157552083
        ]
    ],
    "labels": [
        "bicycle"
    ],
    "scores": [
        0.22068633139133453
    ]
}