{
    "matched_indices": [
        4,
        3,
        1,
        0,
        2,
        5,
        9
    ],
    "iou_matrix": [
        [
            0.0,
            0.0,
            0.09375617130875502,
            0.9915148278571938,
            0.0,
            0.0,
            0.0
        ],
        [
            0.0,
            0.0038528781725222783,
            0.986020309562735,
            0.09102641660311651,
            0.0,
            0.0,
            0.0
        ],
        [
            0.0,
            0.019820333593716825,
            0.0,
            0.0,
            0.9745376542671004,
            0.0,
            0.0
        ],
        [
            0.29055250042353453,
            0.8578391958808235,
            0.003364741716448868,
            0.0,
            0.0239609819415507,
            0.1454731386664184,
            0.009126883575464515
        ],
        [
            0.4798147980801519,
            0.04338280682446031,
            0.0,
            0.0,
            0.0,
            0.08360792611994665,
            0.4170913300479405
        ],
        [
            0.4265643786432229,
            0.2951367819958016,
            0.0,
            0.0,
            0.0,
            0.6385489317214479,
            0.12117531918190935
        ],
        [
            0.0,
            0.0027341750360821452,
            0.0,
            0.0,
            0.0,
            0.0181347619477217,
            0.2736869416509863
        ],
        [
            0.4319527801725466,
            0.04406649646228722,
            0.0,
            0.0,
            0.0,
            0.08319485504570415,
            0.6020302584675308
        ],
        [
            0.0,
            0.0027341750360821452,
            0.0,
            0.0,
            0.0,
            0.0181347619477217,
            0.2736869416509863
        ],
        [
            0.234763765377327,
            0.02822484246426214,
            0.0,
            0.0,
            0.0,
            0.11336143373969147,
            0.9532490483101979
        ]
    ],
    "num_matches": 6,
    "num_GT_boxes": 7,
    "used_labels": [
        "airplane",
        "apple",
        "balloon",
        "banana",
        "basket",
        "bee",
        "bench",
        "bicycle",
        "bird",
        "bottle",
        "bucket",
        "bus",
        "butterfly",
        "car",
        "cat",
        "chair",
        "chicken",
        "cloud",
        "cow",
        "cup",
        "dinnerware",
        "dog",
        "duck",
        "fence",
        "flower",
        "grape",
        "grass",
        "horse",
        "house",
        "moon",
        "mountain",
        "people",
        "picnic rug",
        "pig",
        "rabbit",
        "road",
        "sheep",
        "sofa",
        "star",
        "street lamp",
        "sun",
        "table",
        "tree",
        "truck",
        "umbrella",
        "others"
    ]
}