{
    "bboxes": [
        [
            0.35929154459635415,
            0.4256080322265625,
            0.45114994303385414,
            0.49079069010416665
        ],
        [
            0.45266166178385414,
            0.5731475423177084,
            0.5582506103515625,
            0.6367869466145833
        ],
        [
            0.373048828125,
            0.5060163981119792,
            0.49078824869791665,
            0.5839368489583333
        ],
        [
            0.0011547803084055583,
            0.09178484090169271,
            0.262623779296875,
            0.5857094319661459
        ],
        [
            0.5851963297526042,
            0.06454342651367187,
            0.9569303385416666,
            0.895626953125
        ],
        [
            0.49327693684895835,
            0.6386435546875,
            0.6647294108072916,
            0.7839000651041667
        ],
        [
            0.27947963460286457,
            0.26416646321614584,
            0.437265869140625,
            0.3680919189453125
        ],
        [
            0.4128670247395833,
            0.38567138671875,
            0.6170726725260417,
            0.5268921305338542
        ],
        [
            0.8656510416666666,
            0.410825927734375,
            0.983757080078125,
            0.4891461181640625
        ]
    ],
    "labels": [
        "tree",
        "tree",
        "tree",
        "others",
        "others",
        "road",
        "bird",
        "bird",
        "bird"
    ],
    "scores": [
        0.9629838466644287,
        0.9459887146949768,
        0.9326348304748535,
        0.9073355793952942,
        0.7882170677185059,
        0.7651681303977966,
        0.36372289061546326,
        0.26428157091140747,
        0.26252028346061707
    ]
}