{
    "matched_indices": [
        5,
        0,
        1,
        6,
        11,
        9,
        17,
        4,
        2,
        10,
        16,
        3,
        12,
        7,
        8,
        14,
        14
    ],
    "iou_matrix": [
        [
            0.0,
            0.9749366389776204,
            0.0,
            0.0,
            0.0,
            0.0,
            0.0,
            0.0,
            0.018527361946404326,
            0.022917467893976674,
            0.0,
            0.0,
            0.0,
            0.0,
            0.0,
            0.0,
            0.0
        ],
        [
            0.09023466488608083,
            0.0,
            0.9848495472926774,
            0.0,
            0.0,
            0.0,
            0.0,
            0.053997291994016566,
            0.0,
            0.010761416196030674,
            0.0,
            0.0,
            0.0,
            0.0,
            0.0,
            0.0,
            0.0
        ],
        [
            0.0,
            0.02144092547324799,
            0.0,
            0.0,
            0.0,
            0.22503793713609732,
            0.01550857764726983,
            0.0,
            0.9910843328204899,
            0.040743518492905785,
            0.0,
            0.0,
            0.0,
            0.0,
            0.0,
            0.0,
            0.0911589646173234
        ],
        [
            0.0,
            0.0,
            0.0,
            0.030209282168966803,
            0.16844927621380937,
            0.0,
            0.0,
            0.11720425589367102,
            0.0,
            0.0,
            0.0,
            0.971521734635474,
            0.0,
            0.0,
            0.0,
            0.05575047023721684,
            0.08512456250221602
        ],
        [
            0.0,
            0.0,
            0.05536908775610124,
            0.0,
            0.1651884717359523,
            0.0,
            0.0,
            0.9889866757790917,
            0.0,
            0.0,
            0.20852323247784835,
            0.11226862359275978,
            0.033287757710315675,
            0.007666401321590162,
            0.0,
            0.07118105122505984,
            0.08475205974910228
        ],
        [
            0.9733195662286855,
            0.0,
            0.08259534736552084,
            0.0,
            0.0,
            0.0,
            0.0,
            0.0,
            0.0,
            0.0,
            0.0,
            0.0,
            0.0,
            0.0,
            0.0,
            0.0,
            0.0
        ],
        [
            0.0,
            0.0,
            0.0,
            0.9378081172694578,
            0.0,
            0.0,
            0.0,
            0.0,
            0.0,
            0.0,
            0.0,
            0.027889236381397283,
            0.0,
            0.0,
            0.0,
            0.0,
            0.0
        ],
        [
            0.0,
            0.0,
            0.0,
            0.0,
            0.0910576649278788,
            0.0,
            0.0,
            0.008678240258754629,
            0.0,
            0.0,
            0.0,
            0.0,
            0.0,
            0.9822521597555147,
            0.0,
            0.20766313692846566,
            0.08465253547034456
        ],
        [
            0.0,
            0.0,
            0.0,
            0.0,
            0.0,
            0.0,
            0.0,
            0.0,
            0.0,
            0.0,
            0.0,
            0.0,
            0.0,
            0.0,
            0.9794328610181103,
            0.0,
            0.031917645884332935
        ],
        [
            0.0,
            0.0,
            0.0,
            0.0,
            0.0,
            0.8927335246124729,
            0.011827158417957248,
            0.0,
            0.21848341670703753,
            0.004614178686429939,
            0.0,
            0.0,
            0.0,
            0.0,
            0.0,
            0.0,
            0.06341721937166106
        ],
        [
            0.0,
            0.024474387280082412,
            0.013260928599078887,
            0.0,
            0.0,
            0.024475869875629903,
            0.21394248413930828,
            0.0,
            0.042455168124382096,
            0.9913180307999772,
            0.20316373653975092,
            0.0,
            0.09568773510183677,
            0.0,
            0.0,
            0.0558825836827516,
            0.07580030261829511
        ],
        [
            0.0,
            0.0,
            0.0,
            0.0,
            0.9323175044712252,
            0.0,
            0.0,
            0.15011233484137831,
            0.0,
            0.0,
            0.021875578319845188,
            0.15364576605369584,
            0.009066289635826135,
            0.09020688850127496,
            0.0,
            0.21083885332050295,
            0.128306716295137
        ],
        [
            0.0,
            0.0,
            0.0,
            0.0,
            0.02775394939909918,
            0.0,
            0.1876471343300747,
            0.032780002522954696,
            0.0,
            0.09498500024016523,
            0.03660637970992095,
            0.0,
            0.9834674251326977,
            0.0,
            0.0,
            0.3832953831041389,
            0.16190684402859337
        ],
        [
            0.0,
            0.0,
            0.0,
            0.0,
            0.026424810000021864,
            0.0458959913039636,
            0.5579914911176328,
            0.03460789573775999,
            0.013763478794330803,
            0.18382720739903038,
            0.04242136666093334,
            0.0,
            0.3823480900323062,
            0.0,
            0.0,
            0.16582699048326022,
            0.08130111016935625
        ],
        [
            0.0,
            0.0,
            0.0,
            0.0,
            0.13846380336449918,
            0.07154052256858644,
            0.04702761477813173,
            0.08616472119141293,
            0.0924223506657509,
            0.0757561120935689,
            0.06653531221856909,
            0.0792164803185642,
            0.16446097142203786,
            0.08634200999656987,
            0.03289219428440759,
            0.38525111294131936,
            0.9907482964440235
        ],
        [
            0.0,
            0.0,
            0.0,
            0.0,
            0.06155314475968609,
            0.0,
            0.07043817749994846,
            0.22622417211192908,
            0.0,
            0.22654964333879832,
            0.8030161314316896,
            0.0,
            0.15455957226714037,
            0.0,
            0.0,
            0.10346759791571694,
            0.10985475253725001
        ],
        [
            0.0,
            0.0,
            0.0,
            0.0,
            0.030226674669710546,
            0.0,
            0.01700617577180574,
            0.20625479561053484,
            0.0,
            0.20209224236817735,
            0.9916704954019631,
            0.0,
            0.03812939094693201,
            0.0,
            0.0,
            0.017719713643502874,
            0.06586859479996722
        ],
        [
            0.0,
            0.0,
            0.0,
            0.0,
            0.0,
            0.05982590889472935,
            0.9633268197334715,
            0.0,
            0.015335898198870771,
            0.2122133012918235,
            0.017017783160163745,
            0.0,
            0.18317001981751077,
            0.0,
            0.0,
            0.08426269806875288,
            0.045743541114338496
        ],
        [
            0.0,
            0.0,
            0.0,
            0.0,
            0.13846380336449918,
            0.07154052256858644,
            0.04702761477813173,
            0.08616472119141293,
            0.0924223506657509,
            0.0757561120935689,
            0.06653531221856909,
