{
    "matched_indices": [
        6,
        5,
        3,
        5,
        3,
        4,
        0,
        5,
        6,
        5,
        5,
        5,
        0,
        0,
        0,
        1
    ],
    "iou_matrix": [
        [
            0.0,
            0.0,
            0.0,
            0.0,
            0.0,
            0.0,
            0.9046411309493824,
            0.0,
            0.0,
            0.0,
            0.0,
            0.0,
            0.0,
            0.0,
            0.0,
            0.0
        ],
        [
            0.09739728841467174,
            0.13859153972833915,
            0.0668194873064192,
            0.3764685035385476,
            0.19116837445677803,
            0.0,
            0.0,
            0.02123780129027179,
            0.0,
            0.019029665408456162,
            0.023503828374981474,
            0.01806205530294144,
            0.0,
            0.0,
            0.0,
            0.2456491100602598
        ],
        [
            0.206532212422675,
            0.0,
            0.0,
            0.0,
            0.0,
            0.0,
            0.0,
            0.0,
            0.0,
            0.0,
            0.0,
            0.0,
            0.0,
            0.0,
            0.0,
            0.0
        ],
        [
            0.0,
            0.0,
            0.9592519689800681,
            0.0,
            0.19637087582022356,
            0.0,
            0.0,
            0.0,
            0.0,
            0.0,
            0.0,
            0.0,
            0.0,
            0.0,
            0.0,
            0.0
        ],
        [
            0.0,
            0.0,
            0.0,
            0.0,
            0.0,
            0.8200726248850719,
            0.0,
            0.0,
            0.0,
            0.0,
            0.0,
            0.0,
            0.0,
            0.0,
            0.0,
            0.0
        ],
        [
            0.09817188349546967,
            0.13917181641124604,
            0.0674379695902681,
            0.3780708899594952,
            0.19196280099987661,
            0.0,
            0.0,
            0.02132672303043797,
            0.0,
            0.01910934178077796,
            0.02360223787091305,
            0.018137680334297725,
            0.0,
            0.0,
            0.0,
            0.2413821946670565
        ],
        [
            0.31304385373508786,
            0.0,
            0.0,
            0.04501233415998631,
            0.0,
            0.0,
            0.0,
            0.0,
            0.02946756754692436,
            0.0,
            0.0,
            0.0,
            0.0,
            0.0,
            0.0,
            0.0177570244555421
        ]
    ],
    "num_matches": 3,
    "num_GT_boxes": 16,
    "used_labels": [
        "tree",
        "grass",
        "house",
        "road",
        "cloud"
    ]
}