{
    "bboxes": [
        [
            0.05165025329589844,
            0.8514417317708334,
            0.19902412923177085,
            0.944092041015625
        ]
    ],
    "labels": [
        "bucket"
    ],
    "scores": [
        0.22772496938705444
    ]
}