{
    "matched_indices": [
        2,
        3,
        1,
        0,
        12,
        11,
        6,
        10,
        4,
        5,
        7
    ],
    "iou_matrix": [
        [
            0.0,
            0.0,
            0.0,
            0.9754815181676604,
            0.0,
            0.0,
            0.025066259247261993,
            0.0,
            0.0,
            0.0,
            0.0
        ],
        [
            0.0,
            0.0,
            0.9724968494993267,
            0.0,
            0.0,
            0.0,
            0.0026973490682049516,
            0.0,
            0.0,
            0.0,
            0.0
        ],
        [
            0.9741146263628755,
            0.0,
            0.0,
            0.0,
            0.0,
            0.0,
            0.0,
            0.0,
            0.0,
            0.0,
            0.0
        ],
        [
            0.0,
            0.9840151347834029,
            0.0,
            0.0,
            0.0,
            0.0,
            0.0,
            0.0,
            0.0,
            0.0,
            0.0
        ],
        [
            0.0,
            0.0,
            0.0,
            0.0,
            0.0,
            0.07485279336777692,
            0.02457679347853789,
            0.0,
            0.9737052500713612,
            0.0,
            0.0
        ],
        [
            0.0,
            0.0,
            0.0,
            0.0,
            0.0,
            0.0,
            0.0,
            0.0,
            0.0,
            0.9720774156513836,
            0.0
        ],
        [
            0.0,
            0.0,
            0.0025591289535928773,
            0.025396638917909855,
            0.009757521957048534,
            0.11747839598962011,
            0.9926313977525333,
            0.041047531828436935,
            0.02539485608632844,
            0.0,
            0.017573790540117908
        ],
        [
            0.0,
            0.0,
            0.0,
            0.0,
            0.0,
            0.0,
            0.017557686006058785,
            0.0,
            0.0,
            0.0,
            0.9816986985925903
        ],
        [
            0.0,
            0.0,
            0.0,
            0.0,
            0.08183394805618908,
            0.0,
            0.017119943857826482,
            0.8207674682661534,
            0.0,
            0.0,
            0.0
        ],
        [
            0.0,
            0.0,
            0.0,
            0.0,
            0.6498381211711147,
            0.027641601093410108,
            0.051488517788240415,
            0.07201473626974779,
            0.0,
            0.0,
            0.0
        ],
        [
            0.0,
            0.0,
            0.0,
            0.0,
            0.07743933851250198,
            0.0,
            0.04148405519164936,
            0.9797491747745856,
            0.0,
            0.0,
            0.0
        ],
        [
            0.0,
            0.0,
            0.0,
            0.0,
            0.42307951208121464,
            0.23439052720617584,
            0.11600628947767876,
            0.058041770756438675,
            0.039477849143448394,
            0.0,
            0.0
        ],
        [
            0.0,
            0.0,
            0.0,
            0.0,
            0.9761287566040641,
            0.0,
            0.009986368220141133,
            0.07457170277142715,
            0.0,
            0.0,
            0.0
        ]
    ],
    "num_matches": 10,
    "num_matches_with_correct_class": 0,
    "num_GT_boxes": 11,
    "used_labels": [
        "tree",
        "people",
        "rabbit",
        "cloud",
        "grass"
    ],
    "map_score": 0.0
}