{
    "matched_indices": [
        5,
        7,
        10,
        9,
        3,
        11,
        8,
        0,
        4,
        6,
        1,
        2,
        12
    ],
    "iou_matrix": [
        [
            0.0,
            0.0,
            0.0,
            0.0,
            0.0,
            0.0,
            0.0,
            0.9847256528450445,
            0.0,
            0.0,
            0.0,
            0.0,
            0.0
        ],
        [
            0.0,
            0.0,
            0.0,
            0.0,
            0.0,
            0.0,
            0.0,
            0.0,
            0.0,
            0.0,
            0.9761037879249085,
            0.0,
            0.0
        ],
        [
            0.0,
            0.006522109642510802,
            0.0,
            0.0,
            0.0,
            0.0,
            0.0,
            0.0,
            0.0,
            0.0,
            0.0,
            0.9840907452207276,
            0.0
        ],
        [
            0.0,
            0.0,
            0.0,
            0.0,
            0.9826615762102797,
            0.0,
            0.006190561559113561,
            0.0,
            0.0,
            0.0,
            0.0,
            0.0,
            0.03334959797804296
        ],
        [
            0.0,
            0.0,
            0.0,
            0.0,
            0.0,
            0.0,
            0.0,
            0.0,
            0.9776967562163579,
            0.0,
            0.0,
            0.0,
            0.003833189134783366
        ],
        [
            0.9717042272648698,
            0.014359126747337915,
            0.0,
            0.0,
            0.0,
            0.0,
            0.0,
            0.0,
            0.007783220636596403,
            0.0,
            0.0,
            0.0,
            0.03731393878530096
        ],
        [
            0.0,
            0.11073037413359907,
            0.012392552040652767,
            0.0,
            0.0,
            0.017618661943809417,
            0.0,
            0.0,
            0.0,
            0.9907301309054717,
            0.0,
            0.0,
            0.17092162909831474
        ],
        [
            0.012798962283124415,
            0.989827062085888,
            0.0050853787046311735,
            0.019453750598650007,
            0.0,
            0.0004557453995273636,
            0.0,
            0.0,
            0.0,
            0.11041330610004449,
            0.0,
            0.00760156431170534,
            0.11310823266841027
        ],
        [
            0.0,
            0.0,
            0.0,
            0.028423591183982657,
            0.007467471033800498,
            0.0,
            0.9761222417724057,
            0.0,
            0.0,
            0.0,
            0.0,
            0.0,
            0.0407359883239074
        ],
        [
            0.0,
            0.020253777593129574,
            0.0,
            0.9782482445444262,
            0.0,
            0.0010314330569249533,
            0.027626755191675744,
            0.0,
            0.0,
            0.0,
            0.0,
            0.0,
            0.03697480557419701
        ],
        [
            7.410863913792434e-05,
            0.005729932290757528,
            0.9777494694512086,
            0.0,
            0.0,
            0.0,
            0.0,
            0.0,
            0.0,
            0.011569146635765306,
            0.0,
            0.0,
            0.05131705915491805
        ],
        [
            0.0,
            0.0011141811752568226,
            0.0,
            0.001430146203195012,
            0.0,
            0.9609662795335279,
            0.0,
            0.0,
            0.0,
            0.01592050082779375,
            0.0,
            0.0,
            0.018338447724776295
        ],
        [
            0.0300066121581863,
            0.09429659776425002,
            0.055617587196831846,
            0.039881985524458916,
            0.027742550697566353,
            0.020032465206092896,
            0.04390885121190308,
            0.0,
            0.00309983652924863,
            0.1742799909572523,
            0.0,
            0.0,
            0.9425920070042861
        ],
        [
            0.2501784253416413,
            0.01403513504874897,
            0.0,
            0.0,
            0.0,
            0.0,
            0.0,
            0.0,
            0.0,
            0.0,
            0.0,
            0.0,
            0.01974619377709742
        ],
        [
            0.2501784253416413,
            0.01403513504874897,
            0.0,
            0.0,
            0.0,
            0.0,
            0.0,
            0.0,
            0.0,
            0.0,
            0.0,
            0.0,
            0.01974619377709742
        ]
    ],
    "num_matches": 13,
    "num_GT_boxes": 13,
    "used_labels": [
        "airplane",
        "apple",
        "balloon",
        "banana",
        "basket",
        "bee",
        "bench",
        "bicycle",
        "bird",
        "bottle",
        "bucket",
        "bus",
        "butterfly",
        "car",
        "cat",
        "chair",
        "chicken",
        "cloud",
        "cow",
        "cup",
        "dinnerware",
        "dog",
        "duck",
        "fence",
        "flower",
        "grape",
        "grass",
        "horse",
        "house",
        "moon",
        "mountain",
        "people",
        "picnic rug",
        "pig",
        "rabbit",
        "road",
        "sheep",
        "sofa",
        "star",
        "street lamp",
        "sun",
        "table",
        "tree",
        "truck",
        "umbrella",
        "others"
    ]
}