{
    "matched_indices": [
        0,
        2,
        3,
        4,
        1,
        9,
        8,
        5,
        7,
        6
    ],
    "iou_matrix": [
        [
            0.9803277634693397,
            0.0,
            0.0,
            0.0,
            0.0,
            0.0,
            0.0,
            0.0,
            0.0,
            0.0
        ],
        [
            0.0,
            0.0,
            0.0,
            0.0,
            0.9887288330873993,
            0.0,
            0.0,
            0.13872098595203802,
            0.0,
            0.010434022993647015
        ],
        [
            0.0,
            0.971887771201023,
            0.0,
            0.0,
            0.0,
            0.0,
            0.0,
            0.0,
            0.0,
            0.0
        ],
        [
            0.0,
            0.0,
            0.9833990797844755,
            0.0,
            0.0,
            0.0,
            0.0,
            0.0,
            0.0,
            0.0
        ],
        [
            0.0,
            0.0,
            0.0,
            0.9488448026481952,
            0.0,
            0.002154386423239607,
            0.0,
            0.0,
            0.0,
            0.0
        ],
        [
            0.0,
            0.0,
            0.0,
            0.0,
            0.13810031978944734,
            0.0,
            0.0,
            0.9752170287689386,
            0.0,
            0.0
        ],
        [
            0.0,
            0.0,
            0.0,
            0.0,
            0.010395847345417477,
            0.055274924200718466,
            0.0,
            0.0,
            0.0,
            0.9932545637192105
        ],
        [
            0.0,
            0.0,
            0.0,
            0.0,
            0.0,
            0.13818982721962605,
            0.43499336076822837,
            0.0,
            0.7591235572684553,
            0.0
        ],
        [
            0.0,
            0.0,
            0.0,
            0.0,
            0.0,
            0.1435505515802385,
            0.897735974617993,
            0.0,
            0.2390254066038462,
            3.89223135909442e-06
        ],
        [
            0.0,
            0.0,
            0.0,
            0.00503320223607409,
            0.0,
            0.7644896463507503,
            0.043784619014136064,
            0.0,
            0.01221130579276012,
            0.026869270912191046
        ]
    ],
    "num_matches": 10,
    "num_matches_with_correct_class": 0,
    "num_GT_boxes": 10,
    "used_labels": [
        "tree",
        "cloud",
        "car",
        "grass"
    ],
    "map_score": 0.0
}