{
    "bboxes": [
        [
            0.692806396484375,
            0.8917101236979167,
            0.8379044596354167,
            0.9833912760416667
        ],
        [
            0.012936681111653647,
            0.10617404174804687,
            0.9457310384114583,
            0.9158118489583333
        ],
        [
            0.3744217122395833,
            0.9175497233072917,
            0.6340193684895833,
            0.99036474609375
        ]
    ],
    "labels": [
        "cloud",
        "tree",
        "cloud"
    ],
    "scores": [
        0.9416256546974182,
        0.5216741561889648,
        0.2900294363498688
    ]
}