{
    "bboxes": [
        [
            0.5587568766276042,
            0.29035249837239585,
            0.863364013671875,
            0.5567952067057291
        ],
        [
            0.7321944986979166,
            0.11825299072265626,
            0.97095361328125,
            0.3037786254882813
        ],
        [
            0.6131714680989583,
            0.5714958089192709,
            0.9176383463541666,
            0.904171875
        ],
        [
            0.2133116658528646,
            0.4674700113932292,
            0.5315018310546875,
            0.797291015625
        ],
        [
            0.0004797316789627075,
            0.06505990600585937,
            0.11746368408203126,
            0.27730340576171875
        ],
        [
            0.14644983927408853,
            0.05163368225097656,
            0.49087870279947915,
            0.4521151123046875
        ],
        [
            0.14629126993815103,
            0.05194928995768229,
            0.4911039225260417,
            0.4519984130859375
        ],
        [
            0.5195086669921875,
            0.0652669932047526,
            0.7391180826822916,
            0.2936326700846354
        ],
        [
            0.0020181237856547038,
            0.2838199055989583,
            0.9939512532552083,
            0.908395751953125
        ]
    ],
    "labels": [
        "others",
        "others",
        "others",
        "others",
        "sheep",
        "tree",
        "grass",
        "sheep",
        "people"
    ],
    "scores": [
        0.9559707641601562,
        0.9501332640647888,
        0.9460398554801941,
        0.9329166412353516,
        0.764970600605011,
        0.7089818716049194,
        0.5647695660591125,
        0.38042813539505005,
        0.329753041267395
    ]
}