{
    "matched_indices": [
        3,
        21,
        17,
        4,
        4,
        7,
        3,
        9,
        17,
        1,
        14,
        14,
        6,
        8,
        0,
        16,
        20
    ],
    "iou_matrix": [
        [
            0.0,
            0.0,
            0.0,
            0.0,
            0.0,
            0.0,
            0.0,
            0.0,
            0.0,
            0.0,
            0.0,
            0.0,
            0.0,
            0.0,
            0.9805881065839843,
            0.0,
            0.0
        ],
        [
            0.18355056769943312,
            0.0,
            0.11239264896919794,
            0.037173852061756905,
            0.0996133778559526,
            0.0,
            0.0,
            0.061445017137600866,
            0.27121429570238914,
            0.9899422408897128,
            0.002952986680708228,
            0.0029636574119441886,
            0.0,
            0.04249266279039696,
            0.0,
            0.13881118067228213,
            0.0
        ],
        [
            0.8266252459021799,
            0.0,
            0.0,
            0.0,
            0.0,
            0.05017790220432755,
            0.07198119386046953,
            0.10269789475832487,
            0.026200171583828844,
            0.15157579287477163,
            0.011722363716765572,
            0.008791772787574186,
            0.03419022750723297,
            0.03419022750723299,
            0.0,
            0.04856586584922702,
            0.043272917867209486
        ],
        [
            0.9279752628722853,
            0.0,
            0.0,
            0.0,
            0.003885680974903266,
            0.09460010210018667,
            0.0944580785437979,
            0.11959945262852545,
            0.04486625471699983,
            0.19243514948674795,
            0.009271275397560091,
            0.006953456548170074,
            0.02704121990955031,
            0.027041219909550322,
            0.0,
            0.0759489100485212,
            0.05783990623705179
        ],
        [
            0.0,
            0.0,
            0.0,
            0.07357385610621463,
            0.9778462069410975,
            0.08808703486701254,
            0.015484579049124985,
            0.002951369456319728,
            0.0,
            0.10146713053502014,
            0.0,
            0.0,
            0.0,
            0.0,
            0.0,
            0.0,
            0.0
        ],
        [
            0.26646396624855617,
            0.08912439400743706,
            0.061985374740034176,
            0.028301219521868752,
            0.1852174052478323,
            0.23818733308627213,
            0.060061374086740824,
            0.07167913583091114,
            0.13127283596940129,
            0.37989941990382875,
            0.0055565221574349595,
            0.0041673916180762225,
            0.016206522959185322,
            0.016206522959185333,
            0.0,
            0.0843487343426091,
            0.06593864714997476
        ],
        [
            0.021063111142726826,
            0.0,
            0.0,
            0.0,
            0.0,
            0.0,
            0.03612938600049226,
            0.09032645952471854,
            0.0,
            0.0,
            0.0,
            0.0,
            0.7199929428231003,
            0.0,
            0.0,
            0.0,
            0.0
        ],
        [
            0.041249656723809515,
            0.1711953017929911,
            0.0,
            0.011694595075880528,
            0.0,
            0.5995756459312319,
            0.03457543916429795,
            0.0,
            0.0,
            0.0,
            0.0,
            0.0,
            0.0,
            0.0,
            0.0,
            0.0,
            0.10473862118838798
        ],
        [
            0.026780471487369156,
            0.0,
            0.0,
            0.0,
            0.0,
            0.0,
            0.0,
            0.07539202621260198,
            0.0,
            0.039528973442547966,
            0.0,
            0.0,
            0.0,
            0.9232838727119013,
            0.0,
            0.0,
            0.0
        ],
        [
            0.0732251469411023,
            0.0,
            0.0,
            0.0,
            0.0,
            0.0,
            0.04156907316508663,
            0.5640738840287884,
            0.0,
            0.03831547320396337,
            0.12842420074850108,
            0.09646472716349642,
            0.18982976606865812,
            0.1361087955842393,
            0.0,
            0.0,
            0.0
        ],
        [
            0.0,
            0.0,
            0.0,
            0.0,
            0.0,
            0.0,
            0.0,
            0.0,
            0.0,
            0.0,
            0.0,
            0.0,
            0.0,
            0.0,
            0.9772374001963972,
            0.0,
            0.0
        ],
        [
            0.0,
            0.05488092407843438,
            0.0,
            0.0,
            0.0,
            0.0,
            0.0,
            0.0,
            0.0,
            0.0,
            0.0,
            0.0,
            0.0,
            0.0,
            0.19589520527350454,
            0.002973435162345791,
            0.03532829128155296
        ],
        [
            0.02470386028634331,
            0.0,
            0.0,
            0.0,
            0.0,
            0.0,
            0.0,
            0.18919522103094066,
            0.0,
            0.01079486440697775,
            0.0,
            0.0,
            0.16620263620932596,
            0.03091926796113082,
            0.0,
            0.0,
            0.0
        ],
        [
            0.26636601258637427,
            0.07859767134032215,
            0.061698900590797204,
            0.030138438972271246,
            0.19724109275046642,
            0.23508350904428746,
            0.0639603553516575,
            0.07633230289443056,
            0.13633931267039812,
            0.40310150663004246,
            0.005917232782513983,
            0.004437924586885491,
            0.017258595615665808,
            0.01725859561566582,
            0.0,
            0.07940719786221058,
            0.04903455939167115
        ],
        [
            0.008022849237120284,
            0.0,
            0.0,
            0.0,
            0.0,
            0.0,
            0.0,
            0.06276272885111538,
            0.0,
            0.003343418931394744,
            0.7265927391630796,
            0.7717939321380178,
            0.0,
            0.0,
            0.0,
            0.0,
            0.0
        ],
        [
            0.0,
            0.0,
            0.0,
            0.0,
            0.0,
            0.0,
            0.0,
            0.0,
            0.0,
            0.0,
            0.0,
            0.0,
            0.0,
            0.0,
            0.9771089527653642,
            0.0,
            0.0
        ],
        [
            0.0711096714754657,
            0.0,
            0.26002948504379997,
            0.00028619668228357107,
            0.0,
            0.0,
            0.0,
            0.0,
            0.20149687231193428,
            0.14006378379775955,
            0.0,
            0.0,
            0.0,
            0.0,
            0.0,
            0.979882274205663,
            0.0
        ],
        [
            0.020829372726192355,
            0.0,
            0.2820739338971407,
            0.026612755919328195,
            0.0,
            0.0,
            0.0,
            0.0,
            0.8464828852984531,
            0.2389143659518109,
            0.0,
            0.0,
            0.0,
            0.0,
            0.0,
            0.17091155995565846,
            0.0
        ],
        [
            0.0,
            0.17615454318289137,
            0.0,
            0.015174893027730294,
            0.0,
            0.4350383494912956,
