{
    "matched_indices": [
        5,
        4,
        3,
        3,
        1,
        1,
        1,
        8,
        2,
        0,
        9,
        10
    ],
    "iou_matrix": [
        [
            0.02371381191575043,
            0.0,
            0.0,
            0.012748720050736115,
            0.0,
            0.0,
            0.0,
            0.0,
            0.0,
            0.9563728232652922,
            0.0,
            0.0
        ],
        [
            0.0,
            0.0,
            0.0,
            0.002507860276538628,
            0.28585870941809494,
            0.2867337395418333,
            0.2860473323147918,
            0.0,
            0.0,
            0.0,
            0.0,
            0.0
        ],
        [
            0.0,
            0.0,
            0.0,
            0.0,
            0.0,
            0.0,
            0.0,
            0.0,
            0.9894066973835404,
            0.0,
            0.0,
            0.0
        ],
        [
            0.3044219463111448,
            0.0,
            0.018894148208337,
            0.9772835280174315,
            0.0,
            0.0,
            0.004408444724643987,
            0.0,
            0.0,
            0.012390824482883443,
            0.00019592779988707374,
            0.0
        ],
        [
            0.041185338888455575,
            0.9717104696453017,
            0.0,
            0.0,
            0.0,
            0.0,
            0.0,
            0.0457021837784441,
            0.0,
            0.0,
            0.0,
            0.0
        ],
        [
            0.9761373566112669,
            0.04165873415597934,
            0.00370279178941191,
            0.29812025171875733,
            0.0,
            0.0,
            0.0,
            0.0006636602652262924,
            8.430964948504224e-06,
            0.02423103841208922,
            0.0,
            0.0
        ],
        [
            0.8207127112900463,
            0.04625713716299666,
            0.002753687724441217,
            0.1640264179944962,
            0.0,
            0.0,
            0.0,
            0.0005107189927169881,
            2.3205699728341728e-05,
            0.02886563211023498,
            0.0,
            0.0
        ],
        [
            0.0,
            0.0,
            0.0,
            0.0,
            0.0,
            0.0,
            0.0,
            0.0,
            0.0,
            0.0,
            0.0,
            0.9462943821135434
        ],
        [
            0.004267192981897986,
            0.07651941719278783,
            0.0,
            0.0,
            0.0,
            0.0,
            0.0,
            0.6192299547431233,
            0.0,
            0.0,
            0.0,
            0.0
        ],
        [
            0.0,
            0.0,
            0.0,
            0.00010943425241753586,
            0.0,
            0.0,
            0.0,
            0.0,
            0.0,
            0.0,
            0.929190678592969,
            0.0
        ],
        [
            0.0,
            0.0,
            0.0,
            0.0,
            0.0,
            0.0,
            0.0,
            0.0,
            0.0,
            0.0,
            0.0,
            0.9465698234804045
        ],
        [
            0.0,
            0.0,
            0.0,
            0.00010943425241753586,
            0.0,
            0.0,
            0.0,
            0.0,
            0.0,
            0.0,
            0.929190678592969,
            0.0
        ],
        [
            0.313600245654854,
            0.02113528818602094,
            0.0,
            0.1931469383725406,
            0.0,
            0.0,
            0.0,
            0.0,
            0.04686648467988231,
            0.022368094960852934,
            0.018405746710644696,
            0.028489141899346652
        ],
        [
            0.0,
            0.0,
            0.0,
            0.0,
            0.0,
            0.0,
            0.0,
            0.0,
            0.0,
            0.0,
            0.0,
            0.9462943821135434
        ],
        [
            0.04100092867841136,
            0.9698263978557952,
            0.0,
            0.0,
            0.0,
            0.0,
            0.0,
            0.04463936274539327,
            0.0,
            0.0,
            0.0,
            0.0
        ]
    ],
    "true_pos": 8,
    "false_pos": 7,
    "unmatched": 4,
    "num_GT_boxes": 12,
    "used_labels": [
        "house",
        "fence",
        "cloud",
        "grass",
        "tree",
        "bird",
        "sun"
    ]
}