{
    "matched_indices": [
        3,
        2,
        4,
        5,
        6,
        5,
        1,
        5,
        0,
        1,
        0
    ],
    "iou_matrix": [
        [
            0.13436533663801226,
            0.0,
            0.0,
            0.0,
            0.0,
            0.0,
            0.0,
            0.0,
            0.9330367585771833,
            0.0,
            0.08977843847214682
        ],
        [
            0.0,
            0.0,
            0.0,
            0.002901944531047755,
            0.0,
            0.0,
            0.9184360183082186,
            0.0,
            0.0,
            0.032476614111595366,
            0.0
        ],
        [
            0.0,
            0.9731032799670296,
            0.0,
            0.02473185946047163,
            0.0,
            0.0,
            0.0,
            0.0,
            0.0,
            0.0,
            0.0
        ],
        [
            0.9715433962562899,
            0.0,
            0.0,
            0.025818461747279958,
            0.0,
            0.0,
            0.0,
            0.0,
            0.13125792557401894,
            0.0,
            0.0
        ],
        [
            0.0,
            0.0,
            0.9483068815714769,
            0.0,
            0.052378372949366356,
            0.06361407269788649,
            0.0,
            0.0,
            0.0,
            0.0,
            0.0
        ],
        [
            0.20429623298092786,
            0.10740656279391607,
            0.028716337969206703,
            0.03897217295820911,
            0.05459833608690731,
            0.06477212439599771,
            0.031513383875298284,
            0.015363330069281235,
            0.049742664393932365,
            0.023736954215954433,
            0.017743200743788906
        ],
        [
            0.0,
            0.0,
            0.054153859292766414,
            0.0,
            0.9146321614858034,
            0.0,
            0.0,
            0.0,
            0.0,
            0.0,
            0.0
        ]
    ],
    "num_matches": 6,
    "num_GT_boxes": 11
}