{
    "bboxes": [
        [
            0.2660314737955729,
            0.7312864583333333,
            0.5591801350911458,
            0.9704152018229166
        ],
        [
            0.6399353434244792,
            0.8380789388020833,
            0.70395166015625,
            0.8764453125
        ],
        [
            0.920319091796875,
            0.9313252766927084,
            0.9985277506510417,
            0.969506103515625
        ],
        [
            0.8001339518229167,
            0.8915048828125,
            0.8773636067708334,
            0.9292896321614583
        ],
        [
            0.6662040201822916,
            0.9457556966145834,
            0.7183246256510417,
            0.982025634765625
        ],
        [
            0.05366187540690104,
            0.11779660034179687,
            0.5699764811197917,
            0.8015264485677084
        ],
        [
            0.5006221110026041,
            0.1451348368326823,
            0.99696875,
            0.8257403971354167
        ],
        [
            0.5397510172526042,
            0.30905873616536456,
            0.9962530924479167,
            0.8256180826822916
        ],
        [
            0.8787451985677084,
            0.06446195475260416,
            0.97162255859375,
            0.10405292765299479
        ],
        [
            0.4388053792317708,
            0.06455064392089843,
            0.5321411539713542,
            0.10419640096028646
        ],
        [
            0.03895424397786458,
            0.06600940958658855,
            0.15966797892252604,
            0.11699820963541667
        ],
        [
            0.4922857666015625,
            0.14491259765625,
            0.8480248209635417,
            0.3539572347005208
        ],
        [
            0.6399353434244792,
            0.8380789388020833,
            0.70395166015625,
            0.8764453125
        ]
    ],
    "labels": [
        "cloud",
        "tree",
        "tree",
        "tree",
        "tree",
        "road",
        "house",
        "house",
        "grass",
        "grass",
        "grass",
        "grass",
        "cloud"
    ],
    "scores": [
        0.8980263471603394,
        0.8082796335220337,
        0.7963243126869202,
        0.7950600385665894,
        0.6951122283935547,
        0.6835845708847046,
        0.37862852215766907,
        0.26619309186935425,
        0.2377505600452423,
        0.2374756783246994,
        0.23543113470077515,
        0.2212214171886444,
        0.20816127955913544
    ]
}