{
    "bboxes": [
        [
            0.79656201171875,
            0.4648831787109375,
            0.9997023111979166,
            0.769941162109375
        ],
        [
            0.00020799038807551066,
            0.5969141438802084,
            0.21053145345052082,
            0.982447021484375
        ],
        [
            0.11759677124023438,
            0.5847320149739583,
            0.3006317749023438,
            0.8375696614583333
        ],
        [
            0.6380495198567708,
            0.612522216796875,
            0.7431338704427083,
            0.6745831705729166
        ],
        [
            0.492856689453125,
            0.5727622884114584,
            0.5968462320963541,
            0.6503590901692708
        ],
        [
            0.11993091837565104,
            0.5736103922526041,
            0.9984146321614583,
            0.99034912109375
        ],
        [
            0.22657647705078124,
            0.6926290690104167,
            0.33054437255859376,
            0.755825439453125
        ],
        [
            0.6395990397135417,
            0.7444012044270834,
            0.9308310546875,
            0.9434422200520833
        ]
    ],
    "labels": [
        "sun",
        "sun",
        "sun",
        "sun",
        "sun",
        "cloud",
        "sun",
        "car"
    ],
    "scores": [
        0.976884663105011,
        0.9562916159629822,
        0.8901779651641846,
        0.4327414035797119,
        0.37745288014411926,
        0.3028026521205902,
        0.27972203493118286,
        0.2633233666419983
    ]
}