{
    "matched_indices": [
        4,
        6,
        5,
        4,
        7,
        1,
        4,
        3,
        0,
        2,
        7,
        3,
        4,
        0,
        0,
        0
    ],
    "iou_matrix": [
        [
            0.0,
            0.0,
            0.0,
            0.061435427217245764,
            0.0,
            0.06562461991305558,
            0.00553319566233911,
            0.0,
            0.9671995264253527,
            0.0,
            0.0,
            0.0,
            0.0,
            0.0,
            0.0,
            0.0
        ],
        [
            0.0,
            0.0,
            0.0,
            0.04414624336462176,
            0.022002996438910613,
            0.9813929446702376,
            0.0,
            0.022570345374650063,
            0.06345833103583268,
            0.02398762106944387,
            0.0,
            0.0,
            0.0,
            0.0,
            0.0,
            0.0
        ],
        [
            0.0,
            0.0,
            0.0,
            0.07205802518318559,
            0.0,
            0.02524148797365083,
            0.0,
            0.010963445273682664,
            0.0,
            0.9502728801013698,
            0.0,
            0.0,
            0.0,
            0.0,
            0.0,
            0.0
        ],
        [
            0.0,
            0.0,
            0.17946500464855053,
            0.12255777229738171,
            0.19187056444193876,
            0.024777131574422837,
            0.0,
            0.9813790214799953,
            0.0,
            0.011954524431126268,
            0.0,
            0.004503781144242075,
            0.0,
            0.0,
            0.0,
            0.0
        ],
        [
            0.03918907939298,
            0.0,
            0.17949152449813938,
            0.14035636600697737,
            0.184025145213117,
            0.0,
            0.9712050697193839,
            0.0,
            0.00439073075996089,
            0.0,
            0.0,
            0.0,
            0.016652889899609,
            0.0,
            0.0,
            0.0
        ],
        [
            0.02325979150592256,
            0.04173791035946596,
            0.3100889083327333,
            0.0,
            0.8119444064922466,
            0.00023777988176095234,
            0.15027837286480783,
            0.15695884098844942,
            0.0,
            0.0,
            0.0,
            0.0,
            0.0,
            0.0,
            0.0,
            0.0
        ],
        [
            0.0,
            0.9324789956955939,
            0.0,
            0.0,
            0.026206680441698868,
            0.0,
            0.0,
            0.0,
            0.0,
            0.0,
            0.0,
            0.0,
            0.0,
            0.0,
            0.0,
            0.0
        ],
        [
            0.019131861506055607,
            0.03461951297128679,
            0.25662165964924294,
            0.0,
            0.8180956666050042,
            0.035003422091029135,
            0.18565400237060545,
            0.189793908597014,
            0.0,
            0.0,
            0.004544170206097483,
            0.0,
            0.0,
            0.0,
            0.0,
            0.0
        ]
    ],
    "true_pos": 7,
    "false_pos": 1,
    "unmatched": 9,
    "num_GT_boxes": 16,
    "used_labels": [
        "tree",
        "apple",
        "picnic rug",
        "people",
        "cloud",
        "mountain",
        "basket",
        "grass"
    ]
}