{
    "matched_indices": [
        7,
        3,
        8,
        17,
        3,
        1,
        11,
        0,
        5,
        0
    ],
    "iou_matrix": [
        [
            0.0,
            0.0,
            0.0,
            0.0,
            0.119054496729538,
            0.0,
            0.0,
            0.9761497091968981,
            0.0,
            6.627477263189458e-05
        ],
        [
            0.0,
            0.07004812777011989,
            0.0,
            0.08204145378611448,
            0.0033396022485131347,
            0.8667052688989052,
            0.0,
            0.0,
            0.09014684928111745,
            0.0
        ],
        [
            0.0,
            0.07004812777011989,
            0.0,
            0.08204145378611448,
            0.0033396022485131347,
            0.8667052688989052,
            0.0,
            0.0,
            0.09014684928111745,
            0.0
        ],
        [
            0.0,
            0.31387504314056036,
            0.0,
            0.07528423424730192,
            0.9867110765286314,
            0.000392826106777332,
            0.02603722141834603,
            0.11023711480626945,
            0.005542475514542162,
            0.0
        ],
        [
            0.0,
            0.0,
            0.0,
            0.0,
            0.022679621109244902,
            0.0,
            0.0,
            0.11771838333430412,
            0.0,
            0.0
        ],
        [
            0.0,
            0.0,
            0.0,
            0.0,
            0.006230113802149324,
            0.08476361202941052,
            0.0,
            0.0,
            0.9732283966099563,
            0.0
        ],
        [
            0.0,
            0.0,
            0.0,
            0.0,
            0.022679621109244902,
            0.0,
            0.0,
            0.11771838333430412,
            0.0,
            0.0
        ],
        [
            0.9517701598872732,
            0.012748674813208669,
            0.0,
            0.0,
            0.0,
            0.0,
            0.0,
            0.0,
            0.0,
            0.0
        ],
        [
            0.0,
            0.0,
            0.9584547697541211,
            0.0,
            0.0,
            0.0,
            0.0,
            0.0,
            0.0,
            0.0
        ],
        [
            0.0,
            0.23248542075992,
            0.0,
            0.5369108808756776,
            0.1661354974868601,
            0.1535158272297022,
            0.0,
            0.0,
            0.037380599898738015,
            0.0
        ],
        [
            0.0,
            0.16784927538063238,
            0.0,
            0.008569919587315254,
            0.1176365676221226,
            0.0,
            0.0,
            0.0,
            0.0,
            0.0
        ],
        [
            0.0,
            0.07502230394059389,
            0.0,
            0.0,
            0.02820300996717184,
            0.0,
            0.9476705642217673,
            0.0,
            0.0,
            0.0
        ],
        [
            0.0,
            0.0,
            0.0,
            0.0,
            0.006230113802149324,
            0.08476361202941052,
            0.0,
            0.0,
            0.9732283966099563,
            0.0
        ],
        [
            0.0,
            0.07502230394059389,
            0.0,
            0.0,
            0.02820300996717184,
            0.0,
            0.9476705642217673,
            0.0,
            0.0,
            0.0
        ],
        [
            0.0,
            0.0,
            0.0,
            0.0,
            0.08452948822152069,
            0.0,
            0.0,
            0.40145899364842863,
            0.0,
            5.862437530277808e-05
        ],
        [
            0.0,
            0.0,
            0.0,
            0.0,
            0.006334458124591143,
            0.0845604907192852,
            0.0,
            0.0,
            0.9695741380753413,
            0.0
        ],
        [
            0.0,
            0.03579597851535643,
            0.0,
            0.0,
            0.02534757803946846,
            0.0,
            0.0,
            0.0,
            0.0,
            0.0
        ],
        [
            0.0,
            0.2307918221471316,
            0.0,
            0.9925059296166558,
            0.07374796112231599,
            0.07136860676849399,
            0.0,
            0.0,
            0.0,
            0.0
        ],
        [
            0.0,
            0.0,
            0.0,
            0.0,
            0.04575473661707034,
            0.0,
            0.0,
            0.5560119313083571,
            0.0,
            0.0
        ],
        [
            0.0,
            0.0,
            0.0,
            0.0,
            0.006454690991193323,
            0.08480390547502847,
            0.0,
            0.0,
            0.9668927653262352,
            0.0
        ],
        [
            0.0,
            0.23248542075992,
            0.0,
            0.5369108808756776,
            0.1661354974868601,
            0.1535158272297022,
            0.0,
            0.0,
            0.037380599898738015,
            0.0
        ],
        [
            0.0,
            0.0,
            0.9584547697541211,
            0.0,
            0.0,
            0.0,
            0.0,
            0.0,
            0.0,
            0.0
        ],
        [
            0.9517701598872732,
            0.012748674813208669,
            0.0,
            0.0,
            0.0,
            0.0,
            0.0,
            0.0,
            0.0,
            0.0
        ],
        [
            0.0,
            0.09808033006267343,
            0.0,
            0.007178534382784804,
            0.7127394446863268,
            0.0,
            0.024177996089190423,
            0.1394561638442106,
            0.007059465071122887,
            0.0
        ],
        [
            0.0,
            0.11491894251258414,
            0.0,
            0.6145393032144256,
            0.030271905420440292,
            0.007369956165544136,
            0.0,
            0.0,
            0.0,
            0.0
        ],
        [
            0.0,
            0.2307918221471316,
            0.0,
            0.9925059296166558,
            0.07374796112231599,
            0.07136860676849399,
            0.0,
            0.0,
            0.0,
            0.0
        ],
        [
            0.9420240410371835,
            0.013023015798750679,
            0.0,
            0.0,
            0.0,
            0.0,
            0.0,
            0.0,
            0.0,
            0.0
        ],
        [
            0.0,
            0.0,
            0.9557101252634892,
            0.0,
            0.0,
            0.0,
            0.0,
            0.0,
            0.0,
            0.0
        ]
    ],
    "num_matches": 8,
    "num_GT_boxes": 10,
    "used_labels": [
        "airplane",
        "apple",
        "balloon",
        "banana",
        "basket",
        "bee",
        "bench",
        "bicycle",
        "bird",
        "bottle",
        "bucket",
        "bus",
        "butterfly",
        "car",
        "cat",
        "chair",
        "chicken",
        "cloud",
        "cow",
        "cup",
        "dinnerware",
        "dog",
        "duck",
        "fence",
        "flower",
        "grape",
        "grass",
        "horse",
        "house",
        "moon",
        "mountain",
        "people",
        "picnic rug",
        "pig",
        "rabbit",
        "road",
        "sheep",
        "sofa",
        "star",
        "street lamp",
        "sun",
        "table",
        "tree",
        "truck",
        "umbrella",
        "others"
    ]
}