{
    "matched_indices": [
        22,
        20,
        0,
        6,
        0,
        7,
        5,
        16,
        1,
        3,
        2
    ],
    "iou_matrix": [
        [
            0.019290206315986297,
            0.0,
            0.016632130394649187,
            0.0003574504535829102,
            0.9935426150038501,
            0.0,
            0.0,
            0.026181231958248417,
            0.009155011685340468,
            0.000982786880315233,
            0.0
        ],
        [
            0.0,
            0.0024037386513187107,
            0.0,
            0.0,
            0.009350931237418767,
            0.0,
            0.0,
            0.0,
            0.9339366271938008,
            0.0,
            0.0
        ],
        [
            0.0,
            0.0,
            0.0,
            0.0,
            0.0,
            0.0,
            0.0,
            0.0,
            0.0,
            0.0,
            0.9350237736766169
        ],
        [
            0.006798100638626396,
            0.0010028198276403177,
            0.0,
            0.3084804965276272,
            0.001554149883452709,
            0.0,
            0.0,
            0.0,
            0.0,
            0.8299804676916045,
            0.0
        ],
        [
            0.0,
            0.0,
            0.0,
            0.0,
            0.0,
            0.0,
            0.0,
            0.0,
            0.0,
            0.0,
            0.9350237736766169
        ],
        [
            0.0,
            0.0,
            0.0,
            0.0,
            0.0,
            0.0,
            0.950324088599449,
            0.0,
            0.0,
            0.0,
            0.0
        ],
        [
            0.007384990038074866,
            0.0010509454063747953,
            0.0,
            0.30894412194400733,
            0.0024368458042184488,
            0.0,
            0.0,
            0.0,
            0.0,
            0.8213385013135011,
            0.0
        ],
        [
            0.0,
            0.0,
            0.0,
            0.0,
            0.0,
            0.9367773400193379,
            0.0,
            0.0,
            0.0,
            0.0,
            0.0
        ],
        [
            0.0,
            0.0,
            0.0,
            0.0,
            0.0,
            0.0,
            0.950324088599449,
            0.0,
            0.0,
            0.0,
            0.0
        ],
        [
            0.0,
            0.0,
            0.0,
            0.0,
            0.0,
            0.9367773400193379,
            0.0,
            0.0,
            0.0,
            0.0,
            0.0
        ],
        [
            0.0,
            0.0,
            0.0,
            0.0,
            0.0,
            0.0,
            0.947773892470141,
            0.0,
            0.0,
            0.0,
            0.0
        ],
        [
            0.0,
            0.0,
            0.0,
            0.0,
            0.0,
            0.0,
            0.0,
            0.0,
            0.0,
            0.0,
            0.9333971717841177
        ],
        [
            0.0,
            0.0,
            0.0,
            0.0,
            0.0,
            0.932212281336302,
            0.0,
            0.0,
            0.0,
            0.0,
            0.0
        ],
        [
            0.0,
            0.0,
            0.0,
            0.0,
            0.0,
            0.0,
            0.0,
            0.0,
            0.0,
            0.0,
            0.9333971717841177
        ],
        [
            0.0,
            0.0,
            0.0,
            0.0,
            0.0,
            0.0,
            0.0,
            0.0,
            0.0,
            0.0,
            0.9333971717841177
        ],
        [
            0.0,
            0.0,
            0.0,
            0.0,
            0.0,
            0.0,
            0.947773892470141,
            0.0,
            0.0,
            0.0,
            0.0
        ],
        [
            0.6371383566333214,
            0.08920037538961713,
            0.0,
            0.03137641865025635,
            0.04056343534513038,
            0.0,
            0.0,
            0.24951944982641172,
            0.0,
            0.02502215640625596,
            0.0
        ],
        [
            0.0,
            0.0,
            0.0,
            0.0,
            0.0,
            0.0,
            0.0,
            0.0,
            0.0,
            0.0,
            0.9338377734588587
        ],
        [
            0.0,
            0.0,
            0.0,
            0.0,
            0.0,
            0.932212281336302,
            0.0,
            0.0,
            0.0,
            0.0,
            0.0
        ],
        [
            0.046322400646911226,
            0.18532166409097764,
            0.009015743373995815,
            0.21948891657142722,
            0.15614444212595763,
            0.0376495564038756,
            0.0638697831851461,
            0.01815246469472575,
            0.01815246469472573,
            0.09825629796875558,
            0.04067496718632991
        ],
        [
            0.05796659889184152,
            0.23195602067115742,
            0.011633013577114826,
            0.27528342725397614,
            0.18331166352951217,
            0.0,
            0.03129900039628332,
            0.022715503194190457,
            0.02271550319419043,
            0.1201866150402814,
            0.022974932003644772
        ],
        [
            0.0,
            0.0,
            0.0,
            0.0,
            0.0631712705273841,
            0.0,
            0.0,
            0.0,
            0.0,
            0.0,
            0.0
        ],
        [
            0.8053437798920652,
            0.09278474550688079,
            0.0,
            0.02242066598606175,
            0.011905396426112476,
            0.0,
            0.0,
            0.023674328078604076,
            0.0,
            0.01655529022444073,
            0.0
        ]
    ],
    "num_matches": 7,
    "num_GT_boxes": 11,
    "used_labels": [
        "airplane",
        "apple",
        "balloon",
        "banana",
        "basket",
        "bee",
        "bench",
        "bicycle",
        "bird",
        "bottle",
        "bucket",
        "bus",
        "butterfly",
        "car",
        "cat",
        "chair",
        "chicken",
        "cloud",
        "cow",
        "cup",
        "dinnerware",
        "dog",
        "duck",
        "fence",
        "flower",
        "grape",
        "grass",
        "horse",
        "house",
        "moon",
        "mountain",
        "people",
        "picnic rug",
        "pig",
        "rabbit",
        "road",
        "sheep",
        "sofa",
        "star",
        "street lamp",
        "sun",
        "table",
        "tree",
        "truck",
        "umbrella",
        "others"
    ]
}