{
    "bboxes": [
        [
            0.01276412582397461,
            0.45335758463541664,
            0.41207185872395835,
            0.8229930013020833
        ],
        [
            0.6531081136067708,
            0.5322005615234375,
            0.9176971842447916,
            0.7974227701822917
        ],
        [
            0.06592897033691406,
            0.17205861409505208,
            0.2648131103515625,
            0.316994384765625
        ],
        [
            0.4923424886067708,
            0.10545152791341146,
            0.731246337890625,
            0.2107822265625
        ],
        [
            0.3472068684895833,
            0.1722257283528646,
            0.59768896484375,
            0.731142578125
        ],
        [
            0.10492057291666666,
            0.8785946451822917,
            0.18421431477864583,
            0.9580032552083333
        ],
        [
            0.2789525756835938,
            0.3093319295247396,
            0.3672047119140625,
            0.40209480794270835
        ],
        [
            0.718555908203125,
            0.8384624837239584,
            0.86372412109375,
            0.971399169921875
        ],
        [
            0.7190271809895833,
            0.8386139322916667,
            0.8261390787760416,
            0.9690072428385417
        ]
    ],
    "labels": [
        "cloud",
        "road",
        "chicken",
        "chicken",
        "tree",
        "grape",
        "chicken",
        "grape",
        "grape"
    ],
    "scores": [
        0.993513822555542,
        0.9862046241760254,
        0.9804561138153076,
        0.9774552583694458,
        0.9722957611083984,
        0.9148074984550476,
        0.6949310898780823,
        0.6231138706207275,
        0.30789265036582947
    ]
}