{
    "bboxes": [
        [
            0.005240454991658529,
            0.013363956451416015,
            0.41018424479166665,
            0.16691073608398438
        ],
        [
            0.07968182373046875,
            0.6378631184895833,
            0.2384259033203125,
            0.7754302571614583
        ],
        [
            0.0006327032645543416,
            0.7554129231770833,
            0.9994808756510417,
            0.998051025390625
        ],
        [
            0.07499509175618489,
            0.27050791422526044,
            0.60645703125,
            0.7474917805989584
        ],
        [
            0.6276413981119792,
            0.29131119791666665,
            0.9855992838541666,
            0.7690513509114584
        ],
        [
            0.3415853271484375,
            0.5765001220703125,
            0.5189840494791667,
            0.7750953776041667
        ],
        [
            0.5849479166666667,
            0.6249816080729167,
            0.7262451171875,
            0.77640576171875
        ],
        [
            0.3415853271484375,
            0.5765001220703125,
            0.5189840494791667,
            0.7750953776041667
        ]
    ],
    "labels": [
        "fence",
        "house",
        "sun",
        "people",
        "cloud",
        "dog",
        "tree",
        "tree"
    ],
    "scores": [
        0.9846144318580627,
        0.8807411789894104,
        0.7899377346038818,
        0.6935661435127258,
        0.3535682260990143,
        0.31190142035484314,
        0.306682288646698,
        0.23174890875816345
    ]
}