{
    "matched_indices": [
        0,
        0,
        0,
        0,
        8,
        3,
        7,
        6,
        7,
        3,
        0,
        1,
        6,
        1,
        4,
        2,
        4,
        0,
        0,
        0,
        0,
        3,
        0,
        3
    ],
    "iou_matrix": [
        [
            0.0,
            0.9813380947169432,
            0.0,
            0.0,
            0.0061941691539397,
            0.12070099077642206,
            0.02257107898119924,
            0.043891624828097,
            0.0,
            0.014436135248183522,
            0.027717379676512298,
            0.00923912655883743,
            0.07030269593397537,
            0.02829482508643964,
            0.017138579766643423,
            0.024252707216948246,
            0.0444632965644051,
            0.04105636864583384,
            0.0,
            0.02209222185674599,
            0.0,
            0.0,
            0.016353254009142257,
            0.0
        ],
        [
            0.0,
            0.02712478246498359,
            0.0,
            0.0,
            0.0,
            0.0,
            0.057454743493994695,
            0.0063750727888597656,
            0.0,
            0.0,
            0.0,
            0.04499638883063622,
            0.0,
            0.9486127026917339,
            0.0,
            0.0,
            0.0,
            0.0,
            0.0,
            0.0,
            0.0,
            0.0,
            0.0,
            0.0
        ],
        [
            0.0,
            0.017912138715350266,
            0.0,
            0.0,
            0.0,
            0.0,
            0.0,
            0.0,
            0.0,
            0.0,
            0.0,
            0.0,
            0.026322940470205294,
            0.0,
            0.0,
            0.7105128778206146,
            0.0,
            0.0,
            0.0,
            0.0,
            0.0,
            0.0,
            0.0,
            0.0
        ],
        [
            0.0,
            0.11979741205750837,
            0.0,
            0.0,
            0.0532794808441486,
            0.9821992695899149,
            0.0,
            0.0,
            0.0,
            0.04982594056276132,
            0.0,
            0.0,
            0.0,
            0.0,
            0.0,
            0.0,
            0.0,
            0.0,
            0.0,
            0.0,
            0.0,
            0.022174557799061703,
            0.0,
            0.010562663496475985
        ],
        [
            0.0,
            0.017866772961296636,
            0.0,
            0.0,
            0.0,
            0.0,
            0.0,
            0.0,
            0.0,
            0.0,
            0.0,
            0.0,
            0.0629949223764902,
            0.0,
            0.854129917325754,
            0.0,
            0.11187691265540625,
            0.0,
            0.0,
            0.0,
            0.0,
            0.0,
            0.0,
            0.0
        ],
        [
            0.0,
            0.013662242495595753,
            0.0,
            0.0,
            0.0,
            0.0,
            0.0,
            0.0,
            0.0,
            0.0,
            0.0,
            0.0,
            0.04357194553881201,
            0.0,
            0.7891179569568465,
            0.0,
            0.07978725333930757,
            0.0,
            0.0,
            0.0,
            0.0,
            0.0,
            0.0,
            0.0
        ],
        [
            0.0,
            0.04055467491361142,
            0.0,
            0.0,
            0.0,
            0.0,
            0.02648242268980389,
            0.8428528664528834,
            0.0,
            0.0,
            0.0,
            0.010160609437460746,
            0.11430607419750374,
            0.0,
            0.0,
            0.0,
            0.0,
            0.0,
            0.0,
            0.0,
            0.0,
            0.0,
            0.0,
            0.0
        ],
        [
            0.0,
            0.02114723249510369,
            0.0,
            0.0,
            0.0,
            0.0,
            0.8106278466643989,
            0.043049098897383516,
            0.07244160959773108,
            0.0,
            0.0,
            0.026101672108657603,
            0.0,
            0.06737592219318432,
            0.0,
            0.0,
            0.0,
            0.0,
            0.0,
            0.0,
            0.0,
            0.0,
            0.0,
            0.0
        ],
        [
            0.0,
            0.0076532297002174995,
            0.0,
            0.0,
            0.9774939022333138,
            0.05281284324684209,
            0.0,
            0.0,
            0.0,
            0.0,
            0.0,
            0.0,
            0.052440433978543706,
            0.0,
            0.0,
            0.0,
            0.0,
            0.0,
            0.0,
            0.0,
            0.0,
            0.0,
            0.0,
            0.0
        ],
        [
            0.0,
            0.01745669677344596,
            0.0,
            0.0,
            0.0,
            0.0,
            0.018653149515860303,
            0.7351846674105755,
            0.0,
            0.0,
            0.0,
            0.0027252976298732193,
            0.08384380828349082,
            0.0,
            0.0,
            0.0,
            0.0,
            0.0,
            0.0,
            0.0,
            0.0,
            0.0,
            0.0,
            0.0
        ]
    ],
    "num_matches": 8,
    "num_GT_boxes": 24,
    "used_labels": [
        "cloud",
        "basket",
        "people",
        "apple",
        "grass",
        "banana",
        "picnic rug",
        "grape"
    ]
}