{
    "matched_indices": [
        5,
        5,
        5,
        1,
        3,
        4,
        0,
        2,
        5,
        5,
        5,
        5,
        5,
        5,
        5,
        5
    ],
    "iou_matrix": [
        [
            0.0,
            0.0,
            0.0,
            0.0,
            0.0,
            0.0,
            0.9515837663285032,
            0.0,
            0.0,
            0.0,
            0.0,
            0.0,
            0.0019688222133339927,
            0.0,
            0.0,
            0.0
        ],
        [
            0.0,
            0.0,
            0.0,
            0.9088106280105548,
            0.0,
            0.0,
            0.0,
            0.0,
            0.0,
            0.0,
            0.0,
            0.0,
            0.0,
            0.0,
            0.0,
            0.035144068524315036
        ],
        [
            0.0,
            0.005688079421310359,
            0.0,
            0.0,
            0.0,
            0.0,
            0.0,
            0.957885442045939,
            0.0,
            0.0,
            0.0,
            0.0,
            0.0,
            0.0,
            0.0,
            0.10564166516651637
        ],
        [
            0.0,
            0.0,
            0.0,
            0.0,
            0.9216178810665752,
            0.0,
            0.0,
            0.0,
            0.0,
            0.0,
            0.0,
            0.0,
            0.0,
            0.0,
            0.0,
            0.08327954609152198
        ],
        [
            0.0,
            0.0,
            0.0,
            0.0,
            0.0,
            0.9001837616315234,
            0.0,
            0.0,
            0.0,
            0.0005177531768467561,
            0.0,
            0.0,
            0.0,
            0.005708279247557462,
            0.0,
            0.09644899462388294
        ],
        [
            0.029881986226061304,
            0.0225060529170968,
            0.021139272782393102,
            0.01789104870578833,
            0.03993103731630795,
            0.10063089345553151,
            0.1050373458156319,
            0.050011284529457946,
            0.027569573615849333,
            0.014565187142226177,
            0.006364009072286574,
            0.0037123386255005146,
            0.0055217137538957125,
            0.0061541495356485345,
            0.0042582707763093985,
            0.49118283775735766
        ]
    ],
    "num_matches": 5,
    "num_GT_boxes": 16
}