{
    "bboxes": [
        [
            0.0656547597249349,
            0.6521012369791667,
            0.2387906697591146,
            0.796378173828125
        ],
        [
            0.6393722737630209,
            0.23848720296223958,
            0.998892333984375,
            0.615098388671875
        ],
        [
            0.039978279113769534,
            0.18571980794270834,
            0.3841546630859375,
            0.78017578125
        ],
        [
            0.7741471354166667,
            0.436971435546875,
            0.94437890625,
            0.7818623046875
        ],
        [
            0.4804838053385417,
            0.480975830078125,
            0.5911665445963542,
            0.6744402669270834
        ],
        [
            0.27871586100260415,
            0.6025858561197917,
            0.42714864095052085,
            0.8358041178385417
        ]
    ],
    "labels": [
        "dinnerware",
        "horse",
        "tree",
        "mountain",
        "mountain",
        "mountain"
    ],
    "scores": [
        0.974716067314148,
        0.9421867728233337,
        0.758743941783905,
        0.4925089180469513,
        0.41618606448173523,
        0.39458125829696655
    ]
}