{
    "bboxes": [
        [
            0.10642398071289062,
            0.5078154296875,
            0.14479954020182292,
            0.5430445556640625
        ],
        [
            0.8796109212239583,
            0.4934022216796875,
            0.9307757975260417,
            0.5300333251953125
        ],
        [
            0.1824951171875,
            0.09237985229492188,
            0.8060355631510416,
            0.532821533203125
        ],
        [
            0.018439619700113933,
            0.6384427490234375,
            0.19916202799479166,
            0.9813285319010416
        ],
        [
            0.03887994893391927,
            0.3843502197265625,
            0.14518758138020835,
            0.5045134684244792
        ],
        [
            0.24381154378255207,
            0.7073678385416666,
            0.33941522216796877,
            0.9690574544270834
        ],
        [
            0.6914300944010416,
            0.85116748046875,
            0.79424560546875,
            0.9445916341145834
        ],
        [
            0.00123499329884847,
            0.0004520304203033447,
            0.2783574422200521,
            0.11697718302408854
        ],
        [
            0.7715498860677084,
            0.732418701171875,
            0.9578824055989583,
            0.9315171712239584
        ],
        [
            0.41658426920572916,
            0.6522855224609375,
            0.6621615397135416,
            0.983365234375
        ],
        [
            0.41658426920572916,
            0.6522855224609375,
            0.6621615397135416,
            0.983365234375
        ],
        [
            0.02082687505086263,
            0.63537744140625,
            0.9576800944010416,
            0.980358154296875
        ],
        [
            0.7715498860677084,
            0.732418701171875,
            0.9578824055989583,
            0.9315171712239584
        ],
        [
            0.005114763577779134,
            0.089552001953125,
            0.807462646484375,
            0.536233642578125
        ]
    ],
    "labels": [
        "people",
        "people",
        "grass",
        "dog",
        "dog",
        "dog",
        "cloud",
        "road",
        "dog",
        "cloud",
        "dog",
        "dog",
        "cloud",
        "grass"
    ],
    "scores": [
        0.8633134365081787,
        0.8329044580459595,
        0.5604033470153809,
        0.46035444736480713,
        0.4414999186992645,
        0.41618573665618896,
        0.38603049516677856,
        0.35527026653289795,
        0.3527229428291321,
        0.3313376307487488,
        0.3241126835346222,
        0.291928768157959,
        0.27422794699668884,
        0.2107125073671341
    ]
}