{
    "bboxes": [
        [
            0.4792668050130208,
            0.131203857421875,
            0.6511419270833333,
            0.2754713134765625
        ],
        [
            0.13290580240885416,
            0.13179971313476563,
            0.30370489501953124,
            0.27577840169270834
        ],
        [
            0.00031188501914342244,
            0.14553554280598957,
            0.11793657430013021,
            0.27499298095703123
        ],
        [
            0.66562060546875,
            0.11912734985351563,
            0.8241586100260416,
            0.27676999918619793
        ],
        [
            0.292437744140625,
            0.03930967966715495,
            0.4915927734375,
            0.2903904215494792
        ],
        [
            0.8406359049479166,
            0.06541618347167968,
            0.99878466796875,
            0.8102454427083333
        ],
        [
            0.07935022989908855,
            0.744735107421875,
            0.2380140380859375,
            0.9302249348958334
        ],
        [
            0.2530594278971354,
            0.33191473388671877,
            0.41129345703125,
            0.47733211263020836
        ],
        [
            0.6656515299479167,
            0.3319410196940104,
            0.8238534342447916,
            0.4635432535807292
        ],
        [
            0.6792821858723959,
            0.49216487630208333,
            0.8371943359375,
            0.623532470703125
        ],
        [
            0.09305178833007813,
            0.5188221028645833,
            0.2383352254231771,
            0.6505901692708334
        ],
        [
            0.3869168701171875,
            0.43981437174479165,
            0.5850447184244791,
            0.8539296061197916
        ]
    ],
    "labels": [
        "others",
        "others",
        "others",
        "others",
        "others",
        "others",
        "grass",
        "grass",
        "grass",
        "grass",
        "grass",
        "grass"
    ],
    "scores": [
        0.8346551656723022,
        0.8170952796936035,
        0.8117046356201172,
        0.8058359026908875,
        0.7732499241828918,
        0.7442719340324402,
        0.7331807613372803,
        0.7237664461135864,
        0.6951777338981628,
        0.6687707304954529,
        0.6553571224212646,
        0.6406850218772888
    ]
}