{
    "matched_indices": [
        3,
        4,
        4,
        0,
        1,
        5,
        0,
        2,
        3,
        5,
        2,
        5
    ],
    "iou_matrix": [
        [
            0.0,
            0.0,
            0.0,
            0.04498126780899877,
            0.0050368608783275355,
            0.0,
            0.9039143516761774,
            0.0,
            0.0,
            0.0,
            0.0,
            0.15385910580990503
        ],
        [
            0.0,
            0.0,
            0.0,
            0.0,
            0.9114491543240951,
            0.0032706767022973996,
            0.00650391214664592,
            0.0,
            0.0,
            0.0,
            0.0,
            0.043176903645461555
        ],
        [
            0.0,
            0.07730833271809456,
            0.0,
            0.0,
            0.0,
            0.0,
            0.0,
            0.023906101965588615,
            0.0,
            0.0,
            0.932938662377037,
            0.2648950486411149
        ],
        [
            0.7988804298648238,
            0.13065645772022016,
            0.0,
            0.0,
            0.0,
            0.0,
            0.0,
            0.0,
            0.04795937387043141,
            0.0,
            0.0,
            0.0
        ],
        [
            0.11153446227015783,
            0.9007976575387373,
            0.11085657868608662,
            0.0,
            0.0,
            0.0,
            0.00017079515094029784,
            0.0,
            0.0,
            0.0,
            0.10753952280493131,
            0.126609032920275
        ],
        [
            0.15040624505241856,
            0.21540628791528527,
            0.026439473039943477,
            0.010715181115325436,
            0.02208811448616831,
            0.014994521195201239,
            0.07805939659411881,
            0.017331807166813387,
            0.014416176054639183,
            0.017677854293763354,
            0.2699348443830708,
            0.5612737145031941
        ]
    ],
    "num_matches": 5,
    "num_GT_boxes": 12
}