{
    "bboxes": [
        [
            0.12048414103190104,
            0.22762443033854166,
            0.33015679931640624,
            0.3549395345052083
        ],
        [
            0.6394605305989584,
            0.06794410196940104,
            0.8619720865885416,
            0.18148588053385417
        ],
        [
            0.4257164713541667,
            0.10453978474934895,
            0.6252620442708333,
            0.21062784830729167
        ],
        [
            0.3468285319010417,
            0.06506874593098959,
            0.5023031005859375,
            0.1291007080078125
        ],
        [
            0.07962673950195312,
            0.06493218485514322,
            0.27817205810546874,
            0.19757480875651043
        ],
        [
            0.6946519368489583,
            0.2926760050455729,
            0.8503349609375,
            0.34415104166666666
        ],
        [
            0.21514839680989584,
            0.8049388834635417,
            0.4483441162109375,
            0.9874520670572917
        ]
    ],
    "labels": [
        "cloud",
        "cloud",
        "cloud",
        "cloud",
        "cloud",
        "cloud",
        "grass"
    ],
    "scores": [
        0.9870309233665466,
        0.9868532419204712,
        0.9598328471183777,
        0.9572039246559143,
        0.9571603536605835,
        0.6173609495162964,
        0.3452473282814026
    ]
}