{
    "matched_indices": [
        5,
        15,
        21,
        23,
        20,
        3,
        12,
        6,
        16,
        7,
        14,
        11,
        0,
        1,
        24
    ],
    "iou_matrix": [
        [
            0.0,
            0.0,
            0.0,
            0.0,
            0.0,
            0.04539894937523537,
            0.0,
            0.0,
            0.0,
            0.0,
            0.0,
            0.0,
            0.9638335175706967,
            0.0,
            0.03867513642604608
        ],
        [
            0.0,
            0.0,
            0.0,
            0.0,
            0.0,
            0.0,
            0.0,
            0.0,
            0.0,
            0.0,
            0.0,
            0.0,
            0.0,
            0.9717973257753278,
            0.02670289921625047
        ],
        [
            0.0,
            0.0,
            0.0,
            0.0,
            0.0,
            0.0,
            0.0,
            0.9881852864156059,
            0.0,
            0.0,
            0.07173108877517895,
            0.003478264245327293,
            0.0,
            0.0,
            0.1542181059406573
        ],
        [
            0.12879819634190087,
            0.0,
            0.0,
            0.0,
            0.0,
            0.9848085489235786,
            0.0,
            0.0,
            0.04406613229314025,
            0.0,
            0.0,
            0.011027965859285808,
            0.045033054623693405,
            0.0,
            0.19893144594178472
        ],
        [
            0.0,
            0.012008430223519113,
            0.5524469340164033,
            0.0,
            0.42933842315506726,
            0.0,
            0.0,
            0.0,
            0.0,
            0.0,
            0.0,
            0.0,
            0.0,
            0.0,
            0.0
        ],
        [
            0.8853467046966061,
            0.0,
            0.0,
            0.0,
            0.0,
            0.12131700025796864,
            0.0,
            0.0,
            0.020979032837889884,
            0.0,
            0.0,
            0.0,
            0.0,
            0.0,
            0.032121370890660195
        ],
        [
            0.0,
            0.0,
            0.0,
            0.0,
            0.0,
            0.0,
            0.0,
            0.989353640733119,
            0.0,
            0.0,
            0.07141479774161362,
            0.0031598265677478385,
            0.0,
            0.0,
            0.15410159156133138
        ],
        [
            0.0,
            0.0,
            0.0,
            0.31951993988436495,
            0.0,
            0.0,
            0.21263673224815902,
            0.0,
            0.0,
            0.9738778098889069,
            0.0,
            0.0,
            0.0,
            0.0,
            0.10870177672712368
        ],
        [
            0.0,
            0.0,
            0.0,
            0.0,
            0.0,
            0.005785198626676315,
            0.0,
            0.07269050144152114,
            0.0,
            0.0,
            0.3763601543063523,
            0.5753629195446434,
            0.0,
            0.0,
            0.01972065557387622
        ],
        [
            0.12872532333783052,
            0.0,
            0.0,
            0.0,
            0.0,
            0.9801246616920017,
            0.0,
            0.0,
            0.045014254767121856,
            0.0,
            0.0,
            0.011160827314620661,
            0.045399192056055096,
            0.0,
            0.19972304560535717
        ],
        [
            0.048526475273684234,
            0.28459298393816734,
            0.0,
            0.0,
            0.0,
            0.04070372203468029,
            0.0,
            0.0,
            0.8773478384616246,
            0.0,
            0.0,
            0.0,
            0.0,
            0.0,
            0.12322157248264036
        ],
        [
            0.0,
            0.0,
            0.0,
            0.0,
            0.0,
            0.005961722359625491,
            0.0,
            0.004447380282523618,
            0.0,
            0.0,
            0.10172378273743933,
            0.886326467055334,
            0.0,
            0.0,
            0.012451112773828115
        ],
        [
            0.0,
            0.0,
            0.0,
            0.024615996700900186,
            0.0,
            0.0,
            0.9138883380167286,
            0.0,
            0.0,
            0.17061946527869618,
            0.0,
            0.0,
            0.0,
            0.0,
            0.07825962974322187
        ],
        [
            0.0,
            0.0,
            0.0,
            0.31989213855085274,
            0.0,
            0.0,
            0.21228816730775119,
            0.0,
            0.0,
            0.9732386235125912,
            0.0,
            0.0,
            0.0,
            0.0,
            0.10879037215394274
        ],
        [
            0.0,
            0.0,
            0.0,
            0.0,
            0.0,
            0.0,
            0.0,
            0.07190918537487466,
            0.0,
            0.0,
            0.9231422226139173,
            0.10417914050830289,
            0.0,
            0.0,
            0.006806305842412808
        ],
        [
            0.0,
            0.7576205339106389,
            0.006907886150960912,
            0.0,
            0.0,
            0.0,
            0.0,
            0.0,
            0.20501508147833347,
            0.0,
            0.0,
            0.0,
            0.0,
            0.0,
            0.1374209243011546
        ],
        [
            0.05026305490440871,
            0.2855892120082313,
            0.0,
            0.0,
            0.0,
            0.04267374042555177,
            0.0,
            0.0,
            0.8863214072162505,
            0.0,
            0.0,
            0.0,
            0.0,
            0.0,
            0.1244350175635604
        ],
        [
            0.046682649147957736,
            0.08084666879159165,
            0.0,
            0.05287596772969977,
            0.0,
            0.19505187438725055,
            0.07846053054016006,
            0.14756796733027397,
            0.1178378326925955,
            0.0957223022104086,
            0.016818999454022918,
            0.026807215945629508,
            0.053832741477538505,
            0.046378977272956236,
            0.6378999344281236
        ],
        [
            0.0,
            0.0,
            0.0,
            0.2414866413457634,
            0.0,
            0.0,
            0.510070021803319,
            0.0,
            0.0,
            0.6325496833596903,
            0.0,
            0.0,
            0.0,
            0.0,
            0.16012323586048383
        ],
        [
            0.0,
            0.0,
            0.0,
            0.020095012963326282,
            0.0,
            0.0,
            0.9009525243734751,
            0.0,
            0.0,
            0.16306857936401267,
            0.0,
            0.0,
            0.0,
            0.0,
            0.07704063428598013
        ],
        [
            0.0,
            0.0,
            0.03636836074616069,
            0.0,
            0.9752146377906215,
            0.0,
            0.0,
            0.0,
            0.0,
            0.0,
            0.0,
            0.0,
            0.0,
            0.0,
            0.0
        ],
        [
            0.0,
            0.014626344164821139,
            0.9818914019410906,
            0.0,
            0.03402365304127556,
            0.0,
            0.0,
            0.0,
            0.0,
            0.0,
            0.0,
            0.0,
            0.0,
            0.0,
            0.0
        ],
        [
            0.0,
            0.0,
            0.0,
            0.24183912535708324,
            0.0,
            0.0,
            0.5109644190349727,
