{
    "bboxes": [
        [
            0.6890774739583333,
            0.57159814453125,
            0.891527587890625,
            0.7766829427083334
        ],
        [
            0.43855342610677084,
            0.1326355895996094,
            0.9992142740885417,
            0.622466552734375
        ],
        [
            0.0,
            0.7575816243489584,
            0.9994694010416667,
            0.99894384765625
        ],
        [
            0.0009732991059621175,
            0.43915266927083335,
            0.31814483642578123,
            0.6584482828776042
        ],
        [
            0.0013340115547180176,
            0.4391778157552083,
            0.3178611857096354,
            0.7147984212239583
        ],
        [
            0.3680767008463542,
            0.5075211181640625,
            0.5362136637369792,
            0.7785271809895833
        ]
    ],
    "labels": [
        "dinnerware",
        "horse",
        "duck",
        "bee",
        "bee",
        "mountain"
    ],
    "scores": [
        0.9397038221359253,
        0.9332293272018433,
        0.6001244783401489,
        0.43201151490211487,
        0.3625023663043976,
        0.2728201150894165
    ]
}