{
    "matched_indices": [
        1,
        0,
        0,
        2,
        0,
        4,
        0,
        3
    ],
    "iou_matrix": [
        [
            0.011394566224468144,
            0.0,
            0.08222022418799925,
            0.0,
            0.9808376973943048,
            0.0,
            0.0,
            0.00966549593297187
        ],
        [
            0.986452003766968,
            0.0,
            0.0,
            0.07460714395150005,
            0.011139043144277383,
            0.12415145260172802,
            0.0,
            0.005303976060444442
        ],
        [
            0.07630777359904965,
            0.0,
            0.0,
            0.983478564227718,
            0.0,
            0.0,
            0.0,
            0.010903228028862304
        ],
        [
            0.015045897627655474,
            0.0,
            0.017006190325820635,
            0.014890317825391302,
            0.013268134973565597,
            0.01574210031953764,
            0.0,
            0.9686174490758896
        ],
        [
            0.12284571187483456,
            0.0,
            0.0,
            0.0,
            0.0,
            0.9764267396020702,
            0.0,
            0.010998893932910292
        ]
    ],
    "num_matches": 5,
    "num_GT_boxes": 8,
    "used_labels": [
        "airplane",
        "apple",
        "balloon",
        "banana",
        "basket",
        "bee",
        "bench",
        "bicycle",
        "bird",
        "bottle",
        "bucket",
        "bus",
        "butterfly",
        "car",
        "cat",
        "chair",
        "chicken",
        "cloud",
        "cow",
        "cup",
        "dinnerware",
        "dog",
        "duck",
        "fence",
        "flower",
        "grape",
        "grass",
        "horse",
        "house",
        "moon",
        "mountain",
        "people",
        "picnic rug",
        "pig",
        "rabbit",
        "road",
        "sheep",
        "sofa",
        "star",
        "street lamp",
        "sun",
        "table",
        "tree",
        "truck",
        "umbrella",
        "others"
    ]
}