{
    "bboxes": [
        [
            0.5052265218098958,
            0.15875479125976563,
            0.7177035319010416,
            0.2908982137044271
        ],
        [
            0.3071104939778646,
            0.4656809895833333,
            0.5522782796223958,
            0.68401123046875
        ],
        [
            0.78080810546875,
            0.12986039225260418,
            0.9995386555989584,
            0.28657828776041666
        ],
        [
            0.57364794921875,
            0.518885498046875,
            0.744358154296875,
            0.6769311930338542
        ],
        [
            0.8260369466145834,
            0.5725681559244792,
            0.9841344401041666,
            0.690781494140625
        ],
        [
            0.41202396647135414,
            0.905639892578125,
            0.50480322265625,
            0.9846988118489584
        ],
        [
            0.0005267411073048909,
            0.08570760091145833,
            0.31836173502604165,
            0.9282981770833333
        ],
        [
            0.256621826171875,
            0.9253008626302084,
            0.3584739990234375,
            0.985167236328125
        ],
        [
            0.13195712280273436,
            0.5228844401041667,
            0.244877197265625,
            0.9667210286458333
        ],
        [
            0.007990002314249674,
            0.8277587076822917,
            0.9811202799479166,
            0.9055625
        ],
        [
            0.08019802856445313,
            0.5227080078125,
            0.2451818644205729,
            0.9695433756510417
        ],
        [
            0.25718109130859373,
            0.49311971028645835,
            0.34219677734375,
            0.9837230631510416
        ],
        [
            0.007330178578694661,
            0.8271683756510416,
            0.9815555013020834,
            0.9079697265625
        ]
    ],
    "labels": [
        "chicken",
        "bicycle",
        "chicken",
        "bicycle",
        "bicycle",
        "grape",
        "tree",
        "grape",
        "mountain",
        "rabbit",
        "mountain",
        "others",
        "others"
    ],
    "scores": [
        0.9905019998550415,
        0.9886753559112549,
        0.9881654977798462,
        0.983679473400116,
        0.9549567103385925,
        0.926899790763855,
        0.9004223942756653,
        0.5889531970024109,
        0.500166654586792,
        0.48671194911003113,
        0.2933658957481384,
        0.2368311882019043,
        0.2194846123456955
    ]
}