{
    "bboxes": [
        [
            0.819261372089386,
            0.6492877006530762,
            0.9770004749298096,
            0.9577305316925049
        ],
        [
            0.01496279239654541,
            0.6308278441429138,
            0.7831247448921204,
            0.9545543789863586
        ],
        [
            0.01496279239654541,
            0.6308278441429138,
            0.7831247448921204,
            0.9545543789863586
        ],
        [
            0.6223499178886414,
            0.024501025676727295,
            0.9762618541717529,
            0.5883018970489502
        ],
        [
            0.5570623278617859,
            0.21940508484840393,
            0.6005931496620178,
            0.57984459400177
        ],
        [
            0.6216626167297363,
            0.024186670780181885,
            0.9767991900444031,
            0.5915113091468811
        ],
        [
            0.00881388783454895,
            0.015887469053268433,
            0.9867392182350159,
            0.9724116325378418
        ],
        [
            0.6215503215789795,
            0.024585338309407234,
            0.9767946004867554,
            0.5901573896408081
        ],
        [
            0.8190801739692688,
            0.6491326689720154,
            0.9772900342941284,
            0.9578970074653625
        ],
        [
            0.007759004831314087,
            0.011082500219345093,
            0.9882148504257202,
            0.9748781323432922
        ],
        [
            0.6216349601745605,
            0.024053871631622314,
            0.9770878553390503,
            0.5897848606109619
        ],
        [
            0.5568151473999023,
            0.21937444806098938,
            0.6007071733474731,
            0.5801301002502441
        ],
        [
            0.5567472577095032,
            0.2194414585828781,
            0.60073322057724,
            0.5801035165786743
        ]
    ],
    "labels": [
        " notepad",
        " office supply",
        "computer",
        " mouse",
        " illustration",
        " key",
        " illustration",
        " mouse",
        " drawing",
        " notebook",
        " key",
        " drawing",
        " illustration"
    ],
    "scores": [
        0.7503079771995544,
        0.734195351600647,
        0.734195351600647,
        0.5141054391860962,
        0.42183732986450195,
        0.3788589537143707,
        0.35517141222953796,
        0.347511351108551,
        0.2635098397731781,
        0.2628805339336395,
        0.2220245897769928,
        0.2102958709001541,
        0.20162369310855865
    ],
    "model_info": {
        "model_config": "/mnt/sda/miatang/projects/stroke-label/extern/mmdetection/ours_weights/base_cat_full_ft_allclass_val/intersect_full_ft_all_class_val.py",
        "weights": "/mnt/sda/miatang/projects/stroke-label/extern/mmdetection/groundingdino_swint_ogc_mmdet-822d7e9d.pth",
        "device": "cuda:0",
        "score_threshold": 0.2
    }
}