{
    "matched_indices": [
        17,
        3,
        0,
        1,
        11,
        5,
        9,
        12,
        6,
        4,
        8,
        10,
        7,
        2,
        13
    ],
    "iou_matrix": [
        [
            0.0,
            0.22378778279691036,
            0.9779499666647667,
            0.0,
            0.0,
            0.0,
            0.0,
            0.0,
            0.0,
            0.0,
            0.0,
            0.0,
            0.0,
            0.0,
            0.0
        ],
        [
            0.0,
            0.0,
            0.0,
            0.9786656780955666,
            0.0,
            0.0,
            0.0,
            0.0,
            0.0,
            0.0,
            0.0,
            0.0,
            0.0,
            0.0,
            0.0
        ],
        [
            0.025049165303743105,
            0.0,
            0.0,
            0.0,
            0.0,
            0.0,
            0.0,
            0.0,
            0.0,
            0.0,
            0.0,
            0.0,
            0.0,
            0.990884600954907,
            0.0
        ],
        [
            0.0,
            0.9712925189359679,
            0.2264890321734672,
            0.0,
            0.0,
            0.0,
            0.0,
            0.0,
            0.0,
            0.0,
            0.0,
            0.0,
            0.0,
            0.0,
            0.0
        ],
        [
            0.0,
            0.0,
            0.0,
            0.0,
            0.0,
            0.0,
            0.0,
            0.0,
            0.15672117353386394,
            0.9687539924078028,
            0.0,
            0.0,
            0.0,
            0.0,
            0.0
        ],
        [
            0.0,
            0.0,
            0.0,
            0.0,
            0.2246441367586785,
            0.9459120897965448,
            0.0,
            0.0,
            0.0,
            0.0,
            0.16732966014561113,
            0.0,
            0.0,
            0.0,
            0.0
        ],
        [
            0.0,
            0.0,
            0.0,
            0.0,
            0.0,
            0.0,
            0.11212655317034971,
            0.0,
            0.9239865801369053,
            0.16769974831695683,
            0.0,
            0.0,
            0.08819837431458574,
            0.0,
            0.0
        ],
        [
            0.0003090026437723689,
            0.0,
            0.0,
            0.0,
            0.0,
            0.0,
            0.03210325619201714,
            0.0,
            0.08743806394504523,
            0.0,
            0.0,
            0.05180253877265954,
            0.9704218711114178,
            0.0,
            0.015119570351084511
        ],
        [
            0.0,
            0.0,
            0.0,
            0.0,
            0.0005897519060217507,
            0.15695192556231594,
            0.0,
            0.027826334373388273,
            0.0,
            0.0,
            0.9793102108435972,
            0.0,
            0.0,
            0.0,
            0.03451436810554797
        ],
        [
            0.054918040465512935,
            0.0,
            0.0,
            0.0,
            0.0,
            0.0,
            0.9614102922971322,
            0.0,
            0.11681509935585699,
            0.0,
            0.0,
            0.0,
            0.027464195203396415,
            0.0,
            0.0036971680346080094
        ],
        [
            0.0,
            0.0,
            0.0,
            0.0,
            0.0,
            0.0,
            0.0,
            0.0,
            0.0,
            0.0,
            0.0,
            0.983160285855489,
            0.05405113319489808,
            0.0,
            0.10246571414327674
        ],
        [
            0.0106554915323378,
            0.0,
            0.0,
            0.0,
            0.8798040594634746,
            0.1799285954977566,
            0.0,
            0.0,
            0.0,
            0.0,
            0.0,
            0.0,
            0.0,
            0.0,
            0.0009138873854026796
        ],
        [
            0.0,
            0.0,
            0.0,
            0.0,
            0.0,
            0.0,
            0.0,
            0.9825926840418981,
            0.0,
            0.0,
            0.02883883323625481,
            0.0,
            0.0,
            0.0,
            0.11068919816756197
        ],
        [
            0.003061723111063357,
            0.0,
            0.0,
            0.0,
            0.0,
            0.0,
            0.0030048316550322198,
            0.09723494175272399,
            0.0,
            0.0,
            0.0,
            0.1087809203389437,
            0.01384072077718371,
            0.0,
            0.9061170122412733
        ],
        [
            0.8560443319616947,
            0.0,
            0.0,
            0.0,
            0.011881193325903221,
            0.0,
            0.06547047148098604,
            0.023815990824860325,
            0.0,
            0.0,
            0.0,
            0.0,
            0.004498239161084591,
            0.02431098255970032,
            0.06403983993388246
        ],
        [
            0.01075118743635981,
            0.0,
            0.0,
            0.0,
            0.0,
            0.0,
            0.00810480246267837,
            0.08839593573241326,
            0.0,
            0.0,
            0.0,
            0.15158174428913906,
            0.051703430631050644,
            0.0,
            0.8508325876022397
        ],
        [
            0.7800815785435048,
            0.0,
            0.0,
            0.0,
            0.01058908888188111,
            0.0,
            0.17234412986796058,
            0.013919776328471236,
            0.015458948668665286,
            0.0,
            0.0,
            0.0,
            0.015016212489013223,
            0.02210431433703897,
            0.048108444834238207
        ],
        [
            0.9855882979669354,
            0.0,
            0.0,
            0.0,
            0.01042729068544669,
            0.0,
            0.06356724787105024,
            0.0,
            0.0,
            0.0,
            0.0,
            0.0,
            0.000497659204819107,
            0.026053626547030823,
            0.012897581907030456
        ],
        [
            0.0,
            0.0,
            0.0,
            0.0,
            0.0,
            0.0,
            0.0,
            0.9787840509642657,
            0.0,
            0.0,
            0.028540150174701073,
            0.0,
            0.0,
            0.0,
            0.11018293086942066
        ],
        [
            0.01085198872536226,
            0.0,
            0.0,
            0.0,
            0.8563562237857368,
            0.24235357150020934,
            0.0,
            0.0004245581672626844,
            0.0,
            0.0,
            0.07931472514901061,
            0.0,
            0.0,
            0.0,
            0.003150790321846547
        ],
        [
            0.7729892879182102,
            0.0,
            0.0,
            0.0,
            0.009783753967377547,
            0.0,
            0.12783219554353983,
            0.026731471914613354,
            0.0,
            0.0,
            0.0,
            0.0,
            0.015855172039917768,
            0.021809825956519032,
            0.07019663774236795
        ],
        [
            0.0,
            0.0,
            0.0,
            0.0,
            0.0,
            0.0,
            0.0,
            0.0794294808806463,
            0.0,
            0.0,
            0.0,
            0.11648799158940308,
            0.006264712848241394,
            0.0,
            0.7734252289800754
        ]
    ],
    "num_matches": 15,
    "num_GT_boxes": 15,