{
    "matched_indices": [
        2,
        5,
        6,
        3,
        0,
        4,
        9,
        8,
        1,
        13,
        13
    ],
    "iou_matrix": [
        [
            0.01314435214633496,
            0.0,
            0.02655651522117905,
            0.0,
            0.9842041675719636,
            0.0,
            0.04552560935737475,
            0.0,
            0.0,
            0.2562760241349218,
            0.00164232232838281
        ],
        [
            0.0,
            0.0,
            0.0,
            0.0,
            0.0,
            0.0,
            0.0,
            0.0,
            0.9873892390443334,
            0.06929294937581228,
            0.0
        ],
        [
            0.9393403927065285,
            0.0,
            0.0,
            0.0,
            0.01310768075684052,
            0.0,
            0.0,
            0.0,
            0.0,
            0.0,
            0.0
        ],
        [
            0.0,
            0.0,
            0.0,
            0.9796503799077366,
            0.0,
            0.0,
            0.0,
            0.0,
            0.0,
            0.0,
            0.0
        ],
        [
            0.0,
            0.0,
            0.0,
            0.0,
            0.0,
            0.977446431539315,
            0.0,
            0.0,
            0.0,
            0.0,
            0.0
        ],
        [
            0.0,
            0.9463101458080356,
            0.0,
            0.0,
            0.0,
            0.0,
            0.0,
            0.0,
            0.0,
            0.0,
            0.0
        ],
        [
            0.0,
            0.0,
            0.9439467732311253,
            0.0,
            0.02756591697454879,
            0.0,
            0.0,
            0.0,
            0.0,
            0.0,
            0.0
        ],
        [
            0.029526705211034888,
            0.017271461635305768,
            0.01612462457867554,
            0.02205389710206926,
            0.2850602898151763,
            0.025648755331787888,
            0.013122980093793294,
            0.01128690619935205,
            0.08229931154932527,
            0.34162364457740785,
            0.0062516419057931875
        ],
        [
            0.0,
            0.0,
            0.0,
            0.0,
            0.0,
            0.0,
            0.0,
            0.9439031396543127,
            0.0,
            0.03520098953902035,
            0.0
        ],
        [
            0.0,
            0.0,
            0.0,
            0.0,
            0.044888361898141334,
            0.0,
            0.9177928971416669,
            0.0,
            0.0,
            0.037278258149979315,
            0.0
        ],
        [
            0.0,
            0.0,
            0.0,
            0.0,
            0.0,
            0.0,
            0.0,
            0.0,
            0.9829359245473134,
            0.06968438020545129,
            0.0
        ],
        [
            0.01356646250846059,
            0.0,
            0.027034641349110048,
            0.0,
            0.975482859723512,
            0.0,
            0.04515555427179793,
            0.0,
            0.0,
            0.25723375464825404,
            0.0023068328609996084
        ],
        [
            0.01826975640745669,
            0.0,
            0.037702173585278456,
            0.0,
            0.6610871155974434,
            0.0,
            0.0,
            0.0,
            0.0,
            0.0654920229374972,
            0.00040542612127729075
        ],
        [
            0.031613979943660574,
            0.01842234114050849,
            0.017040506154084818,
            0.023612910945573627,
            0.305211510073365,
            0.027170773719742546,
            0.014050657752738045,
            0.012024012638647339,
            0.08704506008551745,
            0.36543211237346046,
            0.006693577234984923
        ]
    ],
    "num_matches": 9,
    "num_matches_with_correct_class": 0,
    "num_GT_boxes": 11,
    "used_labels": [
        "others",
        "car",
        "tree",
        "sun",
        "road",
        "cloud",
        "grass"
    ],
    "map_score": 0.02857142873108387
}