{
    "bboxes": [
        [
            0.49373295084635416,
            0.5325486653645833,
            0.9159315592447916,
            0.9301002604166667
        ],
        [
            0.0011237262884775797,
            0.5936200764973958,
            0.9990834147135417,
            0.8409473470052083
        ],
        [
            0.34552547200520833,
            0.06444390360514322,
            0.5055311686197916,
            0.1597428487141927
        ],
        [
            0.6537913004557292,
            0.09224884033203125,
            0.9159181315104167,
            0.3396685994466146
        ],
        [
            0.025861857096354166,
            0.22482088216145835,
            0.43505122884114583,
            0.6288774820963542
        ],
        [
            0.678509033203125,
            0.2130105997721354,
            0.9991420084635416,
            0.5802969156901042
        ]
    ],
    "labels": [
        "sun",
        "grass",
        "cow",
        "tree",
        "fence",
        "fence"
    ],
    "scores": [
        0.9306900501251221,
        0.8584378957748413,
        0.8218989372253418,
        0.33119046688079834,
        0.33039364218711853,
        0.20075364410877228
    ]
}