{
    "bboxes": [
        [
            0.13312582397460937,
            0.18142390950520834,
            0.39769563802083335,
            0.4503624267578125
        ],
        [
            0.10612704467773437,
            0.28825081380208334,
            0.23678853352864584,
            0.5304122314453125
        ],
        [
            0.799042724609375,
            0.5860150553385417,
            0.931292236328125,
            0.8110770670572917
        ],
        [
            0.81550244140625,
            0.25230019124348957,
            0.9995730794270833,
            0.5170174560546875
        ],
        [
            0.2872073771158854,
            0.6387159016927083,
            0.6778609212239584,
            0.9045225423177083
        ],
        [
            0.2932349853515625,
            0.06542311096191407,
            0.5578378092447916,
            0.33149263509114585
        ],
        [
            0.3252921549479167,
            0.33238004557291667,
            0.45192268880208336,
            0.46304134114583334
        ],
        [
            0.6923434244791666,
            0.23888419596354166,
            0.8816507161458333,
            0.3920779215494792
        ],
        [
            0.03953411865234375,
            0.513177978515625,
            0.704872802734375,
            0.989510009765625
        ],
        [
            0.692532958984375,
            0.2388165486653646,
            0.95670947265625,
            0.508185546875
        ],
        [
            0.8144942220052084,
            0.2676121826171875,
            0.9565997721354167,
            0.5086519368489584
        ],
        [
            0.02532403818766276,
            0.5848814290364583,
            0.24961051432291667,
            0.7089091796875
        ],
        [
            0.03953411865234375,
            0.513177978515625,
            0.704872802734375,
            0.989510009765625
        ],
        [
            0.4776146647135417,
            0.44063191731770834,
            0.581072021484375,
            0.622450927734375
        ]
    ],
    "labels": [
        "sheep",
        "sheep",
        "sheep",
        "sheep",
        "sun",
        "sheep",
        "sheep",
        "sheep",
        "car",
        "sheep",
        "sheep",
        "people",
        "road",
        "sheep"
    ],
    "scores": [
        0.9869922399520874,
        0.9856869578361511,
        0.9784837961196899,
        0.9485957622528076,
        0.7446160912513733,
        0.5783862471580505,
        0.5424931049346924,
        0.5158503651618958,
        0.35390061140060425,
        0.3261885344982147,
        0.30451732873916626,
        0.27674636244773865,
        0.23807130753993988,
        0.20651671290397644
    ]
}