{
    "bboxes": [
        [
            0.504646728515625,
            0.47647509765625,
            0.879684814453125,
            0.9053582356770833
        ],
        [
            0.11919743855794271,
            0.3577546793619792,
            0.3597053629557292,
            0.47962548828125
        ],
        [
            0.2709527994791667,
            0.4249500732421875,
            0.34797542317708335,
            0.491471435546875
        ],
        [
            0.08146607971191407,
            0.08124207051595052,
            0.6488203938802083,
            0.3023370564778646
        ],
        [
            0.6677015380859375,
            0.10712391153971354,
            0.983287353515625,
            0.31509320068359375
        ],
        [
            0.0015173554420471191,
            0.0031767485936482747,
            0.996754150390625,
            0.992260498046875
        ],
        [
            0.26471315511067706,
            0.8792784830729167,
            0.39890775553385416,
            0.9954344075520833
        ],
        [
            0.0008471309343973795,
            0.4855527750651042,
            0.56550439453125,
            0.8206197102864583
        ],
        [
            0.0015848873456319173,
            0.4832803955078125,
            0.9885596516927083,
            0.8230802408854166
        ],
        [
            0.6677015380859375,
            0.10712391153971354,
            0.983287353515625,
            0.31509320068359375
        ],
        [
            0.06471715799967448,
            0.8782552897135417,
            0.1847041015625,
            0.9834160970052084
        ],
        [
            0.6676673583984375,
            0.10721617635091146,
            0.9835579427083333,
            0.3149168294270833
        ],
        [
            0.6676632486979167,
            0.10687334187825522,
            0.983257080078125,
            0.3153956502278646
        ]
    ],
    "labels": [
        "grass",
        "chair",
        "basket",
        "umbrella",
        "basket",
        "umbrella",
        "others",
        "umbrella",
        "umbrella",
        "umbrella",
        "others",
        "umbrella",
        "cloud"
    ],
    "scores": [
        0.7087994813919067,
        0.5488448739051819,
        0.49536779522895813,
        0.406191885471344,
        0.3155288100242615,
        0.26821011304855347,
        0.25928816199302673,
        0.24331173300743103,
        0.24318459630012512,
        0.24039922654628754,
        0.2334434688091278,
        0.2297901213169098,
        0.2185867577791214
    ],
    "model_info": {
        "model_config": "/mnt/sda/miatang/projects/stroke-label/extern/mmdetection/ours_weights/base_cat_full_ft_allclass_val/intersect_full_ft_all_class_val.py",
        "weights": "/mnt/sda/miatang/projects/stroke-label/extern/mmdetection/groundingdino_swint_ogc_mmdet-822d7e9d.pth",
        "device": "cuda:0",
        "score_threshold": 0.2
    }
}