{
    "matched_indices": [
        26,
        1,
        1,
        7,
        11,
        20,
        4,
        14,
        28,
        29,
        18,
        20,
        0,
        25,
        10,
        2,
        5,
        32,
        24,
        9
    ],
    "iou_matrix": [
        [
            0.0,
            0.0,
            0.08367309222016603,
            0.0,
            0.0009834742692531888,
            0.0,
            0.0,
            0.0,
            0.0,
            0.0,
            0.0,
            0.0,
            0.9693855041577768,
            0.0,
            0.0,
            0.0,
            0.0,
            0.0,
            0.0,
            0.005268455833677767
        ],
        [
            0.16713404055222694,
            0.4506304263676696,
            0.49888396660982964,
            0.07452471936938561,
            0.07049586513605421,
            0.05019612776906266,
            0.04971227008025663,
            0.08522536470446077,
            0.12256634374263252,
            0.05610115290841928,
            0.07644188435973913,
            0.08660035209632902,
            0.042416246028974196,
            0.0,
            0.0,
            0.0,
            0.008490729872368097,
            0.010613412340460123,
            0.010613412340460118,
            0.02324888930137178
        ],
        [
            0.0,
            0.0,
            0.0,
            0.0,
            0.0,
            0.0,
            0.0,
            0.0,
            0.0,
            0.0,
            0.0,
            0.0,
            0.0,
            0.0,
            0.0,
            0.9872497887276576,
            0.0,
            0.0,
            0.0,
            0.04866152178068934
        ],
        [
            0.4996412184155888,
            0.05268648386770385,
            0.08983315063020714,
            0.0,
            0.0,
            0.0,
            0.0023104339717917163,
            0.0,
            0.0,
            0.0,
            0.0,
            0.0,
            0.0,
            0.0,
            0.0,
            0.0,
            0.0,
            0.0,
            0.0,
            0.22659511325608114
        ],
        [
            0.014056349518356638,
            0.08367670669110583,
            0.0,
            0.0,
            0.0,
            0.0,
            0.8522735235560798,
            0.0,
            0.006963862924098746,
            0.09756351647937485,
            0.0,
            0.0,
            0.0,
            0.0,
            0.0,
            0.0,
            0.0,
            0.0,
            0.0,
            0.0
        ],
        [
            0.015541439294707414,
            0.0,
            0.08008041513292301,
            0.0,
            0.0,
            0.5533069530219688,
            0.0,
            0.0,
            0.06305741956910563,
            0.0,
            0.0,
            0.14173750903413318,
            0.0,
            0.0,
            0.0,
            0.0,
            0.1996337248379038,
            0.0,
            0.0,
            0.0
        ],
        [
            0.016447316352853403,
            0.0,
            0.0,
            0.0,
            0.0,
            0.0,
            0.0,
            0.0,
            0.0,
            0.0,
            0.0,
            0.0,
            0.0,
            0.0,
            0.0,
            0.0,
            0.0,
            0.0,
            0.0,
            0.010929238746569253
        ],
        [
            0.0,
            0.0826114571481214,
            0.0,
            0.4947791636882889,
            0.0,
            0.0,
            0.0,
            0.0,
            0.0,
            0.0,
            0.11081625169680155,
            0.0,
            0.0,
            0.0,
            0.0,
            0.0,
            0.0,
            0.0012102321423580259,
            0.0,
            0.0
        ],
        [
            0.0,
            0.0,
            0.06709217893650732,
            0.0,
            0.4778961348659725,
            0.0,
            0.0,
            0.0,
            0.0,
            0.0,
            0.0,
            0.021319331190357213,
            0.005017632673615039,
            0.0,
            0.0,
            0.0,
            0.0,
            0.0,
            0.0,
            0.0
        ],
        [
            0.4022217337439394,
            0.014522855101299813,
            0.025591776308152663,
            0.0,
            0.0,
            0.0,
            0.0,
            0.0,
            0.0,
            0.0,
            0.0,
            0.0,
            0.007083548425564362,
            0.022299313242072506,
            0.02882834373899972,
            0.05429631218810512,
            0.0,
            0.0,
            0.0,
            0.9270289214437053
        ],
        [
            0.01612900968055168,
            0.0,
            0.0,
            0.0,
            0.0,
            0.0,
            0.0,
            0.0,
            0.0,
            0.0,
            0.0,
            0.0,
            0.0,
            0.0,
            0.9562487258415662,
            0.0,
            0.0,
            0.0,
            0.0,
            0.024885470605793436
        ],
        [
            0.0,
            0.0,
            0.13103185569298903,
            0.0,
            0.9405793331003686,
            0.0,
            0.0,
            0.0,
            0.0,
            0.0,
            0.0,
            0.09844725356448276,
            0.004414040111568901,
            0.0,
            0.0,
            0.0,
            0.0,
            0.0,
            0.0,
            0.0
        ],
        [
            0.061470698096238015,
            0.37079614586157883,
            0.3855537668491886,
            0.11799579991901009,
            0.10794938126578933,
            0.07969907845688118,
            0.07867319983602106,
            0.1351656439991139,
            0.194875154828548,
            0.0899654451336637,
            0.1226607518685944,
            0.1390045277263736,
            0.0,
            0.0,
            0.0,
            0.0,
            0.013154870505951122,
            0.002097258837045971,
            0.016443588132438895,
            0.0
        ],
        [
            0.34389576618605044,
            0.017729525323179705,
            0.027685577775143914,
            0.0,
            0.0,
            0.0,
            0.0,
            0.0,
            0.0,
            0.0,
            0.0,
            0.0,
            0.007498853039922792,
            0.018125913057401907,
            0.025318735699228066,
            0.06041971019133969,
            0.0,
            0.0,
            0.0,
            0.7540508515606468
        ],
        [
            0.010455148757508163,
            0.17453482038220652,
            0.0,
            0.0,
            0.0,
            0.0,
            0.0,
            0.7966004668695361,
            0.0,
            0.1865746073389255,
            0.0893817517604298,
            0.0,
            0.0,
            0.0,
            0.0,
            0.0,
            0.0,
            0.0,
            0.12480108306624568,
            0.0
        ],
        [
            0.1264799943990196,
            0.0,
            0.0,
            0.0,
            0.0,
            0.0,
            0.0,
            0.0,
            0.0,
            0.0,
            0.0,
            0.0,
            0.0,
            0.06498660788489836,
            0.08792165297103555,
            0.0,
            0.0,
            0.0,
            0.0,
            0.33764208899199605
        ],
        [
            0.0,
            0.11651396363088153,
            0.0,
            0.4381879292031211,
            0.0,
            0.0,
            0.0,
            0.0,
            0.0,
            0.0,
            0.10302326095835532,
            0.0,
            0.0,
            0.0,
            0.0,
            0.0,
            0.0,
            0.1684667966270963,
            0.0,
