{
    "bboxes": [
        [
            0.0005384832223256429,
            0.6314008382161458,
            0.4247461344401042,
            0.8907528483072916
        ],
        [
            0.3856420084635417,
            0.558866455078125,
            0.864782958984375,
            0.7838282063802083
        ],
        [
            0.0917283223470052,
            0.3215849812825521,
            0.331021484375,
            0.5844002278645833
        ],
        [
            0.8288028971354167,
            0.32143660481770836,
            0.9978916015625,
            0.5864164225260416
        ],
        [
            0.40014278157552086,
            0.3235711873372396,
            0.6385705159505208,
            0.5673343912760417
        ]
    ],
    "labels": [
        "butterfly",
        "truck",
        "tree",
        "tree",
        "tree"
    ],
    "scores": [
        0.9755377173423767,
        0.9535889029502869,
        0.4112898111343384,
        0.4078158736228943,
        0.3683704137802124
    ]
}