{
    "matched_indices": [
        0,
        1,
        0,
        0,
        0,
        1,
        2,
        2,
        1,
        2,
        0,
        2,
        1,
        1,
        1,
        1,
        1,
        1,
        0
    ],
    "iou_matrix": [
        [
            0.0,
            0.0,
            0.0,
            0.0,
            0.0,
            0.0,
            0.0,
            0.0,
            0.02013326809740064,
            0.0,
            0.977066584966184,
            0.0,
            0.0,
            0.0,
            0.0,
            0.0,
            0.0,
            0.0,
            0.175359554382463
        ],
        [
            0.0,
            0.35694803885345294,
            0.0,
            0.0,
            0.0,
            0.22538969634071757,
            0.1928841037050646,
            0.130123012715694,
            0.1235985901585002,
            0.022594165228555587,
            0.00911045372113713,
            0.008140800630600764,
            0.008885588990931536,
            0.010049901402281566,
            0.011092319991189536,
            0.060843632570049766,
            0.012527687744066936,
            0.010941904485324307,
            0.0
        ],
        [
            0.0,
            0.0,
            0.0,
            0.0,
            0.0,
            0.0,
            0.21365982562117272,
            0.9629212840393704,
            0.0,
            0.05592572262491011,
            0.0,
            0.05303485470630953,
            0.0,
            0.0,
            0.0,
            0.0,
            0.010632012279435233,
            0.0,
            0.0
        ]
    ],
    "num_matches": 2,
    "num_GT_boxes": 19,
    "used_labels": [
        "house",
        "tree",
        "grass",
        "cloud",
        "sun",
        "mountain",
        "truck",
        "road"
    ]
}