{
    "matched_indices": [
        8,
        5,
        2,
        4,
        0,
        11,
        6,
        1,
        0,
        3,
        19
    ],
    "iou_matrix": [
        [
            0.03633543445435835,
            0.0,
            0.0,
            0.0,
            0.360392014906592,
            0.0,
            0.0,
            6.248920373400641e-05,
            0.9752141704149072,
            0.0,
            0.0
        ],
        [
            0.1353617632717179,
            0.0,
            0.0,
            0.0,
            0.031129605390223903,
            0.025702947310567638,
            0.0,
            0.9915010804125152,
            0.0,
            0.0,
            0.13190788167480472
        ],
        [
            0.05764354148639256,
            0.0646372140116343,
            0.9841742884200744,
            0.0,
            0.0,
            0.0,
            0.0,
            0.0,
            0.0,
            0.0,
            0.0
        ],
        [
            0.08879304644097406,
            0.0,
            0.0,
            0.07160520904266304,
            0.0,
            0.0,
            0.0,
            0.0,
            0.0,
            0.9866728320597288,
            0.0
        ],
        [
            0.07892384855152652,
            0.029858539024592685,
            0.0,
            0.9470895779598353,
            0.0,
            0.0,
            0.0,
            0.0,
            0.0,
            0.05497491285246968,
            0.0
        ],
        [
            0.07412305143381274,
            0.9595553746524599,
            0.06619828308614428,
            0.042801014215728926,
            0.0,
            0.0,
            0.0,
            0.0,
            0.0,
            0.0,
            0.0
        ],
        [
            0.0,
            0.0,
            0.0,
            0.0,
            0.0,
            0.21088468152533665,
            0.9867858343654209,
            0.0,
            0.0,
            0.0,
            0.0731308224750948
        ],
        [
            0.0,
            0.0,
            0.0,
            0.0,
            0.2060956765630393,
            0.0,
            0.0,
            0.011432505262276418,
            0.0,
            0.0,
            0.16136742244746316
        ],
        [
            0.9963998329312584,
            0.07321526658184815,
            0.058751173849017055,
            0.08339789725280752,
            0.08178243948987864,
            0.0,
            0.0,
            0.1362963312506342,
            0.03620585193385139,
            0.09009095154923473,
            0.0
        ],
        [
            0.0,
            0.0,
            0.0,
            0.0,
            0.10327344389751042,
            0.21063545207242426,
            0.08186145773859292,
            0.1416554239676617,
            0.0,
            0.0,
            0.8353661471878875
        ],
        [
            0.0,
            0.0,
            0.0,
            0.0,
            0.21692552229138626,
            0.0,
            0.0,
            0.0,
            0.07911326829015196,
            0.0,
            0.0982272675679291
        ],
        [
            0.0,
            0.0,
            0.0,
            0.0,
            0.0,
            0.8349838608340254,
            0.15540935622177057,
            0.027139662838206707,
            0.0,
            0.0,
            0.15408196971975543
        ],
        [
            0.0,
            0.0,
            0.0,
            0.0,
            0.2646705777974644,
            0.0,
            0.0,
            0.0,
            0.09907759720067483,
            0.0,
            0.11790136680785832
        ],
        [
            0.0,
            0.0,
            0.0,
            0.0,
            0.19600620955975556,
            0.0,
            0.0,
            0.0,
            0.017796518933757836,
            0.0,
            0.1196668104348978
        ],
        [
            0.0,
            0.0,
            0.0,
            0.0,
            0.0,
            0.7721392396258102,
            0.14822232397760396,
            0.026617303521391442,
            0.0,
            0.0,
            0.18169076303909562
        ],
        [
            0.02477753101610948,
            0.0,
            0.0,
            0.0,
            0.19384906066970986,
            0.0,
            0.0,
            0.0,
            0.1291316537056474,
            0.0,
            0.01586500998059921
        ],
        [
            0.5729198005458254,
            0.04196582343702075,
            0.03367523610269594,
            0.04780234498248512,
            0.1747815059690303,
            0.06217399480948878,
            0.055160345043388785,
            0.2506652912907442,
            0.06327983926990116,
            0.05167875284189139,
            0.2225493632480699
        ],
        [
            0.0258042124681712,
            0.0,
            0.0,
            0.0,
            0.2047665245236621,
            0.0,
            0.0,
            0.0,
            0.1269325263096324,
            0.0,
            0.01830125333376426
        ],
        [
            0.023619606112688343,
            0.0,
            0.0,
            0.0,
            0.1712735484434865,
            0.0,
            0.0,
            0.0,
            0.1342150556472637,
            0.0,
            0.006658081752568072
        ],
        [
            0.0,
            0.0,
            0.0,
            0.0,
            0.1758046978025155,
            0.19251765375897043,
            0.07783143420896367,
            0.13840067627788666,
            0.0,
            0.0,
            0.9446356340803906
        ],
        [
            0.0,
            0.0,
            0.0,
            0.0,
            0.20740022729253943,
            0.0,
            0.0,
            0.01109722355743259,
            0.0,
            0.0,
            0.14326300205877457
        ]
    ],
    "num_matches": 10,
    "num_matches_with_correct_class": 0,
    "num_GT_boxes": 11,
    "used_labels": [
        "others",
        "cloud",
        "flower",
        "rabbit",
        "bird",
        "butterfly",
        "mountain",
        "grass"
    ],
    "map_score": 0.0
}