{
    "bboxes": [
        [
            0.2795969034830729,
            0.11857151285807292,
            0.6377740071614584,
            0.639089111328125
        ],
        [
            0.6129639892578125,
            0.5581142578125,
            0.8783788248697917,
            0.717191650390625
        ],
        [
            0.3179130859375,
            0.29824709065755206,
            0.5010280354817709,
            0.8338716634114584
        ],
        [
            0.8347230631510417,
            0.5459654134114583,
            0.929039306640625,
            0.6837880859375
        ],
        [
            0.020391536712646485,
            0.12493093872070313,
            0.2971849365234375,
            0.9352513020833333
        ],
        [
            0.625991455078125,
            0.10469126383463542,
            0.9829698079427084,
            0.23774908447265625
        ],
        [
            0.017100184122721355,
            0.6191225992838542,
            0.7578898111979167,
            0.988099365234375
        ],
        [
            0.70467138671875,
            0.15782526652018228,
            0.983349609375,
            0.2372882080078125
        ]
    ],
    "labels": [
        "tree",
        "road",
        "house",
        "grass",
        "house",
        "people",
        "cloud",
        "people"
    ],
    "scores": [
        0.9429642558097839,
        0.9405338168144226,
        0.861046552658081,
        0.7599573135375977,
        0.7552164793014526,
        0.5322332978248596,
        0.2487754374742508,
        0.2099667191505432
    ]
}