{
    "mean_iou": 0.5257488545725696,
    "mean_dice": 0.6368223294789589,
    "missed_matches": 11,
    "total_matches": 12,
    "success_rate": 0.08333333333333333,
    "time": "2024-09-26 23:56:27"
}