{
    "matched_indices": [
        6,
        2,
        4,
        5,
        5,
        0,
        5,
        0,
        6,
        7,
        6,
        3,
        0,
        0,
        1,
        1
    ],
    "iou_matrix": [
        [
            0.0682960315838276,
            0.0,
            0.0,
            0.0,
            0.0,
            0.0,
            0.05035909705897813,
            0.9634012670500834,
            0.0,
            0.0,
            0.0,
            0.0,
            0.0,
            0.0,
            0.0,
            0.0374860364744518
        ],
        [
            0.0,
            0.0,
            0.0,
            0.0,
            0.0,
            0.0,
            0.0,
            0.0,
            0.0,
            0.0,
            0.0,
            0.0,
            0.0,
            0.0,
            0.9734467806016752,
            0.17264444094065623
        ],
        [
            0.0,
            0.9850165874691531,
            0.0,
            0.0,
            0.0,
            0.0,
            0.0,
            0.0,
            0.0,
            0.0,
            0.0,
            0.06335832490530356,
            0.0,
            0.0,
            0.0,
            0.12317100647294575
        ],
        [
            0.0,
            0.06634804928558646,
            0.0,
            0.0,
            0.0,
            0.0,
            0.0161338882156411,
            0.0,
            0.0,
            0.0,
            0.0,
            0.9706590606196668,
            0.0,
            0.0,
            0.0,
            0.0010087834944811822
        ],
        [
            0.0,
            0.0,
            0.9837968819326312,
            0.0,
            0.0,
            0.0,
            0.0,
            0.0,
            0.0,
            0.0,
            0.0,
            0.0,
            0.0,
            0.0,
            0.0,
            0.0
        ],
        [
            0.0,
            0.0,
            0.0,
            0.015353530607175621,
            0.12103458518701332,
            0.0,
            0.5985197457124936,
            0.013726388539519584,
            0.0,
            0.0,
            0.0,
            0.02412530898224494,
            0.0,
            0.0,
            0.0,
            0.0
        ],
        [
            0.12149546268555574,
            0.0,
            0.0,
            0.0,
            0.0,
            0.0,
            0.0,
            0.0,
            0.9918080525473292,
            0.07238417050202868,
            0.0042737425208523,
            0.0,
            0.0,
            0.0,
            0.0,
            0.16040960516942512
        ],
        [
            0.0,
            0.0,
            0.0,
            0.0,
            0.0,
            0.0,
            0.0,
            0.0,
            0.06729486881822253,
            0.962818960116056,
            0.0,
            0.0,
            0.0,
            0.0,
            0.0,
            0.040239207408271284
        ]
    ],
    "true_pos": 8,
    "false_pos": 0,
    "unmatched": 8,
    "num_GT_boxes": 16,
    "used_labels": [
        "tree",
        "sun",
        "butterfly",
        "flower",
        "grass",
        "others"
    ]
}