{
    "bboxes": [
        [
            0.013795642852783204,
            0.0378639399210612,
            0.7052787272135417,
            0.7310101725260416
        ],
        [
            0.00025188920895258585,
            0.597612060546875,
            0.636572998046875,
            0.8769286295572917
        ],
        [
            0.0007379651069641113,
            0.5960647379557291,
            0.636586669921875,
            0.8764191080729167
        ]
    ],
    "labels": [
        "house",
        "grass",
        "house"
    ],
    "scores": [
        0.41083618998527527,
        0.29092156887054443,
        0.2525627613067627
    ]
}