{
    "matched_indices": [
        15,
        2,
        19,
        18,
        19,
        15,
        6,
        5,
        4,
        0,
        1,
        17,
        9,
        13,
        7,
        11,
        8,
        10,
        8
    ],
    "iou_matrix": [
        [
            0.08277852521310629,
            0.0,
            0.0,
            0.0,
            0.0026647478338822288,
            0.017617895122991473,
            0.2970910568064647,
            0.0,
            0.0,
            0.9750128240996283,
            0.00355970782938341,
            0.0,
            0.004302981958016922,
            0.009725918644429675,
            0.0,
            0.0,
            0.0,
            0.0,
            0.0
        ],
        [
            0.0,
            0.0,
            0.0,
            0.0,
            0.0,
            0.036570298120012994,
            0.0,
            0.0,
            0.015878328382282578,
            0.0038867679338381762,
            0.9667685772419938,
            3.216274193752385e-05,
            0.0,
            0.0,
            0.0,
            0.0,
            0.0,
            0.0,
            0.0
        ],
        [
            0.14832928587353159,
            0.05106164309892985,
            0.0,
            0.0,
            0.0,
            0.5066362045960531,
            0.0,
            0.2012904905904996,
            0.20134236743400874,
            0.010902053267444926,
            0.02601102873140022,
            0.0,
            0.022375326751216437,
            0.0,
            0.0,
            0.0,
            0.0,
            0.0,
            0.0
        ],
        [
            0.14832928587353159,
            0.05106164309892985,
            0.0,
            0.0,
            0.0,
            0.5066362045960531,
            0.0,
            0.2012904905904996,
            0.20134236743400874,
            0.010902053267444926,
            0.02601102873140022,
            0.0,
            0.022375326751216437,
            0.0,
            0.0,
            0.0,
            0.0,
            0.0,
            0.0
        ],
        [
            0.0,
            0.0,
            0.0,
            0.0,
            0.0,
            0.08956445432191397,
            0.0,
            0.09423142682467434,
            0.9858447779403142,
            0.0,
            0.015338164648865834,
            0.04715034954417114,
            0.0,
            0.0,
            0.0,
            0.0,
            0.0,
            0.0,
            0.0
        ],
        [
            0.07896175138073311,
            0.0,
            0.0,
            0.0,
            0.0,
            0.0,
            0.0,
            0.9776945772220467,
            0.09293476491104778,
            0.0,
            0.0,
            0.0,
            0.0,
            0.0,
            0.0,
            0.0,
            0.0,
            0.0,
            0.0
        ],
        [
            0.061762002353401776,
            0.0,
            0.05234584674901791,
            0.022690910077068558,
            0.19528061539067657,
            0.0,
            0.5296842177266111,
            0.0,
            0.0,
            0.3565680529982661,
            0.0,
            0.0,
            0.0,
            0.0,
            0.0,
            0.0,
            0.0,
            0.0,
            0.0
        ],
        [
            0.0,
            0.0,
            0.0,
            0.0,
            0.0,
            0.0,
            0.0,
            0.0,
            0.0,
            0.0,
            0.0,
            0.0,
            0.0,
            0.0,
            0.9441165691690069,
            0.0,
            0.0,
            0.0,
            0.0
        ],
        [
            0.0,
            0.0,
            0.0,
            0.0,
            0.0,
            0.009162324329918389,
            0.0,
            0.0,
            0.13524575614461068,
            0.029161163928756218,
            0.06743734975543877,
            0.01615353743925312,
            0.0,
            0.01544126664931823,
            0.020601612966003945,
            0.016153537439253126,
            0.012788217139408725,
            0.014615229750481391,
            0.33243511831506395
        ],
        [
            0.0,
            0.0,
            0.0,
            0.0,
            0.0,
            0.04661455755661754,
            0.0,
            0.0,
            0.0,
            0.004056790591405219,
            0.0,
            0.0,
            0.9474397421912302,
            0.0,
            0.0,
            0.0,
            0.0,
            0.0,
            0.0
        ],
        [
            0.0,
            0.0,
            0.0,
            0.0,
            0.0,
            0.0,
            0.0,
            0.0,
            0.0,
            0.0,
            0.0,
            0.0,
            0.0,
            0.0,
            0.0,
            0.0,
            0.0,
            0.5366250287474522,
            0.07236824535186874
        ],
        [
            0.0,
            0.0,
            0.0,
            0.0,
            0.0,
            0.0,
            0.0,
            0.0,
            0.0,
            0.0,
            0.0,
            0.0,
            0.0,
            0.0,
            0.0,
            0.9441282024899182,
            0.0,
            0.0,
            0.0
        ],
        [
            0.06547436751272563,
            0.015619516851283759,
            0.012193606905203963,
            0.010675476159080476,
            0.04548928345160273,
            0.15497763594928948,
            0.1488384027815359,
            0.07105619993134556,
            0.12666075565827933,
            0.18720020196295142,
            0.02851878076779338,
            0.006054756532239215,
            0.006844507384270408,
            0.007641507460212813,
            0.00772200833097174,
            0.006054756532239217,
            0.004793348921356047,
            0.005424753171853355,
            0.12460513443158955
        ],
        [
            0.0,
            0.0,
            0.0,
            0.0,
            0.0,
            0.0,
            0.0,
            0.0,
            0.0,
            0.011122663240574496,
            0.0,
            0.0,
            0.0,
            0.9491467384415452,
            0.0,
            0.0,
            0.0,
            0.0,
            0.01093622344528929
        ],
        [
            0.10148930311303461,
            0.0,
            0.04221149021395862,
            0.017297903165911132,
            0.1561493399044709,
            0.12801061334097893,
            0.436075682054835,
            0.0,
            0.0,
            0.3188182944119191,
            0.0,
            0.0,
            0.0,
            0.0,
            0.0,
            0.0,
            0.0,
            0.0,
            0.0
        ],
        [
            0.18211055521826727,
            0.006095429544058274,
            0.0,
            0.0,
            0.0,
            0.9450450913804413,
            0.0,
            0.0,
            0.09450834809893532,
            0.013263429869267122,
            0.0420930129955746,
            0.0,
            0.04214915455228547,
            0.0,
            0.0,
            0.0,
            0.0,
            0.0,
            0.0
        ],
        [
            0.18211055521826727,
            0.006095429544058274,
            0.0,
            0.0,
            0.0,
            0.9450450913804413,
            0.0,
            0.0,
            0.09450834809893532,
            0.013263429869267122,
            0.0420930129955746,
            0.0,
            0.04214915455228547,
            0.0,
            0.0,
            0.0,
            0.0,
            0.0,
            0.0
        ],
        [
            0.0,
            0.0,
            0.0,
            0.0,
            0.0,
            0.0,
            0.0,
            0.0,
            0.04940593063577756,
            0.0,
            0.0,
