{
    "bboxes": [
        [
            0.09218155924479167,
            0.10650293986002604,
            0.2460328165690104,
            0.16926924641927082
        ],
        [
            0.4276570231119792,
            0.19851534016927083,
            0.6501395670572917,
            0.2615866902669271
        ],
        [
            0.0387832514444987,
            0.4806836751302083,
            0.9576368001302084,
            0.86129443359375
        ],
        [
            0.4657401123046875,
            0.5046931966145833,
            0.5978393961588542,
            0.5974097493489583
        ],
        [
            0.0005586929321289062,
            0.15872209676106772,
            0.11347872924804688,
            0.5308509114583333
        ],
        [
            0.439423095703125,
            0.71832421875,
            0.6251802164713541,
            0.877733642578125
        ],
        [
            0.799196044921875,
            0.10494856770833333,
            0.9448301595052083,
            0.24988051350911458
        ]
    ],
    "labels": [
        "apple",
        "apple",
        "grass",
        "sun",
        "basket",
        "dog",
        "apple"
    ],
    "scores": [
        0.9582034945487976,
        0.9468351602554321,
        0.8392057418823242,
        0.7389652132987976,
        0.7357003092765808,
        0.36111992597579956,
        0.2254345417022705
    ]
}