{
    "mean_iou": 0.5185087487859571,
    "mean_dice": 0.5443555784543516,
    "missed_matches": 7,
    "total_matches": 14,
    "success_rate": 0.5,
    "time": "2024-09-24 01:46:58"
}