{
    "matched_indices": [
        29,
        17,
        3,
        5,
        4,
        15,
        14,
        16,
        12,
        11,
        4,
        5,
        1,
        2,
        0,
        6,
        12,
        10,
        20
    ],
    "iou_matrix": [
        [
            0.0,
            0.0,
            0.0,
            0.0,
            0.0,
            0.0,
            0.0,
            0.0,
            0.0,
            0.0,
            0.028510579715788156,
            0.0,
            0.0,
            0.0,
            0.9777108282342595,
            0.0,
            0.0,
            0.21603076458755416,
            0.0
        ],
        [
            0.0,
            0.0,
            0.0,
            0.0,
            0.0,
            0.0,
            0.0,
            0.0,
            0.0,
            0.0,
            0.0,
            0.0,
            0.9825854447268006,
            0.0,
            0.0,
            0.0,
            0.009779647165881068,
            0.09529151034579288,
            0.0
        ],
        [
            0.0,
            0.0,
            0.0,
            0.0,
            0.0,
            0.0,
            0.0,
            0.0,
            0.0,
            0.0,
            0.0,
            0.0,
            0.0,
            0.9659268761213494,
            0.0,
            0.0,
            0.06384737831636238,
            0.030135403789189975,
            0.0
        ],
        [
            0.0,
            0.0,
            0.9768128711110602,
            0.0,
            0.0,
            0.0,
            0.0,
            0.0,
            0.0,
            0.0,
            0.0,
            0.0,
            0.0,
            0.0,
            0.0,
            0.0,
            0.0,
            0.0,
            0.0
        ],
        [
            0.0,
            0.05173273026842325,
            0.0,
            0.0,
            0.37823292666414116,
            0.0,
            0.0,
            0.0,
            0.0,
            0.06591087011736987,
            0.47497687125512456,
            0.0,
            0.0,
            0.0,
            0.024863945292475577,
            0.0,
            0.0,
            0.07931683139162,
            0.09220182517787472
        ],
        [
            0.1227952564816838,
            0.0,
            0.0,
            0.5830886654180084,
            0.0,
            0.0,
            0.0,
            0.0,
            0.06009223333854551,
            0.0,
            0.0,
            0.4417192000615853,
            0.0,
            0.0,
            0.0,
            0.0,
            0.0,
            0.026129648864722188,
            0.10063015306853172
        ],
        [
            0.07825350533975016,
            0.0,
            0.0,
            0.0,
            0.0,
            0.0,
            0.0,
            0.0,
            0.0,
            0.0,
            0.0,
            0.0,
            0.0,
            0.0,
            0.0,
            0.887378969794103,
            0.0,
            0.01386110417792254,
            0.0685795298874972
        ],
        [
            0.07825350533975016,
            0.0,
            0.0,
            0.0,
            0.0,
            0.0,
            0.0,
            0.0,
            0.0,
            0.0,
            0.0,
            0.0,
            0.0,
            0.0,
            0.0,
            0.887378969794103,
            0.0,
            0.01386110417792254,
            0.0685795298874972
        ],
        [
            0.04211849229547455,
            0.0,
            0.0,
            0.0,
            0.0,
            0.0,
            0.0,
            0.0,
            0.26948210497316105,
            0.0,
            0.0,
            0.0,
            0.01232041812292315,
            0.0,
            0.0,
            0.0,
            0.48741409987965445,
            0.024320618125765484,
            0.044359075165991885
        ],
        [
            0.04211849229547455,
            0.0,
            0.0,
            0.0,
            0.0,
            0.0,
            0.0,
            0.0,
            0.26948210497316105,
            0.0,
            0.0,
            0.0,
            0.01232041812292315,
            0.0,
            0.0,
            0.0,
            0.48741409987965445,
            0.024320618125765484,
            0.044359075165991885
        ],
        [
            0.018432161259133904,
            0.004639807471818412,
            0.0,
            0.008538667253040743,
            0.02841979010343192,
            0.0,
            0.0,
            0.0,
            0.010794531625471119,
            0.0032891227095711083,
            0.04088756456730324,
            0.0284319202544922,
            0.10466168130138162,
            0.02690891001437906,
            0.201575693316805,
            0.015856103266013586,
            0.042659872885917535,
            0.9235347596753188,
            0.057965362849478064
        ],
        [
            0.0,
            0.31902379626803234,
            0.0,
            0.0,
            0.04287536114614611,
            0.0,
            0.0,
            0.0,
            0.0,
            0.9533933340076326,
            0.0,
            0.0,
            0.0,
            0.0,
            0.0,
            0.0,
            0.0,
            0.0,
            0.008818084151638211
        ],
        [
            0.0832891988299063,
            0.0,
            0.0,
            0.006780758196791962,
            0.0,
            0.0,
            0.0,
            0.0,
            0.4095687841668502,
            0.0,
            0.0,
            0.0,
            0.012014270295548966,
            0.034223721010262394,
            0.0,
            0.0,
            0.7447620273079473,
            0.04593316561623037,
            0.06344073311743592
        ],
        [
            0.0832891988299063,
            0.0,
            0.0,
            0.006780758196791962,
            0.0,
            0.0,
            0.0,
            0.0,
            0.4095687841668502,
            0.0,
            0.0,
            0.0,
            0.012014270295548966,
            0.034223721010262394,
            0.0,
            0.0,
            0.7447620273079473,
            0.04593316561623037,
            0.06344073311743592
        ],
        [
            0.013104751070079473,
            0.0,
            0.0,
            0.0,
            0.0,
            0.0,
            0.9605070741059117,
            0.0,
            0.0,
            0.0,
            0.0,
            0.0,
            0.0,
            0.0,
            0.0,
            0.0,
            0.0,
            0.0,
            0.0
        ],
        [
            0.0,
            0.0,
            0.0,
            0.0,
            0.0,
            0.9390907729254362,
            0.0,
            0.0,
            0.0,
            0.0,
            0.0,
            0.0,
            0.0,
            0.0,
            0.0,
            0.0,
            0.0,
            0.0,
            0.0
        ],
        [
            0.0,
            0.0,
            0.0,
            0.0,
            0.0,
            0.0,
            0.0,
            0.9620161083600226,
            0.0,
            0.0,
            0.0,
            0.0,
            0.0,
            0.0,
            0.0,
            0.0,
            0.0,
            0.0,
            0.0
        ],
        [
            0.00929748231446803,
            0.9159956275948635,
            0.0,
            0.0,
            0.05793739810743823,
            0.0,
            0.0,
            0.0,
            0.0,
            0.2950228454126835,
            0.0,
            0.0,
            0.0,
            0.0,
            0.0,
            0.0,
            0.0,
            0.0052655356554723014,
            0.04943983998191427
        ],
        [
            0.1923013572168595,
            0.08611439419973255,
            0.0,
            0.028459940515117993,
