{
    "matched_indices": [
        3,
        1,
        2,
        5,
        6,
        4,
        0
    ],
    "iou_matrix": [
        [
            0.0,
            0.0,
            0.017536451926459903,
            0.03452850497840265,
            0.0,
            0.0,
            0.961450735940708
        ],
        [
            0.18751561270871275,
            0.9799736839366109,
            0.16922939895732414,
            0.08520118512800044,
            0.0,
            0.019387927076597603,
            0.0
        ],
        [
            0.0,
            0.16988972072464759,
            0.953099700665163,
            0.0,
            0.0,
            0.0,
            0.009979503624419066
        ],
        [
            0.9425322824600246,
            0.18955482878000462,
            0.0,
            0.22827030611014942,
            0.016367998697924234,
            0.0,
            0.0
        ],
        [
            0.0,
            0.020156060690222997,
            0.0,
            0.0,
            0.0,
            0.9754493134394121,
            0.0
        ],
        [
            0.19729621594853025,
            0.08148618906159669,
            0.0,
            0.9724075744778677,
            0.0,
            0.0,
            0.03673510839206328
        ],
        [
            0.019141272925877133,
            0.0,
            0.0,
            0.0,
            0.9438829711147624,
            0.0,
            0.0
        ],
        [
            0.020154058930992064,
            0.036027259586620175,
            0.0,
            0.5752089277821083,
            0.0,
            0.0,
            0.04212376002091861
        ],
        [
            0.21175048093934856,
            0.33911189041922246,
            0.08470259507660627,
            0.23357028403071092,
            0.0643296990079416,
            0.04508280793009384,
            0.0
        ],
        [
            0.019141272925877133,
            0.0,
            0.0,
            0.0,
            0.9438829711147624,
            0.0,
            0.0
        ],
        [
            0.5399039742727778,
            0.1487109893406479,
            0.0,
            0.23188073108768104,
            0.1640225798028173,
            0.0,
            0.0
        ],
        [
            0.01987140906591568,
            0.0,
            0.0,
            0.0,
            0.9365017673814399,
            0.0,
            0.0
        ],
        [
            0.0018894341032738467,
            0.11453602448603298,
            0.0,
            0.0,
            0.0,
            0.032097978878818406,
            0.0
        ]
    ],
    "true_pos": 7,
    "false_pos": 6,
    "unmatched": 0,
    "num_GT_boxes": 7,
    "used_labels": [
        "house",
        "fence",
        "people",
        "cloud",
        "tree",
        "car",
        "sun"
    ]
}