{
    "bboxes": [
        [
            0.5569227701822916,
            0.372047607421875,
            0.8907305501302083,
            0.93039111328125
        ],
        [
            0.09399275716145833,
            0.27889536539713544,
            0.36690425618489586,
            0.717537353515625
        ],
        [
            0.4004359130859375,
            0.09088616943359375,
            0.6745181884765625,
            0.22156365966796876
        ],
        [
            0.3497515462239583,
            0.2787694498697917,
            0.5864826253255209,
            0.7184055989583333
        ],
        [
            0.00042618807156880696,
            0.25190968831380206,
            0.1642324727376302,
            0.7040247395833333
        ],
        [
            0.7912269694010416,
            0.29207741292317707,
            0.998085693359375,
            0.7035297037760416
        ],
        [
            0.7859911295572917,
            0.10537850952148438,
            0.995055908203125,
            0.20992043050130207
        ],
        [
            0.026829643249511717,
            0.05342289733886719,
            0.29041485595703126,
            0.15562750244140625
        ],
        [
            0.5731305745442709,
            0.264863525390625,
            0.8100584309895833,
            0.5788760579427084
        ],
        [
            0.02122723897298177,
            0.7219429524739583,
            0.9724158528645833,
            0.912248291015625
        ]
    ],
    "labels": [
        "tree",
        "grass",
        "people",
        "grass",
        "grass",
        "grass",
        "people",
        "people",
        "grass",
        "cloud"
    ],
    "scores": [
        0.9204425811767578,
        0.8784045577049255,
        0.8686975240707397,
        0.8650751709938049,
        0.8517246246337891,
        0.838367223739624,
        0.8002534508705139,
        0.7924237251281738,
        0.6564584374427795,
        0.21617096662521362
    ]
}