{
    "matched_indices": [
        5,
        3,
        1,
        3,
        1,
        2,
        1,
        4,
        3,
        3,
        4,
        4,
        0,
        3
    ],
    "iou_matrix": [
        [
            0.0,
            0.0,
            0.0,
            0.0,
            0.0,
            0.0,
            0.04628707193501124,
            0.0,
            0.0,
            0.0,
            0.0,
            0.005599707348236818,
            0.9841718704867279,
            0.11419595595933023
        ],
        [
            0.011422844740383142,
            0.0,
            0.12300227646860484,
            0.0,
            0.17048277713588803,
            0.0,
            0.9842217381382855,
            0.0,
            0.0,
            0.0,
            0.0,
            0.0,
            0.04572740497246337,
            0.09318455822654599
        ],
        [
            0.02785469373965739,
            0.0,
            0.11071873478274194,
            0.0,
            0.0,
            0.9818181800116239,
            0.0,
            0.0,
            0.0,
            0.0,
            0.0,
            0.0,
            0.0,
            0.014563897303267263
        ],
        [
            0.0,
            0.21147705477417805,
            0.0,
            0.27274597836643544,
            0.0,
            0.0,
            0.0,
            0.015161338245013974,
            0.8780298984893017,
            0.012669407137142506,
            0.0,
            0.0,
            0.0,
            0.29704354843192793
        ],
        [
            0.0,
            0.0,
            0.0,
            0.0,
            0.0,
            0.015800944536116034,
            0.0,
            0.1877104159548248,
            0.049407693709727266,
            0.0,
            0.07688505285508292,
            0.0648363424650106,
            0.0,
            0.1832436515455942
        ],
        [
            0.02828401505609438,
            0.0,
            0.11136825959528515,
            0.0,
            0.0,
            0.9817164654452317,
            0.0,
            0.0,
            0.0,
            0.0,
            0.0,
            0.0,
            0.0,
            0.014648675266036009
        ]
    ],
    "num_matches": 4,
    "num_GT_boxes": 14,
    "used_labels": [
        "airplane",
        "apple",
        "balloon",
        "banana",
        "basket",
        "bee",
        "bench",
        "bicycle",
        "bird",
        "bottle",
        "bucket",
        "bus",
        "butterfly",
        "car",
        "cat",
        "chair",
        "chicken",
        "cloud",
        "cow",
        "cup",
        "dinnerware",
        "dog",
        "duck",
        "fence",
        "flower",
        "grape",
        "grass",
        "horse",
        "house",
        "moon",
        "mountain",
        "people",
        "picnic rug",
        "pig",
        "rabbit",
        "road",
        "sheep",
        "sofa",
        "star",
        "street lamp",
        "sun",
        "table",
        "tree",
        "truck",
        "umbrella",
        "others"
    ]
}