{
    "bboxes": [
        [
            0.7336630045572917,
            0.012101970672607421,
            0.9042848307291667,
            0.08938011678059896
        ],
        [
            0.11902097574869791,
            0.02646263122558594,
            0.2512096557617188,
            0.10246721394856771
        ],
        [
            0.7336630045572917,
            0.012101970672607421,
            0.9042848307291667,
            0.08938011678059896
        ],
        [
            0.11902097574869791,
            0.02646263122558594,
            0.2512096557617188,
            0.10246721394856771
        ],
        [
            0.34547615559895833,
            0.35919189453125,
            0.5045690104166667,
            0.529309326171875
        ],
        [
            0.26550077311197917,
            0.5853849283854167,
            0.5582442220052083,
            0.9018531087239583
        ],
        [
            0.4389068603515625,
            0.025481770833333334,
            0.5576803385416667,
            0.14376766967773438
        ],
        [
            0.09254947916666667,
            0.012169846852620443,
            0.1572778625488281,
            0.061485143025716144
        ],
        [
            0.26550077311197917,
            0.5853849283854167,
            0.5582442220052083,
            0.9018531087239583
        ]
    ],
    "labels": [
        "truck",
        "truck",
        "tree",
        "tree",
        "cloud",
        "cloud",
        "truck",
        "truck",
        "star"
    ],
    "scores": [
        0.9462945461273193,
        0.9371268153190613,
        0.9364755749702454,
        0.9347944259643555,
        0.5941945314407349,
        0.5276942253112793,
        0.2867037355899811,
        0.2585190236568451,
        0.20206013321876526
    ]
}