{
    "matched_indices": [
        0,
        4,
        6,
        4,
        7,
        3,
        5,
        2,
        1,
        0,
        3,
        2,
        0,
        0,
        4,
        1
    ],
    "iou_matrix": [
        [
            0.0,
            0.0,
            0.0,
            0.0,
            0.0,
            0.0,
            0.0,
            0.0,
            0.0,
            0.986085999826267,
            0.0,
            0.0,
            0.0,
            0.0,
            0.0,
            0.0
        ],
        [
            0.0,
            0.0,
            0.0,
            0.020167881689807352,
            0.0,
            0.0,
            0.0,
            0.0,
            0.9870775475001495,
            0.0,
            0.0,
            0.0,
            0.0,
            0.0,
            0.0,
            0.025822443446728145
        ],
        [
            0.0,
            0.0,
            0.07647360821485609,
            0.0,
            0.04677367731166682,
            0.0,
            0.000398867979334573,
            0.9628997322737637,
            0.0,
            0.0,
            0.0,
            0.001382659795105056,
            0.0,
            0.0,
            0.0,
            0.0
        ],
        [
            0.0,
            0.05657149299726002,
            0.0,
            0.0,
            0.0,
            0.9832359332145808,
            0.0,
            0.0,
            0.0,
            0.0,
            0.04239232466915572,
            0.0,
            0.0,
            0.0,
            0.0,
            0.0
        ],
        [
            0.0,
            0.11686384559349867,
            0.0,
            0.9153117785971803,
            0.0,
            0.0,
            0.0,
            0.0,
            0.017376857425566248,
            0.0,
            0.0,
            0.0,
            0.0,
            0.0,
            0.015675311332160394,
            0.0
        ],
        [
            0.0,
            0.06362865624871156,
            0.09975726689810291,
            0.0,
            0.0,
            0.0,
            0.934148323234479,
            0.017998504957256477,
            0.0,
            0.0,
            0.0,
            0.0,
            0.0,
            0.0,
            0.0,
            0.0
        ],
        [
            0.0,
            0.013626075161712615,
            0.9815798825733756,
            0.0,
            0.08572357167913452,
            0.0,
            0.0776866214917562,
            0.07809472246974929,
            0.0,
            0.0,
            0.0,
            0.0,
            0.0,
            0.0,
            0.0,
            0.0
        ],
        [
            0.0,
            0.0,
            0.09288416502960652,
            0.0,
            0.9660247197569632,
            0.0,
            0.0,
            0.0527195085982252,
            0.0,
            0.0,
            0.0,
            0.0,
            0.0,
            0.0,
            0.0,
            0.0
        ]
    ],
    "num_matches": 8,
    "num_GT_boxes": 16,
    "used_labels": [
        "airplane",
        "apple",
        "balloon",
        "banana",
        "basket",
        "bee",
        "bench",
        "bicycle",
        "bird",
        "bottle",
        "bucket",
        "bus",
        "butterfly",
        "car",
        "cat",
        "chair",
        "chicken",
        "cloud",
        "cow",
        "cup",
        "dinnerware",
        "dog",
        "duck",
        "fence",
        "flower",
        "grape",
        "grass",
        "horse",
        "house",
        "moon",
        "mountain",
        "people",
        "picnic rug",
        "pig",
        "rabbit",
        "road",
        "sheep",
        "sofa",
        "star",
        "street lamp",
        "sun",
        "table",
        "tree",
        "truck",
        "umbrella",
        "others"
    ]
}