{
    "matched_indices": [
        5,
        4,
        0,
        2,
        8,
        1,
        0,
        2,
        6,
        9,
        7,
        7,
        7,
        7,
        7,
        6,
        3,
        7
    ],
    "iou_matrix": [
        [
            0.005223158470864098,
            0.008557743801066327,
            0.11409893134125909,
            0.11759175577007316,
            0.0,
            0.4501668551336512,
            0.13389340347295828,
            0.27638294569009275,
            0.09122352544773525,
            0.0,
            0.0009333784828041422,
            0.004593613863642908,
            0.0037062104596528003,
            0.0,
            0.0036861613151352056,
            0.0011087631421043097,
            0.0006018028293330162,
            0.027511775219589543
        ],
        [
            0.0,
            0.0,
            0.013491782601776166,
            0.00831896801859967,
            0.0,
            0.9479806334232616,
            0.0,
            0.0,
            0.0,
            0.0,
            0.0,
            0.0,
            0.007408742972348356,
            0.0,
            0.0073100331799113355,
            0.0,
            0.0,
            0.020304101137004673
        ],
        [
            0.007624127617601247,
            0.0,
            0.0,
            0.3926491595729239,
            0.0,
            0.0,
            0.0,
            0.9538088308186451,
            0.29445412917542746,
            0.0,
            0.0,
            0.0,
            0.0,
            0.0,
            0.0,
            0.00022934201775109782,
            0.0,
            0.010208809068214133
        ],
        [
            0.0,
            0.0,
            0.0,
            0.0,
            0.0,
            0.0,
            0.0,
            0.0,
            0.0,
            0.0,
            0.0,
            0.0,
            0.0,
            0.0,
            0.0,
            0.0,
            0.904310614547693,
            0.0
        ],
        [
            0.0,
            0.8657097288676235,
            0.0,
            0.0,
            0.0,
            0.0,
            0.0,
            0.0,
            0.0,
            0.0,
            0.0,
            0.0,
            0.0,
            0.0,
            0.0,
            0.0,
            0.0,
            0.0
        ],
        [
            0.8521149186569745,
            0.0,
            0.0,
            0.0,
            0.0,
            0.0,
            0.0,
            0.009304496776063615,
            0.0,
            0.0,
            0.0,
            0.0,
            0.0,
            0.0,
            0.0,
            0.0,
            0.0,
            0.0
        ],
        [
            0.0,
            0.0,
            0.0,
            0.093232320703375,
            0.0,
            0.0,
            0.0,
            0.32111006494146194,
            0.9707069900345195,
            0.018460049814539293,
            0.002464714259528225,
            0.0,
            0.0,
            0.0,
            0.0,
            0.04269968775853329,
            0.0,
            0.0750054659547525
        ],
        [
            0.0,
            0.0,
            0.0,
            0.005032588070291225,
            0.18465974853998415,
            0.030767352479172724,
            0.0056607097175664,
            0.02828256757796049,
            0.08746924191696212,
            0.09789594794752428,
            0.020106219038737584,
            0.014567491014266666,
            0.02063533006607276,
            0.015873330820055917,
            0.016139124763696784,
            0.01587333082005597,
            0.0,
            0.8986154316951442
        ],
        [
            0.0,
            0.0,
            0.0,
            0.0,
            0.8065051923104695,
            0.0,
            0.0,
            0.0,
            0.0,
            0.0,
            0.0,
            0.0,
            0.0,
            0.0,
            0.0,
            0.0,
            0.0,
            0.2535080702961936
        ],
        [
            0.0,
            0.0,
            0.0,
            0.0,
            0.0,
            0.0,
            0.0,
            0.0,
            0.024651750195838304,
            0.9113292911883287,
            0.0,
            0.0,
            0.0,
            0.0,
            0.0,
            0.0,
            0.0,
            0.09825562786487692
        ]
    ],
    "num_matches": 9,
    "num_GT_boxes": 18,
    "used_labels": [
        "house",
        "sun",
        "cloud",
        "tree",
        "road",
        "fence",
        "grass"
    ]
}