{
    "bboxes": [
        [
            0.07923255411783854,
            0.5591101481119791,
            0.37110709635416667,
            0.8711673990885417
        ],
        [
            0.3728208414713542,
            0.5720738932291667,
            0.5984137369791667,
            0.8372743326822917
        ],
        [
            0.6129606526692708,
            0.5718516845703125,
            0.914344482421875,
            0.9835751139322917
        ],
        [
            0.6663132731119792,
            0.000918969472249349,
            0.9984357096354166,
            0.49759814453125
        ],
        [
            0.0011485069592793782,
            0.0008186250527699788,
            0.465609619140625,
            0.39674479166666665
        ],
        [
            0.6657928873697917,
            0.17371419270833333,
            0.8657958170572917,
            0.43824169921875
        ],
        [
            0.06973787943522135,
            0.30352899169921876,
            0.3448533935546875,
            0.5031909586588542
        ],
        [
            0.0006701648235321045,
            0.7344366861979167,
            0.2322492879231771,
            0.9960647786458333
        ],
        [
            0.4522469482421875,
            0.3988850911458333,
            0.6123763834635416,
            0.4899991048177083
        ],
        [
            0.665751708984375,
            0.10822157796223958,
            0.867670166015625,
            0.4376341552734375
        ]
    ],
    "labels": [
        "mountain",
        "mountain",
        "mountain",
        "grass",
        "tree",
        "grass",
        "grass",
        "grass",
        "grass",
        "grass"
    ],
    "scores": [
        0.7529522776603699,
        0.720159649848938,
        0.7048285007476807,
        0.4814002811908722,
        0.4333852231502533,
        0.28555527329444885,
        0.2410394549369812,
        0.2398819923400879,
        0.22423696517944336,
        0.21325688064098358
    ]
}