{
    "matched_indices": [
        1,
        0,
        0,
        0,
        0,
        1,
        1,
        0,
        0,
        0,
        0,
        0,
        0,
        0,
        1,
        0,
        0,
        0,
        0,
        1
    ],
    "iou_matrix": [
        [
            0.1428866213802558,
            0.036629459345260955,
            0.9964819816218954,
            0.0717278302010596,
            0.0,
            0.0,
            0.0,
            0.0,
            0.0,
            0.016746750234054582,
            0.0,
            0.0,
            0.011762497379132038,
            0.0,
            0.0,
            0.011902359265288815,
            0.0,
            0.0,
            0.02933273206634948,
            0.0
        ],
        [
            0.1699320240224159,
            0.0,
            0.0,
            0.0,
            0.0,
            0.9897483818838824,
            0.010665279815824352,
            0.0,
            0.0,
            0.0,
            0.0,
            0.0,
            0.0,
            0.0,
            0.0788412622526669,
            0.0,
            0.0,
            0.0,
            0.0,
            0.011740138517286345
        ]
    ],
    "num_matches": 2,
    "num_GT_boxes": 20,
    "used_labels": [
        "airplane",
        "apple",
        "balloon",
        "banana",
        "basket",
        "bee",
        "bench",
        "bicycle",
        "bird",
        "bottle",
        "bucket",
        "bus",
        "butterfly",
        "car",
        "cat",
        "chair",
        "chicken",
        "cloud",
        "cow",
        "cup",
        "dinnerware",
        "dog",
        "duck",
        "fence",
        "flower",
        "grape",
        "grass",
        "horse",
        "house",
        "moon",
        "mountain",
        "people",
        "picnic rug",
        "pig",
        "rabbit",
        "road",
        "sheep",
        "sofa",
        "star",
        "street lamp",
        "sun",
        "table",
        "tree",
        "truck",
        "umbrella",
        "others"
    ]
}