{
    "matched_indices": [
        5,
        21,
        0,
        13,
        8,
        31,
        27,
        1,
        22,
        11,
        26,
        26,
        19,
        23,
        17,
        1,
        16,
        33,
        0,
        7,
        4,
        14,
        6
    ],
    "iou_matrix": [
        [
            0.0,
            0.0,
            0.9116061706918378,
            0.0,
            0.0,
            0.0,
            0.08373712099163913,
            0.0,
            0.039210209892935416,
            0.13601817995519475,
            0.08643851311213212,
            0.06194760106369468,
            0.056024962202307876,
            0.024010698086703385,
            0.03361497732138472,
            0.0,
            0.008215090181282476,
            0.0027256243620392513,
            0.02112941431629892,
            0.0,
            0.0,
            0.01601669293106087,
            0.0
        ],
        [
            0.0,
            0.0,
            0.0,
            0.15711664992425065,
            0.0,
            0.0,
            0.0,
            0.9226813111033321,
            0.022021238637112913,
            0.0,
            0.0,
            0.0,
            0.0,
            0.0,
            0.0,
            0.07156119007960861,
            0.0,
            0.0,
            0.0,
            0.0,
            0.0,
            0.0,
            0.0
        ],
        [
            0.0,
            0.0,
            0.0,
            0.15711664992425065,
            0.0,
            0.0,
            0.0,
            0.9226813111033321,
            0.022021238637112913,
            0.0,
            0.0,
            0.0,
            0.0,
            0.0,
            0.0,
            0.07156119007960861,
            0.0,
            0.0,
            0.0,
            0.0,
            0.0,
            0.0,
            0.0
        ],
        [
            0.0,
            0.0,
            0.0,
            0.15711664992425065,
            0.0,
            0.0,
            0.0,
            0.9226813111033321,
            0.022021238637112913,
            0.0,
            0.0,
            0.0,
            0.0,
            0.0,
            0.0,
            0.07156119007960861,
            0.0,
            0.0,
            0.0,
            0.0,
            0.0,
            0.0,
            0.0
        ],
        [
            0.0,
            0.0,
            0.0,
            0.0,
            0.0,
            0.0,
            0.0,
            0.0,
            0.0,
            0.0,
            0.0,
            0.0,
            0.0,
            0.0,
            0.0,
            0.0,
            0.0,
            0.0,
            0.0,
            0.0,
            0.9418378223203171,
            0.0,
            0.0
        ],
        [
            0.9534052134572459,
            0.0,
            0.0,
            0.0,
            0.0,
            0.0,
            0.0,
            0.0,
            0.0,
            0.0,
            0.0,
            0.0,
            0.0,
            0.0,
            0.0,
            0.0,
            0.0,
            0.0,
            0.0,
            0.0,
            0.0,
            0.0,
            0.0
        ],
        [
            0.0,
            0.0,
            0.0,
            0.0,
            0.0,
            0.0,
            0.0,
            0.0,
            0.0,
            0.0,
            0.0,
            0.0,
            0.0,
            0.0,
            0.0,
            0.0,
            0.0,
            0.0,
            0.0,
            0.0,
            0.0,
            0.0,
            0.9180481644659728
        ],
        [
            0.0,
            0.0,
            0.0,
            0.0,
            0.0,
            0.0,
            0.0,
            0.0,
            0.0,
            0.0,
            0.0,
            0.0,
            0.0,
            0.0,
            0.0,
            0.0,
            0.0,
            0.0,
            0.0,
            0.9472605065039075,
            0.0,
            0.0,
            0.0
        ],
        [
            0.0,
            0.04710913938559534,
            0.0,
            0.0,
            0.9672419075418938,
            0.0,
            0.045277635816021726,
            0.0,
            0.0,
            0.002891373813208056,
            0.0,
            0.0,
            0.0,
            0.0,
            0.0,
            0.0,
            0.0,
            0.0,
            0.0,
            0.0,
            0.0,
            0.0,
            0.0
        ],
        [
            0.008716242879194858,
            0.016961386194723888,
            0.2705827320191328,
            0.23279222406029854,
            0.035697794131977344,
            0.00758852334984107,
            0.35365006850701963,
            0.0032608556640195212,
            0.1882731431001413,
            0.4664777264967221,
            0.053741673559530176,
            0.038514866050996625,
            0.030158892925794652,
            0.014928242655425061,
            0.020899539717595072,
            0.0,
            0.0,
            0.0,
            0.0,
            0.0,
            0.0,
            0.0,
            0.0
        ],
        [
            0.0,
            0.04710913938559534,
            0.0,
            0.0,
            0.9672419075418938,
            0.0,
            0.045277635816021726,
            0.0,
            0.0,
            0.002891373813208056,
            0.0,
            0.0,
            0.0,
            0.0,
            0.0,
            0.0,
            0.0,
            0.0,
            0.0,
            0.0,
            0.0,
            0.0,
            0.0
        ],
        [
            0.0,
            0.0,
            0.11354255640249591,
            0.20994817441673314,
            0.0,
            0.018433880710772496,
            0.24428025181102486,
            0.0,
            0.07351281308654449,
            0.8814118158549159,
            0.0391947875014035,
            0.02874776637522782,
            0.0,
            0.0,
            0.0,
            0.0,
            0.0,
            0.0,
            0.0,
            0.0,
            0.0,
            0.0,
            0.0
        ],
        [
            0.0,
            0.021402567916642454,
            0.2570116892621019,
            0.23033689901902674,
            0.023172360185833303,
            0.009947766110816157,
            0.4635985163906258,
            0.0,
            0.05574235646868741,
            0.6115038598638358,
            0.07007541783239751,
            0.050225692549629976,
            0.0385842956074664,
            0.019569375955703922,
            0.027397126337985474,
            0.0,
            0.0,
            0.0,
            0.0,
            0.0,
            0.0,
            0.0,
            0.0
        ],
        [
            0.014974112808263254,
            0.017872726747393784,
            0.1820770498086189,
            0.25392786139114093,
            0.041938675042614525,
            0.008348937791581667,
            0.3890878746542355,
            0.007523929116545496,
            0.21876954370596943,
            0.5132215241534634,
            0.029213901831959127,
            0.021105520345197568,
            0.008379510615226581,
            0.015245901711684237,
            0.009744274363874927,
            0.0,
            0.0,
            0.0,
            0.0,
            0.0,
            0.0,
            0.0,
            0.0
        ],
        [
            0.0,
            0.0,
            0.012108798718669739,
            0.0,
            0.0,
            0.0,
            0.0,
            0.0,
            0.0,
            0.0,
            0.0,
            0.0,
            0.0,
            0.0,
            0.0,
            0.0,
            0.0,
            0.0,
            0.0,
            0.0,
            0.0,
            0.9319918727456251,
            0.0
        ],
        [
            0.0,
            0.0,
