{
    "mean_iou": 0.2807613264491113,
    "mean_dice": 0.28336414370578417,
    "missed_matches": 10,
    "total_matches": 14,
    "success_rate": 0.2857142857142857,
    "time": "2024-09-27 00:06:07"
}