{
    "matched_indices": [
        5,
        2,
        1,
        7,
        4,
        8,
        0,
        2,
        9,
        6,
        1,
        2,
        4,
        8,
        6
    ],
    "iou_matrix": [
        [
            0.0024005146143341854,
            0.0,
            0.0,
            0.0,
            0.0,
            0.0,
            0.8457928668105618,
            0.0,
            0.0,
            0.0,
            0.0,
            0.0,
            0.0,
            0.0,
            0.0
        ],
        [
            0.0,
            0.0,
            0.9658632718326635,
            0.07508523069026814,
            0.0,
            0.0,
            0.0,
            0.0,
            0.0,
            0.0,
            0.12264930435970348,
            0.0,
            0.0,
            0.0,
            0.0
        ],
        [
            0.0,
            0.4881856247861265,
            0.0,
            0.0,
            0.0,
            0.4652924479716216,
            0.0,
            0.02746451223679995,
            0.0,
            0.0,
            0.0,
            0.05457975929285885,
            0.0,
            0.06670859469127191,
            0.05667583590872695
        ],
        [
            0.0,
            0.09183352183188154,
            0.0,
            0.0,
            0.0,
            0.9386123963949651,
            0.0,
            0.0,
            0.0,
            0.0,
            0.0,
            0.0016631465378833942,
            0.0,
            0.13456808550465454,
            0.015222564605495622
        ],
        [
            0.0,
            0.0,
            0.0,
            0.023890572319007312,
            0.8947786659585757,
            0.0,
            0.0,
            0.0,
            0.0,
            0.0,
            0.0,
            0.0,
            0.08821144829280049,
            0.0,
            0.016518697499257606
        ],
        [
            0.9522357714679595,
            0.0,
            0.0,
            0.0,
            0.0,
            0.0,
            0.0,
            0.0,
            0.0,
            0.0,
            0.0,
            0.0,
            0.0,
            0.0,
            0.025529469162442697
        ],
        [
            0.015551821312123243,
            0.1402828828534587,
            0.042520429586743194,
            0.0666128055533458,
            0.20154979569811074,
            0.1645128121015565,
            0.0,
            0.015232883914391648,
            0.024424695369560108,
            0.012071252020024695,
            0.0064455324071275655,
            0.02283867618971856,
            0.012409658867256926,
            0.021800822137397022,
            0.34551756748123785
        ],
        [
            0.0,
            0.0,
            0.07622348001334492,
            0.961631231637321,
            0.02616011651551912,
            0.0,
            0.0,
            0.0,
            0.0,
            0.0,
            0.0,
            0.0,
            0.0,
            0.0,
            0.06903597876212188
        ],
        [
            0.0,
            0.09113369377990131,
            0.0,
            0.0,
            0.0,
            0.9405712300373047,
            0.0,
            0.0,
            0.0,
            0.0,
            0.0,
            0.0012927552945912369,
            0.0,
            0.13484892186914763,
            0.015238320524070852
        ],
        [
            0.0,
            0.0,
            0.0,
            0.0,
            0.0,
            0.0,
            0.0,
            0.0,
            0.831640384596877,
            0.0,
            0.0,
            0.0,
            0.0,
            0.0,
            0.0630391330533186
        ],
        [
            0.0,
            0.0,
            0.0,
            0.023890572319007312,
            0.8947786659585757,
            0.0,
            0.0,
            0.0,
            0.0,
            0.0,
            0.0,
            0.0,
            0.08821144829280049,
            0.0,
            0.016518697499257606
        ]
    ],
    "num_matches": 7,
    "num_GT_boxes": 15,
    "used_labels": [
        "others",
        "tree",
        "flower",
        "bird",
        "duck"
    ]
}