{
    "bboxes": [
        [
            0.4937818603515625,
            0.4646509195963542,
            0.5708494059244792,
            0.5679791259765625
        ],
        [
            0.038539825439453126,
            0.4516650390625,
            0.28622800699869794,
            0.930554443359375
        ],
        [
            0.4047732340494792,
            0.4930904134114583,
            0.49085148111979165,
            0.567764892578125
        ],
        [
            0.5195171305338542,
            0.5858706461588542,
            0.5846767171223959,
            0.6502166341145833
        ],
        [
            0.4667601725260417,
            0.5991482340494791,
            0.5181760660807292,
            0.6502148844401041
        ],
        [
            0.2655962117513021,
            0.4641837158203125,
            0.6651928304036459,
            0.9173260904947916
        ],
        [
            0.0007164180278778076,
            0.35601416015625,
            0.9975791015625,
            0.628543701171875
        ],
        [
            0.7192281087239584,
            0.693538818359375,
            0.9448558756510417,
            0.9175707194010416
        ],
        [
            0.3314779052734375,
            0.5581670735677083,
            0.43697623697916665,
            0.6608865152994792
        ],
        [
            0.7194064127604166,
            0.8157804361979166,
            0.769748291015625,
            0.8752245279947917
        ]
    ],
    "labels": [
        "cow",
        "cat",
        "cow",
        "airplane",
        "airplane",
        "sun",
        "duck",
        "car",
        "flower",
        "airplane"
    ],
    "scores": [
        0.9871652126312256,
        0.983777642250061,
        0.9730386734008789,
        0.9705706238746643,
        0.9647426605224609,
        0.846014678478241,
        0.5934672355651855,
        0.3053990304470062,
        0.26748576760292053,
        0.20296210050582886
    ]
}