{
    "matched_indices": [
        24,
        0,
        5,
        20,
        22,
        9,
        10,
        6,
        2,
        1,
        17,
        23,
        4,
        12,
        3,
        21
    ],
    "iou_matrix": [
        [
            0.012995832070229089,
            0.6957013662975596,
            0.09484747530186773,
            0.0,
            0.0,
            0.0,
            0.0,
            0.0,
            0.0,
            0.0,
            0.0,
            0.001207045407662958,
            0.0,
            0.0,
            0.0,
            0.0
        ],
        [
            0.0,
            0.0,
            0.0,
            0.0,
            0.0,
            0.0,
            0.0,
            0.24812523254869853,
            0.0027353400833942574,
            0.8930144654415146,
            0.0,
            0.0,
            0.0,
            0.0,
            0.0,
            0.226026456875512
        ],
        [
            0.0,
            0.0,
            0.0,
            0.00906604706560006,
            0.0,
            0.0,
            0.054430530586303205,
            0.0848776287969879,
            0.7775743415457779,
            0.0,
            0.0,
            0.0,
            0.0006328344840482357,
            0.0,
            0.0,
            0.04369085468369017
        ],
        [
            0.0,
            0.0,
            0.0,
            0.0,
            0.0,
            0.0,
            0.0,
            0.0,
            0.0,
            0.0,
            0.0,
            0.0,
            0.13472523685100982,
            0.29009952813204287,
            0.8538482942549204,
            0.22708968481690187
        ],
        [
            0.0,
            0.0,
            0.0,
            0.0,
            0.0,
            0.0,
            0.003380713575661668,
            0.0,
            0.0036612688386894084,
            0.0,
            0.0,
            0.0,
            0.962160931213374,
            0.0727645172836845,
            0.14928317365685861,
            0.1832336112930346
        ],
        [
            0.0635301625757825,
            0.09583227951822182,
            0.971797414810361,
            0.0,
            0.0,
            0.0,
            0.0,
            0.0,
            0.0,
            0.0,
            0.0,
            0.0,
            0.0,
            0.0,
            0.0,
            0.0
        ],
        [
            0.0,
            0.0,
            0.0,
            0.0015467963229723503,
            0.0,
            0.0,
            0.012033241464431275,
            0.8101909013894143,
            0.1351452678253143,
            0.16911587800881045,
            0.0,
            0.0,
            0.0,
            0.0,
            0.0,
            0.14048133330747964
        ],
        [
            0.0,
            0.0,
            0.0,
            0.0,
            0.0,
            0.0,
            0.0034118892498283065,
            0.0,
            0.0049415080613333055,
            0.0,
            0.0,
            0.0,
            0.7647712331040458,
            0.10032912840428392,
            0.2618642882546232,
            0.2164286244676764
        ],
        [
            0.0818465769363666,
            0.04563544671875113,
            0.0,
            0.0,
            0.0,
            0.0,
            0.026769635201557476,
            0.0,
            0.0,
            0.0,
            0.0,
            0.7192595125267923,
            0.0,
            0.0,
            0.0,
            0.0
        ],
        [
            0.0,
            0.0648891174500719,
            0.0,
            0.0809449887244156,
            0.0,
            0.33528624124267925,
            0.9241894519559023,
            0.00943992241198191,
            0.05646340761403654,
            0.0,
            0.0,
            0.025012857060929053,
            0.00366105944170212,
            0.0,
            0.0,
            0.0
        ],
        [
            0.0,
            0.06687939368211213,
            0.0,
            0.13301756284844357,
            0.0,
            0.2991950036421986,
            0.9463943279200373,
            0.013011436569917495,
            0.05176576133341407,
            0.0,
            0.0,
            0.024922484792937558,
            0.0038979758703012305,
            0.0,
            0.0,
            0.0
        ],
        [
            0.0,
            0.060824526876187154,
            0.0,
            0.26594696554261643,
            0.0,
            0.2352719395211867,
            0.7559743564515973,
            0.014715602597622977,
            0.041563721171729,
            0.0,
            0.0,
            0.020925274396471665,
            0.0033323401734474704,
            0.0,
            0.0,
            0.0
        ],
        [
            0.0,
            0.0,
            0.0,
            0.0,
            0.0,
            0.0,
            0.0,
            0.0,
            0.0,
            0.0,
            0.058766050498835445,
            0.0,
            0.072228249526736,
            0.8513370295637476,
            0.1885055464451256,
            0.12240258239431809
        ],
        [
            0.0,
            0.0,
            0.0,
            0.0,
            0.0,
            0.05410316721980104,
            0.047935891890295984,
            0.0,
            0.0,
            0.0,
            0.0,
            0.0,
            0.0,
            0.0,
            0.0,
            0.0
        ],
        [
            0.06528856271624597,
            0.238608562366126,
            0.023261205322823966,
            0.10183634138564436,
            0.05759228875083507,
            0.08963314235340927,
            0.2892623316111037,
            0.04418023040948977,
            0.035453271316257216,
            0.04674472058566708,
            0.05183257445330254,
            0.030544356826313884,
            0.03595507146411809,
            0.04232776951322805,
            0.05368174250539739,
            0.17954627464439304
        ],
        [
            0.27558465787761527,
            0.07016283151908707,
            0.03165922651611353,
            0.0,
            0.24555341476835132,
            0.0,
            0.03354576853691697,
            0.0,
            0.0,
            0.0,
            0.21540701137427737,
            0.12946813795526924,
            0.03312489404200877,
            0.1724748578713132,
            0.0599045104134631,
            0.09423623320217538
        ],
        [
            0.0,
            0.0,
            0.0,
            0.05837117371086078,
            0.0,
            0.0,
            0.06570913612457083,
            0.41839199703120644,
            0.45069707311287915,
            0.1070698884348487,
            0.0,
            0.0,
            0.0017771040895997623,
            0.0,
            0.0,
            0.1992175668819342
        ],
        [
            0.0,
            0.0,
            0.0,
            0.0,
            0.17265791050222773,
            0.0,
            0.0,
            0.0,
            0.0,
            0.0,
            0.9667423596021487,
            0.0,
            0.0,
            0.06887776112240171,
            0.0,
            0.0
        ],
        [
            0.44927074583584203,
            0.08627505033245189,
            0.04905566379179194,
            0.0,
            0.276894257019881,
            0.0,
            0.019784707630194562,
            0.0,
            0.0,
            0.0,
            0.06298282232207274,
            0.20937631435299384,
            0.0,
            0.057484661278838625,
            0.004765228230100003,
            0.035673064302735695
        ],
        [
            0.005432942560923356,
            0.0,
            0.0,
            0.0,
            0.18214851865563333,
            0.0,
            0.0,
            0.0,
            0.0,
            0.0,
            0.5042859128600748,
            0.0,
