{
    "matched_indices": [
        3,
        8,
        6,
        2,
        4,
        6,
        10,
        5,
        0,
        6,
        0,
        9,
        6,
        0,
        6,
        5,
        1,
        7,
        5
    ],
    "iou_matrix": [
        [
            0.0,
            0.0,
            0.04075694402066172,
            0.0,
            0.0,
            0.0,
            0.0006872334179110559,
            0.0,
            0.0,
            0.0,
            0.0,
            0.0,
            0.0,
            0.9180736079983147,
            0.0,
            0.0,
            0.0,
            0.0,
            0.0
        ],
        [
            0.0,
            0.0,
            0.040808501823165484,
            0.0,
            0.0,
            0.0,
            0.001065240402551826,
            0.0,
            0.0,
            0.0,
            0.0,
            0.0,
            0.0,
            0.0,
            0.0,
            0.0,
            0.9169137061236957,
            0.004016070467719677,
            0.0
        ],
        [
            0.0,
            0.0,
            0.0,
            0.9528843246637206,
            0.008573025845852674,
            0.0,
            0.0,
            0.022697648970012068,
            0.0,
            0.0,
            0.0,
            0.0,
            0.0,
            0.0,
            0.0,
            0.0,
            0.0,
            0.0,
            0.0
        ],
        [
            0.6465260003907094,
            0.0,
            0.0,
            0.0,
            0.0,
            0.0,
            0.10811351220793951,
            0.06610801172609714,
            0.0,
            0.0,
            0.0,
            0.0,
            0.0,
            0.0,
            0.0,
            0.0,
            0.0,
            0.0,
            0.0
        ],
        [
            0.0,
            0.0,
            0.0,
            0.6527160940026605,
            0.26915114380355454,
            0.0,
            0.0,
            0.04802680769249008,
            0.0,
            0.0,
            0.0,
            0.0,
            0.0,
            0.0,
            0.0,
            0.0,
            0.0,
            0.0,
            0.025942761271814815
        ],
        [
            0.19327703626969303,
            0.0,
            0.10558377729935997,
            0.02125165860866893,
            0.03615470904725693,
            0.0,
            0.05492871776570637,
            0.9840027552412101,
            0.0,
            0.0,
            0.0,
            0.0,
            0.0,
            0.0,
            0.0071787920411812145,
            0.04240398801653798,
            0.0,
            0.0,
            0.033775226781518036
        ],
        [
            0.2107621603391629,
            0.2404892536954425,
            0.18529032241139107,
            0.04200106327283081,
            0.025404138840890034,
            0.06940909986567223,
            0.28596773976153683,
            0.2806787955950289,
            0.0,
            0.007389142492067423,
            0.0,
            0.0,
            0.01752896032750219,
            0.016274534702727453,
            0.0071816734019754976,
            0.021695302235487733,
            0.01627453470272746,
            0.0,
            0.024875829068708447
        ],
        [
            0.0,
            0.0,
            0.08881265170434245,
            0.0,
            0.0,
            0.0,
            0.0,
            0.0,
            0.0,
            0.0,
            0.0,
            0.0,
            0.0,
            0.0,
            0.0,
            0.0055025319252134395,
            0.0021005144256379367,
            0.9393811284777236,
            0.0
        ],
        [
            0.0030396631969561655,
            0.6887058791828841,
            0.0,
            0.0,
            0.0,
            0.0540741214695088,
            0.1866619418699208,
            0.0,
            0.0,
            0.0,
            0.0,
            0.0,
            0.0,
            0.0,
            0.0,
            0.0,
            0.0,
            0.0,
            0.0
        ],
        [
            0.0,
            0.0,
            0.0043955341001776305,
            0.0,
            0.0,
            0.0,
            0.0,
            0.0,
            0.0,
            0.0,
            0.0,
            0.8723390816447946,
            0.0,
            0.0,
            0.0,
            0.0,
            0.0,
            0.0,
            0.0
        ],
        [
            0.1747779800038985,
            0.21744772009377478,
            0.05396507835260383,
            0.0,
            0.0,
            0.018932290980826542,
            0.94598421886455,
            0.05099703882027927,
            0.0,
            0.0,
            0.0,
            0.0,
            0.0,
            0.0,
            0.0,
            0.0009555922771319975,
            0.0,
            0.0,
            0.028728462088228202
        ]
    ],
    "num_matches": 9,
    "num_GT_boxes": 19,
    "used_labels": [
        "grape",
        "others",
        "tree",
        "banana",
        "picnic rug",
        "grass",
        "cup",
        "people",
        "apple"
    ]
}