{
    "matched_indices": [
        6,
        5,
        7,
        0,
        3,
        2,
        1,
        4
    ],
    "iou_matrix": [
        [
            0.0,
            0.0,
            0.0,
            0.9421383886204363,
            0.0,
            0.0,
            0.014738729094162295,
            0.0
        ],
        [
            0.0,
            0.0,
            0.0,
            0.014358618328368636,
            0.039996649701307015,
            0.0,
            0.9803725151316334,
            0.21534741736539456
        ],
        [
            0.0,
            0.0,
            0.0,
            0.0028439848623279754,
            0.0,
            0.9882940540171633,
            0.0,
            0.0
        ],
        [
            0.0,
            0.0,
            0.0,
            0.0,
            0.9794186215546002,
            0.0,
            0.040672392639731644,
            0.0
        ],
        [
            0.0,
            0.0,
            0.0,
            0.0,
            0.0,
            0.0,
            0.21453299942890172,
            0.963190739204984
        ],
        [
            0.0,
            0.9354494169508962,
            0.0,
            0.0,
            0.0,
            0.0,
            0.0,
            0.0
        ],
        [
            0.9222585282670922,
            0.0,
            0.0,
            0.0,
            0.0,
            0.0,
            0.0,
            0.0
        ],
        [
            0.0,
            0.0,
            0.9294891945035598,
            0.0,
            0.0,
            0.0,
            0.0,
            0.0
        ],
        [
            0.014448351039834266,
            0.01528791738404084,
            0.018509509169949843,
            0.1675325352666188,
            0.07462378064087373,
            0.11281428690292214,
            0.022806727207725495,
            0.0
        ],
        [
            0.0,
            0.0,
            0.0,
            0.9421383886204363,
            0.0,
            0.0,
            0.014738729094162295,
            0.0
        ],
        [
            0.0,
            0.0,
            0.0,
            0.0,
            0.9794186215546002,
            0.0,
            0.040672392639731644,
            0.0
        ]
    ],
    "num_matches": 8,
    "num_GT_boxes": 8,
    "used_labels": [
        "road",
        "bus",
        "house",
        "cloud"
    ]
}