{
    "bboxes": [
        [
            0.22628643798828124,
            0.505573486328125,
            0.3446827392578125,
            0.5841420491536459
        ],
        [
            0.252146484375,
            0.45197318522135416,
            0.344509033203125,
            0.5175186360677083
        ],
        [
            0.6666560872395834,
            0.38493155924479167,
            0.7565332845052083,
            0.5015079752604167
        ],
        [
            0.2925484619140625,
            0.5053906656901042,
            0.3980480550130208,
            0.6107100423177083
        ],
        [
            0.4799764404296875,
            0.6922855631510416,
            0.7179591471354166,
            0.91776806640625
        ],
        [
            0.373810302734375,
            0.15892860921223959,
            0.51672216796875,
            0.35252018229166665
        ],
        [
            0.11789231363932291,
            0.30721059163411457,
            0.8470263671875,
            0.8319197591145834
        ],
        [
            0.0002226680318514506,
            0.47884480794270834,
            0.22504538981119793,
            0.8778546549479167
        ],
        [
            0.05193968709309896,
            0.2651866658528646,
            0.2898493245442708,
            0.443135009765625
        ],
        [
            0.146056640625,
            0.8253379720052083,
            0.3438979899088542,
            0.9710003255208334
        ],
        [
            0.4125240071614583,
            0.35863033040364584,
            0.5951814371744791,
            0.42749702962239583
        ]
    ],
    "labels": [
        "balloon",
        "balloon",
        "cow",
        "balloon",
        "dinnerware",
        "cat",
        "sun",
        "cat",
        "fence",
        "banana",
        "car"
    ],
    "scores": [
        0.9870548248291016,
        0.9855037331581116,
        0.9852268695831299,
        0.9844710826873779,
        0.9553244113922119,
        0.9465314149856567,
        0.9140493273735046,
        0.5048336982727051,
        0.43808311223983765,
        0.22542555630207062,
        0.2027612179517746
    ]
}