{
    "matched_indices": [
        0,
        0,
        3,
        5,
        3,
        3,
        0,
        1,
        0,
        0,
        0,
        4,
        0,
        0,
        0,
        2,
        3,
        2,
        4,
        0,
        1
    ],
    "iou_matrix": [
        [
            0.0,
            0.0,
            0.0,
            0.0,
            0.0,
            0.0,
            0.0,
            0.015585283257700411,
            0.9807210602896557,
            0.0,
            0.0,
            0.0,
            0.0,
            0.011945220332241229,
            0.0,
            0.0,
            0.0,
            0.0,
            0.0,
            0.0,
            0.043730481595408696
        ],
        [
            0.0,
            0.0,
            0.0,
            0.0,
            0.0,
            0.008159655832715619,
            0.0,
            0.9608640758240719,
            0.01449757929340498,
            0.0,
            0.0,
            0.0,
            0.0,
            0.0,
            0.0,
            0.0,
            0.0,
            0.0,
            0.0,
            0.0,
            0.07630349389857792
        ],
        [
            0.0,
            0.0,
            0.0,
            0.0,
            0.0,
            0.0,
            0.0,
            0.0,
            0.0,
            0.0,
            0.0,
            0.0,
            0.0,
            0.0,
            0.0,
            0.9772003813740487,
            0.0,
            0.05628771457393399,
            0.07657241844100918,
            0.0,
            0.0
        ],
        [
            0.0,
            0.0,
            0.01456006265580262,
            0.0,
            0.054996405991719156,
            0.7117178763009723,
            0.0,
            0.00913387355659739,
            0.0,
            0.0,
            0.0,
            0.0,
            0.0,
            0.0,
            0.0,
            0.0,
            0.06984524049396995,
            0.013969833009249009,
            0.0,
            0.0,
            0.009894008748565648
        ],
        [
            0.0,
            0.0,
            0.0,
            0.0,
            0.0,
            0.0,
            0.0,
            0.0,
            0.0,
            0.0,
            0.0,
            0.02010108140339603,
            0.0,
            0.0,
            0.0,
            0.043029472778730406,
            0.0,
            0.0,
            0.9151224222293199,
            0.0,
            0.0
        ],
        [
            0.0,
            0.0,
            0.0,
            0.9446048723967606,
            0.0,
            0.0,
            0.0,
            0.0,
            0.0,
            0.0,
            0.0,
            0.0,
            0.0,
            0.0,
            0.0,
            0.0,
            0.0,
            0.0,
            0.0,
            0.0,
            0.0
        ]
    ],
    "num_matches": 6,
    "num_GT_boxes": 21,
    "used_labels": [
        "airplane",
        "apple",
        "balloon",
        "banana",
        "basket",
        "bee",
        "bench",
        "bicycle",
        "bird",
        "bottle",
        "bucket",
        "bus",
        "butterfly",
        "car",
        "cat",
        "chair",
        "chicken",
        "cloud",
        "cow",
        "cup",
        "dinnerware",
        "dog",
        "duck",
        "fence",
        "flower",
        "grape",
        "grass",
        "horse",
        "house",
        "moon",
        "mountain",
        "people",
        "picnic rug",
        "pig",
        "rabbit",
        "road",
        "sheep",
        "sofa",
        "star",
        "street lamp",
        "sun",
        "table",
        "tree",
        "truck",
        "umbrella",
        "others"
    ]
}