{
    "bboxes": [
        [
            0.03728085581461588,
            0.6746395670572917,
            0.3191681315104167,
            0.9196312662760416
        ],
        [
            0.23248836263020833,
            0.44428812662760414,
            0.6886610514322916,
            0.8491122233072916
        ],
        [
            0.730403076171875,
            0.30155387369791664,
            0.9995592447916667,
            0.69087890625
        ],
        [
            0.5511518961588542,
            0.32976308186848957,
            0.6807213948567709,
            0.6625124104817708
        ],
        [
            0.0007760821978251139,
            0.13024539184570313,
            0.5063983968098958,
            0.45173388671875
        ],
        [
            0.0854117940266927,
            0.3324180094401042,
            0.29700602213541666,
            0.75913525390625
        ],
        [
            0.3445501708984375,
            0.3726205240885417,
            0.5055704752604167,
            0.558529296875
        ],
        [
            0.7199605305989584,
            0.6051771240234375,
            0.9288682454427083,
            0.9700840657552083
        ],
        [
            0.5313041178385417,
            0.6507579345703125,
            0.706243896484375,
            0.8001448567708334
        ],
        [
            0.5313041178385417,
            0.6507579345703125,
            0.706243896484375,
            0.8001448567708334
        ],
        [
            0.22455279541015624,
            0.3717862548828125,
            0.5061993815104167,
            0.5590990397135417
        ]
    ],
    "labels": [
        "chair",
        "people",
        "dog",
        "cat",
        "dog",
        "sofa",
        "table",
        "sofa",
        "table",
        "chair",
        "table"
    ],
    "scores": [
        0.8115710616111755,
        0.7925599813461304,
        0.7249094843864441,
        0.6895883679389954,
        0.6454344987869263,
        0.6406129598617554,
        0.5253192782402039,
        0.5161424279212952,
        0.40125444531440735,
        0.37663790583610535,
        0.27192553877830505
    ]
}