{
    "matched_indices": [
        0,
        0,
        0,
        0,
        2,
        2,
        2,
        0,
        0,
        0,
        2,
        1,
        0,
        1,
        2,
        1,
        3,
        0,
        0,
        0,
        0
    ],
    "iou_matrix": [
        [
            0.0,
            0.0,
            0.0,
            0.0,
            0.0,
            0.0,
            0.0,
            0.0,
            0.08364126120994869,
            0.10127298347674872,
            0.0,
            0.0,
            0.9679244165615712,
            0.0,
            0.0,
            0.0,
            0.0,
            0.0,
            0.0,
            0.0,
            0.0
        ],
        [
            0.0,
            0.0,
            0.0,
            0.0,
            0.0,
            0.0,
            0.0,
            0.0,
            0.019062124160891286,
            0.0,
            0.055400683450597156,
            0.9800744519401501,
            0.0,
            0.01111994074910534,
            0.0,
            0.020090392240262166,
            0.0,
            0.0,
            0.0,
            0.0,
            0.0
        ],
        [
            0.0,
            0.0,
            0.0,
            0.0,
            0.08104546567091352,
            0.07188434912964313,
            0.02146597790813754,
            0.0,
            0.0,
            0.0,
            0.8922267752733278,
            0.028151438600971922,
            0.0,
            0.0,
            0.009752193792728705,
            0.0,
            0.0,
            0.0,
            0.0,
            0.0,
            0.0
        ],
        [
            0.0,
            0.0,
            0.0,
            0.0,
            0.0,
            0.0,
            0.0,
            0.0,
            0.0,
            0.0,
            0.0,
            0.0,
            0.0,
            0.0,
            0.0,
            0.0,
            0.9881152426269026,
            0.0,
            0.0,
            0.0,
            0.0
        ]
    ],
    "num_matches": 4,
    "num_GT_boxes": 21,
    "used_labels": [
        "house",
        "tree",
        "sheep",
        "cloud",
        "cow",
        "fence"
    ]
}