{
    "mean_iou": 0.9252421172933812,
    "mean_dice": 0.9606316443285087,
    "missed_matches": 1,
    "total_matches": 7,
    "success_rate": 0.8571428571428571,
    "time": "2024-10-11 01:09:49"
}