{
    "bboxes": [
        [
            0.6916090494791667,
            0.5720080159505209,
            0.8648004557291666,
            0.771042236328125
        ],
        [
            0.0007690786520640055,
            0.19984344482421876,
            0.2645626220703125,
            0.7575831705729167
        ],
        [
            0.438574462890625,
            0.21131327311197917,
            0.690046630859375,
            0.771141845703125
        ],
        [
            0.7449755859375,
            0.23959285481770834,
            0.997659912109375,
            0.7971167805989583
        ],
        [
            0.6792044677734375,
            0.2174029541015625,
            0.7447618001302083,
            0.30222648111979167
        ]
    ],
    "labels": [
        "dinnerware",
        "tree",
        "tree",
        "tree",
        "sofa"
    ],
    "scores": [
        0.9740618467330933,
        0.3915402889251709,
        0.3484397828578949,
        0.33900320529937744,
        0.25986409187316895
    ]
}