{
    "mean_iou": 0.3811961541605353,
    "mean_dice": 0.395929446484994,
    "missed_matches": 11,
    "total_matches": 19,
    "success_rate": 0.42105263157894735,
    "time": "2024-09-22 20:58:49"
}