{
    "matched_indices": [
        0,
        0,
        0,
        1,
        4,
        2,
        0,
        2,
        0,
        3,
        0
    ],
    "iou_matrix": [
        [
            0.13465815027204908,
            0.00763591385771028,
            0.71233230969827,
            0.005029647766829775,
            0.0,
            0.0,
            0.0,
            0.0,
            0.009402702237493931,
            0.02992965829356514,
            0.0
        ],
        [
            0.0,
            0.0,
            0.005010772952368886,
            0.9651268928788314,
            0.0,
            0.0,
            0.0,
            0.0,
            0.0,
            0.0,
            0.0
        ],
        [
            0.0,
            0.0,
            0.11024161796217302,
            0.0,
            0.0,
            0.021483742207769736,
            0.0,
            0.020921735355695283,
            0.0,
            0.0,
            0.0
        ],
        [
            0.0,
            0.0,
            0.022470924222662475,
            0.0,
            0.0,
            0.0,
            0.0,
            0.0,
            0.0,
            0.972198090732991,
            0.0
        ],
        [
            0.0,
            0.0,
            0.02951106680171696,
            0.0,
            0.9646597695220159,
            0.0,
            0.0,
            0.0,
            0.0,
            0.0,
            0.0
        ]
    ],
    "num_matches": 4,
    "num_GT_boxes": 11,
    "used_labels": [
        "airplane",
        "apple",
        "balloon",
        "banana",
        "basket",
        "bee",
        "bench",
        "bicycle",
        "bird",
        "bottle",
        "bucket",
        "bus",
        "butterfly",
        "car",
        "cat",
        "chair",
        "chicken",
        "cloud",
        "cow",
        "cup",
        "dinnerware",
        "dog",
        "duck",
        "fence",
        "flower",
        "grape",
        "grass",
        "horse",
        "house",
        "moon",
        "mountain",
        "people",
        "picnic rug",
        "pig",
        "rabbit",
        "road",
        "sheep",
        "sofa",
        "star",
        "street lamp",
        "sun",
        "table",
        "tree",
        "truck",
        "umbrella",
        "others"
    ]
}