{
    "matched_indices": [
        3,
        5,
        1,
        0,
        2,
        7,
        6
    ],
    "iou_matrix": [
        [
            0.0,
            0.0,
            0.016407378055784936,
            0.9835098188169722,
            0.0,
            0.0,
            0.0
        ],
        [
            0.12064909088944074,
            0.14298335834255013,
            0.9452659697107271,
            0.019554001881205596,
            0.0,
            0.048629135922442654,
            0.08634052771099104
        ],
        [
            0.0,
            0.0,
            0.0,
            0.0,
            0.986705417994882,
            0.0,
            0.0
        ],
        [
            0.9877869657784769,
            0.0,
            0.13341496943393868,
            0.0,
            0.0,
            0.02276755257144519,
            0.0
        ],
        [
            0.021280073947441455,
            0.0,
            0.03630771250487099,
            0.0,
            0.0,
            0.7584073611845205,
            0.0
        ],
        [
            0.0,
            0.9797740538411545,
            0.14067409680989235,
            0.0,
            0.0,
            0.0,
            0.10953214777818455
        ],
        [
            0.0,
            0.2231767937239373,
            0.2033191467767592,
            0.0,
            0.0,
            0.0,
            0.1447000690446456
        ],
        [
            0.022692420599776397,
            0.0,
            0.04820289485947746,
            0.0,
            0.0,
            0.9784903003509993,
            0.0
        ],
        [
            0.19337292199969325,
            0.07124821807300631,
            0.3065120041465627,
            0.03254994734299779,
            0.05625329229248096,
            0.014466643263554577,
            0.04073951691906376
        ],
        [
            0.0,
            0.9797740538411545,
            0.14067409680989235,
            0.0,
            0.0,
            0.0,
            0.10953214777818455
        ]
    ],
    "num_matches": 6,
    "num_matches_with_correct_class": 1,
    "num_GT_boxes": 7,
    "used_labels": [
        "dog",
        "tree",
        "house",
        "sun",
        "road",
        "cat"
    ],
    "map_score": 0.061716172844171524
}