{
    "matched_indices": [
        10,
        10,
        9,
        8,
        0,
        5,
        7,
        6,
        3,
        1,
        8
    ],
    "iou_matrix": [
        [
            0.0,
            0.0,
            0.030539515522583768,
            0.0,
            0.9731188380340418,
            0.0,
            0.0,
            0.0,
            0.0,
            0.0,
            0.0
        ],
        [
            0.0,
            0.0,
            0.023074869933853194,
            0.0,
            0.0,
            0.0,
            0.0,
            0.0,
            0.0,
            0.9830761576157219,
            0.0
        ],
        [
            0.0,
            0.0,
            0.11281618947957098,
            0.0,
            0.0,
            0.021996859401042228,
            0.0,
            0.021981226681045206,
            0.0,
            0.0,
            0.0
        ],
        [
            6.750588296494068e-05,
            0.0,
            0.008128997289836019,
            0.0,
            0.0,
            0.0,
            0.0,
            0.0,
            0.9344730397770274,
            0.0,
            0.0
        ],
        [
            0.13805564257750147,
            0.007788860419376754,
            0.7003125292858705,
            0.0012666314636831457,
            0.0,
            0.0,
            0.0,
            0.0,
            0.007108886522109739,
            0.028448305993359114,
            0.0
        ],
        [
            0.0,
            0.0,
            0.013977318815540483,
            0.0,
            0.0,
            0.9552682708299137,
            0.0,
            0.0,
            0.0,
            0.0,
            0.0
        ],
        [
            0.0,
            0.0,
            0.008507006538537714,
            0.0,
            0.0,
            0.0,
            0.0,
            0.9219440712722855,
            0.0,
            0.0,
            0.0
        ],
        [
            0.0,
            0.0,
            0.006886978354800075,
            0.0,
            0.0,
            0.0,
            0.9525651431956838,
            0.0,
            0.0,
            0.0,
            0.0
        ],
        [
            0.0,
            0.010557722365198448,
            0.061318257545931246,
            0.10494591599962662,
            0.0,
            0.0,
            0.0,
            0.0,
            0.04540796031171216,
            0.1148148818021483,
            0.1461746687137658
        ],
        [
            0.11716397636533894,
            0.005478904640576919,
            0.9740896159308077,
            0.0022931686644188072,
            0.03130876706065344,
            0.01383346667712719,
            0.007220612142256927,
            0.00865102597824188,
            0.0059312571813746225,
            0.021825905319987876,
            0.0
        ],
        [
            0.9185575152902942,
            0.048682395357138725,
            0.12614959838078577,
            0.0,
            0.0,
            0.0,
            0.0,
            0.0,
            0.008013882560159209,
            0.0,
            0.0
        ],
        [
            5.466090255011044e-05,
            0.0,
            0.008115388815053595,
            0.0,
            0.0,
            0.0,
            0.0,
            0.0,
            0.933362597408925,
            0.0,
            0.0
        ]
    ],
    "true_pos": 8,
    "false_pos": 4,
    "unmatched": 3,
    "num_GT_boxes": 11,
    "used_labels": [
        "road",
        "tree",
        "house",
        "table",
        "people",
        "cloud",
        "sun",
        "grass"
    ]
}