{
    "matched_indices": [
        17,
        8,
        11,
        15,
        12,
        13,
        10,
        9,
        5,
        7,
        3,
        2,
        1,
        0,
        6,
        4,
        16
    ],
    "iou_matrix": [
        [
            0.0,
            0.0,
            0.0,
            0.0,
            0.0,
            0.0,
            0.0,
            0.0,
            0.0,
            0.0,
            0.0,
            0.0,
            0.0,
            0.9741445019128899,
            0.0,
            0.0,
            0.0
        ],
        [
            0.0,
            0.0,
            0.0,
            0.0,
            0.0,
            0.0,
            0.0,
            0.0,
            0.0,
            0.0,
            0.0,
            0.0,
            0.9715777244671083,
            0.0,
            0.0,
            0.0,
            0.0
        ],
        [
            0.0,
            0.0,
            0.008860594646337943,
            0.0,
            0.0,
            0.0,
            0.0,
            0.0,
            0.0,
            0.0,
            0.0,
            0.9652644839988459,
            0.0,
            0.0,
            0.0,
            0.0,
            0.0
        ],
        [
            0.014408489203502052,
            0.02885224072363323,
            0.0,
            0.0,
            0.0,
            0.0,
            0.0,
            0.0,
            0.0,
            0.0,
            0.9555877694023329,
            0.0,
            0.0,
            0.0,
            0.0,
            0.0,
            0.010068596998236397
        ],
        [
            0.0,
            0.02074630644408679,
            0.029131000741301018,
            0.0,
            0.0,
            0.0,
            0.0,
            0.0,
            0.0,
            0.0,
            0.0,
            0.0,
            0.0,
            0.0,
            0.0,
            0.9498421017299561,
            0.00723986052897179
        ],
        [
            0.021274672538293276,
            0.0,
            0.0,
            0.0,
            0.0,
            0.0,
            0.0,
            0.0,
            0.9437341152549565,
            0.08589443971119388,
            0.0,
            0.0,
            0.0,
            0.0,
            0.0,
            0.0,
            0.014866659580482467
        ],
        [
            0.0,
            0.0,
            0.0,
            0.0,
            0.0,
            0.0,
            0.0,
            0.0,
            0.0,
            0.0,
            0.0,
            0.0,
            0.0,
            0.0,
            0.9792185695586344,
            0.0,
            0.0
        ],
        [
            0.024641467132485082,
            0.0,
            0.0,
            0.0,
            0.0,
            0.030205031325466973,
            0.0,
            0.0,
            0.0984093508609495,
            0.9660995207629939,
            0.0,
            0.0,
            0.0,
            0.0,
            0.0,
            0.0,
            0.017219362731102788
        ],
        [
            0.11281425044607934,
            0.9932515059766456,
            0.1842086993141734,
            0.04467556094687805,
            0.041082406991487325,
            0.0,
            0.0,
            0.0,
            0.0,
            0.0,
            0.029872188708173552,
            0.0,
            0.0,
            0.0,
            0.0,
            0.02112959014685023,
            0.2700522635583218
        ],
        [
            0.005107731121062017,
            0.0,
            0.0,
            0.0,
            0.2467177782417374,
            0.07070666387187896,
            0.0,
            0.911018034903406,
            0.0,
            0.0002756129876255831,
            0.0,
            0.0,
            0.0,
            0.0,
            0.0,
            0.0,
            0.056730920680908584
        ],
        [
            0.0,
            0.0,
            0.03026218228718729,
            0.32565376460340617,
            0.0,
            0.0,
            0.8693607819885665,
            0.0,
            0.0,
            0.0,
            0.0,
            0.0,
            0.0,
            0.0,
            0.0,
            0.0,
            0.05468489987926865
        ],
        [
            0.0,
            0.18155147192623367,
            0.9464119844502421,
            0.10054583017987664,
            0.0,
            0.0,
            0.061505851957007314,
            0.0,
            0.0,
            0.0,
            0.0,
            0.009166160562470056,
            0.0,
            0.0,
            0.0,
            0.028556083964724775,
            0.17634520878305726
        ],
        [
            0.008295827244604216,
            0.05767420526494427,
            0.0,
            0.0,
            0.6860508450153993,
            0.020435883568872912,
            0.0,
            0.29399601984706647,
            0.0,
            0.0,
            0.0,
            0.0,
            0.0,
            0.0,
            0.0,
            0.0,
            0.15889658230012027
        ],
        [
            0.04090766509371064,
            0.0,
            0.0,
            0.0,
            0.30843158007925,
            0.6927123213409673,
            0.0,
            0.19396964075836398,
            0.0,
            0.06048541258635981,
            0.0,
            0.0,
            0.0,
            0.0,
            0.0,
            0.0,
            0.10670110974843924
        ],
        [
            0.031778752203863496,
            0.0,
            0.0,
            0.0,
            0.15215059306838286,
            0.5724044727228661,
            0.0,
            0.0,
            0.0,
            0.0,
            0.0,
            0.0,
            0.0,
            0.0,
            0.0,
            0.0,
            0.06421027893844
        ],
        [
            0.0,
            0.04701801479506889,
            0.06987734455247342,
            0.9867622538018811,
            0.0,
            0.0,
            0.37189379127574645,
            0.0,
            0.0,
            0.0,
            0.0,
            0.0,
            0.0,
            0.0,
            0.0,
            0.0,
            0.16584867703046094
        ],
        [
            0.16416479604274395,
            0.2743581710851417,
            0.16631445690027213,
            0.1670568345067526,
            0.21217873123346145,
            0.11448524424874928,
            0.06229758718786711,
            0.061745133427726855,
            0.015716943054330468,
            0.017962220633520525,
            0.010477962036220315,
            0.0,
            0.0,
            0.0,
            0.0,
            0.007484258597300237,
            0.991318882306962
        ],
        [
            0.9727469761496693,
            0.11725703773615652,
            0.0,
            0.0,
            0.017693525707950002,
            0.0669302409806998,
            0.0,
            0.011849787613361432,
            0.021862665228356837,
            0.02498590311812209,
            0.014575110152237896,
            0.0,
            0.0,
            0.0,
            0.0,
            0.0,
            0.17453276633147832
        ],
        [
            0.9054960220050755,
            0.12274326889197898,
            0.0,
            0.0,
            0.07484731591875275,
            0.08905377442760044,
            0.0,
            0.03136578560581221,
            0.020289030574640234,
            0.023187463513874542,
            0.013526020383093494,
            0.0,
            0.0,
            0.0,
            0.0,
            0.0,
            0.21115623405471126
        ],
        [
            0.797063918895032,
            0.11102522625570357,
            0.0,
            0.0,
            0.1850904762402705,
            0.12712333821878244,
            0.0,
            0.0644597631091858,
            0.017846352549452518,
            0.020395831485088584,
