{
    "matched_indices": [
        7,
        7,
        1,
        0,
        2,
        4,
        3,
        5,
        7,
        6,
        0
    ],
    "iou_matrix": [
        [
            0.0,
            0.0,
            0.005757353106690825,
            0.8916681141798377,
            0.0,
            0.0,
            0.0,
            0.0,
            0.0,
            0.0,
            0.0
        ],
        [
            0.12165864562160963,
            0.006055169917383529,
            0.9643007785814501,
            0.0014409922410573246,
            0.031388715807884084,
            0.013831059679743843,
            0.007249100148210882,
            0.008652547656829459,
            0.005394827842997881,
            0.021269075550725495,
            0.0
        ],
        [
            0.0,
            0.0,
            0.031866089235631494,
            0.0,
            0.9496980577770523,
            0.0,
            0.0,
            0.0,
            0.0,
            0.0,
            0.0
        ],
        [
            0.0,
            0.0,
            0.007997411475846072,
            0.0,
            0.0,
            0.0,
            0.8464987364473789,
            0.0,
            0.0,
            0.0,
            0.0
        ],
        [
            0.0,
            0.0,
            0.015701658250796353,
            0.0,
            0.0,
            0.852545155993432,
            0.0,
            0.0,
            0.0,
            0.0,
            0.0
        ],
        [
            0.0,
            0.0,
            0.009707248018657449,
            0.0,
            0.0,
            0.0,
            0.0,
            0.8362516329294455,
            0.0,
            0.0,
            0.0
        ],
        [
            0.0,
            0.0,
            0.023689097980548864,
            0.00031492591367877215,
            0.0,
            0.0,
            0.0,
            0.0,
            0.0,
            0.9301717943693252,
            0.0
        ],
        [
            0.891561004144113,
            0.04791224038503231,
            0.13048892331130788,
            0.0,
            0.0,
            0.0,
            0.0,
            0.0,
            0.010418755477952327,
            0.0,
            0.0
        ]
    ],
    "num_matches": 8,
    "num_GT_boxes": 11,
    "used_labels": [
        "table",
        "house",
        "sun",
        "cloud",
        "people",
        "tree",
        "road",
        "grass"
    ]
}