{
    "matched_indices": [
        9,
        5,
        8,
        11,
        4,
        7,
        0,
        2,
        6,
        3,
        1,
        10,
        10,
        10,
        4,
        7,
        10
    ],
    "iou_matrix": [
        [
            0.0,
            0.0,
            0.0,
            0.0,
            0.0,
            0.0,
            0.9883164815156671,
            0.0,
            0.0,
            0.0,
            0.0,
            0.02120310031141022,
            0.0,
            0.0,
            0.0,
            0.0,
            0.2947175104625455
        ],
        [
            0.01810291926925305,
            0.0,
            0.0,
            0.0,
            0.058168194689531674,
            0.0,
            0.0,
            0.0,
            0.0,
            0.0,
            0.9731631302026409,
            0.0,
            0.0,
            0.0,
            0.0,
            0.0,
            0.0013954498833717301
        ],
        [
            0.0,
            0.0,
            0.0,
            0.0,
            0.0,
            0.0824969495430174,
            0.0,
            0.9870147515382419,
            0.0,
            0.0,
            0.0,
            0.0,
            0.0,
            0.0,
            0.0,
            0.0,
            0.0
        ],
        [
            0.0,
            0.0,
            0.0,
            0.0,
            0.0,
            0.0,
            0.0,
            0.0,
            0.0,
            0.9854099604615363,
            0.0,
            0.0,
            0.0,
            0.0,
            0.0,
            0.0,
            0.10445614797768517
        ],
        [
            0.3389900672917558,
            0.0,
            0.01985929762751069,
            0.0,
            0.9958686508787837,
            0.0,
            0.0,
            0.0,
            0.07207803521042393,
            0.0,
            0.05950300672753151,
            0.0,
            0.0,
            0.0,
            0.0017776196022347619,
            0.0,
            0.0473994594115101
        ],
        [
            0.05326052060577688,
            0.9787041869704467,
            0.0,
            0.09160910452800422,
            0.0,
            0.0,
            0.0,
            0.0,
            0.0,
            0.0,
            0.0,
            0.0,
            0.0,
            0.0,
            0.0,
            0.0,
            0.0
        ],
        [
            0.013527888940699964,
            0.0,
            0.0,
            0.0,
            0.07253984838738171,
            0.0,
            0.0,
            0.0,
            0.990575151309285,
            0.0,
            0.0,
            0.0,
            0.0,
            0.0,
            0.0,
            0.0,
            0.03778765464390413
        ],
        [
            0.1379854526695259,
            0.0,
            0.0,
            0.0,
            0.0,
            0.9766403523454363,
            0.0,
            0.07897474702566655,
            0.0,
            0.0,
            0.0,
            0.0,
            0.0,
            0.0,
            0.0,
            0.011422491796584259,
            0.006311955164553278
        ],
        [
            0.0,
            0.0,
            0.9773352224226057,
            0.0,
            0.01883993263014195,
            0.0,
            0.0,
            0.0,
            0.0,
            0.0,
            0.0,
            0.0,
            0.0,
            0.0,
            0.0,
            0.0,
            0.0
        ],
        [
            0.4352903590789896,
            0.09884057348021115,
            0.04996439180348238,
            0.06822193051212293,
            0.2517315178117205,
            0.030471864417325283,
            0.0,
            0.0,
            0.0,
            0.0,
            0.0,
            0.0,
            0.0,
            0.0,
            0.0,
            0.0,
            0.0
        ],
        [
            0.0,
            0.0,
            0.0,
            0.0,
            0.05256547296364445,
            0.0061228030573338265,
            0.2934998351796087,
            0.0,
            0.03960927313902191,
            0.10590434964204858,
            0.003722409379179578,
            0.023386849877429037,
            0.005973985877493495,
            0.012050971511495485,
            0.0011197793812505515,
            0.0,
            0.98018138675146
        ],
        [
            0.06895947187211258,
            0.09592281644441798,
            0.0,
            0.9682488229337836,
            0.0,
            0.0,
            0.0,
            0.0,
            0.0,
            0.0,
            0.0,
            0.0,
            0.0,
            0.0,
            0.0,
            0.0,
            0.0
        ],
        [
            0.06888560954434386,
            0.0,
            0.016783335258271456,
            0.0,
            0.2007848850402937,
            0.0,
            0.0,
            0.0,
            0.0,
            0.0,
            0.0,
            0.0,
            0.0,
            0.0,
            0.0,
            0.0,
            0.0
        ],
        [
            0.18891638004126252,
            0.0,
            0.0,
            0.0,
            0.13575532555950284,
            0.2360070617904074,
            0.13759150757133973,
            0.07795708911325658,
            0.02964360193313182,
            0.04992555529507968,
            0.01529522458466261,
            0.01080631339960142,
            0.0028162635743188276,
            0.005681083417160388,
            0.0013838536528980492,
            0.0027458569849608608,
            0.4616132908647612
        ]
    ],
    "true_pos": 11,
    "false_pos": 3,
    "unmatched": 6,
    "num_GT_boxes": 17,
    "used_labels": [
        "tree",
        "car",
        "dog",
        "people",
        "cloud",
        "road",
        "mountain",
        "sun",
        "grass"
    ]
}