{
    "bboxes": [
        [
            0.4253961181640625,
            0.6613778483072916,
            0.9999999186197917,
            0.9984424641927083
        ],
        [
            0.2131557820638021,
            0.15805506388346355,
            0.810385986328125,
            0.8181337890625
        ],
        [
            0.055378763834635414,
            0.5991131998697916,
            0.22305106608072917,
            0.8229927571614584
        ],
        [
            0.115307373046875,
            0.22227284749348958,
            0.2141431681315104,
            0.6654553629557292
        ],
        [
            0.115307373046875,
            0.22227284749348958,
            0.2141431681315104,
            0.6654553629557292
        ],
        [
            0.7865341796875,
            0.20766845703125,
            0.892666015625,
            0.6528419189453125
        ],
        [
            0.7865341796875,
            0.20766845703125,
            0.892666015625,
            0.6528419189453125
        ],
        [
            0.71972998046875,
            0.0005824118455251058,
            0.9459490559895833,
            0.11852780151367187
        ],
        [
            0.025821566263834635,
            0.0002997740904490153,
            0.39813688151041665,
            0.2322215576171875
        ],
        [
            0.41161808268229166,
            0.012970521291097005,
            0.5985463460286459,
            0.14218197631835938
        ],
        [
            0.0029944181442260742,
            0.001093178908030192,
            0.39856058756510415,
            0.35855684407552085
        ],
        [
            0.05497087605794271,
            0.5995640869140625,
            0.15572226969401043,
            0.8227145182291666
        ],
        [
            0.021189257303873697,
            0.0,
            0.39548042805989586,
            0.6664184163411458
        ],
        [
            0.0029944181442260742,
            0.001093178908030192,
            0.39856058756510415,
            0.35855684407552085
        ]
    ],
    "labels": [
        "truck",
        "people",
        "people",
        "street lamp",
        "tree",
        "street lamp",
        "tree",
        "cloud",
        "house",
        "cloud",
        "house",
        "people",
        "house",
        "mountain"
    ],
    "scores": [
        0.8530870676040649,
        0.6736978888511658,
        0.6384584903717041,
        0.5356494784355164,
        0.5352773070335388,
        0.4385386109352112,
        0.43427225947380066,
        0.2842363119125366,
        0.2748970687389374,
        0.26737114787101746,
        0.2590816020965576,
        0.21238350868225098,
        0.20961236953735352,
        0.20796623826026917
    ]
}