{
    "bboxes": [
        [
            0.011982842763264974,
            0.22527974446614582,
            0.2755102945963542,
            0.49081547037760415
        ],
        [
            0.0006729662418365479,
            0.48917041015625,
            0.9988665364583333,
            0.732672119140625
        ],
        [
            0.6261551920572916,
            0.5324893391927084,
            0.9568876953125,
            0.9048118489583333
        ],
        [
            0.30780987548828126,
            0.31870005289713543,
            0.5711983642578125,
            0.5078478597005208
        ],
        [
            0.57243408203125,
            0.3718896891276042,
            0.7064773763020833,
            0.47748307291666664
        ],
        [
            0.27901420084635414,
            0.06459927368164063,
            0.42514359537760416,
            0.21024222819010416
        ],
        [
            0.6455489095052084,
            0.0021528302828470866,
            0.999370361328125,
            0.49519755045572916
        ],
        [
            0.703813720703125,
            0.052108535766601564,
            0.9779395345052083,
            0.4950371500651042
        ]
    ],
    "labels": [
        "fence",
        "grass",
        "tree",
        "tree",
        "tree",
        "cow",
        "house",
        "house"
    ],
    "scores": [
        0.9454740881919861,
        0.9268572926521301,
        0.8789464831352234,
        0.8285205960273743,
        0.675633430480957,
        0.63472980260849,
        0.4729115962982178,
        0.25639453530311584
    ]
}