{
    "matched_indices": [
        4,
        0,
        1,
        12,
        6,
        13,
        11,
        2,
        17
    ],
    "iou_matrix": [
        [
            0.07181838752896927,
            0.9773031450166295,
            0.0,
            0.0,
            0.0,
            0.0,
            0.009940142131038993,
            0.0,
            0.11785742959933693
        ],
        [
            0.0,
            0.0,
            0.975733492585812,
            0.0,
            0.0,
            0.030843366359167113,
            0.0,
            0.0,
            0.0
        ],
        [
            0.0,
            0.0,
            0.0,
            0.0,
            0.0,
            0.0,
            0.0,
            0.9649890682178216,
            0.0
        ],
        [
            0.0,
            0.0,
            0.0,
            0.0,
            0.0,
            0.0,
            0.0,
            0.9649890682178216,
            0.0
        ],
        [
            0.9816075621716069,
            0.07373617697737267,
            0.0,
            0.0569688022441521,
            0.02690942388236965,
            0.0,
            0.0014712586332465563,
            0.0,
            0.17835781158953712
        ],
        [
            0.0,
            0.0,
            0.0,
            0.0,
            0.0,
            0.0,
            0.5417167777295381,
            0.0,
            0.018658022157428785
        ],
        [
            0.039971621696335426,
            0.0,
            0.0,
            0.0,
            0.691738545302418,
            0.0,
            0.0,
            0.0,
            0.0872036614280178
        ],
        [
            0.0,
            0.0,
            0.0,
            0.0,
            0.0,
            0.0,
            0.0,
            0.9631640571135992,
            0.0
        ],
        [
            0.039971621696335426,
            0.0,
            0.0,
            0.0,
            0.691738545302418,
            0.0,
            0.0,
            0.0,
            0.0872036614280178
        ],
        [
            0.0,
            0.0,
            0.0,
            0.0,
            0.0,
            0.5321092124068003,
            0.0,
            0.0,
            0.0
        ],
        [
            0.0,
            0.0,
            0.9736292013037301,
            0.0,
            0.0,
            0.030955665992328747,
            0.0,
            0.0,
            0.0
        ],
        [
            0.00020772284509965218,
            0.008675312137644432,
            0.0,
            0.001516421535795588,
            0.0,
            0.0,
            0.971633727161061,
            0.0,
            0.034947634567384686
        ],
        [
            0.6042492556191653,
            0.05234484830654395,
            0.0,
            0.08721340913672343,
            0.027665481906982172,
            0.0,
            0.015545366023923292,
            0.0,
            0.4493662368839159
        ],
        [
            0.0,
            0.0,
            0.034182022380895,
            0.0,
            0.0,
            0.9679250228600557,
            0.0,
            0.0,
            0.0
        ],
        [
            0.0,
            0.0,
            0.973589666215813,
            0.0,
            0.0,
            0.030776037966846664,
            0.0,
            0.0,
            0.0
        ],
        [
            0.0,
            0.0,
            0.034182022380895,
            0.0,
            0.0,
            0.9679250228600557,
            0.0,
            0.0,
            0.0
        ],
        [
            0.0,
            0.0,
            0.0,
            0.0,
            0.0,
            0.0,
            0.0,
            0.9646906656515075,
            0.0
        ],
        [
            0.17144820330049942,
            0.11403113769398501,
            0.0,
            0.0727181804006876,
            0.06026813485504253,
            0.0,
            0.033864951966166706,
            0.0,
            0.9840301051478351
        ],
        [
            0.00020772284509965218,
            0.008675312137644432,
            0.0,
            0.001516421535795588,
            0.0,
            0.0,
            0.971633727161061,
            0.0,
            0.034947634567384686
        ],
        [
            0.0,
            0.0,
            0.034182022380895,
            0.0,
            0.0,
            0.9679250228600557,
            0.0,
            0.0,
            0.0
        ],
        [
            0.8732323552746541,
            0.07564629124181595,
            0.0,
            0.05165285743838342,
            0.03703904183694943,
            0.0,
            0.015353048782510426,
            0.0,
            0.25884967009539833
        ],
        [
            0.0,
            0.0,
            0.0,
            0.0,
            0.0,
            0.0,
            0.0,
            0.9646906656515075,
            0.0
        ],
        [
            0.00020772284509965218,
            0.008675312137644432,
            0.0,
            0.001516421535795588,
            0.0,
            0.0,
            0.971633727161061,
            0.0,
            0.034947634567384686
        ],
        [
            0.00020772284509965218,
            0.008675312137644432,
            0.0,
            0.001516421535795588,
            0.0,
            0.0,
            0.971633727161061,
            0.0,
            0.034947634567384686
        ],
        [
            0.0,
            0.0,
            0.9726492760447301,
            0.0,
            0.0,
            0.030429565258006244,
            0.0,
            0.0,
            0.0
        ],
        [
            0.6527434548758925,
            0.05654579928866741,
            0.0,
            0.06342094072137285,
            0.02988578318109105,
            0.0,
            0.01679296388270828,
            0.0,
            0.45487836442181034
        ],
        [
            0.0,
            0.0,
            0.6806070437426551,
            0.0,
            0.0,
            0.0,
            0.0,
            0.0,
            0.0
        ],
        [
            0.0,
            0.0,
            0.0,
            0.0,
            0.0,
            0.0,
            0.0,
            0.9631640571135992,
            0.0
        ],
        [
            0.003044777287855252,
            0.0,
            0.0,
            0.0,
            0.0,
            0.0,
            0.0,
            0.0,
            0.0011824475163791615
        ],
        [
            0.0,
            0.0,
            0.034182022380895,
            0.0,
            0.0,
            0.9679250228600557,
            0.0,
            0.0,
            0.0
        ],
        [
            0.0,
            0.0,
            0.0,
            0.0,
            0.0,
            0.0,
            0.0,
            0.9631640571135992,
            0.0
        ],
        [
            0.0,
            0.0,
            0.9726492760447301,
            0.0,
            0.0,
            0.030429565258006244,
            0.0,
            0.0,
            0.0
        ],
        [
            0.0,
            0.0,
            0.0346255821191549,
            0.0,
            0.0,
            0.967722554838332,
            0.0,
            0.0,
            0.0
        ],
        [
            0.0,
            0.0,
            0.03519338335971754,
            0.0,
            0.0,
            0.45457350873695584,
            0.0,
            0.0,
            0.0
        ],
        [
            0.018567351524164447,
            0.2143345276614957,
            0.0,
            0.0,
            0.0,
            0.0,
            0.0,
            0.0,
            0.024687573145920568
        ],
        [
            0.0002530600767165632,
            0.008529919293278964,
            0.0,
            0.00201177122953719,
            0.0,
            0.0,
            0.36788390844224206,
            0.0,
