{
    "mean_iou": 0.3703581561479976,
    "mean_dice": 0.39548004663152136,
    "missed_matches": 11,
    "total_matches": 17,
    "success_rate": 0.35294117647058826,
    "time": "2024-09-24 01:51:32"
}