{
    "bboxes": [
        [
            0.0018483398755391438,
            0.2214402058919271,
            0.9972178548177083,
            0.6690481363932291
        ],
        [
            0.0013802870114644368,
            0.10698142496744792,
            0.174159423828125,
            0.3039566446940104
        ],
        [
            0.6412842203776041,
            0.19186739095052083,
            0.9433304850260417,
            0.778292236328125
        ],
        [
            0.5322672526041666,
            0.01278644053141276,
            0.7423221842447917,
            0.12887158203125
        ],
        [
            0.45879390462239583,
            0.2604126180013021,
            0.7021133626302083,
            0.7497900390625
        ],
        [
            0.07999637349446614,
            0.0,
            0.372047607421875,
            0.22586572265625
        ],
        [
            0.704732666015625,
            0.00012833624084790547,
            0.9991624348958333,
            0.2427555135091146
        ],
        [
            0.45901192220052084,
            0.26069301350911456,
            0.7045479329427083,
            0.8227215983072916
        ]
    ],
    "labels": [
        "chicken",
        "tree",
        "fence",
        "tree",
        "fence",
        "grass",
        "grass",
        "fence"
    ],
    "scores": [
        0.9135326147079468,
        0.9080425500869751,
        0.8445656895637512,
        0.8395504355430603,
        0.4253566265106201,
        0.2299199253320694,
        0.21253925561904907,
        0.20212644338607788
    ]
}