{
    "matched_indices": [
        4,
        5,
        0,
        0,
        0,
        2,
        3,
        1,
        8,
        9,
        10,
        6,
        11
    ],
    "iou_matrix": [
        [
            0.0,
            0.0,
            0.2947366322133727,
            0.24295725517523356,
            0.32761253671219653,
            0.161178137529321,
            0.09562158464671149,
            0.0,
            0.0,
            0.0,
            0.0,
            0.0,
            0.0
        ],
        [
            0.0,
            0.0,
            0.0,
            0.0,
            0.0,
            0.0488621385824692,
            0.0,
            0.9881245622263631,
            0.0,
            0.0,
            0.010510330041501563,
            0.011508683439144851,
            0.0066087258160761365
        ],
        [
            0.0,
            0.0,
            0.0,
            0.22000873457126194,
            0.05733675159144481,
            0.983126234946081,
            0.0,
            0.049944269951208264,
            0.0,
            0.0,
            0.0,
            0.0,
            0.0
        ],
        [
            0.0,
            0.0,
            0.21910005256243564,
            0.0,
            0.0,
            0.0,
            0.9964707156289005,
            0.0,
            0.0,
            0.0,
            0.0,
            0.0,
            0.00535452328676174
        ],
        [
            0.9375068568989847,
            0.0,
            0.0,
            0.0,
            0.0,
            0.0,
            0.0,
            0.0,
            0.0,
            0.0,
            0.0,
            0.0,
            0.0
        ],
        [
            0.0,
            0.9392950902036024,
            0.0,
            0.0,
            0.0,
            0.0,
            0.0,
            0.0,
            0.0,
            0.0,
            0.0,
            0.0,
            0.0
        ],
        [
            0.0,
            0.0,
            0.0,
            0.0,
            0.0,
            0.0,
            0.0,
            0.012765834319796868,
            0.0,
            0.0,
            0.0,
            0.9428705732147157,
            0.0
        ],
        [
            0.0,
            0.0,
            0.11527666396943129,
            0.06982132832986854,
            0.14689973966022457,
            0.2486441254843909,
            0.1874734203387382,
            0.20958505859579868,
            0.01913315587537478,
            0.0059244267618931735,
            0.003563636547892188,
            0.005169129434448239,
            0.02123713354137268
        ],
        [
            0.0,
            0.0,
            0.0,
            0.0,
            0.0,
            0.0,
            0.0,
            0.0,
            0.9530992755204446,
            0.0,
            0.0,
            0.0,
            0.0
        ],
        [
            0.0,
            0.0,
            0.0,
            0.0,
            0.0,
            0.0,
            0.0,
            0.0,
            0.0,
            0.748209129606971,
            0.0,
            0.0,
            0.0
        ],
        [
            0.0,
            0.0,
            0.0,
            0.0,
            0.0,
            0.0,
            0.0,
            0.010855691250730028,
            0.0,
            0.0,
            0.9612319441906338,
            0.0,
            0.0
        ],
        [
            0.0,
            0.0,
            0.0,
            0.0,
            0.0,
            0.0,
            0.005678697132991812,
            0.0070321458715,
            0.0,
            0.0,
            0.0,
            0.0,
            0.9671791805467082
        ]
    ],
    "true_pos": 10,
    "false_pos": 2,
    "unmatched": 3,
    "num_GT_boxes": 13,
    "used_labels": [
        "people",
        "fence",
        "cloud",
        "grass"
    ]
}