{
    "matched_indices": [
        0,
        7,
        7,
        2,
        6,
        0,
        0,
        0,
        3,
        3
    ],
    "iou_matrix": [
        [
            0.0,
            0.0,
            0.007827873402667905,
            0.0,
            0.0,
            0.9867318388898867,
            0.0,
            0.0,
            0.024915690443701878,
            0.0
        ],
        [
            0.0,
            0.0,
            0.0,
            0.0,
            0.9788053026795391,
            0.0,
            0.0,
            0.0,
            0.0,
            0.0
        ],
        [
            0.0,
            0.0,
            0.0,
            0.9740864400895175,
            0.0,
            0.0,
            0.0,
            0.0,
            0.0,
            0.0
        ],
        [
            0.0,
            0.0,
            0.170824652981163,
            0.0,
            0.0,
            0.0,
            0.0,
            0.0,
            0.44374178088878524,
            0.07552833495381965
        ],
        [
            0.0,
            0.0,
            0.170824652981163,
            0.0,
            0.0,
            0.0,
            0.0,
            0.0,
            0.44374178088878524,
            0.07552833495381965
        ],
        [
            0.0,
            0.0,
            0.007699227999779084,
            0.0,
            0.0,
            0.9866271604390151,
            0.0,
            0.0,
            0.024711532561103713,
            0.0
        ],
        [
            0.0,
            0.0,
            0.0,
            0.0,
            0.9815084181018868,
            0.0,
            0.0,
            0.0,
            0.0,
            0.0
        ],
        [
            0.0,
            0.0006255114534140639,
            0.9923135467456511,
            0.0,
            0.0,
            0.007241259541216784,
            0.0,
            0.0,
            0.3437552957335589,
            0.07544884002704659
        ]
    ],
    "num_matches": 4,
    "num_GT_boxes": 10,
    "used_labels": [
        "airplane",
        "apple",
        "balloon",
        "banana",
        "basket",
        "bee",
        "bench",
        "bicycle",
        "bird",
        "bottle",
        "bucket",
        "bus",
        "butterfly",
        "car",
        "cat",
        "chair",
        "chicken",
        "cloud",
        "cow",
        "cup",
        "dinnerware",
        "dog",
        "duck",
        "fence",
        "flower",
        "grape",
        "grass",
        "horse",
        "house",
        "moon",
        "mountain",
        "people",
        "picnic rug",
        "pig",
        "rabbit",
        "road",
        "sheep",
        "sofa",
        "star",
        "street lamp",
        "sun",
        "table",
        "tree",
        "truck",
        "umbrella",
        "others"
    ]
}