{
    "matched_indices": [
        9,
        9,
        9,
        9,
        9,
        6,
        2,
        3,
        7,
        5,
        9,
        1,
        4,
        0,
        8,
        9
    ],
    "iou_matrix": [
        [
            0.0,
            0.0,
            0.0,
            0.0,
            0.0,
            0.0,
            0.004101110753245806,
            0.0,
            0.0,
            0.0,
            0.0,
            0.014754489070492843,
            0.09992731286131111,
            0.9563040254062983,
            0.0,
            0.0891255585722891
        ],
        [
            0.0,
            0.0,
            0.0,
            0.0,
            0.0,
            0.0,
            0.0,
            0.0,
            0.0,
            0.0,
            0.0,
            0.9561717992989103,
            0.0,
            0.015131126256851112,
            0.0,
            0.15196973880346162
        ],
        [
            0.0,
            0.0,
            0.0,
            0.0,
            0.0,
            0.03195218199732458,
            0.9634353947396895,
            0.005653052763078956,
            0.0,
            0.0,
            0.0,
            0.0,
            0.0,
            0.005066821143033174,
            0.06523150902202055,
            0.012996484926689747
        ],
        [
            0.0010023705658456195,
            0.0,
            0.0,
            0.0,
            0.0,
            0.0,
            0.007338587562659387,
            0.9330672152443441,
            0.0,
            0.0,
            0.0,
            0.0,
            0.0027682713787588564,
            0.0,
            0.0,
            0.00632590247570291
        ],
        [
            0.0,
            0.0,
            0.0,
            0.0,
            0.0,
            0.0,
            0.0,
            0.0018262913447687327,
            0.0,
            0.0,
            0.0,
            0.0,
            0.7519918743264251,
            0.07137578663367906,
            0.0,
            0.020458006467775985
        ],
        [
            0.0,
            0.0,
            0.0,
            0.0,
            0.0,
            0.0,
            0.0,
            0.0,
            0.0,
            0.8636842226923116,
            0.0,
            0.0,
            0.0,
            0.0,
            0.0,
            0.02597119884447709
        ],
        [
            0.0,
            0.0,
            0.0,
            0.0,
            0.0,
            0.9706759649261075,
            0.02867740105633996,
            0.0,
            0.0,
            0.0,
            0.0,
            0.0,
            0.0,
            0.0,
            0.11055359201304496,
            0.01908472514651127
        ],
        [
            0.0,
            0.0,
            0.0,
            0.0,
            0.0,
            0.0,
            0.0,
            0.0,
            0.8718671186073833,
            0.0,
            0.0,
            0.0,
            0.0,
            0.0,
            0.0,
            0.0305672632191453
        ],
        [
            0.0,
            0.0,
            0.0,
            0.0,
            0.0,
            0.11214958925203025,
            0.06704929458674273,
            0.0,
            0.0,
            0.0,
            0.0,
            0.0,
            0.0,
            0.0,
            0.9068242829016635,
            0.04030671738449336
        ],
        [
            0.00887234921595122,
            0.013069735126617323,
            0.01630838535792394,
            0.04426181231864795,
            0.008872349215951217,
            0.06343293328107205,
            0.038295956309666986,
            0.02194548418312832,
            0.015209741513059222,
            0.012801532440158192,
            0.015010546052709307,
            0.08292930491644197,
            0.013523995162028499,
            0.04864220190557419,
            0.025892774242469867,
            0.5702707843963546
        ]
    ],
    "num_matches": 9,
    "num_GT_boxes": 16
}