{
    "mean_iou": 0.5542396929826702,
    "mean_dice": 0.5689610613699534,
    "missed_matches": 7,
    "total_matches": 16,
    "success_rate": 0.5625,
    "time": "2024-09-27 00:06:28"
}