{
    "matched_indices": [
        1,
        1,
        1,
        1,
        1,
        1,
        0,
        0,
        0,
        1,
        0,
        1,
        0,
        0
    ],
    "iou_matrix": [
        [
            0.0,
            0.0,
            0.0,
            0.01751486922236451,
            0.0,
            0.0,
            0.0,
            0.9907432627580285,
            0.0,
            0.0,
            0.0,
            0.0004545785058533881,
            0.0,
            0.0
        ],
        [
            0.24442267364169984,
            0.061131136622171345,
            0.012304352628805923,
            0.986984928356997,
            0.008388597121664305,
            0.0296496055970722,
            0.0,
            0.014869277466867167,
            0.0,
            0.024555540918176834,
            0.0,
            0.007372220550507605,
            0.0,
            0.0
        ]
    ],
    "num_matches": 2,
    "num_GT_boxes": 14,
    "used_labels": [
        "airplane",
        "apple",
        "balloon",
        "banana",
        "basket",
        "bee",
        "bench",
        "bicycle",
        "bird",
        "bottle",
        "bucket",
        "bus",
        "butterfly",
        "car",
        "cat",
        "chair",
        "chicken",
        "cloud",
        "cow",
        "cup",
        "dinnerware",
        "dog",
        "duck",
        "fence",
        "flower",
        "grape",
        "grass",
        "horse",
        "house",
        "moon",
        "mountain",
        "people",
        "picnic rug",
        "pig",
        "rabbit",
        "road",
        "sheep",
        "sofa",
        "star",
        "street lamp",
        "sun",
        "table",
        "tree",
        "truck",
        "umbrella",
        "others"
    ]
}