{
    "matched_indices": [
        7,
        4,
        5,
        2,
        20,
        23,
        38,
        23,
        34,
        34,
        19,
        18,
        21,
        9,
        1,
        11,
        20
    ],
    "iou_matrix": [
        [
            0.0,
            0.18581995690427563,
            0.9799990575314252,
            0.0746603270775799,
            0.0,
            0.0,
            0.04633091916312476,
            0.0,
            0.0,
            0.0,
            0.0,
            0.011308823216441216,
            0.0,
            0.0,
            0.0,
            0.029284298745896515,
            0.1679212412037785
        ],
        [
            0.0,
            0.0,
            0.0,
            0.0,
            0.0,
            0.0,
            0.0,
            0.0,
            0.0,
            0.0,
            0.0,
            0.0,
            0.0,
            0.0,
            0.9708355662039304,
            0.0,
            0.0
        ],
        [
            0.0,
            0.04840576762272643,
            0.07256846041223855,
            0.9748425691040662,
            0.0,
            0.0,
            0.3671618874180979,
            0.0,
            0.0,
            0.0,
            0.0,
            0.0,
            0.0,
            0.0,
            0.0,
            0.0,
            0.16876124880937252
        ],
        [
            0.0,
            0.0,
            0.0,
            0.0,
            0.0,
            0.0,
            0.0,
            0.0,
            0.0,
            0.0,
            0.0,
            0.0,
            0.0,
            0.0,
            0.9708355662039304,
            0.0,
            0.0
        ],
        [
            0.11400257732694548,
            0.9853133329644163,
            0.1835003252131916,
            0.04861171266263468,
            0.04503338619128013,
            0.0,
            0.0,
            0.0,
            0.0,
            0.0,
            0.029356004812730003,
            0.0,
            0.0,
            0.0,
            0.0,
            0.02096857486623575,
            0.2756830564248722
        ],
        [
            0.0,
            0.18558719790011788,
            0.980253891025467,
            0.0739893922141796,
            0.0,
            0.0,
            0.04594434964136088,
            0.0,
            0.0,
            0.0,
            0.0,
            0.011437348956998971,
            0.0,
            0.0,
            0.0,
            0.029291913671760605,
            0.16771560812211525
        ],
        [
            0.0,
            0.0,
            0.0,
            0.0,
            0.0,
            0.0,
            0.0,
            0.0,
            0.0,
            0.0,
            0.0,
            0.0,
            0.0,
            0.0,
            0.9694235389227991,
            0.0,
            0.0
        ],
        [
            0.9691721965947118,
            0.11788426720457229,
            0.0,
            0.0,
            0.01558962438886989,
            0.06528259144634481,
            0.0,
            0.01103877357443876,
            0.021813495029371428,
            0.024929708604995906,
            0.014542330019580958,
            0.0,
            0.0,
            0.0,
            0.0,
            0.0,
            0.17366620473313346
        ],
        [
            0.7884496922137807,
            0.11194103627406406,
            0.0,
            0.0,
            0.18940378700408114,
            0.12650884160623377,
            0.0,
            0.06536291080497807,
            0.017745508998699245,
            0.02028058171279913,
            0.01183033933246617,
            0.0,
            0.0,
            0.0,
            0.0,
            0.0,
            0.2857638242508228
        ],
        [
            0.0,
            0.0,
            0.0,
            0.0,
            0.0,
            0.0,
            0.0,
            0.0,
            0.0,
            0.0,
            0.0,
            0.0,
            0.0,
            0.9215655228790038,
            0.0,
            0.0,
            0.0
        ],
        [
            0.0,
            0.0,
            0.0,
            0.0,
            0.0,
            0.0,
            0.0,
            0.0,
            0.0,
            0.0,
            0.0,
            0.0,
            0.0,
            0.0,
            0.9694385827388627,
            0.0,
            0.0
        ],
        [
            0.0,
            0.02251181057505908,
            0.03190952866613292,
            0.0,
            0.0,
            0.0,
            0.0,
            0.0,
            0.0,
            0.0,
            0.0,
            0.0,
            0.0,
            0.0,
            0.0,
            0.9364590290891179,
            0.007930401675507697
        ],
        [
            0.9691721965947118,
            0.11788426720457229,
            0.0,
            0.0,
            0.01558962438886989,
            0.06528259144634481,
            0.0,
            0.01103877357443876,
            0.021813495029371428,
            0.024929708604995906,
            0.014542330019580958,
            0.0,
            0.0,
            0.0,
            0.0,
            0.0,
            0.17366620473313346
        ],
        [
            0.0,
            0.0,
            0.0,
            0.0,
            0.0,
            0.0,
            0.0,
            0.0,
            0.0,
            0.0,
            0.0,
            0.0,
            0.0,
            0.0,
            0.9694235389227991,
            0.0,
            0.0
        ],
        [
            0.9691721965947118,
            0.11788426720457229,
            0.0,
            0.0,
            0.01558962438886989,
            0.06528259144634481,
            0.0,
            0.01103877357443876,
            0.021813495029371428,
            0.024929708604995906,
            0.014542330019580958,
            0.0,
            0.0,
            0.0,
            0.0,
            0.0,
            0.17366620473313346
        ],
        [
            0.0,
            0.01724448752581397,
            0.0,
            0.0,
            0.0,
            0.0,
            0.0,
            0.0,
            0.0,
            0.0,
            0.0,
            0.0,
            0.0,
            0.0,
            0.0,
            0.0,
            0.006017827072831637
        ],
        [
            0.0,
            0.0,
            0.0,
            0.0,
            0.0,
            0.0,
            0.0,
            0.0,
            0.0,
            0.0,
            0.0,
            0.0,
            0.0,
            0.0,
            0.9694235389227991,
            0.0,
            0.0
        ],
        [
            0.1369324128483186,
            0.03881717419418731,
            0.0,
            0.0,
            0.41573457702017763,
            0.44080660667333704,
            0.0,
            0.2345285616072413,
            0.06011122670998296,
            0.06869854481140907,
            0.023709523587771116,
            0.0,
            0.0,
            0.0,
            0.0,
            0.0,
            0.25751046466670247
        ],
        [
            0.0,
            0.0,
            0.011518641438294713,
            0.0,
            0.0,
            0.0,
            0.0,
            0.0,
            0.0,
            0.0,
            0.0,
            0.9286165086826365,
            0.0,
            0.0,
            0.0,
            0.0,
            0.0
        ],
        [
            0.016145138609609044,
            0.03177063766150769,
            0.0,
            0.0,
            0.0,
            0.0,
            0.0,
            0.0,
            0.0,
            0.0,
            0.9215517139936706,
            0.0,
            0.0,
            0.0,
            0.0,
            0.0,
            0.011282160943099395
        ],
        [
            0.13131612328149594,
            0.12390453444954934,
            0.0,
            0.0,
