{
    "matched_indices": [
        4,
        0,
        1,
        0,
        2,
        6,
        7,
        8,
        9,
        5,
        3,
        9,
        0,
        5
    ],
    "iou_matrix": [
        [
            0.058443110306532695,
            0.08449114837741442,
            0.5664853430039287,
            0.0819160759481849,
            0.5245527551453271,
            0.0,
            0.0,
            0.0,
            0.023404473179936502,
            0.0,
            0.0,
            0.0027305218709925937,
            0.003676452662015024,
            0.0
        ],
        [
            0.019410418755536243,
            0.01738753686145945,
            0.7972944065426427,
            0.003966105175553804,
            0.7803073575411397,
            0.0,
            0.0,
            0.0,
            0.03481572147422819,
            0.0,
            0.0,
            0.003461367693297445,
            0.0,
            0.0
        ],
        [
            0.00780969577282356,
            0.019829167659004755,
            0.6526960390774152,
            0.002791528048008603,
            0.962792591785348,
            0.0,
            0.0,
            0.0,
            0.0,
            0.0,
            0.0,
            0.0,
            0.0,
            0.0
        ],
        [
            0.0,
            0.0,
            0.0,
            0.0,
            0.0,
            0.0,
            0.031164525236664496,
            0.0,
            0.0,
            0.0,
            0.8211057697342938,
            0.0,
            0.0,
            0.0
        ],
        [
            0.931693624171667,
            0.0,
            0.0,
            0.0,
            0.010232253185914008,
            0.0,
            0.0,
            0.0,
            0.0,
            0.0,
            0.0,
            0.0,
            0.0,
            0.0
        ],
        [
            0.0,
            0.0,
            0.0,
            0.0,
            0.0,
            0.0,
            0.0,
            0.0,
            0.0,
            0.9500587574482179,
            0.0,
            0.0,
            0.0,
            0.10171108542966213
        ],
        [
            0.0,
            0.0,
            0.0,
            0.0,
            0.0,
            0.9453031864379379,
            0.0,
            0.0,
            0.0,
            0.0,
            0.0,
            0.0,
            0.0,
            0.09110432925530985
        ],
        [
            0.0,
            0.0,
            0.0,
            0.0,
            0.0,
            0.0,
            0.8719227895130142,
            0.0,
            0.0,
            0.0,
            0.04532595182218713,
            0.0,
            0.0,
            0.019851668890717745
        ],
        [
            0.0,
            0.0,
            0.0,
            0.0,
            0.0,
            0.0,
            0.0,
            0.8974547146128339,
            0.0,
            0.0,
            0.0,
            0.0,
            0.0,
            0.021931161677941347
        ],
        [
            0.0,
            0.0,
            0.04114167850435111,
            0.0,
            0.0,
            0.0,
            0.0,
            0.0,
            0.8849557522123894,
            0.0,
            0.0,
            0.009702185100818135,
            0.0,
            0.0
        ],
        [
            0.0,
            0.0,
            0.0,
            0.0,
            0.0,
            0.16076570636993084,
            0.13817731176043316,
            0.08426459836507574,
            0.0,
            0.21796662472333722,
            0.03269126684496753,
            0.0,
            0.0,
            0.049326172196777325
        ]
    ],
    "num_matches": 9,
    "num_GT_boxes": 14,
    "used_labels": [
        "house",
        "mountain",
        "dog",
        "cloud",
        "people",
        "road",
        "grass"
    ]
}