{
    "matched_indices": [
        1,
        0,
        0,
        0,
        0,
        1,
        0,
        1,
        0,
        0,
        0,
        0,
        0,
        0,
        0,
        0,
        0,
        0,
        0,
        0,
        0,
        0
    ],
    "iou_matrix": [
        [
            0.012756791984934837,
            0.2717204643555543,
            0.16203375762331026,
            0.9712182550259689,
            0.0,
            0.0,
            0.0,
            0.0,
            0.0,
            0.0,
            0.0,
            0.0,
            0.0,
            0.0,
            0.0,
            0.0,
            0.0,
            0.0,
            0.0,
            0.0,
            0.0,
            0.029557778369834285
        ],
        [
            0.23998064443173434,
            0.05297204784790823,
            0.0,
            0.0,
            0.0,
            0.01507503191160217,
            0.0,
            0.9341753040471694,
            0.0,
            0.0,
            0.0,
            0.0,
            0.0,
            0.0,
            0.0,
            0.0,
            0.0,
            0.0,
            0.0,
            0.0,
            0.0,
            0.02813040315419592
        ]
    ],
    "num_matches": 2,
    "num_GT_boxes": 22,
    "used_labels": [
        "road",
        "grass",
        "tree",
        "people"
    ]
}