{
    "matched_indices": [
        5,
        5,
        5,
        5,
        1,
        6,
        0,
        6,
        1,
        0,
        4
    ],
    "iou_matrix": [
        [
            0.08870601096996257,
            0.0,
            0.0,
            0.07215482377361619,
            0.0,
            0.0,
            0.0,
            0.0,
            0.0,
            0.9844571760353797,
            0.0
        ],
        [
            0.03610057729855352,
            0.0,
            0.0,
            0.0,
            0.358307331982498,
            0.0,
            0.0,
            3.0627901163773856e-06,
            0.9824859342331248,
            0.0,
            0.0
        ],
        [
            0.135565026721932,
            0.0,
            0.0,
            0.0,
            0.03028370397436417,
            0.02590895736564183,
            0.0,
            0.9907944349004152,
            0.0,
            0.0,
            0.13242399859394186
        ],
        [
            0.974300711598891,
            0.07187175901333862,
            0.057673083849348286,
            0.081867537378591,
            0.08589242206165099,
            0.0,
            0.0,
            0.1431086257941648,
            0.040176452453437796,
            0.08804048079864418,
            0.0
        ],
        [
            0.0,
            0.0,
            0.0,
            0.0,
            0.35060361186257283,
            0.0,
            0.0,
            0.011446249962428488,
            0.0,
            0.0,
            0.26959624018422357
        ],
        [
            0.981659137211473,
            0.07248313959270145,
            0.05816368271462596,
            0.0825639475280106,
            0.08452894007144113,
            0.0,
            0.0,
            0.14057436465293213,
            0.03866955771363533,
            0.08850438322281487,
            0.0
        ],
        [
            0.13563001831084529,
            0.0,
            0.0,
            0.0,
            0.0305984561033654,
            0.026065189693341394,
            0.0,
            0.9915097968643426,
            0.0,
            0.0,
            0.13199489113268847
        ]
    ],
    "num_matches": 4,
    "num_matches_with_correct_class": 0,
    "num_GT_boxes": 11,
    "used_labels": [
        "others",
        "cloud",
        "flower",
        "rabbit",
        "bird",
        "butterfly",
        "mountain",
        "grass"
    ],
    "map_score": 0.0
}