{
    "bboxes": [
        [
            0.22592781575520834,
            0.43840592447916665,
            0.3845057373046875,
            0.5415279134114583
        ],
        [
            0.8281563313802084,
            0.3719648030598958,
            0.983939697265625,
            0.54481396484375
        ],
        [
            0.0668310801188151,
            0.730548828125,
            0.9328451334635417,
            0.9961484375
        ],
        [
            0.06578075663248698,
            0.49240189615885416,
            0.3049813232421875,
            0.7394309895833333
        ],
        [
            0.19937204996744792,
            0.09149089558919271,
            0.6651340738932292,
            0.2512360026041667
        ],
        [
            0.49180769856770834,
            0.2647291056315104,
            0.81127880859375,
            0.742432861328125
        ],
        [
            0.37384749348958335,
            0.10359784952799479,
            0.66473974609375,
            0.25123651123046875
        ],
        [
            0.19898142496744792,
            0.09146361287434895,
            0.40077311197916665,
            0.22448486328125
        ]
    ],
    "labels": [
        "flower",
        "flower",
        "chicken",
        "fence",
        "house",
        "cloud",
        "house",
        "house"
    ],
    "scores": [
        0.9445134997367859,
        0.9354830980300903,
        0.9280357360839844,
        0.6843317151069641,
        0.6650782227516174,
        0.34877410531044006,
        0.2130177915096283,
        0.20695826411247253
    ]
}