{
    "matched_indices": [
        0,
        5,
        4,
        6,
        5,
        2,
        5,
        3,
        7,
        5,
        4,
        4,
        4,
        0,
        1,
        3,
        4,
        4,
        4,
        0,
        0,
        4,
        0
    ],
    "iou_matrix": [
        [
            0.0,
            0.0,
            0.02703037931439912,
            0.0,
            0.0,
            0.0,
            0.015008853380146403,
            0.0,
            0.0,
            0.010384130563734648,
            0.0,
            0.0,
            0.019649406685108464,
            0.956924911809132,
            0.04324819823686115,
            0.0,
            0.0,
            0.0,
            0.0,
            0.0,
            0.0,
            0.0,
            0.0
        ],
        [
            0.0,
            0.0,
            0.03548042295500635,
            0.0,
            0.0,
            0.0,
            0.0,
            0.0,
            0.0,
            0.0,
            0.0,
            0.0,
            0.0,
            0.04031204672118184,
            0.9621952796607673,
            0.0,
            0.0,
            0.0,
            0.0,
            0.0,
            0.0,
            0.0,
            0.0
        ],
        [
            0.0,
            0.0,
            0.0,
            0.018973606116072274,
            0.0,
            0.3777430946988439,
            0.05207746601625815,
            0.0,
            0.0,
            0.04109609117485468,
            0.0,
            0.0,
            0.0,
            0.0,
            0.0,
            0.0,
            0.0,
            0.0,
            0.0,
            0.0,
            0.0,
            0.0,
            0.0
        ],
        [
            0.0,
            0.0,
            0.0,
            0.15553549216732437,
            0.0,
            0.0,
            0.0,
            0.9266417114059892,
            0.013484068146732458,
            0.0,
            0.0,
            0.0,
            0.0,
            0.0,
            0.0,
            0.06639950531631278,
            0.0,
            0.0,
            0.0,
            0.0,
            0.0,
            0.0,
            0.0
        ],
        [
            0.0,
            0.0,
            0.9535183977382078,
            0.0,
            0.0,
            0.0,
            0.07892307438611171,
            0.0,
            0.03633784692055497,
            0.13123492297240896,
            0.09083562902043846,
            0.06509886746464756,
            0.0588749447354694,
            0.025232119172344036,
            0.03532496684128163,
            0.0,
            0.00781582020799915,
            0.0024394172444488532,
            0.02028880540754558,
            0.0,
            0.0,
            0.015255657034844362,
            0.0
        ],
        [
            0.0,
            0.009605322793701538,
            0.1399216754088452,
            0.24641508870365908,
            0.017446790660150785,
            0.013433028022587334,
            0.45111781243141136,
            0.0,
            0.0632327449967619,
            0.7911053764338644,
            0.03134769678964462,
            0.022842810210401295,
            0.0012383267075344647,
            0.01812585156211765,
            0.004383728230850047,
            0.0,
            0.0,
            0.0,
            0.0,
            0.0,
            0.0,
            0.0,
            0.0
        ],
        [
            0.0,
            0.0,
            0.48920919453150746,
            0.2926711613707424,
            0.0,
            0.0065499914105403775,
            0.2098497220470855,
            0.049238247995209386,
            0.10455524804979863,
            0.2815856353698688,
            0.0463868244156302,
            0.03324389083120164,
            0.03006553434346403,
            0.012885229004341732,
            0.018039320606078414,
            0.008044880343722971,
            0.004213539660979752,
            0.0014969795500733316,
            0.010533330033804095,
            0.0,
            0.0,
            0.007943160924428226,
            0.0
        ],
        [
            0.0,
            0.0,
            0.03585183329586921,
            0.12529316533282817,
            0.0,
            0.0,
            0.0,
            0.01759545030619576,
            0.9804030954132839,
            0.07339691304218489,
            0.0,
            0.0,
            0.0,
            0.0,
            0.0,
            0.0,
            0.0,
            0.0,
            0.0,
            0.0,
            0.0,
            0.0,
            0.0
        ]
    ],
    "num_matches": 6,
    "num_GT_boxes": 23,
    "used_labels": [
        "airplane",
        "apple",
        "balloon",
        "banana",
        "basket",
        "bee",
        "bench",
        "bicycle",
        "bird",
        "bottle",
        "bucket",
        "bus",
        "butterfly",
        "car",
        "cat",
        "chair",
        "chicken",
        "cloud",
        "cow",
        "cup",
        "dinnerware",
        "dog",
        "duck",
        "fence",
        "flower",
        "grape",
        "grass",
        "horse",
        "house",
        "moon",
        "mountain",
        "people",
        "picnic rug",
        "pig",
        "rabbit",
        "road",
        "sheep",
        "sofa",
        "star",
        "street lamp",
        "sun",
        "table",
        "tree",
        "truck",
        "umbrella",
        "others"
    ]
}