{
    "bboxes": [
        [
            0.26374186197916666,
            0.8646923828125,
            0.37076505533854165,
            0.9175342610677083
        ],
        [
            0.5708809814453125,
            0.7580604654947917,
            0.6638761393229167,
            0.8108580729166667
        ],
        [
            0.26374186197916666,
            0.8646923828125,
            0.37076505533854165,
            0.9175342610677083
        ],
        [
            0.5708809814453125,
            0.7580604654947917,
            0.6638761393229167,
            0.8108580729166667
        ],
        [
            0.875863525390625,
            0.6619398193359375,
            0.9440249837239584,
            0.734302978515625
        ],
        [
            0.5708809814453125,
            0.7580604654947917,
            0.6638761393229167,
            0.8108580729166667
        ],
        [
            0.875863525390625,
            0.6619398193359375,
            0.9440249837239584,
            0.734302978515625
        ],
        [
            0.5708809814453125,
            0.7580604654947917,
            0.6638761393229167,
            0.8108580729166667
        ],
        [
            0.26374186197916666,
            0.8646923828125,
            0.37076505533854165,
            0.9175342610677083
        ],
        [
            0.875863525390625,
            0.6619398193359375,
            0.9440249837239584,
            0.734302978515625
        ],
        [
            0.875863525390625,
            0.6619398193359375,
            0.9440249837239584,
            0.734302978515625
        ],
        [
            0.26374186197916666,
            0.8646923828125,
            0.37076505533854165,
            0.9175342610677083
        ],
        [
            0.5708809814453125,
            0.7580604654947917,
            0.6638761393229167,
            0.8108580729166667
        ]
    ],
    "labels": [
        "people",
        "grape",
        "grape",
        "people",
        "bee",
        "duck",
        "people",
        "umbrella",
        "duck",
        "grape",
        "duck",
        "umbrella",
        "bee"
    ],
    "scores": [
        0.362553209066391,
        0.3382943570613861,
        0.3361462950706482,
        0.32122090458869934,
        0.2423865795135498,
        0.2423059344291687,
        0.2303360402584076,
        0.2277560830116272,
        0.22666771709918976,
        0.22413130104541779,
        0.22309723496437073,
        0.21211953461170197,
        0.20722800493240356
    ]
}