{
    "matched_indices": [
        0,
        0,
        4,
        0,
        4,
        4,
        4,
        4,
        4,
        4,
        0,
        4,
        4,
        4,
        3,
        0,
        1,
        4
    ],
    "iou_matrix": [
        [
            0.0,
            0.0,
            0.0,
            0.0,
            0.0,
            0.0,
            0.0,
            0.002368884863237211,
            0.0,
            0.0,
            0.0,
            0.0,
            0.0,
            0.0,
            0.0,
            0.9251067073777616,
            0.0,
            0.003332183464546865
        ],
        [
            0.0,
            0.0,
            0.0,
            0.0,
            0.0,
            0.0,
            0.0,
            0.0,
            0.0,
            0.0,
            0.0,
            0.0,
            0.0,
            0.0,
            0.0,
            0.0,
            0.9791900291481648,
            0.0
        ],
        [
            0.0,
            0.0,
            0.0,
            0.0,
            0.0,
            0.0,
            0.0,
            0.0,
            0.0,
            0.0,
            0.0,
            0.0,
            0.0,
            0.0,
            0.9716780136868364,
            0.0,
            0.0,
            0.0
        ],
        [
            0.0,
            0.0,
            0.0,
            0.0,
            0.0,
            0.0,
            0.0,
            0.0,
            0.0,
            0.0,
            0.0,
            0.0,
            0.0,
            0.0,
            0.979402630294398,
            0.0,
            0.0,
            0.0
        ],
        [
            0.0,
            0.0,
            0.0056674425737502305,
            0.0,
            0.0032151719199693474,
            0.004906401977640434,
            0.4228949199892695,
            0.23952584899121235,
            0.025222164474359553,
            0.027505360649708575,
            0.0,
            0.04911671544590831,
            0.004784029592450826,
            0.03543494514404563,
            0.0,
            0.002172979639400536,
            0.0,
            0.07393131260308014
        ]
    ],
    "num_matches": 3,
    "num_GT_boxes": 18,
    "used_labels": [
        "airplane",
        "apple",
        "balloon",
        "banana",
        "basket",
        "bee",
        "bench",
        "bicycle",
        "bird",
        "bottle",
        "bucket",
        "bus",
        "butterfly",
        "car",
        "cat",
        "chair",
        "chicken",
        "cloud",
        "cow",
        "cup",
        "dinnerware",
        "dog",
        "duck",
        "fence",
        "flower",
        "grape",
        "grass",
        "horse",
        "house",
        "moon",
        "mountain",
        "people",
        "picnic rug",
        "pig",
        "rabbit",
        "road",
        "sheep",
        "sofa",
        "star",
        "street lamp",
        "sun",
        "table",
        "tree",
        "truck",
        "umbrella",
        "others"
    ]
}