{
    "bboxes": [
        [
            0.4129326985677083,
            0.00030620394150416056,
            0.9585015462239583,
            0.42631624348958336
        ],
        [
            0.5989703776041667,
            0.39870646158854167,
            0.7716183268229166,
            0.46405061848958334
        ],
        [
            0.8519931640625,
            0.37503499348958336,
            0.997878173828125,
            0.45102543131510414
        ],
        [
            0.601218505859375,
            0.491945068359375,
            0.7046630045572917,
            0.5571585693359375
        ],
        [
            0.17249578857421874,
            0.771993896484375,
            0.3176050618489583,
            0.9311722819010416
        ],
        [
            0.00027084348599116007,
            0.0028438568115234375,
            0.5585314127604166,
            0.7423758951822916
        ],
        [
            3.979727377494176e-05,
            0.694647705078125,
            0.0851406707763672,
            0.7575166829427084
        ],
        [
            0.251297607421875,
            0.5192108968098958,
            0.9344696451822917,
            0.9983208821614583
        ],
        [
            0.06610968017578125,
            0.01250696055094401,
            0.3388466389973958,
            0.26335369873046877
        ],
        [
            0.8819283854166666,
            0.9054380696614583,
            0.997816650390625,
            0.9780313313802084
        ],
        [
            0.88356640625,
            1.5079973886410395e-05,
            0.9995354817708333,
            0.356926513671875
        ],
        [
            0.8611112467447917,
            0.9048460286458333,
            0.9977791341145833,
            0.9968855794270833
        ]
    ],
    "labels": [
        "horse",
        "grape",
        "grape",
        "grape",
        "grape",
        "tree",
        "grape",
        "car",
        "bicycle",
        "grape",
        "tree",
        "grape"
    ],
    "scores": [
        0.9797976613044739,
        0.9763969779014587,
        0.9746211171150208,
        0.9605556130409241,
        0.9421958327293396,
        0.9134628772735596,
        0.8899424076080322,
        0.7812789082527161,
        0.7624127864837646,
        0.598272979259491,
        0.5815389752388,
        0.22736673057079315
    ]
}