{
    "bboxes": [
        [
            0.45224080403645833,
            0.78497216796875,
            0.7582405598958334,
            0.9846377766927084
        ],
        [
            0.09072751871744791,
            0.6786037190755209,
            0.331313720703125,
            0.8370147298177083
        ],
        [
            0.0005587711731592814,
            0.47873929850260416,
            0.21826460774739584,
            0.734030029296875
        ],
        [
            0.5101298421223959,
            0.3914472249348958,
            0.783646728515625,
            0.7511275227864583
        ],
        [
            0.7069606119791667,
            0.491781494140625,
            0.9701524251302084,
            0.7554112141927083
        ],
        [
            0.16193719482421876,
            0.491479736328125,
            0.410223388671875,
            0.7342183430989583
        ],
        [
            0.3621495361328125,
            0.39840266927083334,
            0.5091800537109376,
            0.6212480875651042
        ],
        [
            0.7619258626302083,
            0.03882989501953125,
            0.9850188802083333,
            0.11617479451497396
        ],
        [
            0.0007756649653116862,
            0.07835833231608073,
            0.19536244710286457,
            0.15620426432291667
        ],
        [
            0.452736328125,
            0.0646720682779948,
            0.5568698323567708,
            0.10359481811523437
        ],
        [
            0.001071184794108073,
            0.7516943359375,
            0.99807373046875,
            0.9956459147135417
        ],
        [
            0.1872325236002604,
            0.025202967325846353,
            0.410519775390625,
            0.2365837605794271
        ],
        [
            0.5596254069010417,
            0.14453153483072917,
            0.6637108154296875,
            0.2090255330403646
        ],
        [
            0.013604699452718099,
            0.2980322672526042,
            0.998738525390625,
            0.7514506022135417
        ]
    ],
    "labels": [
        "sun",
        "sun",
        "tree",
        "tree",
        "grass",
        "grass",
        "grass",
        "house",
        "house",
        "house",
        "cloud",
        "mountain",
        "house",
        "road"
    ],
    "scores": [
        0.9589998126029968,
        0.9559428691864014,
        0.9331632852554321,
        0.901088535785675,
        0.8136736750602722,
        0.7601572871208191,
        0.6730199456214905,
        0.6390212178230286,
        0.607272207736969,
        0.3947221338748932,
        0.3798452913761139,
        0.376970112323761,
        0.37238168716430664,
        0.2496374100446701
    ]
}