{
    "bboxes": [
        [
            0.5475593668619791,
            0.49361197916666666,
            0.8788668619791666,
            0.8841424967447916
        ],
        [
            0.023797152201334635,
            0.5145921630859375,
            0.9987569986979167,
            0.8168018391927083
        ],
        [
            0.07998324584960938,
            0.3453636474609375,
            0.5315246175130208,
            0.8907923177083333
        ],
        [
            0.5853575032552083,
            0.06501890055338541,
            0.985572265625,
            0.23997550455729166
        ],
        [
            0.0005951225360234578,
            0.2529957885742187,
            0.33563356526692706,
            0.5310329996744791
        ],
        [
            0.051763575236002606,
            0.051929977416992186,
            0.39906009928385416,
            0.21177036539713542
        ],
        [
            0.6789547526041667,
            0.26467572021484376,
            0.99896728515625,
            0.5272180582682292
        ],
        [
            0.03975691223144531,
            0.79775244140625,
            0.1943017578125,
            0.9307176920572917
        ]
    ],
    "labels": [
        "fence",
        "others",
        "fence",
        "tree",
        "flower",
        "tree",
        "tree",
        "sheep"
    ],
    "scores": [
        0.8820934295654297,
        0.8685448169708252,
        0.8598700165748596,
        0.8518582582473755,
        0.817681074142456,
        0.7787672877311707,
        0.37682396173477173,
        0.2552286982536316
    ]
}