{
    "matched_indices": [
        5,
        7,
        1,
        2,
        4,
        0,
        3
    ],
    "iou_matrix": [
        [
            0.0,
            0.0,
            0.13937595360797672,
            0.10577532676211589,
            0.0,
            0.9919734959560681,
            0.0
        ],
        [
            0.020325977884970526,
            0.026789487736555262,
            0.992449515953586,
            0.12318650075649933,
            0.19073487695601218,
            0.13816020662525344,
            0.0
        ],
        [
            0.0,
            0.019587677083349693,
            0.12172308774477533,
            0.9897091707914369,
            0.0,
            0.10475805437130223,
            0.0
        ],
        [
            0.0,
            0.08029204454851181,
            0.0,
            0.0,
            0.0,
            0.0,
            0.9852167491594035
        ],
        [
            0.0,
            0.0,
            0.1918359978214036,
            0.0,
            0.9856481473255716,
            0.0,
            0.0
        ],
        [
            0.955709395065545,
            0.02662122643363816,
            0.019905957709174426,
            0.0,
            0.0,
            0.0,
            0.0
        ],
        [
            0.01844108371696284,
            0.8138322319889719,
            0.025287455101879724,
            0.01763608664023849,
            0.0,
            0.0,
            0.09389914282469045
        ],
        [
            0.019899348099802896,
            0.9840948223369945,
            0.0232753714691973,
            0.01566970187999446,
            0.0,
            0.0,
            0.08246192813986239
        ]
    ],
    "true_pos": 7,
    "false_pos": 1,
    "unmatched": 0,
    "num_GT_boxes": 7,
    "used_labels": [
        "table",
        "sofa",
        "dog",
        "people",
        "cat",
        "chair"
    ]
}