{
    "matched_indices": [
        1,
        1,
        2,
        2,
        1,
        0,
        1,
        0,
        0,
        0,
        0
    ],
    "iou_matrix": [
        [
            0.0,
            0.0,
            0.1018957234464331,
            0.0,
            0.0,
            0.0,
            0.0,
            0.012494718916958598,
            0.011915190381565825,
            0.9770489924705795,
            0.031789318118785284
        ],
        [
            0.098012194189217,
            0.9792000427025308,
            0.11509069355970042,
            0.0,
            0.02426891029350049,
            0.0,
            0.02049320677531444,
            0.0,
            0.0,
            0.0,
            0.0
        ],
        [
            0.0,
            0.0,
            0.16793736832899775,
            0.9560022825270366,
            0.0,
            0.0,
            0.0,
            0.0,
            0.0,
            0.0,
            0.0
        ],
        [
            0.0,
            0.0,
            0.16793736832899775,
            0.9560022825270366,
            0.0,
            0.0,
            0.0,
            0.0,
            0.0,
            0.0,
            0.0
        ],
        [
            0.0,
            0.0,
            0.16793736832899775,
            0.9560022825270366,
            0.0,
            0.0,
            0.0,
            0.0,
            0.0,
            0.0,
            0.0
        ]
    ],
    "num_matches": 3,
    "num_GT_boxes": 11,
    "used_labels": [
        "airplane",
        "apple",
        "balloon",
        "banana",
        "basket",
        "bee",
        "bench",
        "bicycle",
        "bird",
        "bottle",
        "bucket",
        "bus",
        "butterfly",
        "car",
        "cat",
        "chair",
        "chicken",
        "cloud",
        "cow",
        "cup",
        "dinnerware",
        "dog",
        "duck",
        "fence",
        "flower",
        "grape",
        "grass",
        "horse",
        "house",
        "moon",
        "mountain",
        "people",
        "picnic rug",
        "pig",
        "rabbit",
        "road",
        "sheep",
        "sofa",
        "star",
        "street lamp",
        "sun",
        "table",
        "tree",
        "truck",
        "umbrella",
        "others"
    ]
}