{
    "bboxes": [
        [
            0.000705435832341512,
            0.18544301350911457,
            0.264734130859375,
            0.64260546875
        ],
        [
            0.799998779296875,
            0.1986366170247396,
            0.99682080078125,
            0.6425600992838542
        ],
        [
            0.6395657552083334,
            0.293511474609375,
            0.7582755533854166,
            0.43752494303385414
        ],
        [
            0.3452447509765625,
            0.47871565755208334,
            0.7307730305989584,
            0.8242176106770833
        ],
        [
            0.001184642235438029,
            0.6390556640625,
            0.9976929524739583,
            0.7966830240885416
        ],
        [
            0.5061160074869792,
            0.1721976318359375,
            0.7316446940104167,
            0.30421142578125
        ],
        [
            0.9216416829427083,
            0.7590736490885417,
            0.996939208984375,
            0.82346923828125
        ],
        [
            0.8635387369791667,
            0.8653380533854167,
            0.957974365234375,
            0.9708006184895833
        ],
        [
            0.06553618876139324,
            0.7991752115885417,
            0.2481923828125,
            0.998436767578125
        ],
        [
            0.78514306640625,
            0.8122083333333333,
            0.9579222819010417,
            0.9973837890625
        ],
        [
            0.06553261311848958,
            0.79921435546875,
            0.30198567708333335,
            0.997921630859375
        ]
    ],
    "labels": [
        "flower",
        "flower",
        "tree",
        "bird",
        "cloud",
        "cow",
        "fence",
        "fence",
        "fence",
        "fence",
        "fence"
    ],
    "scores": [
        0.9832375049591064,
        0.9737805128097534,
        0.9675607085227966,
        0.9536183476448059,
        0.9498001933097839,
        0.940510630607605,
        0.8600148558616638,
        0.8296511769294739,
        0.639578104019165,
        0.5947768092155457,
        0.2195999175310135
    ]
}