{
    "bboxes": [
        [
            0.025237500508626304,
            0.10939260864257813,
            0.593451171875,
            0.5561833089192708
        ],
        [
            0.6112242431640625,
            0.784125,
            0.8792464192708334,
            0.9984554850260416
        ],
        [
            0.48783907063802084,
            0.015725194295247397,
            0.9587001139322917,
            0.578632568359375
        ],
        [
            0.03726831817626953,
            0.5615710856119792,
            0.26182320149739585,
            0.9936576334635416
        ],
        [
            0.4619133707682292,
            0.59936474609375,
            0.64651220703125,
            0.993064208984375
        ],
        [
            0.2828369547526042,
            0.5922650960286459,
            0.469591552734375,
            0.998166015625
        ],
        [
            0.6118431396484375,
            0.5114282633463542,
            0.9324624837239583,
            0.7233966471354166
        ],
        [
            0.0008948072592417399,
            0.8407981770833334,
            0.17070796712239583,
            0.996216796875
        ],
        [
            0.5580000813802083,
            0.5021464029947916,
            0.9321210123697916,
            0.7242833658854166
        ],
        [
            0.001004062573115031,
            0.49145947265625,
            0.13142335001627603,
            0.6224230143229167
        ],
        [
            0.03657275136311849,
            0.5628418375651042,
            0.6498430989583334,
            0.9973645833333333
        ],
        [
            0.001004062573115031,
            0.49145947265625,
            0.13142335001627603,
            0.6224230143229167
        ]
    ],
    "labels": [
        "tree",
        "bench",
        "grass",
        "dog",
        "dog",
        "dog",
        "house",
        "people",
        "house",
        "people",
        "dog",
        "grass"
    ],
    "scores": [
        0.8062292337417603,
        0.7633021473884583,
        0.7150023579597473,
        0.6385865211486816,
        0.6295503973960876,
        0.604920506477356,
        0.5125406980514526,
        0.36897537112236023,
        0.32491835951805115,
        0.24164006114006042,
        0.2414633333683014,
        0.23096303641796112
    ]
}