{
    "matched_indices": [
        12,
        5,
        0,
        0,
        7,
        3,
        8,
        16,
        16,
        14,
        3,
        2,
        6
    ],
    "iou_matrix": [
        [
            0.0,
            0.0,
            0.5910486881767012,
            0.5311273134121092,
            0.0,
            0.0,
            0.0,
            0.00179346011691749,
            0.0047858634504329796,
            0.0,
            0.0,
            0.0,
            0.005790864836206041
        ],
        [
            0.0,
            0.0,
            0.015077573754032757,
            0.0,
            0.0,
            0.0,
            0.07525488784929107,
            0.21629453590289757,
            0.3399513466955585,
            0.5369107046219426,
            0.0,
            0.0,
            0.02719731921830936
        ],
        [
            0.0,
            0.0,
            0.0,
            0.0,
            0.0,
            0.0,
            0.0,
            0.0,
            0.0,
            0.0,
            0.0,
            0.9837773633274609,
            0.17730510210901929
        ],
        [
            0.0,
            0.0030905735979879384,
            0.0,
            0.0,
            0.0,
            0.5366629184395085,
            0.0,
            0.0,
            0.0,
            0.0,
            0.7233577177667729,
            0.0,
            0.0760145312972454
        ],
        [
            0.0,
            0.0,
            0.015159527247359854,
            0.0,
            0.0,
            0.0,
            0.07428189111952811,
            0.21590834903432946,
            0.3394328371837775,
            0.5366657845539631,
            0.0,
            0.0,
            0.02702262994173694
        ],
        [
            0.050964501980356215,
            0.985479335943124,
            0.0,
            0.0,
            0.01974489874494867,
            0.0,
            0.0,
            0.0,
            0.0,
            0.0,
            2.1567097090932427e-05,
            0.0,
            0.2777652421631217
        ],
        [
            0.040497619385741916,
            0.20446297920816484,
            0.1548874242770339,
            0.14005844283738222,
            0.0327989718309721,
            0.02398424815139833,
            0.03894877904927934,
            0.02368814632236873,
            0.037240499266416205,
            0.0589242639768922,
            0.03232065349177042,
            0.09110825508603351,
            0.5223236264082304
        ],
        [
            0.0,
            0.024855206690569828,
            0.0,
            0.0,
            0.9603284148335995,
            0.0,
            0.0,
            0.0,
            0.0,
            0.0,
            0.0,
            0.0,
            0.06411991582807647
        ],
        [
            0.0,
            0.0,
            0.0,
            0.0,
            0.0,
            0.0,
            0.8174771060364094,
            0.03147426137770571,
            0.0,
            0.0,
            0.0,
            0.0,
            0.05895829883539264
        ],
        [
            0.0,
            0.0,
            0.0,
            0.0,
            0.0,
            0.0,
            0.0,
            0.0,
            0.0,
            0.0,
            0.0,
            0.9825127007395329,
            0.17753332422677637
        ],
        [
            0.040497619385741916,
            0.20446297920816484,
            0.1548874242770339,
            0.14005844283738222,
            0.0327989718309721,
            0.02398424815139833,
            0.03894877904927934,
            0.02368814632236873,
            0.037240499266416205,
            0.0589242639768922,
            0.03232065349177042,
            0.09110825508603351,
            0.5223236264082304
        ],
        [
            0.0,
            0.0,
            0.0,
            0.0,
            0.0,
            0.0,
            0.0,
            0.0,
            0.0,
            0.0,
            0.0,
            0.9825127007395329,
            0.17753332422677637
        ],
        [
            0.9239820034250498,
            0.05299438637870177,
            0.0,
            0.0,
            0.0,
            0.0,
            0.0,
            0.0,
            0.0,
            0.0,
            0.0,
            0.0,
            0.014654919926570692
        ],
        [
            0.0,
            0.024855206690569828,
            0.0,
            0.0,
            0.9603284148335995,
            0.0,
            0.0,
            0.0,
            0.0,
            0.0,
            0.0,
            0.0,
            0.06411991582807647
        ],
        [
            0.0,
            0.0,
            0.004137836308509606,
            0.0,
            0.0,
            0.0,
            0.0,
            0.0,
            0.11109616975095582,
            0.8782848798927204,
            0.0,
            0.0,
            0.0
        ],
        [
            0.0,
            0.0,
            0.0,
            0.0,
            0.0,
            0.0,
            0.0,
            0.0,
            0.0,
            0.0,
            0.0,
            0.9837773633274609,
            0.17730510210901929
        ],
        [
            0.0,
            0.0,
            0.015178732791424227,
            0.0,
            0.0,
            0.0,
            0.0727574258814654,
            0.2162987684658255,
            0.34004662157848514,
            0.5373300113939027,
            0.0,
            0.0,
            0.02670583247980167
        ],
        [
            0.9239820034250498,
            0.05299438637870177,
            0.0,
            0.0,
            0.0,
            0.0,
            0.0,
            0.0,
            0.0,
            0.0,
            0.0,
            0.0,
            0.014654919926570692
        ],
        [
            0.9134606115950451,
            0.0535409479637884,
            0.0,
            0.0,
            0.0,
            0.0,
            0.0,
            0.0,
            0.0,
            0.0,
            0.0,
            0.0,
            0.014973794799835412
        ],
        [
            0.0,
            0.024855206690569828,
            0.0,
            0.0,
            0.9603284148335995,
            0.0,
            0.0,
            0.0,
            0.0,
            0.0,
            0.0,
            0.0,
            0.06411991582807647
        ]
    ],
    "num_matches": 7,
    "num_GT_boxes": 13,
    "used_labels": [
        "airplane",
        "apple",
        "balloon",
        "banana",
        "basket",
        "bee",
        "bench",
        "bicycle",
        "bird",
        "bottle",
        "bucket",
        "bus",
        "butterfly",
        "car",
        "cat",
        "chair",
        "chicken",
        "cloud",
        "cow",
        "cup",
        "dinnerware",
        "dog",
        "duck",
        "fence",
        "flower",
        "grape",
        "grass",
        "horse",
        "house",
        "moon",
        "mountain",
        "people",
        "picnic rug",
        "pig",
        "rabbit",
        "road",
        "sheep",
        "sofa",
        "star",
        "street lamp",
        "sun",
        "table",
        "tree",
        "truck",
        "umbrella",
        "others"
    ]
}