{
    "bboxes": [
        [
            0.0008669494787851969,
            0.15319688924153646,
            0.5572288004557292,
            0.7972788899739583
        ],
        [
            0.6313083089192708,
            0.8236717936197917,
            0.8381420084635417,
            0.9969273274739583
        ],
        [
            0.38902714029947916,
            0.52142626953125,
            0.517192626953125,
            0.7855048828125
        ],
        [
            0.005860373179117839,
            0.7492943522135417,
            0.3709490966796875,
            0.9574215494791667
        ],
        [
            0.492557861328125,
            0.6341670328776041,
            0.7402495930989583,
            0.8093123372395833
        ],
        [
            0.4916326497395833,
            0.026369542439778647,
            0.9172805989583334,
            0.15753933715820312
        ],
        [
            0.0015116333961486816,
            0.775008544921875,
            0.9963115234375,
            0.995763427734375
        ],
        [
            0.0005748718579610189,
            0.03948580932617188,
            0.30102728271484375,
            0.1824959716796875
        ],
        [
            0.4930711669921875,
            0.6336894938151042,
            0.741197509765625,
            0.8736819661458334
        ],
        [
            0.6230748291015625,
            0.3364436848958333,
            0.99889404296875,
            0.8773974609375
        ],
        [
            0.0022680161794026692,
            0.7506626790364583,
            0.9961881510416667,
            0.9968406575520833
        ]
    ],
    "labels": [
        "car",
        "house",
        "dog",
        "road",
        "sun",
        "people",
        "bench",
        "people",
        "sun",
        "car",
        "bench"
    ],
    "scores": [
        0.9131437540054321,
        0.9013758897781372,
        0.8810572028160095,
        0.8722673058509827,
        0.6361334919929504,
        0.37945112586021423,
        0.3753293752670288,
        0.2791977524757385,
        0.26431241631507874,
        0.23008155822753906,
        0.22269776463508606
    ]
}