{
    "bboxes": [
        [
            0.05346141560872396,
            0.38511336263020834,
            0.4119740397135417,
            0.7292225748697917
        ],
        [
            0.5864180094401041,
            0.278361572265625,
            0.6646143798828125,
            0.33101912434895836
        ],
        [
            0.6523125,
            0.25126375325520833,
            0.744937744140625,
            0.30437845865885416
        ],
        [
            0.6522513427734375,
            0.25121756998697914,
            0.745083740234375,
            0.3044696044921875
        ],
        [
            0.5864388020833333,
            0.278154052734375,
            0.6647440592447916,
            0.33117620849609375
        ],
        [
            0.6522513427734375,
            0.25121756998697914,
            0.745083740234375,
            0.3044696044921875
        ],
        [
            0.5864388020833333,
            0.278154052734375,
            0.6647440592447916,
            0.33117620849609375
        ],
        [
            0.5864388020833333,
            0.278154052734375,
            0.6647440592447916,
            0.33117620849609375
        ],
        [
            0.6522513427734375,
            0.25121756998697914,
            0.745083740234375,
            0.3044696044921875
        ]
    ],
    "labels": [
        "grass",
        "bicycle",
        "bicycle",
        "bus",
        "bus",
        "basket",
        "basket",
        "sofa",
        "sofa"
    ],
    "scores": [
        0.994575023651123,
        0.6547834873199463,
        0.6181795597076416,
        0.5750595331192017,
        0.49790263175964355,
        0.4766312539577484,
        0.3301227390766144,
        0.29002615809440613,
        0.20906071364879608
    ]
}