{
    "bboxes": [
        [
            0.34648689778645836,
            0.35888175455729165,
            0.6777987467447917,
            0.7825081380208333
        ],
        [
            0.000878870407740275,
            0.643631103515625,
            0.3535227457682292,
            0.8865680338541667
        ],
        [
            0.6551870524088542,
            0.6113350016276041,
            0.99922314453125,
            0.8836000162760417
        ],
        [
            0.11962472534179687,
            0.8788321940104167,
            0.23863399251302084,
            0.9311219075520833
        ],
        [
            0.5858807779947917,
            0.9183203938802084,
            0.7188189290364584,
            0.970976806640625
        ],
        [
            0.8011832682291666,
            0.878563720703125,
            0.9025105794270833,
            0.917439697265625
        ],
        [
            0.5460520426432292,
            0.15875804646809896,
            0.7712926432291667,
            0.25067578125
        ],
        [
            0.4250927734375,
            0.7578872884114584,
            0.46429081217447915,
            0.7838238118489583
        ],
        [
            0.00041534002621968586,
            0.3721744384765625,
            0.2643905029296875,
            0.6833946126302083
        ],
        [
            0.7193782552083333,
            0.345601806640625,
            0.9995835774739583,
            0.6848414713541666
        ],
        [
            0.3031017049153646,
            0.7028404134114583,
            0.9516346028645833,
            0.9309361165364584
        ]
    ],
    "labels": [
        "tree",
        "butterfly",
        "butterfly",
        "grape",
        "grape",
        "grape",
        "chicken",
        "grape",
        "tree",
        "tree",
        "rabbit"
    ],
    "scores": [
        0.9909934401512146,
        0.9890567660331726,
        0.9878128170967102,
        0.9842678904533386,
        0.9812697172164917,
        0.9784416556358337,
        0.976626455783844,
        0.9687318801879883,
        0.9542550444602966,
        0.8403360843658447,
        0.5159968137741089
    ]
}