{
    "matched_indices": [
        11,
        6,
        4,
        5,
        0,
        1,
        3,
        8,
        10,
        10,
        10,
        10,
        10
    ],
    "iou_matrix": [
        [
            0.0,
            0.1681244460173415,
            0.0,
            0.0,
            0.9924508763551065,
            0.08507342912664129,
            0.0,
            0.024236991470983345,
            0.0,
            0.0,
            0.0,
            0.0,
            0.006975978435755053
        ],
        [
            0.0,
            0.0,
            0.0,
            0.0,
            0.08695875959066386,
            0.9921751397045041,
            0.09091998203512598,
            0.0,
            0.0,
            0.0,
            0.0,
            0.0,
            0.12817403580864606
        ],
        [
            0.5384759952838517,
            0.0,
            0.0,
            0.0,
            0.0,
            0.0,
            0.04304456106938688,
            0.0,
            0.0,
            0.0,
            0.0,
            0.0,
            0.01423163542930267
        ],
        [
            0.08314403261427952,
            0.0,
            0.0,
            0.00371698941939276,
            0.0,
            0.08967508964207035,
            0.9911816811498879,
            0.0,
            0.0,
            0.0,
            0.0,
            0.0,
            0.13636507822387303
        ],
        [
            0.0,
            0.0,
            0.9818014915277219,
            0.0,
            0.0,
            0.0,
            0.0,
            0.0,
            0.0,
            0.0,
            0.0,
            0.0,
            0.0
        ],
        [
            0.0,
            0.0,
            0.0,
            0.9766778861607208,
            0.0,
            0.0,
            0.003855491532776149,
            0.0,
            0.0,
            0.0,
            0.0,
            0.0,
            0.0
        ],
        [
            0.0,
            0.9283662501462306,
            0.0,
            0.0,
            0.15768941011511306,
            0.0,
            0.0,
            0.0,
            0.0,
            0.0,
            0.0,
            0.0,
            0.0
        ],
        [
            0.0,
            0.5126964397852763,
            0.0,
            0.0,
            0.07555183434579582,
            0.0,
            0.0,
            0.0,
            0.0,
            0.0,
            0.0,
            0.0,
            0.0
        ],
        [
            0.0,
            0.015184489239461588,
            0.0,
            0.0,
            0.031502058411018725,
            0.0,
            0.0,
            0.8976732963692913,
            0.0,
            0.0,
            0.0,
            0.0,
            0.032826640447777174
        ],
        [
            0.05260611759516882,
            0.0,
            0.0,
            0.002173000493756438,
            0.04884446482186613,
            0.4734122153562995,
            0.5784936926862191,
            0.0,
            0.0,
            0.0,
            0.0,
            0.0,
            0.2210677968109515
        ],
        [
            0.02795834823961337,
            0.001989120661548735,
            0.0,
            0.0,
            0.018558109759402204,
            0.13131543328569836,
            0.1420693642145639,
            0.03976206511277752,
            0.005925378388929042,
            0.005133609050902418,
            0.005133609050902434,
            0.0061812843674131325,
            0.9349330613769015
        ],
        [
            0.9852014173104541,
            0.0,
            0.0,
            0.0,
            0.0,
            0.0,
            0.083883693475518,
            0.0,
            0.0,
            0.0,
            0.0,
            0.0,
            0.020377133709923414
        ],
        [
            0.02795834823961337,
            0.001989120661548735,
            0.0,
            0.0,
            0.018558109759402204,
            0.13131543328569836,
            0.1420693642145639,
            0.03976206511277752,
            0.005925378388929042,
            0.005133609050902418,
            0.005133609050902434,
            0.0061812843674131325,
            0.9349330613769015
        ]
    ],
    "true_pos": 9,
    "false_pos": 4,
    "unmatched": 4,
    "num_GT_boxes": 13,
    "used_labels": [
        "tree",
        "house",
        "fence",
        "people",
        "cloud",
        "road",
        "grass"
    ]
}