{
    "matched_indices": [
        2,
        17,
        0,
        15,
        2,
        0,
        1,
        7,
        4,
        3,
        20,
        6,
        6,
        6,
        6
    ],
    "iou_matrix": [
        [
            0.0271207592981667,
            0.0,
            0.1501230852478413,
            0.0,
            0.1083892009600701,
            0.9762298555046947,
            0.0,
            0.0,
            0.0,
            0.0,
            0.0,
            0.0,
            0.0,
            0.0,
            0.0
        ],
        [
            0.0564228518133756,
            0.0,
            0.0,
            0.11064303342097642,
            0.09613141663839549,
            0.0,
            0.9822991939774878,
            0.0,
            0.0,
            0.0,
            0.0,
            0.0,
            0.005551762536619755,
            0.0,
            0.019864886980457894
        ],
        [
            0.226222212871539,
            0.0,
            0.0,
            0.0,
            0.928873224353534,
            0.1209193423082306,
            0.1135674945362539,
            0.0007808854138015109,
            0.0,
            0.0,
            0.0,
            0.0,
            0.0,
            0.0,
            0.0
        ],
        [
            0.0,
            0.0,
            0.0,
            0.008226199661431304,
            0.0,
            0.0,
            0.0,
            0.0,
            0.0,
            0.9399278652350376,
            0.0,
            0.0,
            0.0,
            0.0,
            0.0
        ],
        [
            0.0,
            0.0,
            0.0,
            0.0,
            0.0,
            0.0,
            8.45169001139632e-05,
            0.0,
            0.9452026817353819,
            0.0,
            0.0,
            0.0,
            0.0,
            0.0,
            0.0
        ],
        [
            0.0,
            0.08221176323533219,
            0.0,
            0.934731335867008,
            0.0,
            0.0,
            0.09293395427732362,
            0.0,
            0.0,
            0.0,
            0.0,
            0.0,
            0.0,
            0.01179832642690632,
            0.0
        ],
        [
            0.03204524206705916,
            0.029986355016697917,
            0.0,
            0.23542799412324378,
            0.06200655450597913,
            0.0,
            0.5284698047406077,
            0.0,
            0.0,
            0.0,
            0.005960812336368254,
            0.012091729316494939,
            0.0386161071033185,
            0.025525901305583444,
            0.26862164907186126
        ],
        [
            0.0,
            0.0,
            0.0,
            0.0,
            0.00022724976859951835,
            0.0,
            0.0,
            0.9780104784998935,
            0.0,
            0.0,
            0.0,
            0.0,
            0.0,
            0.0,
            0.0
        ],
        [
            0.21721766426444536,
            0.13981420928906974,
            0.12386017816334771,
            0.23776810191920686,
            0.1477600521137168,
            0.15279076164139313,
            0.16020097222628926,
            0.0,
            0.0,
            0.0,
            0.0,
            0.0,
            0.0,
            0.018177436397914876,
            0.004091581373667265
        ],
        [
            0.0,
            0.0,
            0.0,
            0.05350395017888266,
            0.0,
            0.0,
            0.005457853622689358,
            0.0,
            0.0,
            0.0,
            0.0,
            0.0,
            0.0,
            0.0,
            0.0
        ],
        [
            0.0,
            0.0,
            0.0,
            0.013371701199374187,
            0.0,
            0.0,
            0.0,
            0.0,
            0.0,
            0.0,
            0.0,
            0.0,
            0.0,
            0.0,
            0.0
        ],
        [
            0.0,
            0.0,
            0.0,
            0.0,
            0.0,
            0.0,
            8.45169001139632e-05,
            0.0,
            0.9452026817353819,
            0.0,
            0.0,
            0.0,
            0.0,
            0.0,
            0.0
        ],
        [
            0.0988034184471909,
            0.242094469836317,
            0.0,
            0.30391594967864194,
            0.03474529301315597,
            0.0,
            0.1906974493193565,
            0.0,
            0.0,
            0.0,
            0.0,
            0.0,
            0.0,
            0.0241833828159947,
            0.0
        ],
        [
            0.0,
            0.0,
            0.0,
            0.008226199661431304,
            0.0,
            0.0,
            0.0,
            0.0,
            0.0,
            0.9399278652350376,
            0.0,
            0.0,
            0.0,
            0.0,
            0.0
        ],
        [
            0.0,
            0.0,
            0.0,
            0.0,
            0.00022841126091005488,
            0.0,
            0.0,
            0.9773323864422153,
            0.0,
            0.0,
            0.0,
            0.0,
            0.0,
            0.0,
            0.0
        ],
        [
            0.0,
            0.08198338755541701,
            0.0,
            0.938779610119799,
            0.0,
            0.0,
            0.09392933502315878,
            0.0,
            0.0,
            0.0,
            0.0,
            0.0,
            0.0,
            0.011865364457609424,
            0.0
        ],
        [
            0.06574557962701258,
            0.02455560625548738,
            0.0341321036664683,
            0.1421781414964383,
            0.23899494171986727,
            0.2194008565940614,
            0.30728674342299167,
            0.01226174079700346,
            0.0,
            0.0,
            0.006531296755869202,
            0.010317600114289475,
            0.02365996621569214,
            0.015639638684949057,
            0.18580399290071303
        ],
        [
            0.0,
            0.940785093036537,
            0.0,
            0.08312919667271493,
            0.0,
            0.0,
            0.0,
            0.0,
            0.0,
            0.0,
            0.0,
            0.0,
            0.0,
            0.017916174668406903,
            0.0
        ],
        [
            0.0,
            0.0,
            0.0,
            0.0,
            0.0002358656670993992,
            0.0,
            0.0,
            0.9768595521954224,
            0.0,
            0.0,
            0.0,
            0.0,
            0.0,
            0.0,
            0.0
        ],
        [
            0.0,
            0.0,
            0.0,
            0.013371701199374187,
            0.0,
            0.0,
            0.0,
            0.0,
            0.0,
            0.0,
            0.0,
            0.0,
            0.0,
            0.0,
            0.0
        ],
        [
            0.04966475063820287,
            0.02500814791352743,
            0.0271549652799334,
            0.21138644242834675,
            0.18131986559607008,
            0.17217185107365776,
            0.2461738012061162,
            0.03853832657532527,
            0.015389695201773777,
            0.013835180534927934,
            0.008011639457178692,
            0.010841743317488908,
            0.017872932733683903,
            0.011814311468028355,
            0.15916460602365107
        ],
        [
            0.0,
            0.0,
            0.0,
            0.025542768753997358,
            0.0,
            0.0,
            0.0004011953442152042,
            0.0,
            0.0,
            0.0,
            0.0,
            0.0,
            0.0,
            0.0,
            0.0
        ],
        [
            0.0,
            0.0,
            0.0,
            0.0,
            0.00022724976859951835,
            0.0,
