{
    "bboxes": [
        [
            0.7320538736979166,
            0.5587351888020833,
            0.9828853352864584,
            0.75841015625
        ],
        [
            0.0015274732907613118,
            0.5584997965494791,
            0.3180404052734375,
            0.864602294921875
        ],
        [
            0.35914774576822917,
            0.10882448323567709,
            0.8242688802083333,
            0.7043429361979167
        ],
        [
            0.22714390055338543,
            0.00011983512838681539,
            0.82563818359375,
            0.5430981852213541
        ],
        [
            0.43852115885416665,
            0.7586028645833334,
            0.62519482421875,
            0.930812744140625
        ]
    ],
    "labels": [
        "grass",
        "grass",
        "cloud",
        "sheep",
        "grass"
    ],
    "scores": [
        0.9687917828559875,
        0.9602669477462769,
        0.7321652770042419,
        0.5193115472793579,
        0.32988157868385315
    ]
}