{
    "matched_indices": [
        12,
        8,
        6,
        3,
        1,
        4,
        2,
        1,
        0,
        9,
        9,
        5,
        5,
        9,
        5
    ],
    "iou_matrix": [
        [
            0.0,
            0.0,
            0.0,
            0.009167932270044836,
            0.008910160543754849,
            0.00032219728257860313,
            0.0,
            0.0,
            0.9186278366547597,
            0.0,
            0.0,
            0.0,
            0.20578583132671407,
            0.4210206213578718,
            0.10737120994844933
        ],
        [
            0.051393339044728946,
            0.0,
            0.0,
            0.0,
            0.9448366617842742,
            0.0,
            0.0,
            0.11559183399142194,
            0.013844102467982974,
            0.0,
            0.0,
            0.0,
            0.042226329315338824,
            0.0,
            0.0
        ],
        [
            0.0,
            0.0,
            0.0,
            0.0,
            0.0,
            0.022949327241157495,
            0.8748767311674488,
            0.0,
            0.0,
            0.0,
            0.0,
            0.0,
            0.0,
            0.0,
            0.0
        ],
        [
            0.0,
            0.0,
            0.0,
            0.9627027309266843,
            0.0,
            0.2310736805715561,
            0.0,
            0.0,
            0.01115457661564108,
            0.0,
            0.0,
            0.0,
            0.0,
            0.0,
            0.0
        ],
        [
            0.0,
            0.0,
            0.0,
            0.1878295395794542,
            0.0,
            0.8886012124848338,
            0.08271244173160364,
            0.0,
            0.0,
            0.0,
            0.0,
            0.0,
            0.0,
            0.0,
            0.0
        ],
        [
            0.0,
            0.0,
            0.0,
            0.0,
            0.031782738946473967,
            0.0,
            0.0,
            0.05892184654694916,
            0.19981837304715114,
            0.0,
            0.0,
            0.005661843921077923,
            0.9855066914358189,
            0.2557378334463979,
            0.2540197492979788
        ],
        [
            0.0,
            0.0,
            0.8725829435194385,
            0.0,
            0.0,
            0.0,
            0.0,
            0.0,
            0.004528867019942256,
            0.0,
            0.0,
            0.0,
            0.0,
            0.0,
            0.0
        ],
        [
            0.0,
            0.0,
            0.0,
            0.0,
            0.0,
            0.0,
            0.0,
            0.0039797367689515225,
            0.05092877676234787,
            0.0,
            0.0,
            0.0,
            0.309833449336671,
            0.14162299937515366,
            0.21314894870925422
        ],
        [
            0.021985830982168792,
            0.7875831726657989,
            0.0,
            0.0,
            0.0,
            0.0,
            0.0,
            0.0,
            0.0062965541901941376,
            0.0,
            0.0,
            0.0,
            0.0,
            0.0,
            0.0
        ],
        [
            0.0,
            0.0,
            0.0,
            0.0,
            0.0,
            0.0,
            0.0,
            0.0020479910823333115,
            0.23729977060316204,
            0.002888547085699923,
            0.002888547085699923,
            0.002888547085699935,
            0.31123023710653014,
            0.43543630424763025,
            0.12452702050713034
        ],
        [
            0.6047227320181271,
            0.04044674982495697,
            0.0011159184560990186,
            0.0,
            0.0,
            0.0,
            0.0,
            0.0,
            0.016755322297009097,
            0.0,
            0.0,
            0.0,
            0.0,
            0.0,
            0.0
        ],
        [
            0.014086379399279482,
            0.4835333623778967,
            0.0,
            0.0,
            0.0,
            0.0,
            0.0,
            0.0,
            0.0,
            0.0,
            0.0,
            0.0,
            0.0,
            0.0,
            0.0
        ],
        [
            0.7005963260394131,
            0.01869614614256341,
            0.0007237119046761857,
            0.0,
            0.20397628343920984,
            0.0,
            0.0,
            0.012027106011435635,
            0.061433093652077136,
            0.0,
            0.0,
            0.0,
            0.0,
            0.0,
            0.0
        ]
    ],
    "num_matches": 9,
    "num_matches_with_correct_class": 0,
    "num_GT_boxes": 15,
    "used_labels": [
        "others",
        "bus",
        "tree",
        "house",
        "road",
        "mountain",
        "grass"
    ],
    "map_score": 0.0
}