{
    "mean_iou": 0.7152464941829982,
    "mean_dice": 0.7581289942444759,
    "missed_matches": 5,
    "total_matches": 14,
    "success_rate": 0.6428571428571429,
    "time": "2024-10-11 01:09:55"
}