{
    "matched_indices": [
        5,
        3,
        6,
        4,
        7,
        6,
        4,
        9,
        6,
        0,
        2,
        1,
        0,
        0,
        8,
        2
    ],
    "iou_matrix": [
        [
            0.0,
            0.0,
            0.00011274179631794794,
            0.0057891900625174205,
            0.0,
            0.0,
            0.10211740919288585,
            0.0,
            0.045973763776573126,
            0.9950188212945785,
            0.0,
            0.0,
            0.0,
            0.0,
            0.0,
            0.042700633684348316
        ],
        [
            0.0,
            0.0,
            0.0,
            0.0,
            0.0,
            0.0,
            0.0,
            0.0,
            0.0,
            0.0,
            0.0,
            0.9839325437919182,
            0.0,
            0.0,
            0.0,
            0.174970467702859
        ],
        [
            0.0,
            0.0,
            0.0,
            0.0,
            0.023700849243106118,
            0.0,
            0.017296415076218957,
            0.0362116177594788,
            0.0,
            0.0,
            0.9770619229565686,
            0.0,
            0.0,
            0.0,
            0.0,
            0.1858114691593253
        ],
        [
            0.0,
            0.9813903403594832,
            0.0,
            0.0,
            0.0,
            0.0,
            0.0,
            0.0,
            0.003814707177858834,
            0.0,
            0.0,
            0.0,
            0.0,
            0.0,
            0.0,
            0.0
        ],
        [
            0.024123814405487394,
            0.0,
            0.0,
            0.020000023270888834,
            0.0,
            0.0,
            0.9837062714966213,
            0.09857563358128339,
            0.0,
            0.10381384254532816,
            0.019338808224265112,
            0.0,
            0.0,
            0.0,
            0.0,
            0.0
        ],
        [
            0.9774348359333737,
            0.0,
            0.0,
            0.0,
            0.0,
            0.0,
            0.02417968339195717,
            0.0,
            0.0,
            0.0,
            0.0,
            0.0,
            0.0,
            0.0,
            0.0,
            0.0
        ],
        [
            0.0,
            0.0035872160657453907,
            0.019001433001639,
            0.0,
            0.0,
            0.01929254511105995,
            0.0,
            0.0,
            0.9928987949585162,
            0.045369173569189944,
            0.0,
            0.0,
            0.0,
            0.0,
            0.0,
            0.0
        ],
        [
            0.0,
            0.0,
            0.0,
            0.006908465541160498,
            0.06622049304560355,
            0.0,
            0.09684595171601665,
            0.6389026459281801,
            0.0,
            0.0,
            0.20236986564452558,
            0.0,
            0.0,
            0.0,
            0.0,
            0.01453281817490157
        ],
        [
            0.0,
            0.0,
            0.0,
            0.0,
            0.0,
            0.0,
            0.0,
            0.0,
            0.0,
            0.0,
            0.0,
            0.0,
            0.0,
            0.0,
            0.9653246454516529,
            0.0
        ],
        [
            0.0,
            0.0,
            0.0,
            0.0,
            0.0,
            0.0,
            0.09688847242075566,
            0.9764285484445294,
            0.0,
            0.0,
            0.027596250002940883,
            0.0,
            0.0,
            0.0,
            0.0,
            0.0
        ]
    ],
    "num_matches": 9,
    "num_matches_with_correct_class": 0,
    "num_GT_boxes": 16,
    "used_labels": [
        "bench",
        "dog",
        "tree",
        "people",
        "road",
        "cloud",
        "grass"
    ],
    "map_score": 0.0
}