{
    "bboxes": [
        [
            0.32025557454427084,
            0.61212109375,
            0.4912523193359375,
            0.7753145345052084
        ],
        [
            0.1441429443359375,
            0.3956849365234375,
            0.3170265909830729,
            0.6516986490885417
        ],
        [
            0.0003092512289683024,
            0.40895585123697914,
            0.1317221476236979,
            0.7317027180989584
        ],
        [
            0.07616536458333334,
            0.10342729695638021,
            0.24015897623697915,
            0.2654466552734375
        ],
        [
            0.07780349731445313,
            0.663268310546875,
            0.1979036865234375,
            0.7862645670572916
        ],
        [
            0.18619295247395834,
            0.7044608561197917,
            0.331595947265625,
            0.8932151692708333
        ],
        [
            0.18627559407552083,
            0.7042501627604166,
            0.33175677490234373,
            0.8933203125
        ],
        [
            0.0037840900421142578,
            0.087689208984375,
            0.9955673828125,
            0.95686962890625
        ],
        [
            0.6884033203125,
            0.46367972819010417,
            0.8963994954427084,
            0.8255008138020833
        ],
        [
            0.49195894368489584,
            0.8103516438802083,
            0.6241744384765625,
            0.8767191569010416
        ],
        [
            0.14401387532552085,
            0.39533634440104165,
            0.31717818196614583,
            0.6514727376302083
        ],
        [
            0.18610634358723957,
            0.70450927734375,
            0.3316000162760417,
            0.8932596028645833
        ]
    ],
    "labels": [
        "flower",
        "butterfly",
        "butterfly",
        "tree",
        "others",
        "others",
        "tree",
        "grass",
        "grass",
        "others",
        "grass",
        "tree"
    ],
    "scores": [
        0.8761543035507202,
        0.6695167422294617,
        0.6450521945953369,
        0.5690221190452576,
        0.5181311964988708,
        0.4973297417163849,
        0.2577644884586334,
        0.2445755898952484,
        0.2432081550359726,
        0.22360190749168396,
        0.20394565165042877,
        0.20180705189704895
    ],
    "model_info": {
        "model_config": "/mnt/sda/miatang/projects/stroke-label/extern/mmdetection/ours_weights/base_cat_full_ft_allclass_val/intersect_full_ft_all_class_val.py",
        "weights": "/mnt/sda/miatang/projects/stroke-label/extern/mmdetection/groundingdino_swint_ogc_mmdet-822d7e9d.pth",
        "device": "cuda:0",
        "score_threshold": 0.2
    }
}