{
    "matched_indices": [
        4,
        6,
        8,
        2,
        1,
        5,
        3,
        7,
        0,
        8,
        0,
        6,
        0,
        1,
        0,
        0,
        0,
        0,
        6
    ],
    "iou_matrix": [
        [
            0.0,
            0.0,
            0.0,
            0.0,
            0.0,
            0.0,
            0.0,
            0.0,
            0.0,
            0.0,
            0.0,
            0.0,
            0.9768326952247393,
            0.0,
            0.0,
            0.0,
            0.0,
            0.0,
            0.0
        ],
        [
            0.0,
            0.0,
            0.0,
            0.0,
            0.9768157829458401,
            0.0,
            0.0,
            0.0,
            0.0,
            0.0,
            0.0,
            0.0,
            0.0,
            0.03052398748347612,
            0.0,
            0.0,
            0.0,
            0.0,
            0.03419990949194687
        ],
        [
            0.0,
            0.0,
            0.0,
            0.9711136735084124,
            0.0,
            0.0,
            0.0,
            0.0,
            0.0,
            0.0,
            0.0,
            0.0,
            0.0,
            0.0,
            0.0,
            0.0,
            0.0,
            0.0,
            0.01847604762492474
        ],
        [
            0.0,
            0.0,
            0.005754344028998306,
            0.0,
            0.0,
            0.06076598631485769,
            0.9848992737519909,
            0.0,
            0.0,
            0.0,
            0.0,
            0.0,
            0.0,
            0.0,
            0.0,
            0.0,
            0.0,
            0.0,
            0.14037737623345925
        ],
        [
            0.022716544271364162,
            0.0,
            0.0,
            0.0,
            0.038192696635294864,
            0.0,
            0.0,
            0.7762360725042716,
            0.0,
            0.0,
            0.0,
            0.0,
            0.0,
            0.013106243164013176,
            0.0,
            0.0,
            0.0,
            0.0,
            0.16441722871689218
        ],
        [
            0.0,
            0.0,
            0.0,
            0.0,
            0.0,
            0.9748276232544842,
            0.05983417376924065,
            0.0,
            0.0,
            0.0,
            0.0,
            0.0,
            0.0,
            0.0,
            0.0,
            0.0,
            0.0,
            0.0,
            0.09188215787431149
        ],
        [
            0.007120529297562375,
            0.013671416251319766,
            0.022963706984638645,
            0.017801323243905952,
            0.02990622304976199,
            0.007816608900280827,
            0.22547811288900826,
            0.15592039958649215,
            0.0,
            0.0,
            0.0,
            0.0011535257462051017,
            0.0,
            0.0040266593177715184,
            0.0,
            0.0,
            0.0,
            0.0,
            0.16536012459875954
        ],
        [
            0.0003910815980040823,
            0.0,
            0.0,
            0.0,
            0.0006917154426816643,
            0.0,
            0.0,
            0.9864351194649688,
            0.0,
            0.0,
            0.0,
            0.0,
            0.0,
            0.004425950232424179,
            0.0,
            0.0,
            0.0,
            0.0,
            0.16035457347069698
        ],
        [
            0.0,
            0.0,
            0.0476444925931339,
            0.0,
            0.0,
            0.08977313233942327,
            0.7143503225503314,
            0.0,
            0.0,
            0.0008968845263761961,
            0.0,
            0.0,
            0.0,
            0.0,
            0.0,
            0.0,
            0.0,
            0.0,
            0.16389037960789943
        ]
    ],
    "true_pos": 6,
    "false_pos": 3,
    "unmatched": 13,
    "num_GT_boxes": 19,
    "used_labels": [
        "tree",
        "cloud",
        "flower",
        "grass",
        "others"
    ]
}