{
    "matched_indices": [
        0,
        6,
        7,
        2,
        3,
        4,
        5,
        1,
        1,
        1,
        0,
        0,
        0,
        0,
        0,
        0
    ],
    "iou_matrix": [
        [
            0.8474152926210926,
            0.0,
            0.0,
            0.023625204912001558,
            0.0,
            0.0,
            0.0,
            0.0,
            0.0,
            0.0,
            0.0792803787559798,
            0.11302179445840124,
            0.09309073972866921,
            0.0,
            0.0,
            0.0
        ],
        [
            0.0,
            0.0,
            0.0,
            0.0,
            0.0,
            0.0,
            0.0,
            0.3010401428896322,
            0.30025344264747383,
            0.3393010321409512,
            0.0,
            0.0,
            0.0,
            0.0,
            0.0,
            0.0
        ],
        [
            0.021012815601998466,
            0.04788421627649049,
            0.01583904237676727,
            0.9885232371797188,
            0.035442664016100495,
            0.03454298689487811,
            0.023656974791126124,
            0.0,
            0.0,
            0.0,
            0.0,
            0.0005581426927273343,
            0.0,
            0.0,
            0.0,
            0.0
        ],
        [
            0.0,
            0.05962345343693388,
            0.0,
            0.035959238325282784,
            0.9767184442151291,
            0.0,
            0.0,
            0.0,
            0.0,
            0.0,
            0.0,
            0.0,
            0.0,
            0.0,
            0.0,
            0.0
        ],
        [
            0.0,
            0.0,
            0.0,
            0.035349024947834505,
            0.0,
            0.9835190894278439,
            0.0,
            0.0,
            0.0,
            0.0,
            0.0,
            0.0,
            0.0,
            0.0,
            0.0,
            0.0
        ],
        [
            0.0,
            0.0,
            0.0,
            0.023845471026412535,
            0.0,
            0.0,
            0.9814473398717861,
            0.0,
            0.0,
            0.0,
            0.0,
            0.0,
            0.0,
            0.0,
            0.0,
            0.0
        ],
        [
            0.0,
            0.7858514838341975,
            0.0,
            0.020030445143904736,
            0.016568191260239135,
            0.0,
            0.0,
            0.0,
            0.0,
            0.0,
            0.0,
            0.0,
            0.0,
            0.0,
            0.0,
            0.0
        ],
        [
            0.0,
            0.0,
            0.9802620899569621,
            0.014762506646823216,
            0.0,
            0.0,
            0.0,
            0.0,
            0.0,
            0.0,
            0.0,
            0.0,
            0.0,
            0.0,
            0.0,
            0.0
        ]
    ],
    "num_matches": 7,
    "num_GT_boxes": 16,
    "used_labels": [
        "airplane",
        "apple",
        "balloon",
        "banana",
        "basket",
        "bee",
        "bench",
        "bicycle",
        "bird",
        "bottle",
        "bucket",
        "bus",
        "butterfly",
        "car",
        "cat",
        "chair",
        "chicken",
        "cloud",
        "cow",
        "cup",
        "dinnerware",
        "dog",
        "duck",
        "fence",
        "flower",
        "grape",
        "grass",
        "horse",
        "house",
        "moon",
        "mountain",
        "people",
        "picnic rug",
        "pig",
        "rabbit",
        "road",
        "sheep",
        "sofa",
        "star",
        "street lamp",
        "sun",
        "table",
        "tree",
        "truck",
        "umbrella",
        "others"
    ]
}