{
    "mean_iou": 0.46189366792831615,
    "mean_dice": 0.5168087874205441,
    "missed_matches": 13,
    "total_matches": 17,
    "success_rate": 0.23529411764705882,
    "time": "2024-09-27 00:27:20"
}