{
    "matched_indices": [
        0,
        0,
        0,
        0,
        0,
        0,
        0,
        0,
        1,
        1,
        1,
        0,
        1,
        0,
        0,
        0,
        1,
        0
    ],
    "iou_matrix": [
        [
            0.0,
            0.0,
            0.0,
            0.000559968505598756,
            0.0483470675816435,
            0.0,
            0.0,
            0.9958512891766577,
            0.005975738456616388,
            0.040336945767009975,
            0.0,
            0.0,
            0.0,
            0.0,
            0.0,
            0.0,
            0.04347572446811224,
            0.4056099513601743
        ],
        [
            0.0,
            0.0,
            0.0,
            0.0,
            0.0,
            0.0,
            0.0,
            0.040067991037223985,
            0.2761470742657645,
            0.982187619559932,
            0.06934964299104818,
            0.0,
            0.06934964299104818,
            0.0,
            0.0,
            0.0,
            0.2627093130826259,
            0.0
        ]
    ],
    "num_matches": 2,
    "num_GT_boxes": 18,
    "used_labels": [
        "airplane",
        "apple",
        "balloon",
        "banana",
        "basket",
        "bee",
        "bench",
        "bicycle",
        "bird",
        "bottle",
        "bucket",
        "bus",
        "butterfly",
        "car",
        "cat",
        "chair",
        "chicken",
        "cloud",
        "cow",
        "cup",
        "dinnerware",
        "dog",
        "duck",
        "fence",
        "flower",
        "grape",
        "grass",
        "horse",
        "house",
        "moon",
        "mountain",
        "people",
        "picnic rug",
        "pig",
        "rabbit",
        "road",
        "sheep",
        "sofa",
        "star",
        "street lamp",
        "sun",
        "table",
        "tree",
        "truck",
        "umbrella",
        "others"
    ]
}