{
    "bboxes": [
        [
            0.07264595540364584,
            0.27182017008463544,
            0.6071825358072916,
            0.7573811848958333
        ],
        [
            0.07921900431315104,
            0.638151123046875,
            0.2390676066080729,
            0.7760992024739584
        ],
        [
            0.0004713832934697469,
            0.743934326171875,
            0.999516357421875,
            0.998501953125
        ],
        [
            0.3462621663411458,
            0.5774574788411458,
            0.5176995442708333,
            0.776260986328125
        ],
        [
            0.5848664957682291,
            0.6255169677734375,
            0.7255966796875,
            0.77704150390625
        ],
        [
            0.70482763671875,
            0.37320064290364585,
            0.9435729166666667,
            0.7714476725260416
        ],
        [
            0.5848664957682291,
            0.6255169677734375,
            0.7255966796875,
            0.77704150390625
        ],
        [
            0.3679833984375,
            0.00010633467634518941,
            0.52971044921875,
            0.19634128824869793
        ],
        [
            0.585235107421875,
            0.6253572591145833,
            0.7258353678385416,
            0.7766586100260416
        ]
    ],
    "labels": [
        "horse",
        "bee",
        "duck",
        "mountain",
        "mountain",
        "tree",
        "dinnerware",
        "house",
        "dinnerware"
    ],
    "scores": [
        0.971856415271759,
        0.9016339182853699,
        0.8120014667510986,
        0.7505589127540588,
        0.4894549548625946,
        0.44915369153022766,
        0.41844695806503296,
        0.23131918907165527,
        0.21058736741542816
    ]
}