{
    "bboxes": [
        [
            0.17233426920572917,
            0.5726288655598958,
            0.3527374674479167,
            0.7801089680989584
        ],
        [
            0.704243408203125,
            0.3595975341796875,
            0.97108447265625,
            0.6241388753255208
        ],
        [
            0.03738599904378255,
            0.1587672119140625,
            0.9994342447916666,
            0.9975774739583333
        ],
        [
            0.2672734171549479,
            0.3225013631184896,
            0.5842436116536458,
            0.6333531087239583
        ],
        [
            0.5450666910807291,
            0.0,
            0.7574761555989583,
            0.4376598714192708
        ]
    ],
    "labels": [
        "car",
        "dinnerware",
        "people",
        "mountain",
        "mountain"
    ],
    "scores": [
        0.9823724627494812,
        0.905055582523346,
        0.7428698539733887,
        0.42188560962677,
        0.37205004692077637
    ]
}