{
    "bboxes": [
        [
            0.2997741495768229,
            0.3184173787434896,
            0.7445790201822917,
            0.8601634928385417
        ],
        [
            0.05170098876953125,
            0.024319661458333332,
            0.2916489054361979,
            0.1451215108235677
        ],
        [
            0.6516520182291666,
            0.00041376797358194987,
            0.8791953938802083,
            0.14535349527994793
        ],
        [
            0.8265591634114583,
            0.46496834309895835,
            0.998356689453125,
            0.5635447591145833
        ],
        [
            0.41137060546875,
            0.09058197021484375,
            0.6920631510416667,
            0.1859201863606771
        ],
        [
            0.4105752766927083,
            0.0006773173809051514,
            0.8791732584635417,
            0.18672235107421875
        ],
        [
            0.006706900278727213,
            0.46370703125,
            0.25193912760416665,
            0.5541914876302083
        ],
        [
            0.005457162857055664,
            0.20938016764322917,
            0.9982823893229167,
            0.8934629720052083
        ],
        [
            0.06519355773925781,
            0.46478287760416664,
            0.25219645182291667,
            0.5525709228515625
        ],
        [
            0.0006869285901387532,
            0.17291851806640626,
            0.2637393391927083,
            0.46502518717447916
        ],
        [
            0.004110097567240397,
            0.4233539632161458,
            0.17651302083333334,
            0.6153715413411458
        ],
        [
            0.786094970703125,
            0.8649041341145833,
            0.9980470377604167,
            0.9970796712239584
        ]
    ],
    "labels": [
        "mountain",
        "fence",
        "fence",
        "grass",
        "fence",
        "fence",
        "grass",
        "road",
        "grass",
        "fence",
        "cloud",
        "cloud"
    ],
    "scores": [
        0.9771586656570435,
        0.7106214761734009,
        0.5616776347160339,
        0.5563830733299255,
        0.5337005853652954,
        0.357244610786438,
        0.352093905210495,
        0.32431361079216003,
        0.3112431466579437,
        0.31076833605766296,
        0.22376106679439545,
        0.20779813826084137
    ]
}