{
    "matched_indices": [
        0,
        1,
        2,
        4,
        5,
        5
    ],
    "iou_matrix": [
        [
            0.9859554595697967,
            0.0,
            0.0,
            0.0,
            0.0,
            0.0
        ],
        [
            0.0,
            0.9743694393936959,
            0.0,
            0.0,
            0.0,
            0.0
        ],
        [
            0.0,
            0.0,
            0.9842393338086546,
            0.0,
            0.09351388156855622,
            0.0016894802038445174
        ],
        [
            0.0,
            0.0,
            0.0,
            0.059990841708478314,
            0.0,
            0.0
        ],
        [
            0.0,
            0.0,
            0.0,
            0.9945973515508488,
            0.0,
            0.0012526989839528736
        ],
        [
            0.0,
            0.0,
            0.2642620061430359,
            0.008539614185239379,
            0.258011347922465,
            0.06336856757821585
        ],
        [
            0.0,
            0.0,
            0.16773885554536977,
            0.20100730283627946,
            0.03283185561800449,
            0.010657203797424093
        ],
        [
            0.0,
            0.0,
            0.09820388464727275,
            0.10234489972235569,
            0.0,
            0.02125463742497293
        ],
        [
            0.0,
            0.0,
            0.1075988285749371,
            0.16621917453265048,
            0.04691289387309375,
            0.013755747702771104
        ]
    ],
    "num_matches": 4,
    "num_GT_boxes": 6,
    "used_labels": [
        "airplane",
        "apple",
        "balloon",
        "banana",
        "basket",
        "bee",
        "bench",
        "bicycle",
        "bird",
        "bottle",
        "bucket",
        "bus",
        "butterfly",
        "car",
        "cat",
        "chair",
        "chicken",
        "cloud",
        "cow",
        "cup",
        "dinnerware",
        "dog",
        "duck",
        "fence",
        "flower",
        "grape",
        "grass",
        "horse",
        "house",
        "moon",
        "mountain",
        "people",
        "picnic rug",
        "pig",
        "rabbit",
        "road",
        "sheep",
        "sofa",
        "star",
        "street lamp",
        "sun",
        "table",
        "tree",
        "truck",
        "umbrella",
        "others"
    ]
}