{
    "mean_iou": 0.8155571474131746,
    "mean_dice": 0.8862781173751189,
    "missed_matches": 2,
    "total_matches": 8,
    "success_rate": 0.75,
    "time": "2024-09-26 23:21:41"
}