{
    "mean_iou": 0.4318682918768335,
    "mean_dice": 0.5094426335643824,
    "missed_matches": 6,
    "total_matches": 13,
    "success_rate": 0.5384615384615384,
    "time": "2024-09-23 00:27:03"
}