{
    "matched_indices": [
        3,
        4,
        2,
        0,
        0,
        0,
        0,
        4,
        3,
        1,
        0,
        4,
        4
    ],
    "iou_matrix": [
        [
            0.0,
            0.0,
            0.0,
            0.0,
            0.0,
            0.0,
            0.0,
            0.0,
            0.0,
            0.0,
            0.9782480670163832,
            0.0,
            0.0
        ],
        [
            0.0,
            0.0386268081265426,
            0.0,
            0.0,
            0.0,
            0.0,
            0.0,
            0.0,
            0.03196134044598406,
            0.9797957184090204,
            0.0,
            0.04338019779841579,
            0.06274943652182316
        ],
        [
            0.0,
            0.0,
            0.9780851695661156,
            0.0,
            0.0,
            0.0,
            0.0,
            0.0,
            0.0,
            0.0,
            0.0,
            0.0005013987838418941,
            0.0017673516113794316
        ],
        [
            0.8385396355193182,
            0.0087126488005709,
            0.0,
            0.0,
            0.0,
            0.0,
            0.0,
            0.0,
            0.34591751529452447,
            0.0,
            0.0,
            0.07648880354931385,
            0.14085669489235378
        ],
        [
            0.008252850323833775,
            0.9892504678331867,
            0.0,
            0.0,
            0.0,
            0.0,
            0.0,
            0.018573531336838204,
            0.0,
            0.04053000239748732,
            0.0,
            0.14307275613514708,
            0.19315377643221718
        ],
        [
            0.008252850323833775,
            0.9892504678331867,
            0.0,
            0.0,
            0.0,
            0.0,
            0.0,
            0.018573531336838204,
            0.0,
            0.04053000239748732,
            0.0,
            0.14307275613514708,
            0.19315377643221718
        ]
    ],
    "num_matches": 5,
    "num_GT_boxes": 13,
    "used_labels": [
        "road",
        "street lamp",
        "house",
        "others",
        "mountain",
        "moon",
        "star",
        "bench"
    ]
}