{
    "matched_indices": [
        1,
        20,
        17,
        14,
        10,
        5,
        6,
        4,
        2,
        3,
        16,
        19,
        12,
        8,
        0,
        7,
        7
    ],
    "iou_matrix": [
        [
            0.0811433290697139,
            0.0650941866912818,
            0.0,
            0.0,
            0.0,
            0.0,
            0.0,
            0.0,
            0.0,
            0.0,
            0.0,
            0.0,
            0.0,
            0.0,
            0.9072779235233045,
            0.011654799346342464,
            0.039103255599039134
        ],
        [
            0.9866936589429779,
            0.0,
            0.0,
            0.0,
            0.07136673079146501,
            0.0,
            0.0,
            0.0,
            0.0,
            0.0,
            0.0,
            0.0,
            0.0,
            0.0,
            0.08716182437639743,
            0.0011774390964626037,
            0.024726197987491823
        ],
        [
            0.0,
            0.0,
            0.0,
            0.0,
            0.0,
            0.0,
            0.010716280948627085,
            0.0,
            0.9849997058541551,
            0.0,
            0.0,
            0.0,
            0.0,
            0.04652777104834264,
            0.0,
            0.17428138914844601,
            0.1677534308770369
        ],
        [
            0.0,
            0.0,
            0.0,
            0.0,
            0.00017767456620700794,
            0.12198287968209849,
            0.0006990150408598793,
            0.3284173547416181,
            0.0,
            0.9937366079742683,
            0.0,
            0.0,
            0.047971521689877575,
            0.005001970933276227,
            0.00045400815439668814,
            0.5026292988352362,
            0.4329775082763162
        ],
        [
            0.0,
            0.0,
            0.0,
            0.0,
            0.0,
            0.0,
            0.004225809737314616,
            0.6771394649896271,
            0.0,
            0.21823862354634246,
            0.0,
            0.0,
            0.0,
            0.026020690412909008,
            0.004111615738916894,
            0.14220817661008303,
            0.1658727585435694
        ],
        [
            0.0,
            0.0,
            0.0,
            0.0,
            1.3315698985915849e-05,
            0.7418856053384071,
            0.0,
            0.0,
            0.0,
            0.04554377329560422,
            0.0,
            0.0,
            0.0,
            0.0,
            0.0,
            0.019845463612794323,
            0.050463326780349364
        ],
        [
            0.0,
            0.006327132158654638,
            0.0,
            0.09161504073615723,
            0.0,
            0.0,
            0.9924237437968885,
            0.0019284915466172658,
            0.008744344716440703,
            0.0005200401735789529,
            0.0,
            0.0,
            0.0,
            0.0,
            0.0,
            0.024481564444445426,
            0.06008568327653161
        ],
        [
            0.002153642701250793,
            0.0,
            0.005368525122052736,
            0.0019979475302814606,
            0.006290895646311135,
            0.07216929472015256,
            0.026249309015700543,
            0.19099168580507836,
            0.16769809542346462,
            0.49641917117884354,
            0.005926352176944881,
            0.03732103372133005,
            0.04382799889687088,
            0.02146677496989593,
            0.013451496604506633,
            0.9506432637084716,
            0.6162115351942797
        ],
        [
            0.0,
            0.0,
            0.0,
            0.0,
            0.0,
            0.0,
            0.0,
            0.036738446773688135,
            0.05505445684212142,
            0.0078694656142961,
            0.0,
            0.0,
            0.0,
            0.8393008726260179,
            0.0,
            0.02605738505729417,
            0.030393543064238332
        ],
        [
            0.0,
            0.0,
            0.0,
            0.0,
            0.0,
            0.0,
            0.0,
            0.0,
            0.0,
            0.0,
            0.0,
            0.5116437430138654,
            0.0,
            0.0,
            0.0,
            0.017879853211163307,
            0.0
        ],
        [
            0.06968813216733304,
            0.0,
            0.0,
            0.0,
            0.9893745264438992,
            0.0,
            0.0,
            0.0,
            0.0,
            0.0,
            0.0,
            0.0,
            0.0,
            0.0,
            0.0,
            0.004583456525747398,
            0.02400065511580433
        ],
        [
            0.0,
            0.0,
            0.0,
            0.0,
            0.0,
            0.0,
            0.0,
            0.0,
            0.0,
            0.0,
            0.0,
            0.16461341165787408,
            0.0,
            0.0,
            0.0,
            7.762694920316296e-05,
            0.0
        ],
        [
            0.0,
            0.0,
            0.0,
            0.0,
            0.0,
            0.0,
            0.0,
            0.0,
            0.0,
            0.048673360048492535,
            0.0,
            0.0,
            0.978813861796387,
            0.0,
            0.0,
            0.04516167792260962,
            0.0
        ],
        [
            0.0,
            0.0,
            0.0,
            0.0,
            0.0,
            0.0,
            0.0,
            0.0,
            0.0,
            0.0,
            0.5528064052556526,
            0.0,
            0.0,
            0.0,
            0.0,
            0.0,
            0.0
        ],
        [
            0.0,
            0.02306429763388474,
            0.04745555872352175,
            0.8584979202809285,
            0.0,
            0.0,
            0.08462369140030734,
            0.0,
            0.0,
            0.0,
            0.0,
            0.0,
            0.0,
            0.0,
            0.0,
            0.000669928901196154,
            0.02076147870902568
        ],
        [
            0.0,
            0.0,
            0.0,
            0.0,
            0.0,
            0.0,
            0.0,
            0.0,
            0.0,
            0.0,
            0.24646615216280487,
            0.0,
            0.0,
            0.0,
            0.0,
            0.00029858004473836607,
            0.0
        ],
        [
            0.0,
            0.0,
            0.0,
            0.0,
            0.0,
            0.0,
            0.0,
            0.0,
            0.0,
            3.379373626583665e-05,
            0.9748696823935448,
            0.0,
            0.0,
            0.0,
            0.0,
            0.0029931269762091942,
            0.0
        ],
        [
            0.0,
            0.1043546425930233,
            0.9631850017686652,
            0.07142698606847514,
            0.0,
            0.0,
            0.0,
            0.0,
            0.0,
            0.0,
            0.0,
            0.0,
            0.0,
            0.0,
            0.0,
            0.004475654530244753,
            0.023267051831747043
        ],
        [
            0.0,
            0.0,
            0.0,
            0.0,
            0.0,
            0.0,
            0.0,
            0.0,
            0.0,
            0.03385221503180426,
            0.0,
            0.0,
            0.6820052273757752,
            0.0,
            0.0,
            0.03131073084803196,
            0.0
        ],
        [
            0.0,
            0.0,
            0.0,
            0.0,
            0.0,
            0.0,
            0.0,
            0.0,
            0.0,
            0.0,
            0.0,
            0.9790494534571591,
            0.0,
            0.0,
            0.0,
