{
    "bboxes": [
        [
            0.26440354410807293,
            0.0659145965576172,
            0.5705893961588542,
            0.6486460367838541
        ],
        [
            0.02616387430826823,
            0.1581041971842448,
            0.2924967041015625,
            0.5700248209635417
        ],
        [
            0.5521617838541667,
            0.0006430148681004842,
            0.8035235188802083,
            0.5976529947916667
        ],
        [
            0.651218017578125,
            0.41289457194010415,
            0.9161357421875,
            0.6768944905598958
        ],
        [
            0.7349243977864583,
            0.11865794881184896,
            0.9993612467447917,
            0.8025818684895833
        ],
        [
            0.43519954427083335,
            0.07791313171386718,
            0.629130859375,
            0.3308768310546875
        ],
        [
            0.43487288411458336,
            0.07776732381184896,
            0.629112548828125,
            0.4025699462890625
        ],
        [
            0.02605585734049479,
            0.06507249450683594,
            0.2913880208333333,
            0.22220621744791666
        ],
        [
            0.5870575358072917,
            0.7590555826822917,
            0.9106100260416666,
            0.9987376302083333
        ]
    ],
    "labels": [
        "flower",
        "flower",
        "flower",
        "flower",
        "flower",
        "flower",
        "flower",
        "flower",
        "grass"
    ],
    "scores": [
        0.841066300868988,
        0.8282086849212646,
        0.7815626263618469,
        0.7595855593681335,
        0.5530230402946472,
        0.3713705837726593,
        0.34031540155410767,
        0.29868611693382263,
        0.24073056876659393
    ]
}