{
    "matched_indices": [
        0,
        0,
        0,
        0,
        0,
        0,
        2,
        1,
        0,
        2,
        3,
        0,
        0,
        4,
        0,
        3,
        0,
        0
    ],
    "iou_matrix": [
        [
            0.0,
            0.0,
            0.0,
            0.0,
            0.034474591303009304,
            0.026268366312266832,
            0.06665326088119639,
            0.05192616822614899,
            0.002562725583665312,
            0.008137353234090993,
            0.05110157546304241,
            0.07637534572553568,
            0.16051532815647304,
            0.04073786309234889,
            0.03808205550207822,
            0.022254285831589383,
            0.013974576815170343,
            0.9951398563705555
        ],
        [
            0.0,
            0.0,
            0.0,
            0.0,
            0.0,
            0.0,
            0.314519457026576,
            0.9831815259314647,
            0.0,
            0.0675194764419386,
            0.0,
            0.0,
            0.0,
            0.0,
            0.0,
            0.0,
            0.0,
            0.05194191963688713
        ],
        [
            0.0,
            0.0,
            0.0,
            0.0,
            0.0,
            0.0,
            0.9838161063855839,
            0.3087718616549967,
            0.0,
            0.07681175508113114,
            0.0,
            0.0,
            0.0,
            0.0,
            0.0,
            0.0,
            0.0,
            0.06543734561093378
        ],
        [
            0.0,
            0.0,
            0.0,
            0.0,
            0.0,
            0.0,
            0.0,
            0.0,
            0.0,
            0.0,
            0.9692131185579923,
            0.0,
            0.0,
            0.0,
            0.0,
            0.05487760357303113,
            0.0,
            0.049341758762952326
        ],
        [
            0.0,
            0.0,
            0.0,
            0.0,
            0.0,
            0.0,
            0.0,
            0.0,
            0.0,
            0.0,
            0.0,
            0.011601259892485343,
            0.0,
            0.9794794305108477,
            0.0,
            0.0,
            0.0,
            0.03975160026423897
        ]
    ],
    "num_matches": 5,
    "num_GT_boxes": 18,
    "used_labels": [
        "cloud",
        "road",
        "bicycle",
        "people",
        "tree",
        "cat",
        "sun"
    ]
}