{
    "mean_iou": 0.27396600445687935,
    "mean_dice": 0.33078840103652885,
    "missed_matches": 13,
    "total_matches": 21,
    "success_rate": 0.38095238095238093,
    "time": "2024-09-22 20:56:37"
}