{
    "bboxes": [
        [
            0.8145006510416667,
            0.1986844685872396,
            0.9973775227864583,
            0.3013383382161458
        ],
        [
            0.42902657063802085,
            0.06669102478027343,
            0.6629210205078125,
            0.2072050577799479
        ],
        [
            0.05240758260091146,
            0.5707962239583333,
            0.27732000732421874,
            0.648847412109375
        ],
        [
            0.5879917399088541,
            0.7346678059895834,
            0.9956019694010416,
            0.9962465006510417
        ],
        [
            0.5879917399088541,
            0.7346678059895834,
            0.9956019694010416,
            0.9962465006510417
        ],
        [
            0.5881820068359375,
            0.8269979654947917,
            0.7923671875,
            0.997927978515625
        ],
        [
            8.071958522001902e-05,
            0.14323916625976563,
            0.3994071858723958,
            0.6597501627604166
        ],
        [
            0.3204337158203125,
            0.2533568115234375,
            0.44343001302083335,
            0.45025406901041665
        ]
    ],
    "labels": [
        "rabbit",
        "rabbit",
        "tree",
        "tree",
        "others",
        "tree",
        "others",
        "others"
    ],
    "scores": [
        0.9766876101493835,
        0.9738469123840332,
        0.5747020244598389,
        0.5333808660507202,
        0.32803642749786377,
        0.32446807622909546,
        0.23832377791404724,
        0.20377962291240692
    ]
}