{
    "matched_indices": [
        16,
        11,
        11,
        1,
        5,
        13,
        4,
        10,
        5,
        9,
        9,
        8,
        0,
        15
    ],
    "iou_matrix": [
        [
            0.0,
            0.02522313694643719,
            0.20139768104451491,
            0.010387928202396623,
            0.0,
            0.0,
            0.0,
            0.0,
            0.014689412150260484,
            0.0,
            0.0,
            0.0,
            0.9811269398882595,
            0.14385941000913624
        ],
        [
            0.0,
            0.0,
            0.0,
            0.9581037054414694,
            0.0,
            0.0,
            0.0,
            0.046561290791970585,
            0.013757466822834985,
            0.0,
            0.0,
            0.0,
            0.01699343876755584,
            0.09530338669670108
        ],
        [
            0.975539897454584,
            0.0,
            0.0,
            0.0,
            0.0,
            0.0,
            0.0,
            0.0,
            0.0,
            0.0,
            0.0,
            0.0,
            0.0,
            0.005587615098306593
        ],
        [
            0.0,
            0.0,
            0.0,
            0.0,
            0.0,
            0.42262381980622427,
            0.0,
            0.0,
            0.0,
            0.0,
            0.0,
            0.5341117550218771,
            0.0,
            0.0
        ],
        [
            0.0,
            0.04928979196185238,
            0.14786610093147987,
            0.0,
            0.0,
            0.0,
            0.966940397053466,
            0.0,
            0.0,
            0.0,
            0.0,
            0.0,
            0.0,
            0.06293199047558683
        ],
        [
            0.0,
            0.0,
            0.0004329559150156998,
            0.0,
            0.10131776255101117,
            0.0,
            0.0,
            0.027702906357877505,
            0.9792021137255209,
            0.0,
            0.0,
            0.0,
            0.016025580297863,
            0.13467904275919246
        ],
        [
            0.0,
            0.17472822045287725,
            0.15441255259772643,
            9.17534285515281e-05,
            0.08481109451430124,
            0.0,
            0.097592593555578,
            0.07795093845062077,
            0.216177573636817,
            0.1217669972860642,
            0.06948564866897688,
            0.0,
            0.0652395826479512,
            0.5950647651227845
        ],
        [
            0.06256643681166593,
            0.08311658361201654,
            0.07398332747968085,
            0.0795505728725268,
            0.040635342618214707,
            0.03158075672269187,
            0.046759312550345274,
            0.09912656132365036,
            0.1035766584715532,
            0.05840216168073804,
            0.03329249736585638,
            0.04069083011382445,
            0.12577165671545737,
            0.7266262596083134
        ],
        [
            0.0,
            0.0,
            0.0,
            0.0,
            0.0,
            0.09818023791264062,
            0.0,
            0.0,
            0.0,
            0.0,
            0.0,
            0.9654610900961104,
            0.0,
            0.0
        ],
        [
            0.0,
            0.0,
            0.0,
            0.0,
            0.0009469555259031736,
            0.0,
            0.0,
            0.026044523580311913,
            0.0,
            0.9699060720246029,
            0.15487635401068242,
            0.0,
            0.0,
            0.07680194384731735
        ],
        [
            0.0,
            0.0,
            0.0,
            0.045883737550914794,
            0.0,
            0.0,
            0.0,
            0.9746896642049631,
            0.027486928921519337,
            0.02221838932382054,
            0.07363185327195935,
            0.0,
            0.0,
            0.12736363057929598
        ],
        [
            0.0,
            0.4620699752046779,
            0.4080990633499246,
            0.0,
            0.0,
            0.0,
            0.2589840627107889,
            0.0,
            0.0012029084241017781,
            0.0,
            0.0,
            0.0,
            0.12164540744317147,
            0.21295695053591418
        ],
        [
            0.22677389436232095,
            0.0,
            0.0,
            0.05818532757942321,
            0.0,
            0.11749185698960432,
            0.0,
            0.0,
            0.0,
            0.0,
            0.0,
            0.14791114709733422,
            0.06525267753268547,
            0.04196305251348342
        ],
        [
            0.0,
            0.0,
            0.0,
            0.0,
            0.0,
            0.9631701795656845,
            0.0,
            0.0,
            0.0,
            0.0,
            0.0,
            0.09415425932186855,
            0.0,
            0.0
        ],
        [
            0.32044116522767563,
            0.0,
            0.0,
            0.0,
            0.0,
            0.0,
            0.0,
            0.0,
            0.0,
            0.0,
            0.0,
            0.0,
            0.0,
            0.0
        ],
        [
            0.011200419236839605,
            0.1062503240198427,
            0.09417824255235856,
            0.09495872137017805,
            0.05172739972188293,
            0.0,
            0.05952300374915439,
            0.12618471828377756,
            0.13184953957330195,
            0.07471895444111908,
            0.04238020914856134,
            0.0,
            0.14762962799990464,
            0.9267327535920508
        ],
        [
            0.9767735510727448,
            0.0,
            0.0,
            0.0,
            0.0,
            0.0,
            0.0,
            0.0,
            0.0,
            0.0,
            0.0,
            0.0,
            0.0,
            0.005707529061074126
        ]
    ],
    "num_matches": 10,
    "num_matches_with_correct_class": 0,
    "num_GT_boxes": 14,
    "used_labels": [
        "chicken",
        "tree",
        "sun",
        "road",
        "cloud",
        "grass"
    ],
    "map_score": 0.0
}