{
    "matched_indices": [
        12,
        9,
        5,
        2,
        6,
        4,
        0,
        6,
        3,
        7,
        7,
        7,
        16,
        7,
        16
    ],
    "iou_matrix": [
        [
            0.0,
            0.0,
            0.0,
            0.0,
            0.0,
            0.02900907456856932,
            0.8732392221192922,
            0.0,
            0.0,
            0.0,
            0.0,
            0.0,
            0.0,
            0.0,
            0.0
        ],
        [
            0.2805749380369479,
            0.007487435846451109,
            0.005190636353683529,
            0.009306446571507181,
            0.10766247622347995,
            0.0015012856750140841,
            0.0,
            0.033561346811970705,
            0.4685427163348131,
            0.0,
            0.0,
            0.0,
            0.21463357674208589,
            0.28204168572417776,
            0.09346398111346725
        ],
        [
            0.0,
            0.0,
            0.0,
            0.9650205395537722,
            0.0,
            0.23792545668878662,
            0.0,
            0.0,
            0.011808977588681616,
            0.0,
            0.0,
            0.0,
            0.0,
            0.0,
            0.0
        ],
        [
            0.01503883538534842,
            0.004613246359457608,
            0.0045022955128545695,
            0.012408018696160214,
            0.012357261250517287,
            0.0010360564821138482,
            0.0,
            0.0,
            0.9850543785034964,
            0.0,
            0.0,
            0.0,
            0.1999439825401155,
            0.4010394659061262,
            0.1021772076108093
        ],
        [
            0.0,
            0.0,
            0.0,
            0.175849957005303,
            0.0,
            0.8733813768385351,
            0.09193604922226314,
            0.0,
            0.0,
            0.0,
            0.0,
            0.0,
            0.0,
            0.0,
            0.0
        ],
        [
            0.0,
            0.0,
            0.8425329468487208,
            0.0,
            0.0,
            0.0,
            0.0,
            0.0,
            0.005155723520772345,
            0.0,
            0.0,
            0.0,
            0.0,
            0.0,
            0.0
        ],
        [
            0.053623651960891326,
            0.0,
            0.0,
            0.0,
            0.9292716157757562,
            0.0,
            0.0,
            0.12069054561323526,
            0.015287862793299575,
            0.0,
            0.0,
            0.0,
            0.047177735252945455,
            0.0,
            0.0
        ],
        [
            0.0,
            0.0,
            0.0,
            0.0,
            0.0,
            0.0,
            0.0,
            0.0032198265226005755,
            0.2444620215435235,
            0.0028805330506459113,
            0.0028805330506459113,
            0.002880533050645923,
            0.3163023721476317,
            0.4328793935766012,
            0.12348371307061766
        ],
        [
            0.2799449186956214,
            0.007470623121005246,
            0.00517898099586899,
            0.009200404022819055,
            0.10742072461576167,
            0.0014141583721183851,
            0.0,
            0.03410502191932391,
            0.46717877238612027,
            0.0,
            0.0,
            0.0,
            0.21406011368249364,
            0.28203055376903025,
            0.0936897916482971
        ],
        [
            0.024753051010607163,
            0.7766840875340368,
            0.0,
            0.0,
            0.0,
            0.0,
            0.0,
            0.0,
            0.007649042522138247,
            0.0,
            0.0,
            0.0,
            0.0,
            0.0,
            0.0
        ],
        [
            0.6040508648599675,
            0.04161627845116332,
            0.0022960771064437896,
            0.0,
            0.0,
            0.0,
            0.0,
            0.0,
            0.022584919752068836,
            0.0,
            0.0,
            0.0,
            0.0,
            0.0,
            0.0
        ],
        [
            0.01503883538534842,
            0.004613246359457608,
            0.0045022955128545695,
            0.012408018696160214,
            0.012357261250517287,
            0.0010360564821138482,
            0.0,
            0.0,
            0.9850543785034964,
            0.0,
            0.0,
            0.0,
            0.1999439825401155,
            0.4010394659061262,
            0.1021772076108093
        ],
        [
            0.9252815146553933,
            0.02469210553644334,
            0.002263689739566349,
            0.0,
            0.05725520101003741,
            0.0,
            0.0,
            0.0,
            0.03685302136947685,
            0.0,
            0.0,
            0.0,
            0.0,
            0.0,
            0.0
        ],
        [
            0.2805749380369479,
            0.007487435846451109,
            0.005190636353683529,
            0.009306446571507181,
            0.10766247622347995,
            0.0015012856750140841,
            0.0,
            0.033561346811970705,
            0.4685427163348131,
            0.0,
            0.0,
            0.0,
            0.21463357674208589,
            0.28204168572417776,
            0.09346398111346725
        ],
        [
            0.2796902886606974,
            0.007463828052050005,
            0.005174270340222895,
            0.009595758770428118,
            0.10732301774189547,
            0.001809734323247976,
            0.0,
            0.03296613933380472,
            0.46968455219044086,
            0.0,
            0.0,
            0.0,
            0.21571213270673567,
            0.28114809624686105,
            0.09282537698009048
        ],
        [
            0.0,
            0.0,
            0.0,
            0.0,
            0.0,
            0.0,
            0.0,
            0.005211946873484026,
            0.05494941427930321,
            0.0,
            0.0,
            0.0,
            0.32838171979481184,
            0.147207178211798,
            0.2172977756066098
        ],
        [
            0.0,
            0.0,
            0.0,
            0.0,
            0.04936265391356905,
            0.0,
            0.0,
            0.09751758442305725,
            0.24171488481988218,
            0.0,
            0.0,
            0.0,
            0.6322801096456984,
            0.32638156633947224,
            0.3800052536732228
        ],
        [
            0.6870079846162715,
            0.01833352703132957,
            0.010903590504431682,
            0.0,
            0.18167783671388923,
            0.0,
            0.0,
            0.006593637843656923,
            0.04525580487873046,
            0.0,
            0.0,
            0.0,
            0.0,
            0.0,
            0.0
        ]
    ],
    "num_matches": 9,
    "num_matches_with_correct_class": 0,
    "num_GT_boxes": 15,
    "used_labels": [
        "others",
        "bus",
        "tree",
        "house",
        "road",
        "mountain",
        "grass"
    ],
    "map_score": 0.0
}