{
    "bboxes": [
        [
            0.748649658203125,
            0.06660421244303386,
            0.999384033203125,
            0.16954869588216145
        ],
        [
            0.3366876424153646,
            0.041495569864908856,
            0.689961669921875,
            0.15498321533203124
        ],
        [
            0.0004000067313512166,
            0.041351107279459634,
            0.2770015665690104,
            0.20841015625
        ],
        [
            0.48073844401041665,
            0.22505255126953125,
            0.69086279296875,
            0.4374954020182292
        ],
        [
            0.6920584309895833,
            0.1980462443033854,
            0.8506631673177083,
            0.3306255086263021
        ],
        [
            0.597712890625,
            0.5581080729166666,
            0.9993678385416667,
            0.9303096516927083
        ],
        [
            0.00010283290346463521,
            0.23972560628255207,
            0.3577363688151042,
            0.6771815999348958
        ],
        [
            0.09235661824544271,
            0.6233174641927083,
            0.35785257975260415,
            0.8901985677083334
        ],
        [
            0.2062085164388021,
            0.21251206461588543,
            0.525637939453125,
            0.5439234212239583
        ],
        [
            0.799122802734375,
            0.2917581583658854,
            0.9653092447916667,
            0.45057735188802084
        ],
        [
            0.3990578206380208,
            0.5036197916666667,
            0.7406253255208334,
            0.8366819661458333
        ],
        [
            0.6390032552083333,
            0.3876358235677083,
            0.872800537109375,
            0.6112690836588541
        ],
        [
            0.021790682474772137,
            0.3362417805989583,
            0.9989310709635416,
            0.9891533203125
        ]
    ],
    "labels": [
        "chicken",
        "chicken",
        "chicken",
        "tree",
        "tree",
        "tree",
        "tree",
        "butterfly",
        "tree",
        "tree",
        "tree",
        "tree",
        "rabbit"
    ],
    "scores": [
        0.9890651702880859,
        0.9871362447738647,
        0.9871312975883484,
        0.9809476137161255,
        0.9534341096878052,
        0.9505608081817627,
        0.9468069076538086,
        0.94187331199646,
        0.9394403696060181,
        0.933720052242279,
        0.9300631880760193,
        0.9213350415229797,
        0.6100528240203857
    ]
}