{
    "matched_indices": [
        9,
        14,
        13,
        10,
        6,
        1,
        2,
        8,
        4,
        0,
        3,
        5,
        7,
        12
    ],
    "iou_matrix": [
        [
            0.0,
            0.09025891848321967,
            0.08454927442380199,
            0.0,
            0.0,
            0.0,
            0.0,
            0.0,
            0.0,
            0.9805074160442699,
            0.0,
            0.0,
            0.0,
            0.0
        ],
        [
            0.02749265951900616,
            0.0,
            0.11146224389838695,
            0.0,
            0.0,
            0.9816360799183295,
            0.0,
            0.0,
            0.0,
            0.0,
            0.0,
            0.0,
            0.0,
            0.014314300074896417
        ],
        [
            0.011232997806565911,
            0.0,
            0.12373653296750187,
            0.0,
            0.1709264213704634,
            0.0,
            0.9834198162062247,
            0.0,
            0.0,
            0.0,
            0.0,
            0.0,
            0.045364933474458635,
            0.0928918635492998
        ],
        [
            0.0,
            0.0,
            0.0,
            0.0,
            0.0,
            0.0,
            0.0,
            0.0,
            0.0,
            0.0,
            0.9576089147518069,
            0.0,
            0.0,
            0.0166001714221785
        ],
        [
            0.0,
            0.11134800208285939,
            0.0,
            0.2041124034814373,
            0.0,
            0.0,
            0.0,
            0.016848012634308664,
            0.994173202102181,
            0.0,
            0.0,
            0.0,
            0.0,
            0.31606044984340825
        ],
        [
            0.0,
            0.0,
            0.0,
            0.0,
            0.0,
            0.0,
            0.0,
            0.0,
            0.0,
            0.0,
            0.0,
            0.9397620846897575,
            0.005639712667425019,
            0.01872808137142649
        ],
        [
            0.0,
            0.0,
            0.16987746118187794,
            0.0,
            0.9888824861711766,
            0.0,
            0.16715701678165978,
            0.0,
            0.0,
            0.0,
            0.0,
            0.0,
            0.0,
            0.050241395982421194
        ],
        [
            0.0,
            0.0,
            0.0,
            0.0,
            0.0,
            0.0,
            0.04652502253214658,
            0.0,
            0.0,
            0.0,
            0.0,
            0.005442505916958473,
            0.9816798340566864,
            0.11392154520201059
        ],
        [
            0.0,
            0.0,
            0.0,
            0.0,
            0.0,
            0.0,
            0.0,
            0.9706141125449598,
            0.015859228976341254,
            0.0,
            0.0,
            0.0,
            0.0,
            0.014643287691328529
        ],
        [
            0.9587092297270662,
            0.0,
            0.0,
            0.0,
            0.0,
            0.027579799213763606,
            0.011674569894826778,
            0.0,
            0.0,
            0.0,
            0.0,
            0.0,
            0.0,
            0.002505871482324669
        ],
        [
            0.0,
            0.325202474657953,
            0.0,
            0.9302935668978425,
            0.0,
            0.0,
            0.0,
            0.0,
            0.21621292145299617,
            0.0023127917902648937,
            0.0,
            0.0,
            0.0,
            0.022622869052664182
        ],
        [
            0.007907845688167221,
            0.0,
            0.0,
            0.0,
            0.11360863339079758,
            0.036708468385967405,
            0.21779386006108545,
            0.0016901091402986587,
            0.0,
            0.0,
            0.016718220269483285,
            0.034507950843461456,
            0.20482508633121904,
            0.37745551579365894
        ],
        [
            0.0029257086891537006,
            0.0,
            0.0,
            0.02275253619193838,
            0.05184701919370467,
            0.015335348162307725,
            0.09518683976309479,
            0.01583611507606308,
            0.31327821969140285,
            0.0,
            0.017384829724430947,
            0.019932884544894842,
            0.11611389055278556,
            0.9911419349850735
        ],
        [
            0.0,
            0.0,
            0.8113855500782883,
            0.0,
            0.21611136578664228,
            0.1293361743775576,
            0.14838663095612448,
            0.005320855948393805,
            0.0,
            0.07042631797875759,
            0.0,
            0.0,
            0.0,
            0.0
        ],
        [
            0.0,
            0.9690433605449471,
            0.0,
            0.29814630139981135,
            0.0,
            0.0,
            0.0,
            0.0,
            0.10356071827908982,
            0.09435029953369449,
            0.0,
            0.0,
            0.0,
            0.0
        ],
        [
            0.002826222231755931,
            0.0,
            0.0,
            0.02132123799103629,
            0.04746108822256962,
            0.01420858307317994,
            0.08710683093722343,
            0.014680566692809422,
            0.32937653171502296,
            0.0,
            0.015695922636358092,
            0.01799643819901539,
            0.10483362057678874,
            0.9027610823236973
        ],
        [
            0.0,
            0.9470574232569956,
            0.0,
            0.28910768615104127,
            0.0,
            0.0,
            0.0,
            0.0,
            0.096045874934562,
            0.09619589148965281,
            0.0,
            0.0,
            0.0,
            0.0
        ],
        [
            0.025869813325495684,
            0.0,
            0.6578626649493226,
            0.0,
            0.1985960692509633,
            0.16590728800355042,
            0.19685071237998533,
            0.03281880840213074,
            0.0,
            0.058944404642619595,
            0.0,
            0.0,
            0.0,
            0.019836697982035304
        ],
        [
            0.0,
            0.6997709988249426,
            0.0,
            0.45598427068762026,
            0.0,
            0.0,
            0.0,
            0.03936088913854071,
            0.2518641873850564,
            0.067276789856231,
            0.0,
            0.0,
            0.0,
            0.027374658334262014
        ]
    ],
    "num_matches": 14,
    "num_GT_boxes": 14,
    "used_labels": [
        "airplane",
        "apple",
        "balloon",
        "banana",
        "basket",
        "bee",
        "bench",
        "bicycle",
        "bird",
        "bottle",
        "bucket",
        "bus",
        "butterfly",
        "car",
        "cat",
        "chair",
        "chicken",
        "cloud",
        "cow",
        "cup",
        "dinnerware",
        "dog",
        "duck",
        "fence",
        "flower",
        "grape",
        "grass",
        "horse",
        "house",
        "moon",
        "mountain",
        "people",
        "picnic rug",
        "pig",
        "rabbit",
        "road",
        "sheep",
        "sofa",
        "star",
        "street lamp",
        "sun",
        "table",
        "tree",
        "truck",
        "umbrella",
        "others"
    ]
}