{
    "mean_iou": 0.814911053881189,
    "mean_dice": 0.895510335876959,
    "missed_matches": 5,
    "total_matches": 7,
    "success_rate": 0.2857142857142857,
    "time": "2024-09-27 00:20:41"
}