{
    "mean_iou": 0.2909016206822499,
    "mean_dice": 0.35075904686949266,
    "missed_matches": 16,
    "total_matches": 19,
    "success_rate": 0.15789473684210525,
    "time": "2024-09-24 01:48:31"
}