{
    "bboxes": [
        [
            0.0008172690073649088,
            0.6815447591145833,
            0.6537338053385416,
            0.982562744140625
        ],
        [
            0.28958610026041665,
            0.29600862630208336,
            0.4718996988932292,
            0.7253798014322916
        ],
        [
            0.14626444498697916,
            0.37110791015625,
            0.31297957356770834,
            0.5839084065755208
        ],
        [
            0.4826163330078125,
            0.40165987141927084,
            0.8030987141927083,
            0.7732250162760417
        ],
        [
            0.4138963623046875,
            0.3615062255859375,
            0.5576488037109375,
            0.5727899169921875
        ],
        [
            0.7724573567708334,
            0.7042042643229167,
            0.9569357096354166,
            0.9195816243489583
        ],
        [
            0.0006514116923014323,
            0.10519700113932291,
            0.23807651774088542,
            0.5992149658203125
        ],
        [
            0.6265084635416667,
            0.0006016269127527873,
            0.9986188151041666,
            0.16891276041666667
        ],
        [
            0.0008983909289042155,
            0.0009105354150136312,
            0.9992344563802084,
            0.4920342610677083
        ],
        [
            0.6848505045572917,
            0.14845692952473957,
            0.99804345703125,
            0.4880535888671875
        ]
    ],
    "labels": [
        "dog",
        "fence",
        "grass",
        "fence",
        "grass",
        "tree",
        "grass",
        "people",
        "people",
        "people"
    ],
    "scores": [
        0.9597814679145813,
        0.9087941646575928,
        0.897695779800415,
        0.8803709149360657,
        0.8755956292152405,
        0.8600799441337585,
        0.73279869556427,
        0.6364931464195251,
        0.24827827513217926,
        0.20306026935577393
    ]
}