{
    "matched_indices": [
        15,
        10,
        0,
        8,
        12,
        6,
        1,
        1,
        1,
        1,
        1,
        1,
        1,
        1,
        1,
        12,
        14,
        4,
        7,
        10,
        5,
        8,
        11,
        3,
        10,
        0,
        0,
        6,
        10,
        0,
        0,
        18,
        13,
        3,
        8,
        9,
        0,
        6
    ],
    "iou_matrix": [
        [
            0.10025141630953503,
            0.10406634857553715,
            0.1818528221760613,
            0.07110167633526653,
            0.06040434624188361,
            0.613684783238935,
            0.00933515212598909,
            0.0055807974666239124,
            0.005022717719961518,
            0.004748751298872716,
            0.07598407954375726,
            0.01278509965081115,
            0.012643042988024352,
            0.008860276996101818,
            0.006088142690862445,
            0.02418819091079651,
            0.02739664210888102,
            0.018506480177430656,
            0.018467366162282756,
            0.019310199318869056,
            0.021407939081969328,
            0.015543348651212735,
            0.012785099650811146,
            0.015626232906546952,
            0.012502168048502335,
            0.03693473232456552,
            0.005885204601167039,
            0.014205666278679047,
            0.01765503287456854,
            0.024352570763449797,
            0.03449947524822055,
            0.007305771229034947,
            0.011364533022943248,
            0.02191731368710481,
            0.009943966395075337,
            0.0032388919115388234,
            0.3216574466481417,
            0.16564618633298553
        ],
        [
            0.0,
            0.0,
            0.0,
            0.0,
            0.0,
            0.10626936203219904,
            0.1077296407313821,
            0.08557419720991584,
            0.0770167774889242,
            0.07281586235316483,
            0.34429845262572883,
            0.19604270633544363,
            0.19386445404282743,
            0.13586070727945182,
            0.09335366968354447,
            0.0,
            0.0,
            0.0,
            0.0,
            0.0,
            0.0,
            0.0,
            0.0,
            0.0,
            0.0,
            0.0,
            0.0,
            0.0,
            0.0,
            0.0,
            0.0,
            0.0,
            0.0,
            0.0,
            0.0,
            0.0,
            0.1291278602586898,
            0.0
        ],
        [
            0.09983684189787013,
            0.018513279460622718,
            0.14254707641722109,
            0.02207175643495708,
            0.031052642377280275,
            0.9624903357505933,
            0.014744782576278578,
            0.008814815670601325,
            0.007933334103541186,
            0.007500606788802589,
            0.12001611939587442,
            0.020193941354468493,
            0.019969564228307722,
            0.013994721897398319,
            0.009616162549746891,
            0.012213716161097378,
            0.04327273147386104,
            0.0,
            0.02916902640089891,
            0.0,
            0.0,
            0.0,
            0.0,
            0.024681483877683704,
            0.0,
            0.018486811911540075,
            0.0,
            0.02243771261607609,
            0.0,
            0.01935897766496997,
            0.024823813939033285,
            0.011100250209447455,
            0.015743250176273142,
            0.009824682476785368,
            0.00255292317883142,
            0.004893710120183173,
            0.3063496510208996,
            0.167101788039758
        ],
        [
            0.0,
            0.0,
            0.0,
            0.0,
            0.0,
            0.013437283172758132,
            0.0,
            0.0,
            0.0,
            0.0,
            0.0,
            0.0,
            0.0,
            0.0,
            0.0,
            0.0,
            0.0,
            0.0,
            0.0,
            0.0,
            0.0,
            0.0,
            0.0,
            0.49433421560589297,
            0.0,
            0.034306205603245266,
            0.0,
            0.0,
            0.0,
            0.0,
            0.0,
            0.0,
            0.0,
            0.08015230260647291,
            0.0,
            0.021896972816929646,
            0.0,
            0.0
        ],
        [
            0.0,
            0.01699929732479246,
            0.13282833808467726,
            0.0,
            0.0,
            0.0,
            0.0,
            0.0,
            0.0,
            0.0,
            0.0,
            0.0,
            0.0,
            0.0,
            0.0,
            0.0,
            0.0,
            0.48024801716689486,
            0.0,
            0.0,
            0.0,
            0.0,
            0.3229880893711243,
            0.0,
            0.0,
            0.0,
            0.0,
            0.0,
            0.0,
            0.0,
            0.0,
            0.0,
            0.0,
            0.0,
            0.0,
            0.0,
            0.07692190601171132,
            0.0
        ],
        [
            0.0,
            0.0,
            0.0,
            0.0,
            0.0,
            0.0,
            0.0,
            0.0,
            0.0,
            0.0,
            0.0,
            0.0,
            0.0,
            0.0,
            0.0,
            0.0,
            0.0,
            0.0,
            0.0,
            0.0,
            0.4837741202017551,
            0.0,
            0.0,
            0.0,
            0.0,
            0.03323768113848468,
            0.0,
            0.0,
            0.0,
            0.0,
            0.0,
            0.0,
            0.0,
            0.02272900684812927,
            0.0,
            0.0,
            0.0,
            0.0
        ],
        [
            0.09995605325939867,
            0.018457710056474255,
            0.14253525446662663,
            0.021472727546628833,
            0.03064685530137806,
            0.9635847056212905,
            0.014777567903467076,
            0.008834415594464013,
            0.007950974035017606,
            0.007517284542198476,
            0.12028297770469869,
            0.020238842998226654,
            0.02001396696491301,
            0.014025839449247226,
            0.009637544284869824,
            0.011911851591325325,
            0.04336894928191424,
            0.0,
            0.029233884330771804,
            0.0,
            0.0,
            0.0,
            0.0,
            0.02473636366449923,
            0.0,
            0.01847767230500134,
            0.0,
            0.022487603331362935,
            0.0,
            0.019158201380880965,
            0.0245521277810347,
            0.01105788812392815,
            0.015581229330355863,
            0.009827094501888456,
            0.002390274850849087,
            0.004911357994344019,
            0.3063766776309513,
            0.16710281104144284
        ],
        [
            0.10016249652067757,
            0.011639381105906062,
            0.0,
            0.0,
            0.0,
            0.016362524233205927,
            0.0,
            0.0,
            0.0,
            0.0,
            0.0,
            0.0,
            0.0,
            0.0,
            0.0,
            0.0,
            0.02492850340367154,
            0.0,
            0.5437392668265357,
            0.0,
            0.0,
            0.0,
            0.0,
            0.0,
            0.0,
            0.0,
            0.0,
            0.0,
            0.0,
            0.0,
            0.0,
            0.0,
            0.0,
            0.0,
            0.0,
            0.0,
            0.005179483261142082,
            0.06061976046409723
        ],
        [
            0.0,
            0.0,
            0.0,
