{
    "bboxes": [
        [
            0.3453643798828125,
            0.838906494140625,
            0.5027410481770833,
            0.9708030598958334
        ],
        [
            0.43814766438802083,
            0.5328465983072916,
            0.6257560221354167,
            0.9715941569010417
        ],
        [
            0.03874355316162109,
            0.025031206766764322,
            0.4102778727213542,
            0.8224779459635416
        ]
    ],
    "labels": [
        "dinnerware",
        "mountain",
        "tree"
    ],
    "scores": [
        0.9920027256011963,
        0.5718915462493896,
        0.4081166684627533
    ]
}