{
    "matched_indices": [
        2,
        0,
        5,
        0,
        3,
        0,
        4,
        2,
        4,
        4,
        4,
        4,
        1,
        4,
        4,
        2,
        4
    ],
    "iou_matrix": [
        [
            0.05638446100635831,
            0.010760452887107069,
            0.0,
            0.9803328798864106,
            0.0,
            0.0,
            0.0,
            0.09099420320673714,
            0.0,
            0.0,
            0.0,
            0.0,
            0.05102909677075373,
            0.0,
            0.0,
            0.0,
            0.0
        ],
        [
            0.03519048285137652,
            0.0,
            0.0,
            0.056957961356579746,
            0.0,
            0.0,
            0.0,
            0.005656085708281693,
            0.0,
            0.0,
            0.0,
            0.0,
            0.9598497070657674,
            0.0,
            0.0,
            0.0,
            0.0
        ],
        [
            0.9717182007393823,
            0.0,
            0.0,
            0.0528203716757939,
            0.0,
            0.0,
            0.08241564712897331,
            0.23903897375214261,
            0.02632982140681906,
            0.01436172076735585,
            0.0085486433139023,
            0.008206697581346218,
            0.03693013911605795,
            0.007868171306115687,
            0.006534582949146914,
            0.006534582949146913,
            0.004859048859622066
        ],
        [
            0.0,
            0.0,
            0.10652679748473973,
            0.0,
            0.9753404850833084,
            0.0,
            0.0,
            0.031889246765659095,
            0.0,
            0.0,
            0.0,
            0.0,
            0.0,
            0.0,
            0.0,
            0.0,
            0.0
        ],
        [
            0.9533791588519828,
            0.0,
            0.0,
            0.05359307558573077,
            0.0,
            0.0,
            0.08366507044196095,
            0.22899191448404235,
            0.026854110468896984,
            0.014647696619398356,
            0.008718867035356171,
            0.008370112353941936,
            0.03766550559273867,
            0.00802484521934183,
            0.0066647019618262535,
            0.005722468289364155,
            0.0049558040228964454
        ],
        [
            0.0,
            0.0,
            0.983912463136933,
            0.0,
            0.1067019725486759,
            0.0,
            0.0,
            0.0,
            0.0,
            0.0,
            0.0,
            0.0,
            0.0,
            0.0,
            0.0,
            0.0,
            0.0
        ]
    ],
    "num_matches": 5,
    "num_GT_boxes": 17,
    "used_labels": [
        "bottle",
        "picnic rug",
        "tree",
        "house",
        "grass",
        "grape",
        "apple",
        "basket",
        "people"
    ]
}