{
    "matched_indices": [
        6,
        9,
        1,
        16,
        22,
        0,
        15,
        7,
        2,
        3,
        5,
        4,
        8
    ],
    "iou_matrix": [
        [
            0.07514453419332749,
            0.0,
            0.018851216316213296,
            0.0,
            0.0,
            0.9873803809845029,
            0.0,
            0.0,
            0.0,
            0.0,
            0.0,
            0.0,
            0.0
        ],
        [
            0.14076227805794442,
            0.1666435789476053,
            0.9844528537652066,
            0.04548970452326987,
            0.03705621997682101,
            0.021486001561733088,
            0.017784031613526787,
            0.023958762916048034,
            0.0,
            0.1431136771518604,
            0.0,
            0.0,
            0.0
        ],
        [
            0.0,
            0.0,
            0.0,
            0.0,
            0.0,
            0.0,
            0.0,
            0.0,
            0.9616208465021047,
            0.0,
            0.04809975288505724,
            0.0,
            0.07081723631258696
        ],
        [
            0.0,
            0.0,
            0.14700687547980545,
            0.0,
            0.0,
            0.0,
            0.0,
            0.0,
            0.0,
            0.9840092060492824,
            0.0,
            0.0,
            0.0
        ],
        [
            0.0,
            0.0,
            0.0,
            0.0,
            0.0,
            0.0,
            0.0,
            0.0,
            0.0,
            0.0,
            0.0,
            0.9797385473302179,
            0.0
        ],
        [
            0.0,
            0.10250401432344838,
            0.0,
            0.0,
            0.0,
            0.0,
            0.0,
            0.0,
            0.04335173676644187,
            0.0,
            0.9716478073722576,
            0.0,
            0.0
        ],
        [
            0.39598706379680265,
            0.0,
            0.0007544037238312415,
            0.0,
            0.0,
            0.09090522169551321,
            0.030935944957742892,
            0.0,
            0.0,
            0.0,
            0.0,
            0.0,
            0.0
        ],
        [
            0.10197638907520389,
            0.0,
            0.026078559944320786,
            0.10542882727508578,
            0.38553635855323104,
            0.0,
            0.03264051045300674,
            0.9113843012593847,
            0.0,
            0.0,
            0.0,
            0.0,
            0.0
        ],
        [
            0.0,
            0.02491171089642721,
            0.0,
            0.0,
            0.0,
            0.0,
            0.0,
            0.0,
            0.06483226091792381,
            0.0,
            0.0,
            0.0,
            0.9843348963477334
        ],
        [
            0.0,
            0.8628999560057401,
            0.12494320933971267,
            0.0,
            0.0,
            0.0,
            0.0,
            0.0,
            0.0,
            0.0,
            0.11159391848995015,
            0.0,
            0.028342857533971404
        ],
        [
            0.0,
            0.7408017432746692,
            0.1611646405099641,
            0.0,
            0.0,
            0.0,
            0.0,
            0.0,
            0.0,
            0.0,
            0.16933893073599984,
            0.0,
            0.024118455387631427
        ],
        [
            0.0,
            0.02491171089642721,
            0.0,
            0.0,
            0.0,
            0.0,
            0.0,
            0.0,
            0.06483226091792381,
            0.0,
            0.0,
            0.0,
            0.9843348963477334
        ],
        [
            0.07491044687342524,
            0.0,
            0.01858808048113897,
            0.0,
            0.0,
            0.9855673583257114,
            0.0,
            0.0,
            0.0,
            0.0,
            0.0,
            0.0,
            0.0
        ],
        [
            0.0,
            0.10250401432344838,
            0.0,
            0.0,
            0.0,
            0.0,
            0.0,
            0.0,
            0.04335173676644187,
            0.0,
            0.9716478073722576,
            0.0,
            0.0
        ],
        [
            0.0,
            0.6974369539571494,
            0.07293979612706743,
            0.0,
            0.0,
            0.0,
            0.0,
            0.0,
            0.0,
            0.0,
            0.1262012408204172,
            0.0,
            0.03291268879404745
        ],
        [
            0.08413638214608943,
            0.0,
            0.017554516315809728,
            0.0,
            0.0,
            0.0,
            0.9303303116503729,
            0.031850717235221725,
            0.0,
            0.0,
            0.0,
            0.0,
            0.0
        ],
        [
            0.14505550712301135,
            0.0,
            0.04749584775491766,
            0.9593970370947595,
            0.034890880504102086,
            0.0,
            0.0,
            0.10217664896423648,
            0.0,
            0.0,
            0.0,
            0.0,
            0.0
        ],
        [
            0.142945060512551,
            0.1675635170210409,
            0.9764508101020748,
            0.04535473137171267,
            0.03694626993763115,
            0.02275017059127901,
            0.018294306680583117,
            0.0238876745286408,
            0.0,
            0.1426890425177479,
            0.0,
            0.0,
            0.0
        ],
        [
            0.0,
            0.0,
            0.0,
            0.0,
            0.0,
            0.0,
            0.0,
            0.0,
            0.0,
            0.0,
            0.0,
            0.9782778711425493,
            0.0
        ],
        [
            0.0,
            0.02506019419624544,
            0.0,
            0.0,
            0.0,
            0.0,
            0.0,
            0.0,
            0.06460799818278634,
            0.0,
            0.0,
            0.0,
            0.977360882315084
        ],
        [
            0.08413638214608943,
            0.0,
            0.017554516315809728,
            0.0,
            0.0,
            0.0,
            0.9303303116503729,
            0.031850717235221725,
            0.0,
            0.0,
            0.0,
            0.0,
            0.0
        ],
        [
            0.07207976393305002,
            0.12968896919772252,
            0.2755968078593452,
            0.012959795939477672,
            0.010557137141709352,
            0.026620367361637778,
            0.005733617585583524,
            0.006825735220932761,
            0.24553307212231978,
            0.04077239171970507,
            0.06938534194736148,
            0.057994596620484846,
            0.05733617585583523
        ],
        [
            0.1874627297419604,
            0.0,
            0.047940097499397046,
            0.13125270307514939,
            0.4585908014635677,
            0.0,
            0.08815715866485523,
            0.50398044321771,
            0.0,
            0.0,
            0.0,
            0.0,
            0.0
        ],
        [
            0.0,
            0.0,
            0.0,
            0.0,
            0.0,
            0.0,
            0.0,
            0.0,
            0.0,
            0.0,
            0.0,
            0.9797385473302179,
            0.0
        ],
        [
            0.0,
            0.024936351121633202,
            0.0,
            0.0,
            0.0,
            0.0,
            0.0,
            0.0,
            0.02650564861341387,
            0.0,
            0.0,
            0.0,
            0.7911666075419816
        ],
        [
            0.08483207805001068,
            0.0,
            0.017700551559311974,
            0.0,
