{
    "bboxes": [
        [
            0.012245282491048178,
            0.026307718912760417,
            0.14589283243815104,
            0.10392455037434896
        ],
        [
            0.7993634440104167,
            0.0002135112682978312,
            0.9314150390625,
            0.1027134297688802
        ],
        [
            0.45173636881510415,
            0.7588465169270834,
            0.6781958414713541,
            0.95782958984375
        ],
        [
            0.627830810546875,
            0.44171004231770833,
            0.7180677083333333,
            0.5191158447265625
        ],
        [
            0.5456815999348958,
            0.46559395345052085,
            0.6374737955729166,
            0.5580213216145833
        ],
        [
            0.29259928385416667,
            0.7452195638020833,
            0.397935791015625,
            0.8639796549479166
        ],
        [
            0.2919193929036458,
            0.09580093383789062,
            0.834890380859375,
            0.45144160970052083
        ],
        [
            0.29219417317708335,
            0.09564663696289062,
            0.8351471354166666,
            0.4509880777994792
        ],
        [
            0.12059461466471354,
            0.5462970377604167,
            0.2631739501953125,
            0.742509765625
        ],
        [
            0.2499990234375,
            0.03002789306640625,
            0.9819761555989583,
            0.28570257568359375
        ],
        [
            0.12038242594401041,
            0.5461734212239583,
            0.26303226725260415,
            0.7424332682291667
        ]
    ],
    "labels": [
        "cloud",
        "cloud",
        "people",
        "basket",
        "basket",
        "mountain",
        "mountain",
        "basket",
        "mountain",
        "chicken",
        "basket"
    ],
    "scores": [
        0.9744219779968262,
        0.965781033039093,
        0.9432453513145447,
        0.8360622525215149,
        0.7623804211616516,
        0.43731939792633057,
        0.35174432396888733,
        0.25531160831451416,
        0.25002342462539673,
        0.24120372533798218,
        0.20672281086444855
    ]
}