{
    "matched_indices": [
        5,
        9,
        8,
        1,
        3,
        7,
        18,
        2,
        4,
        6,
        0,
        12,
        11
    ],
    "iou_matrix": [
        [
            0.003957884315875331,
            0.0,
            0.0,
            0.0,
            0.0,
            0.0,
            0.0,
            0.011123828008985025,
            0.02429399311743829,
            0.015916406917227087,
            0.9702146137518177,
            0.0,
            0.0
        ],
        [
            0.0,
            0.0,
            0.0,
            0.9660624012006624,
            0.12936986157412614,
            0.02924462537945849,
            0.0,
            0.0,
            0.0,
            0.0,
            0.0,
            0.0,
            0.0
        ],
        [
            0.0,
            0.0,
            0.0,
            0.0,
            0.0,
            0.0,
            0.0,
            0.9530421968803494,
            0.03072211769439303,
            0.0,
            0.01004601997036879,
            0.0,
            0.0
        ],
        [
            0.0,
            0.0,
            0.0,
            0.1352899096831654,
            0.9880640880726859,
            0.0,
            0.0,
            0.0,
            0.06715119392130212,
            0.0,
            0.0,
            0.0,
            0.0
        ],
        [
            0.0,
            0.0,
            0.0,
            0.0,
            0.06622516086486337,
            0.02979399565320073,
            0.0,
            0.02714019216792667,
            0.992020907235664,
            0.0,
            0.020785202437299765,
            0.0,
            0.0
        ],
        [
            0.9036534012017606,
            0.0,
            0.0,
            0.0,
            0.0,
            0.0,
            0.0,
            0.0,
            0.0,
            0.0,
            0.013782023752018617,
            0.02367417347554722,
            0.0
        ],
        [
            0.0,
            0.0,
            0.0,
            0.0,
            0.0,
            0.0,
            0.060785284364366324,
            0.0,
            0.0,
            0.9690578326058168,
            0.014351620022201606,
            0.007511825224456997,
            0.0
        ],
        [
            0.0,
            0.0,
            0.11368932541082326,
            0.03673535882654563,
            0.0,
            0.9433188003775501,
            0.08124610661258824,
            0.0,
            0.028639144419984087,
            0.0,
            0.0,
            0.026750332619392126,
            0.0
        ],
        [
            0.0,
            0.0,
            0.9669136904786527,
            0.0,
            0.0,
            0.10570064411856137,
            0.0,
            0.0,
            0.0,
            0.0,
            0.0,
            0.0,
            0.0
        ],
        [
            0.0,
            0.985006406063302,
            0.0,
            0.0,
            0.0,
            0.0,
            0.0,
            0.0,
            0.0,
            0.0,
            0.0,
            0.0,
            0.16850147971348436
        ],
        [
            0.0,
            0.0,
            0.0,
            0.0,
            0.06661848726881828,
            0.03016698047241658,
            0.0,
            0.027432045905733633,
            0.9912676470130274,
            0.0,
            0.020383212380060946,
            0.0,
            0.0
        ],
        [
            0.0,
            0.16976109104650772,
            0.0,
            0.0001861894616494325,
            0.0,
            0.0,
            0.0,
            0.0,
            0.0,
            0.0,
            0.0,
            0.0,
            0.969965591660474
        ],
        [
            0.02427150658163428,
            0.0,
            0.0,
            0.0,
            0.0,
            0.020953649785786666,
            0.0,
            0.0,
            0.0,
            0.00704962071751431,
            0.0,
            0.976456587683232,
            0.0
        ],
        [
            0.0,
            0.5086247908304135,
            0.0,
            0.0,
            0.0,
            0.0,
            0.0,
            0.0,
            0.0,
            0.0,
            0.0,
            0.0,
            0.3657793319834357
        ],
        [
            0.0,
            0.0,
            0.0,
            0.033172559046203746,
            0.0,
            0.0,
            0.0,
            0.0,
            0.0,
            0.0,
            0.0,
            0.0,
            0.0
        ],
        [
            0.0,
            0.16976109104650772,
            0.0,
            0.0001861894616494325,
            0.0,
            0.0,
            0.0,
            0.0,
            0.0,
            0.0,
            0.0,
            0.0,
            0.969965591660474
        ],
        [
            0.0,
            0.0,
            0.9669136904786527,
            0.0,
            0.0,
            0.10570064411856137,
            0.0,
            0.0,
            0.0,
            0.0,
            0.0,
            0.0,
            0.0
        ],
        [
            0.0,
            0.0,
            0.11368932541082326,
            0.03673535882654563,
            0.0,
            0.9433188003775501,
            0.08124610661258824,
            0.0,
            0.028639144419984087,
            0.0,
            0.0,
            0.026750332619392126,
            0.0
        ],
        [
            0.0,
            0.0,
            0.0,
            0.0,
            0.0,
            0.20920854116811538,
            0.1859019240569269,
            0.0,
            0.0,
            0.449306057139111,
            0.014998134453910919,
            0.02145299648759486,
            0.0
        ],
        [
            0.0,
            0.5086247908304135,
            0.0,
            0.0,
            0.0,
            0.0,
            0.0,
            0.0,
            0.0,
            0.0,
            0.0,
            0.0,
            0.3657793319834357
        ]
    ],
    "num_matches": 12,
    "num_GT_boxes": 13,
    "used_labels": [
        "pig",
        "fence",
        "cloud",
        "bottle",
        "flower",
        "people",
        "grass",
        "house",
        "cow",
        "sheep",
        "sun"
    ]
}