{
    "matched_indices": [
        10,
        6,
        2,
        5,
        2,
        4,
        0,
        3,
        1,
        12,
        8,
        4,
        2,
        11,
        11,
        9
    ],
    "iou_matrix": [
        [
            0.11251799991931313,
            0.0,
            0.011600077604287213,
            0.0,
            0.03743977671328831,
            0.0,
            0.9972597476858825,
            0.0,
            0.0,
            0.03956343421820496,
            0.02687690111816785,
            0.0,
            0.0,
            0.0,
            0.0,
            0.0
        ],
        [
            0.0,
            0.0,
            0.0,
            0.0,
            0.020704763574459308,
            0.0,
            0.0,
            0.15126666175561837,
            0.9879310957198056,
            0.0,
            0.0,
            0.0,
            0.015935007635280187,
            0.0,
            0.0,
            0.089806047336772
        ],
        [
            0.0,
            0.0,
            0.25839046431276463,
            0.0,
            0.8924834322699489,
            0.0,
            0.03975710084545908,
            0.0,
            0.030285453129313723,
            0.0,
            0.14758609966134412,
            0.0,
            0.017384629783362998,
            0.0,
            0.0,
            0.0
        ],
        [
            0.0,
            0.0,
            0.025538615156210656,
            0.0,
            0.0,
            0.12824121737297317,
            0.0,
            0.9777887527907019,
            0.14756795771976447,
            0.0,
            0.0,
            0.0,
            0.0,
            0.0,
            0.0,
            0.0
        ],
        [
            0.0,
            0.0,
            0.052128383859224,
            0.0,
            0.0,
            0.9069007713170537,
            0.0,
            0.14306182275458956,
            0.0,
            0.0,
            0.0,
            0.09930258580829661,
            0.0,
            0.0,
            0.0,
            0.0
        ],
        [
            0.0,
            0.06999940117318608,
            0.0,
            0.9754300317802665,
            0.0,
            0.0,
            0.0,
            0.0,
            0.0,
            0.0,
            0.0,
            0.0,
            0.0,
            0.0,
            0.0,
            0.0
        ],
        [
            0.0,
            0.9772378492259839,
            0.0,
            0.07314302445862486,
            0.0,
            0.0,
            0.0,
            0.0,
            0.0,
            0.0,
            0.0,
            0.0,
            0.0,
            0.0,
            0.0,
            0.0
        ],
        [
            0.0,
            0.0,
            0.0,
            0.0,
            0.06012373397341645,
            0.0,
            0.15434288002669233,
            0.0,
            0.0020588774893846007,
            0.15527990986279458,
            0.4061098419583657,
            0.0,
            0.0,
            0.0,
            0.0,
            0.021321872429371454
        ],
        [
            0.0,
            0.0,
            0.0,
            0.0,
            0.08098998171347754,
            0.0,
            0.028625125835772806,
            0.0,
            0.0019784525033261892,
            0.0,
            0.9509358928856567,
            0.0,
            0.0,
            0.0,
            0.0,
            0.009171126167891971
        ],
        [
            0.0,
            0.0,
            0.0,
            0.0,
            0.0,
            0.0,
            0.0,
            0.0,
            0.09359189366177645,
            0.0,
            0.00727978312760525,
            0.0,
            0.0,
            0.009203405128288036,
            0.006357865092651434,
            0.9509669481503294
        ],
        [
            0.9572431605629175,
            0.0,
            0.0,
            0.0,
            0.0,
            0.0,
            0.10889290721585676,
            0.0,
            0.0,
            0.0,
            0.0,
            0.0,
            0.0,
            0.0,
            0.0,
            0.0
        ],
        [
            0.0,
            0.0,
            0.0,
            0.0,
            0.0,
            0.0,
            0.0,
            0.0,
            0.07030739863657641,
            0.0,
            0.006274014043884514,
            0.0,
            0.0,
            0.046622443398654075,
            0.01877848414668013,
            0.7164598640411706
        ],
        [
            0.0,
            0.0,
            0.0,
            0.0,
            0.0,
            0.0,
            0.03806625668478795,
            0.0,
            0.0,
            0.9594719116339072,
            0.0,
            0.0,
            0.0,
            0.0,
            0.0,
            0.0
        ]
    ],
    "true_pos": 11,
    "false_pos": 2,
    "unmatched": 5,
    "num_GT_boxes": 16,
    "used_labels": [
        "tree",
        "house",
        "fence",
        "cloud",
        "road",
        "mountain",
        "sun",
        "truck",
        "grass"
    ]
}