{
    "matched_indices": [
        16,
        17,
        21,
        22,
        19,
        19,
        13,
        6,
        3,
        7,
        5,
        14,
        14,
        11,
        4,
        12,
        25,
        1,
        10,
        8,
        1,
        2,
        0,
        23
    ],
    "iou_matrix": [
        [
            0.005952348511557852,
            0.06826142144542062,
            0.10231857570884968,
            0.02856429127784843,
            0.13802146037508922,
            0.1829133974821788,
            0.0,
            0.0,
            0.0,
            0.04630803744303195,
            0.009440484303887492,
            0.003222596299043923,
            0.042050820157664606,
            0.0,
            0.0,
            0.0,
            0.06726978642601865,
            0.008643075929651302,
            0.0,
            0.044446450105714165,
            0.01163983808690189,
            0.00758695791327182,
            0.9745450626030141,
            0.02884298421877703
        ],
        [
            0.0,
            0.0,
            0.0,
            0.0,
            0.0,
            0.0,
            0.0,
            0.0,
            0.0,
            0.0,
            0.0,
            0.0,
            0.0,
            0.0,
            0.2944436141445925,
            0.1127010506146592,
            0.04107513395466224,
            0.3491248391257919,
            0.0,
            0.0,
            0.9570567759891297,
            0.0,
            0.01344237575875074,
            0.0
        ],
        [
            0.0,
            0.0,
            0.0,
            0.0,
            0.0,
            0.0,
            0.0,
            0.0,
            0.0,
            0.0,
            0.0,
            0.0,
            0.0,
            0.0,
            0.0,
            0.0,
            0.0,
            0.0,
            0.08922879154591544,
            0.36343392603397,
            0.0,
            0.9477114827816252,
            0.00781319045471915,
            0.0
        ],
        [
            0.0,
            0.0,
            0.0,
            0.025471142768361873,
            0.0,
            0.0,
            0.0,
            0.014279495946430328,
            0.8761961298674371,
            0.0,
            0.0,
            0.0,
            0.0,
            0.0,
            0.0,
            0.0,
            0.0,
            0.0,
            0.0,
            0.0,
            0.0,
            0.0,
            0.0,
            0.19581650320204289
        ],
        [
            0.0,
            0.0,
            0.0,
            0.1332040962839869,
            0.06573558664028577,
            0.19975809878961265,
            0.035317433635678686,
            0.0,
            0.0,
            0.016084282159614043,
            0.0,
            0.0,
            0.0,
            0.0,
            0.3972705693737441,
            0.17468257761831674,
            0.5620889389020317,
            0.12328912338998284,
            0.0,
            0.0,
            0.09666339140575037,
            0.0,
            0.06955096270973839,
            0.0
        ],
        [
            0.0,
            0.0,
            0.0,
            0.03986974266522708,
            0.0009305984553150614,
            0.0,
            0.0,
            0.0,
            0.03001328843335202,
            0.08927074347549295,
            0.1463305432931264,
            0.0,
            0.0,
            0.0,
            0.0,
            0.0,
            0.0,
            0.0,
            0.0,
            0.0,
            0.0,
            0.0,
            0.030218921102011635,
            0.6622072228726736
        ],
        [
            0.0,
            0.0,
            0.0,
            0.03975558197912958,
            0.0,
            0.0,
            0.1458620515282187,
            0.8972890596290412,
            0.04273384567169599,
            0.0,
            0.0,
            0.0,
            0.0,
            0.0,
            0.0,
            0.0,
            0.0,
            0.0,
            0.0,
            0.0,
            0.0,
            0.0,
            0.0,
            0.0
        ],
        [
            0.0,
            0.0,
            0.0,
            0.1073766604101012,
            0.04090903837523821,
            0.0,
            0.0,
            0.0,
            0.0,
            0.8271404328205825,
            0.029053904406084227,
            0.0,
            0.0,
            0.0,
            0.0,
            0.0,
            0.007767197166513037,
            0.0,
            0.0,
            0.0,
            0.0,
            0.0,
            0.03840759858090994,
            0.03527081162784561
        ],
        [
            0.0,
            0.0,
            0.0,
            0.0,
            0.006040393951543474,
            0.1092579160714101,
            0.0,
            0.0,
            0.0,
            0.0,
            0.0,
            0.0,
            0.0,
            0.0,
            0.0,
            0.0,
            0.0,
            0.0,
            0.1525162659319928,
            0.48418758632023134,
            0.0,
            0.10665148970051146,
            0.023112573700424535,
            0.0
        ],
        [
            0.0,
            0.0,
            0.0,
            0.0,
            0.1473648358352242,
            0.14663084827077194,
            0.0,
            0.0,
            0.0,
            0.0,
            0.0,
            0.0,
            0.01586281599210941,
            0.0670920599543538,
            0.0,
            0.0,
            0.0,
            0.0,
            0.48231466839567283,
            0.3182731009038195,
            0.0,
            0.09776601666771528,
            0.03407290291425358,
            0.0
        ],
        [
            0.0,
            0.0,
            0.0,
            0.0,
            0.046756228605271864,
            0.0016680621830282094,
            0.0,
            0.0,
            0.0,
            0.0,
            0.0,
            0.0,
            0.0,
            0.13373491452204758,
            0.0,
            0.0,
            0.0,
            0.0,
            0.7769073525560927,
            0.07736048157121973,
            0.0,
            0.007005549190018382,
            0.0,
            0.0
        ],
        [
            0.0,
            0.0,
            0.0,
            0.0,
            0.03518877967440421,
            0.00023170622897597838,
            0.0,
            0.0,
            0.0,
            0.0,
            0.0,
            0.0,
            0.0,
            0.9092695199702701,
            0.0,
            0.0,
            0.0,
            0.0,
            0.10157966470611608,
            0.0,
            0.0,
            0.0,
            0.0,
            0.0
        ],
        [
            0.0,
            0.0,
            0.0,
            0.12220038191097683,
            0.06906311349879983,
            0.2156208060307031,
            0.018219747175544625,
            0.0,
            0.0,
            0.016613752029633642,
            0.0,
            0.0,
            0.0,
            0.0,
            0.2873068848492213,
            0.2048229935816539,
            0.6502071438854049,
            0.1412953308812951,
            0.0,
            0.0,
            0.08886331792187123,
            0.0,
            0.06928299763570177,
            0.0
        ],
        [
            0.0,
            0.0,
            0.0,
            0.1619849393729728,
            0.0,
            0.0,
            0.9055726705048076,
            0.18086693148273594,
            0.0,
            0.0,
            0.0,
            0.0,
            0.0,
            0.0,
            0.03409456564232189,
            0.0,
            0.0,
            0.0,
            0.0,
            0.0,
            0.0,
            0.0,
            0.0,
            0.0
        ],
        [
            0.0,
            0.0,
            0.0,
            0.0,
