{
    "bboxes": [
        [
            0.6771219482421875,
            0.6599236653645834,
            0.9461077473958334,
            0.9470691731770833
        ],
        [
            0.27605419921875,
            0.465796875,
            0.5465043538411458,
            0.941743896484375
        ],
        [
            0.35984130859375,
            0.00045329328378041584,
            0.9994412434895833,
            0.3776485595703125
        ],
        [
            0.7408023274739584,
            0.1766485595703125,
            0.9396904296875,
            0.4479488525390625
        ],
        [
            0.12163070678710937,
            0.3178909912109375,
            0.3424237060546875,
            0.784086181640625
        ],
        [
            0.12947683715820313,
            0.4067218017578125,
            0.9840328776041667,
            0.7812032877604167
        ],
        [
            0.12359403483072917,
            0.26530226643880206,
            0.5993897705078125,
            0.7842222493489583
        ],
        [
            0.363469970703125,
            0.41310624186197914,
            0.983281982421875,
            0.7767505696614583
        ],
        [
            0.12076992797851563,
            0.31775795491536457,
            0.4367098795572917,
            0.7850669759114584
        ],
        [
            0.31457073974609373,
            0.4127216796875,
            0.982880615234375,
            0.77705517578125
        ],
        [
            0.7356805826822916,
            0.17564650472005208,
            0.94031103515625,
            0.774896240234375
        ],
        [
            0.12195258585611979,
            0.31192427571614584,
            0.9791181640625,
            0.7898890787760416
        ]
    ],
    "labels": [
        "chair",
        "sofa",
        "dog",
        "sofa",
        "cat",
        "people",
        "cat",
        "people",
        "cat",
        "people",
        "sofa",
        "cat"
    ],
    "scores": [
        0.8472034931182861,
        0.7133161425590515,
        0.6978789567947388,
        0.4699023365974426,
        0.44909659028053284,
        0.4278337359428406,
        0.38693955540657043,
        0.31051167845726013,
        0.3088057041168213,
        0.26824110746383667,
        0.22909177839756012,
        0.21958741545677185
    ]
}