{
    "bboxes": [
        [
            0.1869127400716146,
            0.09130411783854167,
            0.8241129557291667,
            0.44456184895833334
        ],
        [
            0.07165501912434896,
            0.38714811197916665,
            0.3185657145182292,
            0.8373417154947916
        ],
        [
            0.11738779703776042,
            0.706003173828125,
            0.3316336263020833,
            0.9437618001302084
        ],
        [
            0.000941187063852946,
            0.18587027994791666,
            0.23461952718098958,
            0.7264220377604167
        ]
    ],
    "labels": [
        "people",
        "cat",
        "chair",
        "dog"
    ],
    "scores": [
        0.916412353515625,
        0.7880401015281677,
        0.31062838435173035,
        0.22692464292049408
    ]
}