{
    "bboxes": [
        [
            0.35871565755208334,
            0.10456245930989583,
            0.47860050455729164,
            0.22402825927734374
        ],
        [
            0.0002824216882387797,
            0.35816011555989585,
            0.47955659993489586,
            0.768172119140625
        ],
        [
            0.5859359130859375,
            0.5053857014973958,
            0.8118130696614584,
            0.7308173014322916
        ],
        [
            0.5859359130859375,
            0.5053857014973958,
            0.8118130696614584,
            0.7308173014322916
        ]
    ],
    "labels": [
        "fence",
        "grass",
        "star",
        "moon"
    ],
    "scores": [
        0.9378141760826111,
        0.6988987922668457,
        0.2742236852645874,
        0.2071845680475235
    ]
}