{
    "matched_indices": [
        0,
        4,
        0,
        2,
        5,
        4,
        5,
        0,
        0,
        1,
        1,
        1,
        1,
        3,
        5,
        0,
        2
    ],
    "iou_matrix": [
        [
            0.9921191506987931,
            0.0,
            0.26914697288299316,
            0.0,
            0.0,
            0.0,
            0.0,
            0.2005317158809738,
            0.10632140738407454,
            0.0,
            0.0,
            0.0,
            0.06304886676812739,
            0.08924587140225838,
            0.0,
            0.04633340221434775,
            0.004899903992352408
        ],
        [
            0.04746659333298069,
            0.0,
            0.0,
            0.0,
            0.0,
            0.0,
            0.0,
            0.0,
            0.10111098082402491,
            0.0748561476005842,
            0.05254861607322138,
            0.03356886078628806,
            0.8779430902875718,
            0.0457735047041967,
            0.0,
            0.0,
            0.12429675888183726
        ],
        [
            0.005950032122001305,
            0.0,
            0.0,
            0.031101040710366713,
            0.0,
            0.0,
            0.0,
            0.0,
            0.0,
            0.0,
            0.0,
            0.0,
            0.11235993241655326,
            0.006590315932184431,
            0.0,
            0.0,
            0.9778286711204884
        ],
        [
            0.08903239799264265,
            0.0,
            0.0,
            0.0021743534809603475,
            0.0,
            0.0,
            0.0,
            0.0,
            0.0,
            0.0,
            0.0,
            0.0,
            0.0637548742857614,
            0.9806524969274805,
            0.0,
            0.0,
            0.0
        ],
        [
            0.0,
            0.8121478145515738,
            0.0,
            0.0,
            0.0,
            0.07326564055206879,
            0.0,
            0.04392601320929075,
            0.0,
            0.0,
            0.0,
            0.0,
            0.0,
            0.0,
            0.001907610463013396,
            0.0,
            0.0
        ],
        [
            0.0,
            0.025231988318753704,
            0.0,
            0.0,
            0.056668436664647354,
            0.0,
            0.015092409897198698,
            0.05757361690152292,
            0.0,
            0.0,
            0.0,
            0.0,
            0.0,
            0.0,
            0.9769114842624704,
            0.0,
            0.0
        ]
    ],
    "true_pos": 6,
    "false_pos": 0,
    "unmatched": 11,
    "num_GT_boxes": 17,
    "used_labels": [
        "tree",
        "house",
        "grass",
        "people"
    ]
}