{
    "bboxes": [
        [
            0.3179674072265625,
            0.06358658854166667,
            0.4519007975260417,
            0.15941883341471355
        ],
        [
            0.0011296867529551188,
            0.18112068684895832,
            0.423446533203125,
            0.744642333984375
        ],
        [
            0.651090576171875,
            0.15621653238932293,
            0.9991676432291666,
            0.7038833821614583
        ],
        [
            0.4513684895833333,
            0.06349882507324218,
            0.6403749593098959,
            0.18742952473958333
        ],
        [
            0.3715640869140625,
            0.43678080240885414,
            0.6404392496744792,
            0.9086121419270833
        ],
        [
            0.0019388793309529622,
            0.0029419660568237305,
            0.998259521484375,
            0.9936954752604167
        ],
        [
            0.4516024576822917,
            0.06323329671223958,
            0.64078076171875,
            0.18748026529947917
        ],
        [
            0.012980519612630208,
            0.7437498372395833,
            0.09297310384114583,
            0.8251702473958333
        ],
        [
            0.680416748046875,
            0.876619384765625,
            0.7729144694010417,
            0.9325458170572917
        ],
        [
            0.2781387939453125,
            0.86442578125,
            0.3459919840494792,
            0.9321896158854167
        ],
        [
            0.00231584898630778,
            0.003865897496541341,
            0.9979385579427084,
            0.9920050455729167
        ],
        [
            0.6510666910807291,
            0.1562081807454427,
            0.998847412109375,
            0.7030189615885417
        ],
        [
            0.0035363136927286784,
            0.13841956583658854,
            0.9972504069010417,
            0.9759790852864584
        ],
        [
            0.2781387939453125,
            0.86442578125,
            0.3459919840494792,
            0.9321896158854167
        ]
    ],
    "labels": [
        "tree",
        "flower",
        "flower",
        "tree",
        "sun",
        "rabbit",
        "road",
        "grass",
        "grass",
        "grass",
        "road",
        "road",
        "rabbit",
        "cloud"
    ],
    "scores": [
        0.6267986297607422,
        0.6065086722373962,
        0.4642409682273865,
        0.44909635186195374,
        0.3623700737953186,
        0.3343048691749573,
        0.3234888017177582,
        0.3141041398048401,
        0.26047641038894653,
        0.23551449179649353,
        0.2185381054878235,
        0.21377386152744293,
        0.20702239871025085,
        0.2008196860551834
    ]
}