{
    "bboxes": [
        [
            0.09204491170247396,
            0.6248756510416666,
            0.35842464192708334,
            0.8910225423177084
        ],
        [
            0.3992858072916667,
            0.5014647216796875,
            0.712814697265625,
            0.8377067057291666
        ],
        [
            0.6117930501302083,
            0.5586248372395833,
            0.99913330078125,
            0.9307750651041666
        ],
        [
            0.6396404622395834,
            0.39297920735677083,
            0.872367431640625,
            0.6107501627604167
        ],
        [
            0.48007303873697915,
            0.2256256103515625,
            0.69141259765625,
            0.4368499755859375
        ],
        [
            0.00036707520484924316,
            0.23539666748046875,
            0.3436153157552083,
            0.6789565836588541
        ],
        [
            0.7988155110677083,
            0.29219991048177085,
            0.96264111328125,
            0.4503682454427083
        ]
    ],
    "labels": [
        "butterfly",
        "tree",
        "tree",
        "tree",
        "tree",
        "tree",
        "tree"
    ],
    "scores": [
        0.9876565933227539,
        0.4860737919807434,
        0.4081884026527405,
        0.32618364691734314,
        0.25514137744903564,
        0.24798345565795898,
        0.20536834001541138
    ]
}