{
    "matched_indices": [
        2,
        3,
        1,
        9,
        3,
        17,
        5,
        20,
        6
    ],
    "iou_matrix": [
        [
            0.04974309864924267,
            0.0,
            0.0,
            0.025567451368837972,
            0.0,
            0.9827938419550645,
            0.0,
            0.010145970455153407,
            0.0
        ],
        [
            0.024495361234939346,
            0.0,
            0.9572514448859658,
            0.0,
            0.0,
            0.0,
            0.0,
            0.0,
            0.0
        ],
        [
            0.20965281345715306,
            0.0,
            0.035295172303927556,
            0.01197186056458039,
            0.0,
            0.43549701024565807,
            0.06330139167497231,
            0.00847772111800969,
            0.036932134089139174
        ],
        [
            0.0,
            0.43205304969300284,
            0.0,
            0.0,
            0.5803697682443322,
            0.0,
            0.0,
            0.0,
            0.0
        ],
        [
            0.0,
            0.0,
            0.0,
            0.9669778493924289,
            0.0,
            0.02621343212452282,
            0.0,
            0.0,
            0.0
        ],
        [
            0.0,
            0.0,
            0.0,
            0.0,
            0.0,
            0.0,
            0.980347651942862,
            0.0,
            0.0
        ],
        [
            0.019745533159099323,
            0.0,
            0.0,
            0.0,
            0.0,
            0.0,
            0.0,
            0.0,
            0.9618146427616935
        ],
        [
            0.0,
            0.0,
            0.0,
            0.0,
            0.0,
            0.0,
            0.9788044720104045,
            0.0,
            0.0
        ],
        [
            0.2068144454089183,
            0.0,
            0.03730478383030074,
            0.012087559815996667,
            0.0,
            0.42960106838539946,
            0.06555366492314384,
            0.009001082972729519,
            0.03643213131014877
        ],
        [
            0.0,
            0.0,
            0.0,
            0.9671724808353626,
            0.0,
            0.026196596050077698,
            0.0,
            0.0,
            0.0
        ],
        [
            0.0,
            0.0,
            0.0,
            0.0,
            0.0,
            0.0,
            0.980347651942862,
            0.0,
            0.0
        ],
        [
            0.0,
            0.43205304969300284,
            0.0,
            0.0,
            0.5803697682443322,
            0.0,
            0.0,
            0.0,
            0.0
        ],
        [
            0.0,
            0.42804818761806923,
            0.0,
            0.0,
            0.5749901027705406,
            0.0,
            0.0,
            0.0,
            0.0
        ],
        [
            0.0,
            0.42814188439244616,
            0.0,
            0.0,
            0.575115964109256,
            0.0,
            0.0,
            0.0,
            0.0
        ],
        [
            0.2071180253098591,
            0.0,
            0.0,
            0.02104660024426763,
            0.0,
            0.769527822735976,
            0.0,
            0.01374691898673253,
            0.0
        ],
        [
            0.0,
            0.0,
            0.0,
            0.0,
            0.0,
            0.0,
            0.979802689012154,
            0.0,
            0.0
        ],
        [
            0.0,
            0.0,
            0.0,
            0.0,
            0.0,
            0.0,
            0.979802689012154,
            0.0,
            0.0
        ],
        [
            0.0496519653643304,
            0.0,
            0.0,
            0.024995065702288648,
            0.0,
            0.9863030067757382,
            0.0,
            0.010203572869667273,
            0.0
        ],
        [
            0.0,
            0.42804818761806923,
            0.0,
            0.0,
            0.5749901027705406,
            0.0,
            0.0,
            0.0,
            0.0
        ],
        [
            0.0,
            0.0,
            0.0,
            0.0,
            0.0,
            0.0,
            0.9788044720104045,
            0.0,
            0.0
        ],
        [
            0.0,
            0.0,
            0.0,
            0.0,
            0.0,
            0.010657100158939434,
            0.0,
            0.9602573185726284,
            0.0
        ],
        [
            0.16106876605328294,
            0.0,
            0.03772404289507377,
            0.017411096720803272,
            0.0,
            0.3345767934304285,
            0.12250988369757634,
            0.008377339999586904,
            0.028373639100568313
        ],
        [
            0.0,
            0.42814188439244616,
            0.0,
            0.0,
            0.575115964109256,
            0.0,
            0.0,
            0.0,
            0.0
        ],
        [
            0.0,
            0.0,
            0.0,
            0.0,
            0.0,
            0.010663661985193749,
            0.0,
            0.9590379454644864,
            0.0
        ]
    ],
    "num_matches": 6,
    "num_GT_boxes": 9,
    "used_labels": [
        "airplane",
        "apple",
        "balloon",
        "banana",
        "basket",
        "bee",
        "bench",
        "bicycle",
        "bird",
        "bottle",
        "bucket",
        "bus",
        "butterfly",
        "car",
        "cat",
        "chair",
        "chicken",
        "cloud",
        "cow",
        "cup",
        "dinnerware",
        "dog",
        "duck",
        "fence",
        "flower",
        "grape",
        "grass",
        "horse",
        "house",
        "moon",
        "mountain",
        "people",
        "picnic rug",
        "pig",
        "rabbit",
        "road",
        "sheep",
        "sofa",
        "star",
        "street lamp",
        "sun",
        "table",
        "tree",
        "truck",
        "umbrella",
        "others"
    ]
}