{
    "bboxes": [
        [
            0.21276790364583334,
            0.4042086588541667,
            0.4776264241536458,
            0.7437958170572917
        ],
        [
            0.0005171000560124715,
            0.758997802734375,
            0.171298095703125,
            0.9437869466145833
        ],
        [
            0.8263289388020834,
            0.5314551188151042,
            0.999702880859375,
            0.7968965657552083
        ],
        [
            0.759493896484375,
            0.17172794596354166,
            0.9995087076822917,
            0.43825065104166666
        ],
        [
            0.05238476053873698,
            0.17208184814453126,
            0.31707747395833336,
            0.4383642578125
        ],
        [
            0.4398387858072917,
            0.0,
            0.8125933430989584,
            0.32237447102864586
        ],
        [
            0.2933015950520833,
            0.18564542643229168,
            0.6893619791666666,
            0.4644768880208333
        ],
        [
            0.34494588216145833,
            0.18494071451822916,
            0.689166259765625,
            0.46153849283854165
        ],
        [
            0.2931884969075521,
            0.19777321370442708,
            0.5611095784505208,
            0.4643182373046875
        ]
    ],
    "labels": [
        "tree",
        "duck",
        "duck",
        "duck",
        "duck",
        "grass",
        "duck",
        "duck",
        "duck"
    ],
    "scores": [
        0.9879286885261536,
        0.9852781891822815,
        0.983225405216217,
        0.9767087697982788,
        0.9537120461463928,
        0.8945410847663879,
        0.36318355798721313,
        0.3275838792324066,
        0.29495102167129517
    ]
}