{
    "matched_indices": [
        5,
        28,
        1,
        13,
        19,
        2,
        8,
        3,
        24,
        0,
        37,
        20,
        10
    ],
    "iou_matrix": [
        [
            0.0,
            0.11382268466246893,
            0.013382412331876092,
            0.0,
            0.0,
            0.021996734286629425,
            0.0,
            0.0,
            0.0,
            0.9774557440273713,
            0.0,
            0.0,
            0.17649993473366618
        ],
        [
            0.0,
            0.0016984507016902972,
            0.8575983772084664,
            0.0,
            0.0,
            0.0,
            0.0,
            0.0,
            0.0,
            0.012580099567178244,
            0.0,
            0.0,
            0.04738315738557458
        ],
        [
            0.03067517592434731,
            0.8092433105833666,
            0.03413605530923672,
            0.04241550986478512,
            0.0,
            0.02412810543790663,
            0.0,
            0.0,
            0.0,
            0.1568615087902669,
            0.0,
            0.007301782665840463,
            0.18376775733441048
        ],
        [
            0.0,
            0.0,
            0.0,
            0.0,
            0.0,
            0.0,
            0.0,
            0.9372197710905551,
            0.0,
            0.0,
            0.0,
            0.0,
            0.0
        ],
        [
            0.0,
            0.008141194081509375,
            0.0,
            0.0,
            0.0,
            0.0,
            0.0,
            0.0,
            0.0,
            0.0,
            0.0,
            0.9727421333207967,
            0.0
        ],
        [
            0.9178897052446344,
            0.015873583663075085,
            0.007730423985905006,
            0.0,
            0.0,
            0.0,
            0.0,
            0.0,
            0.015587657181706911,
            0.0,
            0.0,
            0.0,
            0.03973931370011414
        ],
        [
            0.0,
            0.0,
            0.0,
            0.0,
            0.0,
            0.0,
            0.0,
            0.0,
            0.0,
            0.0,
            0.9479956157801823,
            0.0,
            0.0
        ],
        [
            0.0,
            0.008141194081509375,
            0.0,
            0.0,
            0.0,
            0.0,
            0.0,
            0.0,
            0.0,
            0.0,
            0.0,
            0.9727421333207967,
            0.0
        ],
        [
            0.0,
            0.0,
            0.0,
            0.032327200241662836,
            0.0,
            0.0,
            0.8723831803698151,
            0.0,
            0.0,
            0.0,
            0.0,
            0.0,
            0.0382798285392957
        ],
        [
            0.0,
            0.0,
            0.0,
            0.0,
            0.3488999874349131,
            0.0,
            0.01620283639450681,
            0.0,
            0.0,
            0.0,
            0.0,
            0.0,
            0.020277874027925528
        ],
        [
            0.0,
            0.0,
            0.022925897676446,
            0.007139210774600024,
            0.0,
            0.00992084724171656,
            0.010398599851995205,
            0.0,
            0.0,
            0.09539375302484931,
            0.0,
            0.0,
            0.6083908196176464
        ],
        [
            0.0,
            0.0,
            0.0,
            0.0,
            0.0,
            0.0,
            0.0,
            0.0,
            0.0,
            0.0,
            0.9479956157801823,
            0.0,
            0.0
        ],
        [
            0.0,
            0.0,
            0.022925897676446,
            0.007139210774600024,
            0.0,
            0.00992084724171656,
            0.010398599851995205,
            0.0,
            0.0,
            0.09539375302484931,
            0.0,
            0.0,
            0.6083908196176464
        ],
        [
            0.0,
            0.02125370020388376,
            0.0,
            0.9290333818055715,
            0.0030413512390277658,
            0.00430670998941808,
            0.044726635199128575,
            0.0,
            0.0,
            0.0,
            0.0,
            0.0,
            0.040482453582612356
        ],
        [
            0.5907048452320428,
            0.01642852075569941,
            0.26106585094504464,
            0.0,
            0.0,
            0.0,
            0.0,
            0.0,
            0.012653272155099279,
            0.0,
            0.0,
            0.0,
            0.07291358805601957
        ],
        [
            0.0,
            0.020833755470675258,
            0.0,
            0.7514773898999899,
            0.024175265834564093,
            0.004068583857540244,
            0.12859317385718244,
            0.0,
            0.0,
            0.0,
            0.0,
            0.0,
            0.05004748148263873
        ],
        [
            0.5907048452320428,
            0.01642852075569941,
            0.26106585094504464,
            0.0,
            0.0,
            0.0,
            0.0,
            0.0,
            0.012653272155099279,
            0.0,
            0.0,
            0.0,
            0.07291358805601957
        ],
        [
            0.5907048452320428,
            0.01642852075569941,
            0.26106585094504464,
            0.0,
            0.0,
            0.0,
            0.0,
            0.0,
            0.012653272155099279,
            0.0,
            0.0,
            0.0,
            0.07291358805601957
        ],
        [
            0.0,
            0.01947728940268676,
            0.0,
            0.39953050756247493,
            0.0618324415022695,
            0.0029202165564294795,
            0.44069068300969044,
            0.0,
            0.0,
            0.0,
            0.0,
            0.0,
            0.09413436532067677
        ],
        [
            0.0,
            0.0,
            0.0,
            0.0,
            0.9446402493920322,
            0.0,
            0.019336015150383693,
            0.0,
            0.0,
            0.0,
            0.0,
            0.0,
            0.0361026489664976
        ],
        [
            0.0,
            0.007901619064107765,
            0.0,
            0.0,
            0.0,
            0.0,
            0.0,
            0.0,
            0.0,
            0.0,
            0.0,
            0.9753293579769597,
            0.0
        ],
        [
            0.0,
            0.0,
            0.0,
            0.0,
            0.00019505529317681916,
            0.0,
            0.1902789315569616,
            0.0,
            0.0,
            0.0,
            0.0,
            0.0,
            0.008167274517738734
        ],
        [
            0.0,
            0.0,
            0.0,
            0.030010672340601906,
            0.0,
            0.0,
            0.8326438975288329,
            0.0,
            0.0,
            0.0,
            0.0,
            0.0,
            0.03650481153109422
        ],
        [
            0.0,
            0.0,
            0.0,
            0.004400158739924479,
            0.0052545815409938395,
            0.0,
            0.20944761711400434,
            0.0,
            0.0,
            0.0,
            0.0,
            0.0,
            0.008956311392055041
        ],
        [
            0.0003957338640075522,
            0.0,
            0.0,
            0.0,
            0.0,
            0.0,
            0.0,
            0.0,
            0.9838280854940575,
            0.0,
            0.0,
            0.0,
            0.004267080287349879
        ],
        [
            0.0,
            0.04343645995502676,
            0.0,
            0.0,
            0.0,
            0.0,
            0.0,
            0.0,
            0.0,
