{
    "matched_indices": [
        4,
        12,
        3,
        3,
        2,
        10,
        0,
        9,
        5,
        6,
        7,
        7,
        10,
        7,
        10
    ],
    "iou_matrix": [
        [
            0.0,
            0.0,
            0.0,
            0.052817046114396964,
            0.0,
            0.0,
            0.9526118564669284,
            0.0,
            0.0,
            0.0,
            0.0,
            0.0,
            0.0,
            0.0,
            0.0
        ],
        [
            0.0,
            0.0,
            0.0,
            0.052817046114396964,
            0.0,
            0.0,
            0.9526118564669284,
            0.0,
            0.0,
            0.0,
            0.0,
            0.0,
            0.0,
            0.0,
            0.0
        ],
        [
            0.05463490036094038,
            0.430188641590696,
            0.0,
            0.0,
            0.9811720037976663,
            0.0,
            0.0,
            0.0,
            0.01497269078967103,
            0.0,
            0.0,
            0.0,
            0.0,
            0.0,
            0.0
        ],
        [
            0.0,
            0.0,
            0.21865483490280313,
            0.8408259024335383,
            0.0,
            0.0,
            0.05205015476952247,
            0.03319361823646785,
            0.0,
            0.0,
            0.0,
            0.0,
            0.0,
            0.00012154660006472819,
            0.01625569671184709
        ],
        [
            0.9692659159859648,
            0.017123633879331256,
            0.0,
            0.0,
            0.05442554387962679,
            0.0,
            0.0,
            0.0,
            0.0,
            0.0,
            0.0,
            0.0,
            0.0,
            0.0,
            0.0
        ],
        [
            0.026311273048225968,
            0.8495109648423746,
            0.0,
            0.0,
            0.4333418202003105,
            0.0,
            0.0,
            0.0,
            0.0838374676669275,
            0.0,
            0.0,
            0.0,
            0.0,
            0.0,
            0.015054786984172473
        ],
        [
            0.0,
            0.0,
            0.0,
            0.0005757756007913404,
            0.0,
            0.0,
            0.0,
            0.0,
            0.0,
            0.06867213099437129,
            7.336766131877178e-05,
            0.021613798464077346,
            0.0,
            0.7626568394086418,
            0.23452459792607935
        ],
        [
            0.0,
            0.0,
            0.0,
            0.0006972380821509991,
            0.0,
            0.0,
            0.0,
            0.0,
            0.0,
            0.03105358219892189,
            8.807317550769171e-05,
            0.024825544342456443,
            0.0,
            0.9155206594024664,
            0.1953661960338766
        ],
        [
            0.24745680230334396,
            0.32652024515876993,
            0.0,
            0.0,
            0.5693465477921011,
            0.0,
            0.0,
            0.0,
            0.03380913433263312,
            0.0,
            0.0,
            0.0,
            0.0,
            0.0,
            0.01783120584013216
        ],
        [
            0.0,
            0.0,
            0.0,
            0.0391525483499802,
            0.0,
            0.0,
            0.0,
            0.979709594440329,
            0.0,
            0.0,
            0.0,
            0.0,
            0.0,
            0.0,
            0.06589577676669682
        ],
        [
            0.07482628922409992,
            0.09906084693353688,
            0.038518043865521275,
            0.14891858757110263,
            0.17273033467050897,
            0.05623777787749002,
            0.06122330751099152,
            0.030867990313887015,
            0.010908880247413036,
            0.007185581922293181,
            7.676903763133638e-06,
            0.010908880247413039,
            0.015799067944529226,
            0.07980141461777512,
            0.443822262749983
        ],
        [
            0.0,
            0.0,
            0.0,
            0.00711331005893995,
            0.0,
            0.0,
            0.0,
            0.5391375023691372,
            0.0,
            0.0,
            0.0,
            0.0,
            0.0,
            0.0,
            0.03780943218963327
        ],
        [
            0.024783296096322394,
            0.8537700512098781,
            0.0,
            0.0,
            0.4475883884446847,
            0.0,
            0.0,
            0.0,
            0.023611636737995472,
            0.0,
            0.0,
            0.0,
            0.0,
            0.0,
            0.0
        ],
        [
            0.0,
            0.0,
            0.0,
            0.02675745364632601,
            0.0,
            0.0,
            0.0,
            0.642482254541312,
            0.0,
            0.0,
            0.0,
            0.0,
            0.0,
            0.0,
            0.042799843323634214
        ],
        [
            0.07890222408713293,
            0.5490946172285668,
            0.0,
            0.0,
            0.690458889290206,
            0.0,
            0.0,
            0.0,
            0.05408278172640439,
            0.0,
            0.0,
            0.0,
            0.0,
            0.0,
            0.013276025153347519
        ]
    ],
    "true_pos": 7,
    "false_pos": 8,
    "unmatched": 8,
    "num_GT_boxes": 15,
    "used_labels": [
        "house",
        "fence",
        "street lamp",
        "grass",
        "tree",
        "bucket",
        "horse",
        "road"
    ]
}