{
    "matched_indices": [
        3,
        4,
        9,
        2,
        5,
        4,
        8,
        0,
        1,
        12,
        10,
        4,
        13
    ],
    "iou_matrix": [
        [
            0.0,
            0.0,
            0.0,
            0.0,
            0.0,
            0.011341903306540838,
            0.0,
            0.9738952121071043,
            0.0,
            0.0,
            0.0,
            0.0,
            0.0
        ],
        [
            0.0,
            0.0,
            0.0,
            0.0,
            0.0,
            0.0,
            0.0,
            0.0,
            0.9866037955375444,
            0.0,
            0.0,
            0.0,
            0.0
        ],
        [
            0.0,
            0.0,
            0.0,
            0.9218822097288255,
            0.0,
            0.09061772869123193,
            0.0,
            0.0,
            0.0,
            0.0,
            0.010127969040828962,
            0.0,
            0.0
        ],
        [
            0.9098769712408845,
            0.0,
            0.050879713628648446,
            0.0,
            0.05762467492713589,
            0.004607413646545939,
            0.024357686778772175,
            0.0,
            0.0,
            0.0,
            0.0,
            0.0,
            0.0
        ],
        [
            0.0018450478257641778,
            0.04400779523073802,
            0.0,
            0.09709578177770775,
            0.11004596935056396,
            0.9336680935785961,
            0.013308802028207415,
            0.007569554298815836,
            0.0,
            0.0,
            0.0,
            0.053874105667083665,
            0.0
        ],
        [
            0.00328683328572054,
            0.0,
            0.0,
            0.0,
            0.5640445889886785,
            0.07583575118245837,
            0.00328689975104162,
            0.0,
            0.0,
            0.0,
            0.0,
            0.0,
            0.0
        ],
        [
            0.058765699131993344,
            0.025422377741402522,
            0.015173885903677955,
            0.0613497227992118,
            0.08318683367453016,
            0.5905955412112379,
            0.3715578285281908,
            0.005440781826546848,
            0.0,
            0.0,
            0.0,
            0.03112193777415617,
            0.0
        ],
        [
            0.013108050148407581,
            0.03990752849697506,
            0.014237440583842508,
            0.0,
            0.07088793601962246,
            0.3041456143092844,
            0.5832638780327125,
            0.0,
            0.0,
            0.0,
            0.0,
            0.04885458123692809,
            0.0
        ],
        [
            0.01809315503334228,
            0.0,
            0.02032679712277919,
            0.0,
            0.027501406981550118,
            0.03498671686281897,
            0.9832367720875356,
            0.0,
            0.0,
            0.0,
            0.0,
            0.0016728200570401298,
            0.0
        ],
        [
            0.05931941366223763,
            0.0,
            0.9760883182690472,
            0.0,
            0.0,
            0.0,
            0.020599019071128353,
            0.0,
            0.0,
            0.0,
            0.0,
            0.0,
            0.0
        ],
        [
            0.0,
            0.0,
            0.0,
            0.010672302633711082,
            0.0,
            0.0,
            0.0,
            0.0,
            0.0,
            0.0,
            0.9570594299139727,
            0.0,
            0.0
        ],
        [
            0.0,
            0.0,
            0.0,
            0.0,
            0.0,
            0.0,
            0.0,
            0.0,
            0.9866037955375444,
            0.0,
            0.0,
            0.0,
            0.0
        ],
        [
            0.04325218207494903,
            0.012117621833854756,
            0.12337235241836465,
            0.08265636195019274,
            0.039651153101311724,
            0.29457443000521927,
            0.17710370372556955,
            0.07305301697578859,
            0.06764840533267653,
            0.009126059047127306,
            0.009010539312353535,
            0.01483432732060327,
            0.010165736660091173
        ],
        [
            0.0,
            0.0,
            0.0,
            0.0,
            0.0,
            0.0,
            0.0,
            0.0,
            0.0,
            0.0,
            0.0,
            0.0,
            0.9572602048834794
        ],
        [
            0.0,
            0.0,
            0.0,
            0.0,
            0.0,
            0.0,
            0.0,
            0.0,
            0.9818701600418404,
            0.0,
            0.0,
            0.0,
            0.0
        ],
        [
            0.042981823482284506,
            0.012041877604817595,
            0.12271472904317735,
            0.08213969766599777,
            0.03940330364179959,
            0.29254468056773747,
            0.17599667268579564,
            0.07349206298036569,
            0.06729517399141986,
            0.009069014330255467,
            0.00895421668050539,
            0.014741601643767506,
            0.010102193178006086
        ]
    ],
    "true_pos": 10,
    "false_pos": 6,
    "unmatched": 3,
    "num_GT_boxes": 13,
    "used_labels": [
        "dog",
        "people",
        "grass",
        "tree",
        "cat"
    ]
}