{
    "matched_indices": [
        4,
        0,
        1,
        5,
        4,
        0,
        1,
        3,
        1,
        0,
        0,
        0,
        2,
        2,
        2
    ],
    "iou_matrix": [
        [
            0.0,
            0.0,
            0.0,
            0.0,
            0.28445228220746327,
            0.9761190167828359,
            0.0,
            0.0,
            0.0,
            0.0,
            0.0,
            0.0,
            0.0,
            0.0,
            0.10624933781523119
        ],
        [
            0.0,
            0.0,
            0.020813697992701278,
            0.0,
            0.02409832423011218,
            0.0,
            0.9174365202769363,
            0.0,
            0.007200373617348243,
            0.0,
            0.0,
            0.0,
            0.0,
            0.0,
            0.19900722587591146
        ],
        [
            0.0,
            0.0,
            0.0,
            0.0,
            0.001135888231874274,
            0.10923198661187242,
            0.1900227261837126,
            0.03536425650870189,
            0.006231452851590654,
            0.0,
            0.0,
            0.0,
            0.010320887834182502,
            0.005706089394643634,
            0.9895231183576874
        ],
        [
            0.0,
            0.0,
            0.0,
            0.8133746836241071,
            0.0,
            0.0,
            0.0,
            0.13669868320432774,
            0.0,
            0.0,
            0.0,
            0.0,
            0.0,
            0.0,
            0.0
        ],
        [
            0.0041405651607073855,
            0.0,
            0.0,
            0.0,
            0.9660638535912667,
            0.28122542809213,
            0.022453681154946042,
            0.008829939808701273,
            0.0,
            0.0,
            0.0,
            0.0,
            0.0,
            0.0,
            0.0
        ],
        [
            0.0,
            0.0,
            0.0,
            0.9764796641137492,
            0.0,
            0.0,
            0.0,
            0.11295728734791297,
            0.0,
            0.0,
            0.0,
            0.0,
            0.0,
            0.0,
            0.0
        ],
        [
            0.0,
            0.0,
            0.0,
            0.8133746836241071,
            0.0,
            0.0,
            0.0,
            0.13669868320432774,
            0.0,
            0.0,
            0.0,
            0.0,
            0.0,
            0.0,
            0.0
        ],
        [
            0.0,
            0.0,
            0.0,
            0.9764796641137492,
            0.0,
            0.0,
            0.0,
            0.11295728734791297,
            0.0,
            0.0,
            0.0,
            0.0,
            0.0,
            0.0,
            0.0
        ]
    ],
    "num_matches": 5,
    "num_GT_boxes": 15,
    "used_labels": [
        "house",
        "tree",
        "grass",
        "cloud",
        "bus",
        "road",
        "people"
    ]
}