{
    "bboxes": [
        [
            0.1055017598470052,
            0.6517688395182292,
            0.5573714599609375,
            0.9306162109375
        ],
        [
            0.6808182779947917,
            0.23632916259765624,
            0.99872900390625,
            0.7942479654947917
        ],
        [
            0.04129565938313802,
            0.02563250732421875,
            0.36934151204427085,
            0.18218965657552083
        ],
        [
            0.7745689290364584,
            0.010700661977132162,
            0.9965467122395834,
            0.11488198852539062
        ],
        [
            0.10557984415690104,
            0.06394597880045573,
            0.8265318196614583,
            0.757880859375
        ],
        [
            0.34110880533854165,
            0.06463542175292969,
            0.6514614664713542,
            0.2586480712890625
        ],
        [
            0.10602870686848959,
            0.257120849609375,
            0.8229676920572917,
            0.75969482421875
        ],
        [
            0.0002522468368212382,
            0.2675697021484375,
            0.18219175211588542,
            0.5821675211588542
        ],
        [
            0.0007472038269042969,
            0.19807698567708334,
            0.2740527547200521,
            0.33293760172526043
        ],
        [
            0.18076804606119792,
            0.025586883544921876,
            0.369896240234375,
            0.13087317911783855
        ],
        [
            0.0412226079305013,
            0.06654758707682291,
            0.2515331624348958,
            0.18269950358072917
        ],
        [
            0.7304178059895833,
            0.11776537068684896,
            0.9988072102864584,
            0.32302980550130206
        ]
    ],
    "labels": [
        "tree",
        "grass",
        "house",
        "house",
        "car",
        "car",
        "car",
        "grass",
        "house",
        "house",
        "house",
        "house"
    ],
    "scores": [
        0.9320142269134521,
        0.8019043207168579,
        0.5378699898719788,
        0.533637523651123,
        0.4840814173221588,
        0.4297848641872406,
        0.30592116713523865,
        0.2622927129268646,
        0.2542298436164856,
        0.24841685593128204,
        0.24512812495231628,
        0.210246741771698
    ]
}