{
    "bboxes": [
        [
            0.37267618815104164,
            0.2653512166341146,
            0.6383413492838542,
            0.5308551432291667
        ],
        [
            0.7059894205729167,
            0.39862605794270833,
            0.9708045247395833,
            0.61077685546875
        ],
        [
            0.025859486897786457,
            0.42558500162760415,
            0.29167095947265625,
            0.6242703043619792
        ],
        [
            0.2655339558919271,
            0.6386686197916667,
            0.37137186686197915,
            0.703805419921875
        ],
        [
            0.00023619828621546427,
            0.7457578125,
            0.3432392578125,
            0.9205947265625
        ],
        [
            0.5579576822916666,
            0.8652227376302083,
            0.7034232584635417,
            0.930705322265625
        ],
        [
            0.534040771484375,
            0.5848730875651041,
            0.6621573893229167,
            0.623602294921875
        ],
        [
            0.3456989339192708,
            0.759661865234375,
            0.6764901529947916,
            0.9141700846354167
        ],
        [
            0.07959957377115885,
            2.0116566369930903e-05,
            0.34250923665364585,
            0.22383966064453126
        ],
        [
            0.6795216878255208,
            0.7718749186197916,
            0.9997613932291667,
            0.923228271484375
        ],
        [
            0.2550282796223958,
            0.740779296875,
            0.8984781087239583,
            0.9253790690104167
        ],
        [
            0.2548358968098958,
            0.8829497884114583,
            0.89824169921875,
            0.9270248209635417
        ],
        [
            0.2562419637044271,
            0.7413295084635416,
            0.71564501953125,
            0.92171923828125
        ]
    ],
    "labels": [
        "fence",
        "fence",
        "fence",
        "moon",
        "grass",
        "moon",
        "moon",
        "grass",
        "road",
        "grass",
        "sheep",
        "sheep",
        "sheep"
    ],
    "scores": [
        0.9913343787193298,
        0.990755021572113,
        0.9889014959335327,
        0.9771438241004944,
        0.9734311103820801,
        0.9707056283950806,
        0.9276748895645142,
        0.9043385982513428,
        0.8921552300453186,
        0.6860293745994568,
        0.3991624414920807,
        0.309244841337204,
        0.2014928013086319
    ]
}