{
    "matched_indices": [
        0,
        0,
        1,
        0,
        0,
        0,
        0,
        0,
        1,
        0,
        0,
        0
    ],
    "iou_matrix": [
        [
            0.013805577183974398,
            0.023953075502476415,
            0.04285789302605323,
            0.010848597282873696,
            0.9938119172069461,
            0.0,
            0.0,
            0.0,
            0.1724313474959065,
            0.0,
            0.0,
            0.0
        ],
        [
            0.0,
            0.0,
            0.17177868522082806,
            0.0,
            0.1652780328871019,
            0.0,
            0.0,
            0.0,
            0.9470102824812691,
            0.0,
            0.0,
            0.0
        ]
    ],
    "num_matches": 2,
    "num_GT_boxes": 12,
    "used_labels": [
        "airplane",
        "apple",
        "balloon",
        "banana",
        "basket",
        "bee",
        "bench",
        "bicycle",
        "bird",
        "bottle",
        "bucket",
        "bus",
        "butterfly",
        "car",
        "cat",
        "chair",
        "chicken",
        "cloud",
        "cow",
        "cup",
        "dinnerware",
        "dog",
        "duck",
        "fence",
        "flower",
        "grape",
        "grass",
        "horse",
        "house",
        "moon",
        "mountain",
        "people",
        "picnic rug",
        "pig",
        "rabbit",
        "road",
        "sheep",
        "sofa",
        "star",
        "street lamp",
        "sun",
        "table",
        "tree",
        "truck",
        "umbrella",
        "others"
    ]
}