{
    "bboxes": [
        [
            0.23942860921223957,
            0.6385431722005208,
            0.39780513509114585,
            0.8775603841145834
        ],
        [
            0.40116402180989585,
            0.5598177897135417,
            0.50299462890625,
            0.6505753580729167
        ],
        [
            0.1191223856608073,
            0.43850215657552083,
            0.385043212890625,
            0.70430712890625
        ],
        [
            0.652459228515625,
            0.41182027180989583,
            0.9180978190104166,
            0.6755357666015624
        ],
        [
            0.3749237467447917,
            0.5317360432942708,
            0.628420166015625,
            0.7977158203125
        ],
        [
            0.6397436930338541,
            0.6508644612630209,
            0.852564208984375,
            0.8784778645833333
        ],
        [
            0.39938212076822915,
            0.31850213623046875,
            0.6128567708333333,
            0.5170829671223959
        ],
        [
            0.5192720133463542,
            0.4933331298828125,
            0.5975391031901042,
            0.6136770833333334
        ],
        [
            0.5063328450520833,
            0.5981810302734375,
            0.6239586588541667,
            0.6890460611979167
        ],
        [
            0.5061189778645834,
            0.5982787679036459,
            0.6240689697265625,
            0.689103515625
        ],
        [
            0.45225553385416667,
            0.3617166748046875,
            0.5869191080729167,
            0.460521240234375
        ],
        [
            0.5042022705078125,
            0.3625064697265625,
            0.5855466715494791,
            0.45628837076822915
        ]
    ],
    "labels": [
        "banana",
        "people",
        "cup",
        "cup",
        "dog",
        "cat",
        "cup",
        "people",
        "sofa",
        "table",
        "sofa",
        "sofa"
    ],
    "scores": [
        0.9745149612426758,
        0.9712093472480774,
        0.9660824537277222,
        0.9589904546737671,
        0.9583010673522949,
        0.9334008693695068,
        0.7998113036155701,
        0.7954986691474915,
        0.42886170744895935,
        0.2373609095811844,
        0.23085816204547882,
        0.2101278007030487
    ]
}