{
    "bboxes": [
        [
            0.479079833984375,
            0.6657410888671875,
            0.7460526529947916,
            0.9311982421875
        ],
        [
            0.36906978352864583,
            0.4571365152994792,
            0.9117718912760416,
            0.985636962890625
        ],
        [
            0.3631014404296875,
            0.3074920654296875,
            0.9110734049479167,
            0.98568310546875
        ]
    ],
    "labels": [
        "dog",
        "grass",
        "grass"
    ],
    "scores": [
        0.2884773910045624,
        0.21763098239898682,
        0.20043183863162994
    ]
}