{
    "matched_indices": [
        2,
        0,
        0,
        2,
        2,
        2,
        3,
        3,
        0,
        1,
        6,
        4,
        3
    ],
    "iou_matrix": [
        [
            0.0,
            0.0,
            0.0,
            0.020144694881647867,
            0.006067326886429378,
            0.08690433139680648,
            0.0,
            0.0,
            0.9806191563182072,
            0.0,
            0.0,
            0.0,
            0.07398182810647028
        ],
        [
            0.0,
            0.0,
            0.0,
            0.0,
            0.0,
            0.0,
            0.0,
            0.0,
            0.0,
            0.8901441978136843,
            0.3443689159468351,
            0.0,
            0.07637976447149873
        ],
        [
            0.028335052885601467,
            0.0,
            0.0,
            0.05595707965412692,
            0.35665853725945845,
            0.9884805917039569,
            0.0,
            0.0,
            0.08756690520435159,
            0.0,
            0.0,
            0.0,
            0.08927558484444431
        ],
        [
            0.0,
            0.0,
            0.0,
            0.0,
            0.0,
            0.0,
            0.0822086743865573,
            0.9651482634759614,
            0.0,
            0.0,
            0.0,
            0.0,
            0.10589887901322101
        ],
        [
            0.0,
            0.0,
            0.0,
            0.0,
            0.0,
            0.0,
            0.06614327015957296,
            0.0,
            0.0,
            0.0,
            0.0,
            0.9859443199862244,
            0.04148796899477599
        ],
        [
            0.0,
            0.0,
            0.0,
            0.0,
            0.0,
            0.0,
            0.0,
            0.0,
            0.0,
            0.16847005249818675,
            0.6681546467330207,
            0.0,
            0.036978509357038614
        ],
        [
            0.0,
            0.0,
            0.0,
            0.0,
            0.0,
            0.0,
            0.0,
            0.0,
            0.0,
            0.2735551783528607,
            0.9095886751227267,
            0.0,
            0.05127404014604396
        ]
    ],
    "num_matches": 6,
    "num_GT_boxes": 13,
    "used_labels": [
        "airplane",
        "apple",
        "balloon",
        "banana",
        "basket",
        "bee",
        "bench",
        "bicycle",
        "bird",
        "bottle",
        "bucket",
        "bus",
        "butterfly",
        "car",
        "cat",
        "chair",
        "chicken",
        "cloud",
        "cow",
        "cup",
        "dinnerware",
        "dog",
        "duck",
        "fence",
        "flower",
        "grape",
        "grass",
        "horse",
        "house",
        "moon",
        "mountain",
        "people",
        "picnic rug",
        "pig",
        "rabbit",
        "road",
        "sheep",
        "sofa",
        "star",
        "street lamp",
        "sun",
        "table",
        "tree",
        "truck",
        "umbrella",
        "others"
    ]
}