{
    "matched_indices": [
        8,
        3,
        3,
        8,
        2,
        0,
        9,
        4,
        5,
        7,
        11
    ],
    "iou_matrix": [
        [
            0.0,
            0.0,
            0.0,
            0.0,
            0.0,
            0.0,
            0.0,
            0.0,
            0.0,
            0.956999190455368,
            0.0
        ],
        [
            0.0,
            0.0,
            0.0,
            0.0,
            0.0,
            0.0,
            0.0,
            0.0,
            0.0,
            0.9594851246571112,
            0.0
        ],
        [
            0.0,
            0.05550150106145002,
            0.0027622510107159983,
            0.010932969723009998,
            0.9847749249857656,
            0.0,
            0.0,
            0.0,
            0.0,
            0.0,
            0.20233122145267765
        ],
        [
            0.0,
            0.588985599352094,
            0.23717443596699755,
            0.0,
            0.05075496833105174,
            0.0,
            0.0,
            0.0,
            0.0,
            0.0,
            0.15114290151253257
        ],
        [
            0.0,
            0.0,
            0.0,
            0.0,
            0.0,
            0.0,
            0.0,
            0.8971437314363045,
            0.0,
            0.0,
            0.0
        ],
        [
            0.0,
            0.0,
            0.0,
            0.0,
            0.0,
            0.0,
            0.0,
            0.0,
            0.8831062556133631,
            0.0,
            0.024181628802531396
        ],
        [
            0.0,
            0.0,
            0.0,
            0.0,
            0.0,
            0.0,
            0.0,
            0.8971437314363045,
            0.0,
            0.0,
            0.0
        ],
        [
            0.0,
            0.0,
            0.0,
            0.0,
            0.0,
            0.0,
            0.0,
            0.0,
            0.0,
            0.9598078065373483,
            0.0
        ],
        [
            0.2979214341201346,
            0.0,
            0.0,
            0.18806243988422494,
            0.026856721156790372,
            0.0,
            0.2603941475320036,
            0.0,
            0.0,
            0.0,
            0.1331372415995554
        ],
        [
            0.008314060174340523,
            0.0,
            0.0,
            0.0,
            0.0,
            0.0,
            0.5159551363539018,
            0.0,
            0.0,
            0.0,
            0.0
        ],
        [
            0.0,
            0.0,
            0.0,
            0.0,
            0.03807606829317587,
            0.0,
            0.0,
            0.0,
            0.0,
            0.0,
            0.0
        ],
        [
            0.0,
            0.05550715557113743,
            0.0027840167367490687,
            0.011167999272426758,
            0.98002398750048,
            0.0,
            0.0,
            0.0,
            0.0,
            0.0,
            0.20275318968938674
        ],
        [
            0.0,
            0.05550715557113743,
            0.0027840167367490687,
            0.011167999272426758,
            0.98002398750048,
            0.0,
            0.0,
            0.0,
            0.0,
            0.0,
            0.20275318968938674
        ],
        [
            0.0,
            0.0,
            0.0,
            0.0,
            0.0,
            0.0,
            0.0,
            0.0,
            0.0,
            0.9598078065373483,
            0.0
        ],
        [
            0.0,
            0.05550150106145002,
            0.0027622510107159983,
            0.010932969723009998,
            0.9847749249857656,
            0.0,
            0.0,
            0.0,
            0.0,
            0.0,
            0.20233122145267765
        ],
        [
            0.0,
            0.588985599352094,
            0.23717443596699755,
            0.0,
            0.05075496833105174,
            0.0,
            0.0,
            0.0,
            0.0,
            0.0,
            0.15114290151253257
        ]
    ],
    "num_matches": 4,
    "num_GT_boxes": 11,
    "used_labels": [
        "airplane",
        "apple",
        "balloon",
        "banana",
        "basket",
        "bee",
        "bench",
        "bicycle",
        "bird",
        "bottle",
        "bucket",
        "bus",
        "butterfly",
        "car",
        "cat",
        "chair",
        "chicken",
        "cloud",
        "cow",
        "cup",
        "dinnerware",
        "dog",
        "duck",
        "fence",
        "flower",
        "grape",
        "grass",
        "horse",
        "house",
        "moon",
        "mountain",
        "people",
        "picnic rug",
        "pig",
        "rabbit",
        "road",
        "sheep",
        "sofa",
        "star",
        "street lamp",
        "sun",
        "table",
        "tree",
        "truck",
        "umbrella",
        "others"
    ]
}