{
    "matched_indices": [
        3,
        0,
        4,
        1,
        5,
        6,
        2
    ],
    "iou_matrix": [
        [
            0.10947755012375608,
            0.9905376551069326,
            0.0,
            0.0,
            0.0,
            0.0,
            0.08871838709878392
        ],
        [
            0.23869945248667113,
            0.0,
            0.0,
            0.990349904749412,
            0.0,
            0.0,
            0.0
        ],
        [
            0.10039974515404818,
            0.0909784704333548,
            0.0,
            0.0,
            0.0,
            0.0,
            0.9774831205348424
        ],
        [
            0.9870580493713594,
            0.10893353538235864,
            0.0,
            0.23912215926208355,
            0.0,
            0.0,
            0.09647842097270018
        ],
        [
            0.0,
            0.0,
            0.9803994486360018,
            0.0,
            0.033501082804105006,
            0.11647843078156485,
            0.0
        ],
        [
            0.0,
            0.0,
            0.03593466704820044,
            0.0,
            0.9880582365402587,
            0.0,
            0.0
        ],
        [
            0.0,
            0.0,
            0.11830965340131518,
            0.0,
            0.0,
            0.9906775649124476,
            0.0
        ],
        [
            0.32690710737563555,
            0.029683767453594124,
            0.0,
            0.055052211866910686,
            0.0,
            0.0,
            0.0
        ],
        [
            0.0,
            0.0,
            0.25263878124731937,
            0.0,
            0.18973300932124929,
            0.2685881675061052,
            0.0
        ],
        [
            0.09177871720977035,
            0.050768516954126645,
            0.13119339756360282,
            0.04011288958497632,
            0.09916276016296932,
            0.14056860256907044,
            0.0
        ]
    ],
    "true_pos": 7,
    "false_pos": 3,
    "unmatched": 0,
    "num_GT_boxes": 7,
    "used_labels": [
        "tree",
        "house",
        "people",
        "cloud",
        "sun"
    ]
}