{
    "bboxes": [
        [
            0.7323506673177084,
            0.30451291910807293,
            0.9992823893229167,
            0.691332275390625
        ],
        [
            0.0006245672305425008,
            0.13233917236328124,
            0.5046595052083334,
            0.4507238362630208
        ],
        [
            0.03884295908610026,
            0.6787859700520833,
            0.3177843017578125,
            0.9175113118489583
        ],
        [
            0.5519491373697917,
            0.3313897501627604,
            0.6867437337239584,
            0.6666924641927083
        ],
        [
            0.5324794921875,
            0.651044677734375,
            0.705068359375,
            0.7979729817708333
        ],
        [
            0.346060546875,
            0.37379638671875,
            0.5046116129557292,
            0.5570067952473958
        ],
        [
            0.7210048014322916,
            0.6069119466145834,
            0.9274283040364584,
            0.96775634765625
        ],
        [
            0.08691682942708333,
            0.3341413777669271,
            0.2959705403645833,
            0.75304443359375
        ],
        [
            0.22093904622395832,
            0.4514911702473958,
            0.6866138509114583,
            0.8470734049479167
        ],
        [
            0.1335751953125,
            0.4461929117838542,
            0.6865431315104167,
            0.84850048828125
        ],
        [
            0.1341257832845052,
            0.4474330240885417,
            0.68720751953125,
            0.8476839192708333
        ]
    ],
    "labels": [
        "table",
        "table",
        "sofa",
        "cat",
        "sofa",
        "people",
        "dog",
        "dog",
        "chair",
        "chair",
        "chair"
    ],
    "scores": [
        0.9540445804595947,
        0.9537644386291504,
        0.9214783310890198,
        0.8957691788673401,
        0.8862767815589905,
        0.8631224036216736,
        0.8016802072525024,
        0.749548614025116,
        0.4064278304576874,
        0.37997570633888245,
        0.23042906820774078
    ]
}