{
    "bboxes": [
        [
            0.21214090983072917,
            0.73236474609375,
            0.34468107096354167,
            0.9172953287760417
        ],
        [
            0.6391722819010417,
            0.786313232421875,
            0.731614013671875,
            0.9039226888020834
        ],
        [
            0.0915533447265625,
            0.33174029541015626,
            0.17203660074869792,
            0.47707279459635415
        ],
        [
            0.3059791870117187,
            0.4917108968098958,
            0.39827726236979166,
            0.5837773030598958
        ],
        [
            0.6017969563802084,
            0.3193267008463542,
            0.717855224609375,
            0.49069596354166667
        ],
        [
            0.51884912109375,
            0.3068440958658854,
            0.6123475748697916,
            0.40938395182291665
        ],
        [
            0.5455315348307291,
            0.6654464518229166,
            0.637494140625,
            0.7438638509114583
        ],
        [
            0.4793225504557292,
            0.3891674397786458,
            0.5588935953776042,
            0.5172972412109375
        ],
        [
            0.772143798828125,
            0.30552089436848956,
            0.864465087890625,
            0.42462858072916665
        ],
        [
            0.18678694661458334,
            0.33214013671875,
            0.29022355143229167,
            0.43668876139322915
        ],
        [
            0.4927373046875,
            0.5384999186197916,
            0.5578650309244791,
            0.5973507080078125
        ],
        [
            0.18658988444010416,
            0.35812748209635414,
            0.29027734375,
            0.43653792317708334
        ],
        [
            0.73113720703125,
            0.6254114176432292,
            0.8382567545572917,
            0.7035048828125
        ],
        [
            0.7467386881510417,
            0.6254402669270833,
            0.80406982421875,
            0.639745849609375
        ]
    ],
    "labels": [
        "house",
        "house",
        "house",
        "house",
        "house",
        "star",
        "moon",
        "house",
        "star",
        "star",
        "star",
        "star",
        "moon",
        "moon"
    ],
    "scores": [
        0.8788334727287292,
        0.8155195713043213,
        0.8063461780548096,
        0.7228828072547913,
        0.6891254782676697,
        0.612807035446167,
        0.5527350902557373,
        0.4775038957595825,
        0.44870248436927795,
        0.4355374574661255,
        0.4070602357387543,
        0.24961555004119873,
        0.2368265837430954,
        0.22451116144657135
    ]
}