{
    "bboxes": [
        [
            0.546225341796875,
            0.15828521728515624,
            0.9306486002604166,
            0.9042679850260417
        ]
    ],
    "labels": [
        "car"
    ],
    "scores": [
        0.3767251968383789
    ]
}