{
    "matched_indices": [
        14,
        13,
        12,
        7,
        5,
        11,
        10,
        2,
        3,
        6,
        8,
        9,
        4,
        1,
        0,
        8
    ],
    "iou_matrix": [
        [
            0.0,
            0.0,
            0.0,
            0.0,
            0.0,
            0.0,
            0.003649126313437001,
            0.0,
            0.0,
            0.0,
            0.0,
            0.0,
            0.0,
            0.0,
            0.9819494238622244,
            0.0
        ],
        [
            0.0,
            0.0,
            0.0,
            0.0,
            0.0,
            0.03021472638693745,
            0.0,
            0.0,
            0.0,
            0.0,
            0.0,
            0.0,
            0.0,
            0.9783439227810555,
            0.0,
            0.0
        ],
        [
            0.0,
            0.0,
            0.026785810055566288,
            0.0,
            0.0,
            0.046603832100467694,
            0.0,
            0.9700948005470789,
            0.0,
            0.0,
            0.0,
            0.0,
            0.0,
            0.0,
            0.0,
            0.0
        ],
        [
            0.0,
            0.0,
            0.0,
            0.0,
            0.0,
            0.007503854912197978,
            0.0,
            0.0,
            0.9850849706338113,
            0.0,
            0.0,
            0.0,
            0.0,
            0.0,
            0.0,
            0.0
        ],
        [
            0.0,
            0.0,
            0.0,
            0.0,
            8.65864157883572e-05,
            0.0,
            0.0,
            0.0,
            0.0,
            0.0,
            0.0,
            0.0,
            0.9716986852791489,
            0.0,
            0.0,
            0.0
        ],
        [
            0.0,
            0.25483215404171444,
            0.04758381171287237,
            0.14705258891528245,
            0.9643973484789683,
            0.0,
            0.0,
            0.0,
            0.0,
            0.06705901218838341,
            0.0,
            0.0,
            0.0,
            0.0,
            0.0,
            0.0
        ],
        [
            0.0,
            0.0,
            0.0,
            0.0,
            0.07895852791856278,
            0.0,
            0.005585588561404048,
            0.0,
            0.0,
            0.957782464454049,
            0.0,
            0.0,
            0.0,
            0.0,
            0.0,
            0.0
        ],
        [
            0.0,
            0.01175532758178698,
            0.2887146371245043,
            0.9151206702673058,
            0.11927323259807858,
            0.0,
            0.0,
            0.0,
            0.0,
            0.0,
            0.0,
            0.0,
            0.0,
            0.0,
            0.0,
            0.0
        ],
        [
            0.0,
            0.03795061080247858,
            0.0,
            0.0,
            0.0,
            0.0,
            0.07462339027037042,
            0.0,
            0.0,
            0.0,
            0.9018831471757478,
            0.0,
            0.0,
            0.0,
            0.0,
            0.14110256230164975
        ],
        [
            0.0,
            0.0,
            0.0,
            0.0,
            0.0,
            0.0,
            0.03382013380244104,
            0.0,
            0.0,
            0.0,
            0.0008502789440043358,
            0.9784865365575394,
            0.0,
            0.0,
            0.0,
            0.0
        ],
        [
            0.055824883824903984,
            0.1945382350828516,
            0.0,
            0.0,
            0.0,
            0.0,
            0.9516517877575033,
            0.0,
            0.0,
            0.010887771504461269,
            0.0666945324735864,
            0.05806571733754024,
            0.0,
            0.0,
            0.003687753516334389,
            0.010526779210679509
        ],
        [
            0.0,
            0.0,
            0.22412530567569736,
            0.0,
            0.0,
            0.9570425912912494,
            0.0,
            0.04966830017946337,
            0.006955880612934756,
            0.0,
            0.0,
            0.0,
            0.0,
            0.027236591509250684,
            0.0,
            0.0
        ],
        [
            0.059302722795434366,
            0.0005628205188419741,
            0.8568476841858342,
            0.3225193222784048,
            0.05280818228578905,
            0.16482897605196795,
            0.0,
            0.01734960595050512,
            0.0,
            0.0,
            0.0,
            0.0,
            0.0,
            0.0,
            0.0,
            0.0
        ],
        [
            0.013378924427137595,
            0.9577626596938632,
            0.0,
            0.031016487533553138,
            0.2559404087583904,
            0.0,
            0.18294964574072237,
            0.0,
            0.0,
            0.0,
            0.034486800294398455,
            0.0,
            0.0,
            0.0,
            0.0,
            0.0
        ],
        [
            0.9860173676696856,
            0.01577783240703425,
            0.053519114878086964,
            0.0,
            0.0,
            0.0,
            0.058648057076910606,
            0.0,
            0.0,
            0.0,
            0.0,
            0.0,
            0.0,
            0.0,
            0.0,
            0.0
        ],
        [
            0.48582911697721176,
            0.22249875316225085,
            0.10883196369806579,
            0.019836856657871677,
            0.0,
            0.0,
            0.10041409627975166,
            0.0,
            0.0,
            0.0,
            0.0,
            0.0,
            0.0,
            0.0,
            0.0,
            0.0
        ],
        [
            0.3309776893182806,
            0.38645505694688526,
            0.1444532322115742,
            0.09803450349978679,
            0.11120353801864362,
            0.0,
            0.12838389048770957,
            0.0,
            0.0,
            0.0,
            0.0,
            0.0,
            0.0,
            0.0,
            0.0,
            0.0
        ],
        [
            0.01406854879527946,
            0.7939068666382574,
            0.000876619173150053,
            0.0377507936402104,
            0.29262621104302655,
            0.0,
            0.10114603476089355,
            0.0,
            0.0,
            0.0,
            0.021902254513584393,
            0.0,
            0.0,
            0.0,
            0.0,
            0.0
        ],
        [
            0.011458746599304081,
            0.8777278534242108,
            0.0013379879746895221,
            0.031154432529810736,
            0.2354201021073367,
            0.0,
            0.26288945703843813,
            0.0,
            0.0,
            0.0,
            0.049907635005887796,
            0.0,
            0.0,
            0.0,
            0.0,
            0.0
        ],
        [
            0.2998979599309096,
            0.31484724029985556,
            0.2294595827200882,
            0.11818647586727628,
            0.07543630266811914,
            0.005283102830588746,
            0.11324037632019075,
            0.0,
            0.0,
            0.0,
            0.0,
            0.0,
            0.0,
            0.0,
            0.0,
            0.0
        ],
        [
            0.35278968437772645,
            0.25171924824381736,
            0.20722477680471726,
            0.07002592978003838,
            0.019194742047321765,
            0.008070846200292777,
            0.10132489855756571,
            0.0,
            0.0,
            0.0,
            0.0,
            0.0,
            0.0,
            0.0,
            0.0,
            0.0
        ]
    ],
    "num_matches": 15,