{
    "matched_indices": [
        9,
        0,
        8,
        7,
        2,
        1,
        6,
        3,
        5,
        4,
        10,
        2
    ],
    "iou_matrix": [
        [
            0.0,
            0.9907148609343555,
            0.0,
            0.0,
            0.017337163224069793,
            0.005029431386741837,
            0.00677079845517869,
            0.0,
            0.0,
            0.0,
            0.05779557689279897,
            0.10687427920654534
        ],
        [
            0.0,
            0.005152508509722896,
            0.0,
            0.06756253850115665,
            0.0,
            0.9834192490499433,
            0.0,
            0.01009146643666831,
            0.0,
            0.0,
            0.03701773121196124,
            0.006411863113788175
        ],
        [
            0.0,
            0.017537667478284533,
            0.11675644107319855,
            0.0,
            0.9815536210990703,
            0.0,
            0.0,
            0.0,
            0.0,
            0.004781315952036613,
            0.24245979582709717,
            0.15898189257628983
        ],
        [
            0.0,
            0.0,
            0.0,
            0.0,
            0.0,
            0.011686121399447774,
            0.0,
            0.9685190906184197,
            0.0,
            0.0,
            0.0,
            0.0
        ],
        [
            0.0,
            0.0,
            0.0,
            0.0,
            0.008236404141781709,
            0.0,
            0.0,
            0.0,
            0.0,
            0.9534188749482051,
            0.031274160962248915,
            0.0
        ],
        [
            0.0,
            0.0,
            0.0,
            0.0,
            0.0,
            0.0,
            0.0,
            0.0,
            0.9701648966625208,
            0.0,
            0.013838991464374764,
            0.0
        ],
        [
            0.0,
            0.00719025309528676,
            0.0,
            0.0,
            0.0,
            0.0,
            0.8917442775299596,
            0.0,
            0.0,
            0.0,
            0.008137117700427401,
            0.0
        ],
        [
            0.0,
            0.0,
            0.0,
            0.9929893323576053,
            0.0,
            0.06804410169351384,
            0.0,
            0.0,
            0.0,
            0.0,
            0.0,
            0.0
        ],
        [
            0.0,
            0.0,
            0.983659312276689,
            0.0,
            0.12254731241394992,
            0.0,
            0.0,
            0.0,
            0.0,
            0.0,
            0.0,
            0.0
        ],
        [
            0.9776434895854739,
            0.0,
            0.0,
            0.0,
            0.0,
            0.0,
            0.0,
            0.0,
            0.0,
            0.0,
            0.0,
            0.0
        ],
        [
            0.0,
            0.10015546093322464,
            0.0,
            0.0,
            0.2843636482938648,
            0.04162271910623033,
            0.0072400870033089,
            0.0,
            0.012320308339509133,
            0.027874334962739254,
            0.8478359965616958,
            0.1458547244193012
        ]
    ],
    "num_matches": 11,
    "num_matches_with_correct_class": 0,
    "num_GT_boxes": 12,
    "used_labels": [
        "others",
        "car",
        "tree",
        "road",
        "cloud",
        "grass"
    ],
    "map_score": 0.0
}