{
    "matched_indices": [
        8,
        5,
        7,
        12,
        11,
        4,
        6,
        0,
        13,
        1,
        3,
        2
    ],
    "iou_matrix": [
        [
            0.0,
            0.0,
            0.0,
            0.0,
            0.0,
            0.0,
            0.0,
            0.9566116600014477,
            0.0,
            0.0,
            0.0,
            0.0
        ],
        [
            0.0,
            0.0,
            0.0,
            0.0,
            0.0,
            0.01608156846295692,
            0.0,
            0.0,
            0.0,
            0.9739266624578079,
            0.0,
            0.0
        ],
        [
            0.0,
            0.0,
            0.0,
            0.0,
            0.2746728935567008,
            0.19411915487951928,
            0.0,
            0.0,
            0.0,
            0.0,
            0.0,
            0.9287256200263718
        ],
        [
            0.016436493354007306,
            0.0,
            0.0,
            0.029646877875453254,
            0.19534208733605127,
            0.09974935354142385,
            0.017665014017790536,
            0.0,
            0.023202593312049526,
            0.0,
            0.9932564226939671,
            0.0
        ],
        [
            0.08845299221198057,
            0.0,
            0.0,
            0.0,
            0.2153686283843839,
            0.9881115730860752,
            0.0,
            0.0,
            0.0,
            0.01359812525902248,
            0.10123501772442105,
            0.21153146622918786
        ],
        [
            0.0,
            0.9875052993837745,
            0.06614300685531256,
            0.0,
            0.0,
            0.0,
            0.0,
            0.0,
            0.0,
            0.0,
            0.0,
            0.0
        ],
        [
            0.0,
            0.0,
            0.0,
            0.0,
            0.0,
            0.0,
            0.9278679699541926,
            0.0,
            0.0,
            0.0,
            0.01719661608378933,
            0.0
        ],
        [
            0.0,
            0.06860515991150593,
            0.987143769810451,
            0.018564860748400365,
            0.0,
            0.0,
            0.0,
            0.0,
            0.0,
            0.0,
            0.0,
            0.0
        ],
        [
            0.9511915726194654,
            0.0,
            0.0,
            0.0,
            0.0,
            0.08321167560857617,
            0.0,
            0.0,
            0.0,
            0.0,
            0.012909914506750445,
            0.0
        ],
        [
            0.0,
            0.0,
            0.0,
            0.016430288904397194,
            0.0,
            0.0,
            0.0,
            0.0,
            0.3442879150218928,
            0.0,
            0.0011890653545443945,
            0.0
        ],
        [
            0.0,
            0.0,
            0.013331045080893807,
            0.4508880290050655,
            0.5400839233886396,
            0.17628407629913517,
            0.0,
            0.0,
            0.021259246713577984,
            0.0,
            0.1496026971461204,
            0.18223443922928198
        ],
        [
            0.0,
            0.0,
            0.0,
            0.026110224565954073,
            0.9379913109670999,
            0.2075862613098921,
            0.0,
            0.0,
            0.017397546000846482,
            0.0,
            0.22765989375553944,
            0.2766931188017013
        ],
        [
            0.0,
            0.0,
            0.02264709266501593,
            0.9834694232113158,
            0.0,
            0.0,
            0.0,
            0.0,
            0.03963617178533251,
            0.0,
            0.028893461301846023,
            0.0
        ],
        [
            0.0,
            0.0,
            0.0,
            0.04254024222816122,
            0.0003329342590735767,
            0.0,
            0.0,
            0.0,
            0.7987772734373678,
            0.0,
            0.018410458206885034,
            0.0
        ]
    ],
    "num_matches": 12,
    "num_matches_with_correct_class": 0,
    "num_GT_boxes": 12,
    "used_labels": [
        "fence",
        "tree",
        "rabbit",
        "cloud",
        "grass"
    ],
    "map_score": 0.0
}