{
    "bboxes": [
        [
            0.0003701150417327881,
            0.00034780800342559814,
            0.22654917399088542,
            0.19926326497395833
        ],
        [
            0.02402782948811849,
            0.9033482259114584,
            0.20022401936848958,
            0.9988357747395833
        ],
        [
            0.01327907943725586,
            0.5591616617838542,
            0.9067660319010417,
            0.9839322102864584
        ],
        [
            0.21011553955078124,
            0.0010320245424906413,
            0.8457206217447917,
            0.6666072591145833
        ],
        [
            0.2107650349934896,
            0.0010099708239237467,
            0.846642333984375,
            0.6659863688151042
        ],
        [
            0.024064254760742188,
            0.9035607096354167,
            0.20018975830078126,
            0.9987661946614583
        ],
        [
            0.6908997395833333,
            0.9170149739583333,
            0.8214270833333334,
            0.9986922200520834
        ],
        [
            0.008561133702596029,
            0.20821685791015626,
            0.9069567057291666,
            0.9837865397135417
        ],
        [
            0.05743254597981771,
            0.20970477294921874,
            0.40232352701822915,
            0.5435442708333333
        ],
        [
            0.007840037027994792,
            0.20706864420572918,
            0.9963257649739583,
            0.9948219401041667
        ],
        [
            0.10216420491536458,
            0.6446380208333333,
            0.8920679524739583,
            0.9825933430989583
        ],
        [
            0.19675307210286458,
            0.8574590657552084,
            0.7703943684895833,
            0.9938207194010417
        ],
        [
            0.005880564371744792,
            0.0034841295878092447,
            0.9964120279947917,
            0.99600341796875
        ],
        [
            0.012894093831380208,
            0.6229990641276042,
            0.8971343587239583,
            0.9849298502604167
        ]
    ],
    "labels": [
        "tree",
        "bench",
        "others",
        "sun",
        "grass",
        "cat",
        "bench",
        "others",
        "others",
        "others",
        "others",
        "cat",
        "bench",
        "others"
    ],
    "scores": [
        0.8105629682540894,
        0.40504029393196106,
        0.3662022352218628,
        0.3556724786758423,
        0.2909771502017975,
        0.2658928632736206,
        0.25906476378440857,
        0.24240076541900635,
        0.21575267612934113,
        0.2138904333114624,
        0.21369998157024384,
        0.20674969255924225,
        0.20605888962745667,
        0.20011326670646667
    ]
}