{
    "matched_indices": [
        6,
        3,
        3,
        6,
        5,
        0,
        3,
        4,
        0,
        2,
        0,
        4,
        2,
        5,
        0,
        0,
        0,
        3,
        1
    ],
    "iou_matrix": [
        [
            0.0,
            0.0,
            0.0,
            0.0,
            0.0,
            0.992776292972039,
            0.0,
            0.163605304692637,
            0.07389671711886929,
            0.02385420927814271,
            0.016697946494699935,
            0.056795736376530306,
            0.0715626278344282,
            0.0,
            0.018992494244311785,
            0.021264323699372936,
            0.018992494244311733,
            0.0,
            0.01717544990706575
        ],
        [
            0.0,
            0.0,
            0.0,
            0.0,
            0.0,
            0.017639170469957378,
            0.012569342586975746,
            0.005815593702511986,
            0.0,
            0.002726074565405245,
            0.0,
            0.0,
            0.0,
            0.0,
            0.0,
            0.0,
            0.0,
            0.0,
            0.9795853151675828
        ],
        [
            0.0,
            0.0,
            0.0,
            0.0,
            0.0,
            0.023554819388862305,
            0.0,
            0.012573215325359722,
            0.0,
            0.9900161916352821,
            0.0,
            0.03563659591790703,
            0.17386662651493742,
            0.0,
            0.0,
            0.0,
            0.0,
            0.0,
            9.218047270950656e-05
        ],
        [
            0.029759029600714595,
            0.057925577551367825,
            0.1463216363347832,
            0.016350054140925743,
            0.13814449698217926,
            0.0,
            0.8698401158940282,
            0.08312388331350486,
            0.0,
            0.0,
            0.0,
            0.0,
            0.0,
            0.0,
            0.0,
            0.0,
            0.0,
            0.04489393343404168,
            0.030195077705160715
        ],
        [
            0.0,
            0.0,
            0.0,
            0.0,
            0.24049623563716724,
            0.14409323428239348,
            0.04628806767250363,
            0.8584992586965566,
            0.0,
            0.0,
            0.0,
            0.057615630899674156,
            0.0,
            0.0,
            0.0,
            0.014128205821029909,
            0.0,
            0.0,
            0.0
        ],
        [
            0.0,
            0.03297033021960641,
            0.0,
            0.0,
            0.9948444491675646,
            0.0,
            0.12966935038723393,
            0.2601994310365516,
            0.0,
            0.0,
            0.0,
            0.0,
            0.0,
            0.006563541222084264,
            0.0,
            0.0,
            0.0,
            0.0,
            0.0
        ],
        [
            0.1621871660797332,
            0.035026629650984846,
            0.0,
            0.9849346146524403,
            0.0,
            0.0,
            0.017482114817858954,
            0.0,
            0.0,
            0.0,
            0.0,
            0.0,
            0.0,
            0.0,
            0.0,
            0.0,
            0.0,
            0.0,
            0.0
        ]
    ],
    "num_matches": 7,
    "num_GT_boxes": 19,
    "used_labels": [
        "cloud",
        "basket",
        "tree",
        "people",
        "apple",
        "house",
        "grass",
        "mountain",
        "sun",
        "picnic rug",
        "grape"
    ]
}