{
    "bboxes": [
        [
            0.426573486328125,
            0.17201104736328124,
            0.6893087565104167,
            0.7028047688802084
        ],
        [
            0.30647991943359376,
            0.5052674153645833,
            0.5449653727213541,
            0.7169811197916667
        ],
        [
            0.6269230143229166,
            0.17162131754557292,
            0.847426513671875,
            0.7159130859375
        ],
        [
            0.0005302428801854451,
            0.25284181722005206,
            0.2632651570638021,
            0.9701685384114583
        ],
        [
            0.6982129720052084,
            0.1718658447265625,
            0.9967731119791666,
            0.6624475504557291
        ],
        [
            0.6667215983072917,
            0.7053924153645833,
            0.797932373046875,
            0.8239141438802083
        ],
        [
            0.4400146077473958,
            0.7051615397135417,
            0.5852349446614583,
            0.823696533203125
        ],
        [
            0.2260294189453125,
            0.8654630533854166,
            0.43785941569010417,
            0.983568603515625
        ],
        [
            0.8509869791666667,
            0.691700927734375,
            0.99825732421875,
            0.9582898763020833
        ],
        [
            0.75977392578125,
            0.8501329752604166,
            0.945568115234375,
            0.9714478352864583
        ]
    ],
    "labels": [
        "grass",
        "grass",
        "grass",
        "grass",
        "grass",
        "tree",
        "tree",
        "rabbit",
        "rabbit",
        "rabbit"
    ],
    "scores": [
        0.9933691620826721,
        0.9842398166656494,
        0.9825184345245361,
        0.9723212122917175,
        0.9713340401649475,
        0.9624432325363159,
        0.954098105430603,
        0.9205711483955383,
        0.9005998969078064,
        0.880575954914093
    ]
}