{
    "mean_iou": 0.6916435657034334,
    "mean_dice": 0.7624708936707009,
    "missed_matches": 7,
    "total_matches": 10,
    "success_rate": 0.3,
    "time": "2024-09-27 00:25:02"
}