{
    "bboxes": [
        [
            0.7199632975260417,
            0.46345511881510415,
            0.919685546875,
            0.6537152506510416
        ],
        [
            0.0046959218978881835,
            0.72786083984375,
            0.995841064453125,
            0.9959769694010416
        ],
        [
            0.06378687540690105,
            0.46354239908854167,
            0.3159092000325521,
            0.6643581949869791
        ],
        [
            0.37353812662760416,
            0.2112085978190104,
            0.8305367024739584,
            0.5894718831380208
        ],
        [
            0.29328594970703126,
            0.4543461507161458,
            0.47592777506510414,
            0.7546600748697917
        ],
        [
            0.11934523518880208,
            0.10297301228841146,
            0.5476761474609375,
            0.5428671875
        ],
        [
            0.55854052734375,
            0.0016657485961914062,
            0.69843115234375,
            0.14575498453776042
        ],
        [
            0.6270830078125,
            0.02534828186035156,
            0.995834716796875,
            0.17069573974609376
        ],
        [
            0.00291597843170166,
            0.003432750384012858,
            0.9968882649739583,
            0.760455078125
        ],
        [
            0.210670654296875,
            0.17688173421223957,
            0.5292150065104166,
            0.541045654296875
        ],
        [
            0.1192216084798177,
            0.1039264628092448,
            0.5462394205729166,
            0.4498577880859375
        ],
        [
            0.11949303181966146,
            0.10221739705403646,
            0.5484597574869792,
            0.5429341634114583
        ],
        [
            0.11949303181966146,
            0.10221739705403646,
            0.5484597574869792,
            0.5429341634114583
        ]
    ],
    "labels": [
        "bench",
        "dog",
        "house",
        "sun",
        "cloud",
        "people",
        "tree",
        "fence",
        "fence",
        "people",
        "tree",
        "tree",
        "fence"
    ],
    "scores": [
        0.8833966255187988,
        0.8599445819854736,
        0.8519030809402466,
        0.8082433938980103,
        0.6249687075614929,
        0.5845115184783936,
        0.4730483591556549,
        0.35889682173728943,
        0.28133636713027954,
        0.2658887207508087,
        0.25472593307495117,
        0.2490750104188919,
        0.22625069320201874
    ]
}