{
    "bboxes": [
        [
            0.4386732177734375,
            0.3586424560546875,
            0.81359619140625,
            0.6079653727213542
        ],
        [
            0.3992590738932292,
            0.6114704182942708,
            0.6081514078776041,
            0.7842207845052084
        ]
    ],
    "labels": [
        "bee",
        "dinnerware"
    ],
    "scores": [
        0.9973108768463135,
        0.9945147037506104
    ]
}