{
    "bboxes": [
        [
            0.4121826171875,
            0.3869805908203125,
            0.93139501953125,
            0.8519232584635417
        ],
        [
            0.11878781127929687,
            0.3458134358723958,
            0.44939229329427083,
            0.5735002848307291
        ]
    ],
    "labels": [
        "cloud",
        "horse"
    ],
    "scores": [
        0.9516567587852478,
        0.901563286781311
    ]
}