{
    "bboxes": [
        [
            0.18584981282552082,
            0.3854217529296875,
            0.771347900390625,
            0.8380384114583334
        ],
        [
            0.6524580078125,
            0.025506017049153645,
            0.8918106282552083,
            0.43787654622395833
        ],
        [
            0.3853690999348958,
            0.024284083048502603,
            0.5194034423828126,
            0.10603311157226562
        ],
        [
            0.1181822001139323,
            0.07777802022298178,
            0.212271240234375,
            0.15830988566080728
        ],
        [
            0.07933652750651042,
            0.15835912068684896,
            0.14514919026692708,
            0.30416349283854166
        ],
        [
            0.40785721842447914,
            0.1580764872233073,
            0.49157666015625,
            0.26480159505208334
        ],
        [
            0.25291459147135414,
            0.1982096964518229,
            0.3431435546875,
            0.2914917602539063
        ],
        [
            0.324994140625,
            0.17087270100911459,
            0.42383487955729165,
            0.2791715087890625
        ],
        [
            0.8518754069010417,
            0.4918528645833333,
            0.9329375,
            0.5588828938802083
        ]
    ],
    "labels": [
        "road",
        "tree",
        "cow",
        "cow",
        "grass",
        "grass",
        "grass",
        "grass",
        "grass"
    ],
    "scores": [
        0.9567872285842896,
        0.8079536557197571,
        0.6929168105125427,
        0.5728871822357178,
        0.5417752861976624,
        0.3297639787197113,
        0.3285769820213318,
        0.2923584282398224,
        0.20566222071647644
    ]
}