{
    "matched_indices": [
        2,
        2,
        0,
        2,
        0,
        0,
        2,
        0,
        0,
        0,
        0,
        0,
        1,
        0,
        2
    ],
    "iou_matrix": [
        [
            0.0,
            0.0,
            0.0,
            0.0,
            0.0,
            0.0,
            0.0,
            0.0,
            0.0,
            0.0,
            0.0,
            0.9786021341179494,
            0.008523532451679985,
            0.0,
            0.0
        ],
        [
            0.0,
            0.0,
            0.0,
            0.0,
            0.0,
            0.0,
            0.0,
            0.0,
            0.0,
            0.0,
            0.0,
            0.009937042017063493,
            0.9785657769231044,
            0.0,
            0.0
        ],
        [
            0.0020858135542432205,
            0.046440411445963066,
            0.0,
            0.9723015605316822,
            0.0,
            0.0,
            0.06937812283555586,
            0.0,
            0.0,
            0.0,
            0.0,
            0.0,
            0.0,
            0.0,
            0.2721371196303817
        ]
    ],
    "num_matches": 3,
    "num_GT_boxes": 15,
    "used_labels": [
        "cloud",
        "bicycle",
        "sun",
        "tree",
        "house",
        "others",
        "bench",
        "grass",
        "street lamp"
    ]
}