{
    "bboxes": [
        [
            0.10628325398763021,
            0.09207046508789063,
            0.3716112467447917,
            0.3578084309895833
        ],
        [
            0.3293724365234375,
            0.07872569274902344,
            0.544960205078125,
            0.3424680582682292
        ],
        [
            0.787865966796875,
            0.29234305826822915,
            0.9048932291666667,
            0.3845740966796875
        ],
        [
            0.4606780598958333,
            0.3312999471028646,
            0.9438228352864584,
            0.8755188802083333
        ],
        [
            0.0005644857486089071,
            0.6313039957682292,
            0.48077884928385417,
            0.891771240234375
        ],
        [
            0.3327897542317708,
            0.7207797037760416,
            0.9988409830729167,
            0.903404052734375
        ],
        [
            0.06326822408040364,
            0.8929629720052084,
            0.4851813151041667,
            0.9551210123697916
        ],
        [
            0.0008924900690714518,
            0.6314756266276041,
            0.4831737467447917,
            0.955007568359375
        ],
        [
            0.06326822408040364,
            0.8929629720052084,
            0.4851813151041667,
            0.9551210123697916
        ],
        [
            0.0013767927487691243,
            0.7507443033854166,
            0.4838384602864583,
            0.955508544921875
        ]
    ],
    "labels": [
        "chicken",
        "chicken",
        "bicycle",
        "horse",
        "moon",
        "moon",
        "rabbit",
        "moon",
        "others",
        "moon"
    ],
    "scores": [
        0.9919480681419373,
        0.97978675365448,
        0.9528691172599792,
        0.9405525922775269,
        0.73185133934021,
        0.6206218004226685,
        0.30806681513786316,
        0.26697641611099243,
        0.26004737615585327,
        0.2230236977338791
    ]
}