{
    "matched_indices": [
        6,
        0,
        7,
        2,
        6,
        3,
        5,
        1,
        8,
        9,
        10,
        12,
        5,
        8,
        10,
        9,
        2,
        11
    ],
    "iou_matrix": [
        [
            0.0,
            0.24138243708794888,
            0.003842196769285716,
            0.0,
            0.0,
            0.1770217073205015,
            0.23036784916099096,
            0.1779078439065079,
            0.1885016358407586,
            0.17530652133190547,
            0.1411087926430419,
            0.0,
            0.03774841789719112,
            0.01173141397571521,
            0.01173141397571521,
            0.010386440134825791,
            0.0,
            0.008595252751788868
        ],
        [
            0.0,
            0.13343076094706166,
            0.0012892980752920642,
            0.0,
            0.0,
            0.3893875434021523,
            0.0,
            0.3915926148508169,
            0.41307839878381447,
            0.11075656843565625,
            0.0,
            0.0,
            0.007633569484662397,
            0.01987928959486098,
            0.0,
            0.0,
            0.0,
            0.0
        ],
        [
            0.0,
            0.0,
            0.009132438628469798,
            0.04517091942241643,
            0.0,
            0.0,
            0.0,
            0.0,
            0.0,
            0.0,
            0.0,
            0.0,
            0.0,
            0.0,
            0.0,
            0.0,
            0.9325177487901343,
            0.0
        ],
        [
            0.0,
            0.06572729175450312,
            0.0,
            0.0,
            0.0,
            0.6348115057660519,
            0.0,
            0.09616552918498728,
            0.49757632503952476,
            0.0,
            0.0,
            0.0,
            0.0,
            0.016674204951365217,
            0.0,
            0.0,
            0.0,
            0.0
        ],
        [
            0.0,
            0.16286171908989788,
            0.0,
            0.0,
            0.0,
            0.0,
            0.2574440968601552,
            0.06828418403561978,
            0.0,
            0.18675650357270238,
            0.1576743623327916,
            0.015381995311143233,
            0.3223054317944828,
            0.0,
            0.013608451564655963,
            0.011607208687500653,
            0.0,
            0.2770567796263744
        ],
        [
            0.0,
            0.1556868055256467,
            0.0,
            0.0,
            0.0,
            0.0,
            0.2947597076612486,
            0.07696699699972727,
            0.0,
            0.21358920824690053,
            0.10373352728828672,
            0.017031014721859236,
            0.36902246356411944,
            0.0,
            0.011900197848486909,
            0.013289632511361425,
            0.0,
            0.26423828388483644
        ],
        [
            0.37089591988920834,
            0.0,
            0.0,
            0.0,
            0.3657824651113241,
            0.0,
            0.0,
            0.0,
            0.0,
            0.0,
            0.0,
            0.0,
            0.0,
            0.0,
            0.0,
            0.0,
            0.0,
            0.0
        ],
        [
            0.0,
            0.008115966260754988,
            0.8880726456484033,
            0.0,
            0.0,
            0.0,
            0.0,
            0.0,
            0.0,
            0.0,
            0.0,
            0.0,
            0.0,
            0.0,
            0.0,
            0.0,
            0.0080472039073286,
            0.0
        ],
        [
            0.0,
            0.017749464189673003,
            0.0,
            0.0,
            0.0,
            0.2671793502385101,
            0.0,
            0.16377865579477002,
            0.9170278345105981,
            0.0,
            0.0,
            0.0,
            0.0,
            0.06284409666171147,
            0.0,
            0.0,
            0.0,
            0.008075124759825067
        ],
        [
            0.0,
            0.03693966952292409,
            0.0,
            0.0,
            0.0,
            0.0,
            0.00027857649831760956,
            0.1410708862974661,
            0.0,
            0.865968789376757,
            0.0,
            0.0,
            0.02153180787737417,
            0.0,
            0.0,
            0.06298582533150433,
            0.0,
            0.0
        ],
        [
            0.0,
            0.032061355014397205,
            0.0,
            0.0,
            0.0,
            0.0,
            0.2292969816993986,
            0.0,
            0.0,
            0.0,
            0.9006569224460111,
            0.0,
            0.01649900682836651,
            0.0,
            0.08279463949567052,
            0.0,
            0.0,
            0.009386584499532013
        ],
        [
            0.0,
            0.0,
            0.0,
            0.0,
            0.0,
            0.0032297390620209653,
            0.00571766303303139,
            0.004582046112428468,
            0.015745171004431985,
            0.005893443895513633,
            0.012170667783884401,
            0.2497640819698326,
            0.2460903748806868,
            0.008563471186086928,
            0.008563471186086928,
            0.0,
            0.0,
            0.41416768827346184
        ],
        [
            0.0,
            0.0,
            0.0,
            0.0,
            0.0,
            0.0,
            0.0,
            0.0,
            0.0,
            0.0,
            0.0,
            0.9677381672054836,
            0.030387681064937555,
            0.0,
            0.0,
            0.0,
            0.0,
            0.26392681502793264
        ]
    ],
    "num_matches": 7,
    "num_GT_boxes": 18,
    "used_labels": [
        "house",
        "sun",
        "mountain",
        "truck",
        "cloud",
        "tree",
        "road",
        "car",
        "grass"
    ]
}