{
    "bboxes": [
        [
            0.2639830729166667,
            0.42289506022135415,
            0.5331876627604166,
            0.8123094889322917
        ],
        [
            0.0005551278193791707,
            0.6909291178385417,
            0.26557440185546877,
            0.8755079752604167
        ],
        [
            0.02489532216389974,
            0.18349214680989584,
            0.29286848958333334,
            0.4493280436197917
        ],
        [
            0.863838623046875,
            0.8507430013020834,
            0.9864609375,
            0.9329737141927084
        ],
        [
            0.0007122457027435303,
            0.42859965006510414,
            0.1985122273763021,
            0.7262190755208333
        ],
        [
            0.001218363602956136,
            0.8391192220052084,
            0.3063458658854167,
            0.9328819173177083
        ],
        [
            0.5048011881510417,
            0.2860859578450521,
            0.7867720540364583,
            0.8127401529947916
        ],
        [
            0.34393680826822914,
            0.16902043660481772,
            0.5734257405598958,
            0.2801734415690104
        ],
        [
            0.513940673828125,
            0.0036886332829793294,
            0.9981282552083334,
            0.8183177897135416
        ],
        [
            0.001218363602956136,
            0.8391192220052084,
            0.3063458658854167,
            0.9328819173177083
        ],
        [
            0.0008851661682128906,
            0.4264280598958333,
            0.19881966145833332,
            0.726184326171875
        ],
        [
            0.0007122457027435303,
            0.42859965006510414,
            0.1985122273763021,
            0.7262190755208333
        ],
        [
            0.5050708821614583,
            0.2446298828125,
            0.8297313639322916,
            0.8136293131510417
        ]
    ],
    "labels": [
        "fence",
        "chicken",
        "dog",
        "house",
        "fence",
        "cloud",
        "tree",
        "people",
        "tree",
        "house",
        "grass",
        "grass",
        "tree"
    ],
    "scores": [
        0.806698203086853,
        0.734333872795105,
        0.6660847067832947,
        0.5333448648452759,
        0.5332526564598083,
        0.38316771388053894,
        0.3773288130760193,
        0.35651490092277527,
        0.30722928047180176,
        0.29766854643821716,
        0.27570295333862305,
        0.26980653405189514,
        0.2224581390619278
    ]
}