{
    "bboxes": [
        [
            0.03907292175292969,
            0.19877107747395834,
            0.17077720133463542,
            0.3041229451497396
        ],
        [
            0.23884517415364584,
            0.07870420837402343,
            0.3836338297526042,
            0.1838370157877604
        ],
        [
            0.5456159261067708,
            0.06521232096354167,
            0.7038313802083334,
            0.18393857828776042
        ],
        [
            0.4120989583333333,
            0.18531734212239584,
            0.5171593424479166,
            0.2772635091145833
        ],
        [
            0.7997808430989584,
            0.07875759887695312,
            0.97075244140625,
            0.22383378092447917
        ],
        [
            0.00041842456658681233,
            0.3991507161458333,
            0.2642200724283854,
            0.7028513997395833
        ],
        [
            0.3990345458984375,
            0.5183935953776042,
            0.7430950520833334,
            0.7037789713541667
        ],
        [
            0.706866455078125,
            0.35874686686197915,
            0.9708180338541667,
            0.7030887044270834
        ],
        [
            0.26708638509114585,
            0.2789317220052083,
            0.3982613525390625,
            0.7026902669270834
        ],
        [
            0.26708638509114585,
            0.2789317220052083,
            0.3982613525390625,
            0.7026902669270834
        ],
        [
            0.5864579264322917,
            0.23856648763020832,
            0.7310250651041666,
            0.37061991373697917
        ],
        [
            0.17262054443359376,
            0.6653222249348958,
            0.47818131510416667,
            0.9039772135416667
        ],
        [
            0.014784961700439454,
            0.7173517252604167,
            0.9986079915364583,
            0.9036314290364583
        ],
        [
            0.6258700358072916,
            0.665491455078125,
            0.8911729329427084,
            0.89045263671875
        ]
    ],
    "labels": [
        "cloud",
        "cloud",
        "cloud",
        "cloud",
        "sun",
        "tree",
        "car",
        "tree",
        "cloud",
        "bench",
        "bird",
        "street lamp",
        "road",
        "street lamp"
    ],
    "scores": [
        0.9951319694519043,
        0.993835985660553,
        0.9930042624473572,
        0.992148220539093,
        0.9901376962661743,
        0.9843909740447998,
        0.9811955690383911,
        0.9795556664466858,
        0.975426197052002,
        0.9750603437423706,
        0.949614405632019,
        0.9386216402053833,
        0.8688746690750122,
        0.8288549184799194
    ]
}