{
    "bboxes": [
        [
            0.5044936930338542,
            0.382693359375,
            0.758605224609375,
            0.6130416666666667
        ],
        [
            0.8240619303385417,
            0.4103323160807292,
            0.9992345377604167,
            0.6123804931640625
        ],
        [
            0.14340458170572917,
            0.5568852132161458,
            0.47928975423177084,
            0.8268114420572916
        ],
        [
            0.6896837565104167,
            0.0005803852876027425,
            0.98464453125,
            0.3276175537109375
        ],
        [
            0.0012056528727213542,
            0.00036790966987609863,
            0.5223323974609375,
            0.761642578125
        ],
        [
            0.8765841471354167,
            0.849659423828125,
            0.9725681966145834,
            0.8935157877604166
        ],
        [
            0.6100889078776042,
            0.6899560546875,
            0.6787701822916666,
            0.7334375
        ],
        [
            0.0012056528727213542,
            0.00036790966987609863,
            0.5223323974609375,
            0.761642578125
        ],
        [
            0.5299995930989584,
            0.330462890625,
            0.5990146077473958,
            0.3733433837890625
        ],
        [
            0.0036694405873616536,
            0.00231391175587972,
            0.9958411458333334,
            0.988866943359375
        ],
        [
            0.6895123697916666,
            0.0008482187589009603,
            0.984798583984375,
            0.32758772786458334
        ]
    ],
    "labels": [
        "road",
        "road",
        "road",
        "tree",
        "tree",
        "fence",
        "fence",
        "basket",
        "fence",
        "cup",
        "others"
    ],
    "scores": [
        0.4829704761505127,
        0.45204392075538635,
        0.40350255370140076,
        0.38568583130836487,
        0.316764771938324,
        0.26179414987564087,
        0.23546364903450012,
        0.22226880490779877,
        0.21988150477409363,
        0.2076151818037033,
        0.20524702966213226
    ]
}