{
    "matched_indices": [
        0,
        3,
        0,
        1,
        7,
        5,
        9,
        6,
        2,
        8,
        5,
        4,
        2
    ],
    "iou_matrix": [
        [
            0.048897242446911286,
            0.05596190316711566,
            0.9914418530000995,
            0.0,
            0.03842915144089253,
            0.0,
            0.005546583442482026,
            0.0,
            0.0,
            0.0,
            0.0,
            0.0,
            0.0
        ],
        [
            0.0,
            0.05200921605933449,
            0.0,
            0.9778201488633574,
            0.0,
            0.14538614629191418,
            0.0,
            0.0,
            0.0,
            0.0,
            0.0,
            0.0,
            0.04467859170501692
        ],
        [
            0.0,
            0.0,
            0.0,
            0.046971559691460295,
            0.010282316229481399,
            0.119696812933003,
            0.02247044734525918,
            0.06506430532297107,
            0.03407003624184666,
            0.06291341919659184,
            0.024326522089348858,
            0.0,
            0.9844526302947016
        ],
        [
            0.046305777315321095,
            0.9869732463270199,
            0.05724104502404381,
            0.05463251216817177,
            0.0,
            0.0,
            0.0,
            0.0,
            0.0,
            0.0,
            0.0,
            0.04550620824436019,
            0.0
        ],
        [
            0.0,
            0.043065219774230876,
            0.0,
            0.0,
            0.0,
            0.0,
            0.0,
            0.0,
            0.0,
            0.0,
            0.0,
            0.9788571934325296,
            0.0
        ],
        [
            0.0,
            0.0,
            0.0,
            0.14168633432018204,
            0.0,
            0.9713191688817198,
            0.0,
            0.0,
            0.0,
            0.0,
            0.13989584912206507,
            0.0,
            0.11640017173062517
        ],
        [
            0.0,
            0.0,
            0.0,
            0.0,
            0.0,
            0.0,
            0.0,
            0.9832327161753971,
            0.0,
            0.0,
            0.0,
            0.0,
            0.06404838637388725
        ],
        [
            0.0,
            0.0,
            0.03997627878562268,
            0.0,
            0.8758565194631251,
            0.0,
            0.005586187435273374,
            0.0,
            0.0,
            0.0,
            0.0,
            0.0,
            0.004786315705803532
        ],
        [
            0.0,
            0.0,
            0.0,
            0.0,
            0.0,
            0.0,
            0.0,
            0.0,
            0.0,
            0.9781769801466217,
            0.0,
            0.0,
            0.06193734425264714
        ],
        [
            0.0,
            0.0,
            0.005062608970537122,
            0.0,
            0.004568471177381705,
            0.0,
            0.9566885462826249,
            0.0,
            0.0,
            0.0,
            0.0,
            0.0,
            0.02074410103775724
        ]
    ],
    "true_pos": 10,
    "false_pos": 0,
    "unmatched": 3,
    "num_GT_boxes": 13,
    "used_labels": [
        "tree",
        "house",
        "rabbit",
        "dog",
        "fence",
        "people",
        "cloud",
        "cat",
        "bottle",
        "grass",
        "flower"
    ]
}