{
    "matched_indices": [
        0,
        3,
        4,
        11,
        2,
        0,
        4,
        1,
        2,
        0,
        1,
        0,
        8,
        8
    ],
    "iou_matrix": [
        [
            0.0,
            0.0,
            0.0,
            0.0,
            0.0,
            0.0,
            0.0,
            0.027287590011098612,
            0.0,
            0.984090520617772,
            0.15154680871248025,
            0.0,
            0.0,
            0.07753073933507679
        ],
        [
            0.0,
            0.0,
            0.0,
            0.0,
            0.021106993016472862,
            0.0,
            0.0,
            0.09143584845020492,
            0.0,
            0.15040924860703492,
            0.9639312412372092,
            0.0,
            0.0,
            0.04456477173014484
        ],
        [
            0.0,
            0.0,
            0.0,
            0.0,
            0.9771976511713286,
            0.0,
            0.0,
            0.0,
            0.09852843688174162,
            0.0,
            0.025012505724093956,
            0.0,
            0.0,
            0.052590102183842226
        ],
        [
            0.0,
            0.9128072070997519,
            0.11553771785043276,
            0.0,
            0.0,
            0.0,
            0.03969723847903062,
            0.0,
            0.0,
            0.0,
            0.0,
            0.0,
            0.0170853489416109,
            0.08318573087805209
        ],
        [
            0.0,
            0.17795163761985436,
            0.8982440558465093,
            0.0,
            0.0,
            0.0,
            0.13340846661141617,
            0.0,
            0.0,
            0.0,
            0.0,
            0.0,
            0.19002930288739558,
            0.10691684546686582
        ],
        [
            0.0,
            0.0,
            0.0,
            0.0,
            0.9771976511713286,
            0.0,
            0.0,
            0.0,
            0.09852843688174162,
            0.0,
            0.025012505724093956,
            0.0,
            0.0,
            0.052590102183842226
        ],
        [
            0.0,
            0.0,
            0.0,
            0.0,
            0.0,
            0.0,
            0.0,
            0.027287590011098612,
            0.0,
            0.984090520617772,
            0.15154680871248025,
            0.0,
            0.0,
            0.07753073933507679
        ],
        [
            0.0,
            0.0,
            0.0,
            0.0,
            0.021106993016472862,
            0.0,
            0.0,
            0.09143584845020492,
            0.0,
            0.15040924860703492,
            0.9639312412372092,
            0.0,
            0.0,
            0.04456477173014484
        ],
        [
            0.0,
            0.023978856526229803,
            0.19669793696969406,
            0.00732623223277244,
            0.0,
            0.0,
            0.0,
            0.0,
            0.013221959632195374,
            0.0,
            0.0,
            0.0,
            0.9711294465092133,
            0.14092364269819693
        ],
        [
            0.0,
            0.023978856526229803,
            0.19669793696969406,
            0.00732623223277244,
            0.0,
            0.0,
            0.0,
            0.0,
            0.013221959632195374,
            0.0,
            0.0,
            0.0,
            0.9711294465092133,
            0.14092364269819693
        ],
        [
            0.0,
            0.0,
            0.0,
            0.0,
            0.021106993016472862,
            0.0,
            0.0,
            0.09143584845020492,
            0.0,
            0.15040924860703492,
            0.9639312412372092,
            0.0,
            0.0,
            0.04456477173014484
        ],
        [
            0.0,
            0.0,
            0.0,
            0.975104857586235,
            0.0,
            0.0,
            0.0,
            0.044359827871154243,
            0.008376484396431015,
            0.0,
            0.0,
            0.0,
            0.014100426107615666,
            0.09286965582404103
        ],
        [
            0.0,
            0.0,
            0.0,
            0.975104857586235,
            0.0,
            0.0,
            0.0,
            0.044359827871154243,
            0.008376484396431015,
            0.0,
            0.0,
            0.0,
            0.014100426107615666,
            0.09286965582404103
        ],
        [
            0.0,
            0.0,
            0.0,
            0.0,
            0.021106993016472862,
            0.0,
            0.0,
            0.09143584845020492,
            0.0,
            0.15040924860703492,
            0.9639312412372092,
            0.0,
            0.0,
            0.04456477173014484
        ],
        [
            0.0,
            0.0,
            0.0,
            0.0,
            0.0,
            0.0,
            0.0,
            0.027287590011098612,
            0.0,
            0.984090520617772,
            0.15154680871248025,
            0.0,
            0.0,
            0.07753073933507679
        ],
        [
            0.0,
            0.0,
            0.0,
            0.0,
            0.0,
            0.0,
            0.0,
            0.027287590011098612,
            0.0,
            0.984090520617772,
            0.15154680871248025,
            0.0,
            0.0,
            0.07753073933507679
        ],
        [
            0.0,
            0.9128072070997519,
            0.11553771785043276,
            0.0,
            0.0,
            0.0,
            0.03969723847903062,
            0.0,
            0.0,
            0.0,
            0.0,
            0.0,
            0.0170853489416109,
            0.08318573087805209
        ],
        [
            0.0,
            0.0,
            0.0,
            0.0,
            0.9771976511713286,
            0.0,
            0.0,
            0.0,
            0.09852843688174162,
            0.0,
            0.025012505724093956,
            0.0,
            0.0,
            0.052590102183842226
        ],
        [
            0.0,
            0.17795163761985436,
            0.8982440558465093,
            0.0,
            0.0,
            0.0,
            0.13340846661141617,
            0.0,
            0.0,
            0.0,
            0.0,
            0.0,
            0.19002930288739558,
            0.10691684546686582
        ],
        [
            0.0,
            0.0,
            0.0,
            0.0,
            0.9771976511713286,
            0.0,
            0.0,
            0.0,
            0.09852843688174162,
            0.0,
            0.025012505724093956,
            0.0,
            0.0,
            0.052590102183842226
        ],
        [
            0.0,
            0.0,
            0.0,
            0.0,
            0.021106993016472862,
            0.0,
            0.0,
            0.09143584845020492,
            0.0,
            0.15040924860703492,
            0.9639312412372092,
            0.0,
            0.0,
            0.04456477173014484
        ],
        [
            0.0,
            0.0,
            0.0,
            0.975104857586235,
            0.0,
            0.0,
            0.0,
            0.044359827871154243,
            0.008376484396431015,
            0.0,
            0.0,
            0.0,
            0.014100426107615666,
            0.09286965582404103
        ],
        [
            0.0,
            0.17795163761985436,
            0.8982440558465093,
            0.0,
            0.0,
            0.0,
            0.13340846661141617,
            0.0,
            0.0,
            0.0,
            0.0,
            0.0,
            0.19002930288739558,
            0.10691684546686582
        ],
        [
            0.0,
            0.9128072070997519,
            0.11553771785043276,
            0.0,
