{
    "matched_indices": [
        3,
        18,
        18,
        7,
        13,
        0,
        20,
        20,
        15,
        10,
        9,
        9,
        4
    ],
    "iou_matrix": [
        [
            0.0,
            0.0,
            0.0,
            0.0,
            0.5347192618640961,
            0.9823625942473883,
            0.0,
            0.0,
            0.0,
            0.0,
            0.0,
            0.0,
            0.12883562847715604
        ],
        [
            0.0,
            0.0,
            0.0,
            0.0,
            0.6144037311715035,
            0.24095957409289798,
            0.0,
            0.0,
            0.09051360975671383,
            0.0,
            0.0,
            0.0,
            0.1617119542354784
        ],
        [
            0.018558931414252612,
            0.591727729961654,
            0.6228712946964777,
            0.0,
            0.0,
            0.0,
            0.0,
            0.0,
            0.0,
            0.0,
            0.0,
            0.0,
            0.0172451041193585
        ],
        [
            0.9500211352581122,
            0.022285903532895984,
            0.0,
            0.0,
            0.0,
            0.0,
            0.0,
            0.0,
            0.0,
            0.0,
            0.0,
            0.0,
            0.0
        ],
        [
            0.0,
            0.0,
            0.0,
            0.0,
            0.0,
            0.0,
            0.0,
            0.0,
            0.007909186899430914,
            0.6653780961507647,
            0.12513910198513903,
            0.07857922356969185,
            0.26157992934463764
        ],
        [
            0.0,
            0.0,
            0.0,
            0.0,
            0.024858848596796376,
            0.030547252935847646,
            0.0,
            0.0,
            0.0,
            0.0,
            0.0,
            0.0,
            0.0
        ],
        [
            0.018558931414252612,
            0.591727729961654,
            0.6228712946964777,
            0.0,
            0.0,
            0.0,
            0.0,
            0.0,
            0.0,
            0.0,
            0.0,
            0.0,
            0.0172451041193585
        ],
        [
            0.0,
            0.0,
            0.0,
            0.9479316180578515,
            0.0,
            0.0,
            0.0,
            0.0,
            0.0,
            0.0,
            0.0,
            0.0,
            0.022075305855237006
        ],
        [
            0.0,
            0.0,
            0.0,
            0.9479316180578515,
            0.0,
            0.0,
            0.0,
            0.0,
            0.0,
            0.0,
            0.0,
            0.0,
            0.022075305855237006
        ],
        [
            0.0,
            0.0,
            0.0,
            0.0,
            0.0,
            0.0,
            0.0,
            0.0,
            0.0,
            0.3538009332616145,
            0.47774924266751545,
            0.2875145953566538,
            0.11038651920749432
        ],
        [
            0.0,
            0.0,
            0.0,
            0.0,
            0.0,
            0.0,
            0.0,
            0.0,
            0.007245161754139361,
            0.6658482335396142,
            0.12568830797262787,
            0.07894451887433639,
            0.26124208941184435
        ],
        [
            0.0,
            0.0,
            0.0,
            0.0,
            0.8615335038593743,
            0.4857634642565276,
            0.0,
            0.0,
            0.07670874214575771,
            0.0,
            0.0,
            0.0,
            0.227971577302306
        ],
        [
            0.0,
            0.0,
            0.0,
            0.0,
            0.024858848596796376,
            0.030547252935847646,
            0.0,
            0.0,
            0.0,
            0.0,
            0.0,
            0.0,
            0.0
        ],
        [
            0.0,
            0.0,
            0.0,
            0.0,
            0.9723320468127568,
            0.5291063829594088,
            0.0,
            0.0,
            0.07522894218107147,
            0.0,
            0.0,
            0.0,
            0.227066860270147
        ],
        [
            0.0,
            0.0,
            0.0,
            0.0,
            0.0,
            0.0,
            0.0,
            0.0,
            0.007909186899430914,
            0.6653780961507647,
            0.12513910198513903,
            0.07857922356969185,
            0.26157992934463764
        ],
        [
            0.0,
            0.0,
            0.0,
            0.0,
            0.07377525454464003,
            0.0,
            0.019727741897983264,
            0.0,
            0.9043714099063854,
            0.021620236542243598,
            0.0,
            0.0,
            0.1616192954767168
        ],
        [
            0.0,
            0.0,
            0.0,
            0.0,
            0.024858848596796376,
            0.030547252935847646,
            0.0,
            0.0,
            0.0,
            0.0,
            0.0,
            0.0,
            0.0
        ],
        [
            0.9463916065285503,
            0.02225970045684155,
            0.0,
            0.0,
            0.0,
            0.0,
            0.0,
            0.0,
            0.0,
            0.0,
            0.0,
            0.0,
            0.0
        ],
        [
            0.018474958698968695,
            0.593104562934308,
            0.6243205925624294,
            0.0,
            0.0,
            0.0,
            0.0,
            0.0,
            0.0,
            0.0,
            0.0,
            0.0,
            0.01720623890728398
        ],
        [
            0.0,
            0.0,
            0.0,
            0.0,
            0.07377525454464003,
            0.0,
            0.019727741897983264,
            0.0,
            0.9043714099063854,
            0.021620236542243598,
            0.0,
            0.0,
            0.1616192954767168
        ],
        [
            0.0,
            0.0,
            0.0,
            0.0,
            0.0,
            0.0,
            0.6607311323744577,
            0.49662183297138074,
            0.012061848402193256,
            0.0,
            0.0,
            0.0,
            0.04711556878288075
        ]
    ],
    "num_matches": 8,
    "num_GT_boxes": 13,
    "used_labels": [
        "airplane",
        "apple",
        "balloon",
        "banana",
        "basket",
        "bee",
        "bench",
        "bicycle",
        "bird",
        "bottle",
        "bucket",
        "bus",
        "butterfly",
        "car",
        "cat",
        "chair",
        "chicken",
        "cloud",
        "cow",
        "cup",
        "dinnerware",
        "dog",
        "duck",
        "fence",
        "flower",
        "grape",
        "grass",
        "horse",
        "house",
        "moon",
        "mountain",
        "people",
        "picnic rug",
        "pig",
        "rabbit",
        "road",
        "sheep",
        "sofa",
        "star",
        "street lamp",
        "sun",
        "table",
        "tree",
        "truck",
        "umbrella",
        "others"
    ]
}