{
    "matched_indices": [
        0,
        1,
        0,
        0,
        1,
        3,
        1,
        0,
        0,
        1,
        0,
        1
    ],
    "iou_matrix": [
        [
            0.04807773316922426,
            0.0,
            0.0,
            0.0,
            0.0,
            0.0,
            0.0,
            0.0,
            0.11797339816613864,
            0.0,
            0.972008433127106,
            0.04126104903279511
        ],
        [
            0.0,
            0.012712559632544262,
            0.0,
            0.0,
            0.9937429522921767,
            0.029657318156866546,
            0.00824800188998557,
            0.0,
            0.0,
            0.0006832207860488895,
            0.0,
            0.24900192025807913
        ],
        [
            0.0,
            0.012712559632544262,
            0.0,
            0.0,
            0.9937429522921767,
            0.029657318156866546,
            0.00824800188998557,
            0.0,
            0.0,
            0.0006832207860488895,
            0.0,
            0.24900192025807913
        ],
        [
            0.0,
            0.0,
            0.0,
            0.0,
            0.029325476104677138,
            0.9785238364564989,
            0.0,
            0.0,
            0.0,
            0.0,
            0.0,
            0.05595005121685627
        ]
    ],
    "num_matches": 3,
    "num_GT_boxes": 12,
    "used_labels": [
        "airplane",
        "apple",
        "balloon",
        "banana",
        "basket",
        "bee",
        "bench",
        "bicycle",
        "bird",
        "bottle",
        "bucket",
        "bus",
        "butterfly",
        "car",
        "cat",
        "chair",
        "chicken",
        "cloud",
        "cow",
        "cup",
        "dinnerware",
        "dog",
        "duck",
        "fence",
        "flower",
        "grape",
        "grass",
        "horse",
        "house",
        "moon",
        "mountain",
        "people",
        "picnic rug",
        "pig",
        "rabbit",
        "road",
        "sheep",
        "sofa",
        "star",
        "street lamp",
        "sun",
        "table",
        "tree",
        "truck",
        "umbrella",
        "others"
    ]
}