{
    "bboxes": [
        [
            0.7454112141927083,
            0.7053717447916666,
            0.8916607259114583,
            0.9173480631510417
        ],
        [
            0.03912885284423828,
            0.1846832275390625,
            0.2903587646484375,
            0.27727067057291666
        ],
        [
            0.42611885579427083,
            0.17216058349609376,
            0.9283872884114583,
            0.913731201171875
        ],
        [
            0.19744112141927084,
            0.1719621378580729,
            0.39718745930989585,
            0.2906591593424479
        ],
        [
            0.10629439290364584,
            0.8162676595052083,
            0.26510858154296874,
            0.9305888671875
        ],
        [
            0.19945849609375,
            0.5988224283854167,
            0.31478365071614584,
            0.69035888671875
        ],
        [
            0.14631878662109374,
            0.6692354329427084,
            0.491224609375,
            0.9016219075520834
        ],
        [
            0.4533573811848958,
            0.8117252604166667,
            0.5851715901692708,
            0.8905093587239583
        ],
        [
            0.6255488688151042,
            0.8650103352864583,
            0.8647041829427083,
            0.9839825032552083
        ],
        [
            0.19945566813151042,
            0.6776514078776041,
            0.3951042073567708,
            0.8130262044270833
        ]
    ],
    "labels": [
        "mountain",
        "chicken",
        "tree",
        "chicken",
        "grape",
        "bicycle",
        "bee",
        "grape",
        "grape",
        "car"
    ],
    "scores": [
        0.994971752166748,
        0.9918503165245056,
        0.9903262257575989,
        0.9893937110900879,
        0.9884733557701111,
        0.9833515286445618,
        0.9663751721382141,
        0.9662377834320068,
        0.9447463750839233,
        0.9311919212341309
    ]
}