{
    "matched_indices": [
        5,
        3,
        6,
        2,
        12,
        1,
        0,
        0,
        0,
        0,
        0,
        0,
        0,
        9
    ],
    "iou_matrix": [
        [
            0.0,
            0.0,
            0.0,
            0.0,
            0.0,
            0.13997183132780877,
            0.9736729234344698,
            0.02628312372753838,
            0.0,
            0.0,
            0.0,
            0.03301700015685993,
            0.0,
            0.16182719439340323
        ],
        [
            0.030683425990495505,
            0.0,
            0.0,
            0.0,
            0.0,
            0.9896054687898744,
            0.14440766145775738,
            0.0,
            0.0,
            0.0,
            0.0,
            0.032583909670603636,
            0.0,
            0.20014533003153007
        ],
        [
            0.0,
            0.06652173795187313,
            0.0,
            0.9695013708452409,
            0.07529839888958759,
            0.0,
            0.0,
            0.0,
            0.0,
            0.0,
            0.0,
            0.0,
            0.0,
            0.19455616064652453
        ],
        [
            0.0,
            0.9849968708266376,
            0.0,
            0.061788751855281106,
            0.22505029878932664,
            0.0,
            0.0,
            0.0,
            0.0,
            0.0,
            0.0,
            0.0,
            0.0,
            0.19693946113759503
        ],
        [
            0.0,
            0.4722448139369099,
            0.0,
            0.5258394419116753,
            0.12421537880875065,
            0.0,
            0.0,
            4.907978323534514e-05,
            0.0,
            0.0,
            0.0,
            0.0,
            0.0,
            0.309823604662549
        ],
        [
            0.9502173214105184,
            0.0,
            0.09204723859250778,
            0.0,
            0.0,
            0.02773647977774868,
            0.0,
            0.0,
            0.0,
            0.0,
            0.0,
            0.0,
            0.0,
            0.0
        ],
        [
            0.5583681550448083,
            0.0,
            0.27761887267149116,
            0.0,
            0.0,
            0.025242237810104255,
            0.0,
            0.0,
            0.0,
            0.0,
            0.0,
            0.0,
            0.0,
            0.0
        ],
        [
            0.0,
            0.9847622822163122,
            0.0,
            0.06079970157521739,
            0.224268148893939,
            0.0,
            0.0,
            0.0,
            0.0,
            0.0,
            0.0,
            0.0,
            0.0,
            0.19676659440385957
        ],
        [
            0.0,
            0.06577029300131333,
            0.0,
            0.9667958156962693,
            0.0746694378668607,
            0.0,
            0.0,
            0.0,
            0.0,
            0.0,
            0.0,
            0.0,
            0.0,
            0.19475129092400717
        ],
        [
            0.0,
            0.4717696797799218,
            0.0,
            0.5249820925401113,
            0.12397794173957696,
            0.0,
            0.0,
            7.625571450503562e-05,
            0.0,
            0.0,
            0.0,
            0.0,
            0.0,
            0.31027887637030416
        ],
        [
            0.0,
            0.23100904571162864,
            0.0,
            0.07520968007993226,
            0.9812182148547175,
            0.0,
            0.0,
            0.0,
            0.0,
            0.0,
            0.0,
            0.0,
            0.0,
            0.07215374047246369
        ],
        [
            0.09019062597075324,
            0.07977108148145724,
            0.044102867873343214,
            0.11166096839238401,
            0.0,
            0.09689359897382487,
            0.0,
            0.0,
            0.0,
            0.0,
            0.0,
            0.0,
            0.0,
            0.007339520167394388
        ],
        [
            0.0,
            0.23147836698798768,
            0.0,
            0.07626081518147887,
            0.9890836078088455,
            0.0,
            0.0,
            0.0,
            0.0,
            0.0,
            0.0,
            0.0,
            0.0,
            0.07275822705084949
        ],
        [
            0.37080603451953476,
            0.0,
            0.03995772944426295,
            0.0,
            0.0,
            0.006683598500634617,
            0.0,
            0.0,
            0.0,
            0.0,
            0.0,
            0.0,
            0.0,
            0.0
        ]
    ],
    "true_pos": 6,
    "false_pos": 8,
    "unmatched": 8,
    "num_GT_boxes": 14,
    "used_labels": [
        "tree",
        "people",
        "cloud",
        "sun",
        "grass",
        "others"
    ]
}