{
    "matched_indices": [
        0,
        0,
        0,
        0,
        4,
        0,
        0,
        4,
        0,
        3,
        0,
        0,
        3,
        1,
        2,
        0,
        0
    ],
    "iou_matrix": [
        [
            0.0,
            0.008539544761004667,
            0.12647490730466868,
            0.0,
            0.0,
            0.0,
            0.9875522024802645,
            0.05194194823842301,
            0.0,
            0.0,
            0.0,
            0.0,
            0.0,
            0.0,
            0.0,
            0.0,
            0.0
        ],
        [
            0.0,
            0.0,
            0.06314077858722252,
            0.0,
            0.0,
            0.0,
            0.0,
            0.0,
            0.0,
            0.0,
            0.0,
            0.0,
            0.0,
            0.9657525593978209,
            0.14001948713555176,
            0.0,
            0.0
        ],
        [
            0.0,
            0.0,
            0.0395167964750957,
            0.0,
            0.0,
            0.0,
            0.0,
            0.0,
            0.0,
            0.0,
            0.0,
            0.0,
            0.0,
            0.1401642089392194,
            0.9623231112273958,
            0.0,
            0.0
        ],
        [
            0.0,
            0.0,
            0.051948256111087686,
            0.0,
            0.0,
            0.0,
            0.0,
            0.0,
            0.0,
            0.039505645906830755,
            0.0,
            0.0,
            0.9802717218583864,
            0.0,
            0.0,
            0.0,
            0.0
        ],
        [
            0.0,
            0.0,
            0.0,
            0.0,
            0.014547232735568157,
            0.0,
            0.05077741151033142,
            0.9936662523202549,
            0.0,
            0.0,
            0.0,
            0.0,
            0.0,
            0.0,
            0.0,
            0.0,
            0.0
        ]
    ],
    "num_matches": 5,
    "num_GT_boxes": 17,
    "used_labels": [
        "airplane",
        "apple",
        "balloon",
        "banana",
        "basket",
        "bee",
        "bench",
        "bicycle",
        "bird",
        "bottle",
        "bucket",
        "bus",
        "butterfly",
        "car",
        "cat",
        "chair",
        "chicken",
        "cloud",
        "cow",
        "cup",
        "dinnerware",
        "dog",
        "duck",
        "fence",
        "flower",
        "grape",
        "grass",
        "horse",
        "house",
        "moon",
        "mountain",
        "people",
        "picnic rug",
        "pig",
        "rabbit",
        "road",
        "sheep",
        "sofa",
        "star",
        "street lamp",
        "sun",
        "table",
        "tree",
        "truck",
        "umbrella",
        "others"
    ]
}