{
    "bboxes": [
        [
            0.673722900390625,
            0.3228558553059896,
            0.8248414713541666,
            0.7145648600260417
        ],
        [
            0.0943725077311198,
            0.6047380777994792,
            0.9983159993489583,
            0.96535595703125
        ],
        [
            0.14605759684244793,
            0.33354329427083335,
            0.3836170654296875,
            0.6890677897135417
        ],
        [
            0.33124940999348956,
            0.24008371988932292,
            0.5311839599609375,
            0.6212162272135416
        ],
        [
            0.5196637776692709,
            0.3741136474609375,
            0.6502602132161458,
            0.6341837158203125
        ],
        [
            0.7986168619791667,
            0.06543290201822917,
            0.999174560546875,
            0.59713720703125
        ],
        [
            0.14783925374348958,
            0.24077022298177084,
            0.5288331705729167,
            0.6877111002604167
        ]
    ],
    "labels": [
        "mountain",
        "people",
        "mountain",
        "mountain",
        "mountain",
        "tree",
        "mountain"
    ],
    "scores": [
        0.6786919236183167,
        0.5966148376464844,
        0.5466402769088745,
        0.5227420926094055,
        0.4861050546169281,
        0.3031027615070343,
        0.21601341664791107
    ]
}