{
    "bboxes": [
        [
            0.004009902318318685,
            0.3112298583984375,
            0.9938529459635417,
            0.5899338785807292
        ],
        [
            0.7254430338541666,
            0.26947076416015625,
            0.9314519856770833,
            0.8867416178385417
        ],
        [
            0.19940299479166668,
            0.1843053995768229,
            0.49830887858072914,
            0.720264404296875
        ],
        [
            0.4927659912109375,
            0.29553810628255206,
            0.6950556640625,
            0.707231201171875
        ],
        [
            0.049910064697265624,
            0.5043162027994792,
            0.22528727213541666,
            0.8543617350260416
        ],
        [
            0.1878934122721354,
            0.06288978068033854,
            0.3782763671875,
            0.347581787109375
        ],
        [
            0.19528102620442708,
            0.06308414713541667,
            0.3768153483072917,
            0.2235408935546875
        ],
        [
            0.4640502522786458,
            0.12984156290690105,
            0.5468506266276042,
            0.18655230712890625
        ],
        [
            0.5576107991536459,
            0.11571023559570312,
            0.72591845703125,
            0.25490653483072917
        ],
        [
            0.19528102620442708,
            0.06308414713541667,
            0.3768153483072917,
            0.2235408935546875
        ],
        [
            0.05362066650390625,
            0.14075400797526041,
            0.9338142903645833,
            0.8832236328125
        ],
        [
            0.5573908284505208,
            0.11492920939127604,
            0.782191162109375,
            0.3385273640950521
        ]
    ],
    "labels": [
        "sun",
        "cloud",
        "cloud",
        "cloud",
        "cloud",
        "people",
        "tree",
        "tree",
        "tree",
        "people",
        "cloud",
        "people"
    ],
    "scores": [
        0.6290964484214783,
        0.5395559668540955,
        0.5146347284317017,
        0.5142697095870972,
        0.4624449908733368,
        0.44760966300964355,
        0.2539205253124237,
        0.2422959953546524,
        0.2330024391412735,
        0.20844535529613495,
        0.2033900022506714,
        0.2021230161190033
    ]
}