{
    "bboxes": [
        [
            0.8659903157552084,
            0.2511046142578125,
            0.9803555501302084,
            0.8379435221354167
        ],
        [
            0.8659903157552084,
            0.2511046142578125,
            0.9803555501302084,
            0.8379435221354167
        ],
        [
            0.6929306640625,
            0.03930093892415364,
            0.83767138671875,
            0.18320062255859376
        ],
        [
            0.6333811848958333,
            0.585409423828125,
            0.72721435546875,
            0.6588241373697916
        ],
        [
            0.12411712646484375,
            0.48932027180989585,
            0.4509698486328125,
            0.8509984537760417
        ],
        [
            0.1195758056640625,
            0.6087279052734375,
            0.436479736328125,
            0.8373052571614583
        ],
        [
            0.0016290543874104817,
            0.07963719177246094,
            0.5839253336588541,
            0.6188050130208333
        ],
        [
            0.7725738118489583,
            0.5847276611328125,
            0.9107335611979167,
            0.65949072265625
        ],
        [
            0.01396600087483724,
            0.7190088704427083,
            0.11412021891276042,
            0.8467449544270833
        ],
        [
            0.12409694417317708,
            0.489367919921875,
            0.4516276448567708,
            0.8513030598958333
        ],
        [
            0.772760009765625,
            0.584726318359375,
            0.8670892740885416,
            0.6541080322265626
        ]
    ],
    "labels": [
        "chair",
        "others",
        "sun",
        "duck",
        "people",
        "bucket",
        "tree",
        "duck",
        "street lamp",
        "road",
        "duck"
    ],
    "scores": [
        0.9356929659843445,
        0.9306390285491943,
        0.7957301735877991,
        0.7376800775527954,
        0.727331280708313,
        0.6691544055938721,
        0.6664090156555176,
        0.6023808121681213,
        0.5575947165489197,
        0.3900122344493866,
        0.2706087827682495
    ]
}