{
    "bboxes": [
        [
            0.11907173665364583,
            0.6377281494140625,
            0.44009891764322917,
            0.836267822265625
        ],
        [
            0.8537352701822917,
            0.4720390218098958,
            0.9998485514322917,
            0.7547577311197917
        ],
        [
            0.11907173665364583,
            0.6377281494140625,
            0.44009891764322917,
            0.836267822265625
        ],
        [
            0.8537352701822917,
            0.4720390218098958,
            0.9998485514322917,
            0.7547577311197917
        ],
        [
            0.5271934814453125,
            0.37517435709635416,
            0.8026161295572917,
            0.7301974283854167
        ],
        [
            0.11907173665364583,
            0.6377281494140625,
            0.44009891764322917,
            0.836267822265625
        ],
        [
            0.8469200032552083,
            0.39538411458333333,
            0.9999562174479166,
            0.6111581624348958
        ],
        [
            0.3719598388671875,
            0.3873855387369792,
            0.6083280436197916,
            0.76485888671875
        ],
        [
            0.3719598388671875,
            0.3873855387369792,
            0.6083280436197916,
            0.76485888671875
        ]
    ],
    "labels": [
        "butterfly",
        "star",
        "bucket",
        "table",
        "horse",
        "horse",
        "tree",
        "star",
        "table"
    ],
    "scores": [
        0.390072226524353,
        0.24991264939308167,
        0.24745754897594452,
        0.24715293943881989,
        0.22234322130680084,
        0.22075510025024414,
        0.21196602284908295,
        0.2031007558107376,
        0.20157724618911743
    ]
}