{
    "bboxes": [
        [
            0.5605930582682291,
            0.6123299967447917,
            0.7731597493489584,
            0.9174691569010417
        ],
        [
            0.25436663818359373,
            0.33667108154296876,
            0.7001294759114584,
            0.8152052408854167
        ],
        [
            0.00047945229212443033,
            0.5621651204427084,
            0.15266780598958332,
            0.890683837890625
        ],
        [
            0.1081144307454427,
            0.1846923828125,
            0.30497666422526043,
            0.2881971232096354
        ],
        [
            0.7694724934895834,
            0.5723721923828125,
            0.9289744466145833,
            0.8495304361979167
        ],
        [
            0.03893179829915364,
            0.451460205078125,
            0.2913359375,
            0.8098866373697917
        ],
        [
            0.9054617513020833,
            0.5447273763020833,
            0.999703125,
            0.8492491861979167
        ],
        [
            0.8140904947916666,
            0.0785647430419922,
            0.9846105143229167,
            0.16814358520507813
        ],
        [
            0.0003000236948331197,
            0.03825314585367839,
            0.07867612711588541,
            0.141240478515625
        ],
        [
            0.5749357503255208,
            0.19849412027994792,
            0.744694091796875,
            0.3013115234375
        ],
        [
            0.210923828125,
            0.6365736897786458,
            0.3457425130208333,
            0.87768115234375
        ],
        [
            0.3488101806640625,
            0.05179798889160156,
            0.5048851318359375,
            0.1303372802734375
        ],
        [
            0.25249568684895835,
            0.33613509114583334,
            0.7019325358072916,
            0.9898642578125
        ]
    ],
    "labels": [
        "tree",
        "horse",
        "tree",
        "chicken",
        "tree",
        "tree",
        "tree",
        "chicken",
        "chicken",
        "chicken",
        "tree",
        "chicken",
        "horse"
    ],
    "scores": [
        0.5361210703849792,
        0.4233540892601013,
        0.3477849066257477,
        0.34303516149520874,
        0.3390710651874542,
        0.30080267786979675,
        0.293695330619812,
        0.2934727370738983,
        0.28032851219177246,
        0.2760745882987976,
        0.2382023185491562,
        0.2251739501953125,
        0.22243063151836395
    ]
}