{
    "mean_iou": 0.6734391611529318,
    "mean_dice": 0.7613964583804746,
    "missed_matches": 12,
    "total_matches": 13,
    "success_rate": 0.07692307692307693,
    "time": "2024-09-26 23:56:43"
}