{
    "bboxes": [
        [
            0.5723668619791666,
            0.46549930826822916,
            0.87794970703125,
            0.7033524576822917
        ],
        [
            0.6793796793619792,
            0.7315614420572917,
            0.8357217610677083,
            0.8905592447916667
        ],
        [
            0.6048151448567708,
            0.8091414388020833,
            0.7397300618489583,
            0.92445458984375
        ],
        [
            0.399416015625,
            0.6117359619140625,
            0.5179626057942708,
            0.7842557779947916
        ],
        [
            0.4013446044921875,
            0.10650421142578125,
            0.7946708984375,
            0.5162843017578125
        ]
    ],
    "labels": [
        "dinnerware",
        "balloon",
        "balloon",
        "balloon",
        "bee"
    ],
    "scores": [
        0.9914593696594238,
        0.9812445640563965,
        0.9765185713768005,
        0.970359206199646,
        0.5906076431274414
    ]
}