{
    "matched_indices": [
        0,
        3,
        10,
        13,
        1,
        1,
        11,
        12,
        9,
        6,
        2,
        5
    ],
    "iou_matrix": [
        [
            0.9784621664276368,
            0.08875909766973751,
            0.24384924460225357,
            0.0,
            0.17237188563018804,
            0.0,
            0.0,
            0.05526228195517627,
            0.04028742941824992,
            0.0,
            0.0,
            0.046537183458810215
        ],
        [
            0.16971725314715572,
            0.0,
            0.01500361794329655,
            0.0,
            0.9644074185149082,
            0.07098572154036804,
            0.0,
            0.0,
            0.0,
            0.0,
            0.0,
            0.0
        ],
        [
            0.0,
            0.0,
            0.0,
            0.05569729648501357,
            0.0,
            0.0,
            0.0,
            0.0,
            0.0,
            0.0,
            0.955973539228203,
            0.0
        ],
        [
            0.10760493601431469,
            0.4502886129205772,
            0.0,
            0.0,
            0.0,
            0.0,
            0.04000334397594896,
            0.0,
            0.07285078291894277,
            0.07061236114762538,
            0.0,
            0.0
        ],
        [
            0.0,
            0.028683000389898586,
            0.0,
            0.0,
            0.0,
            0.0,
            0.5669928710210377,
            0.0,
            0.0,
            0.0,
            0.0,
            0.0
        ],
        [
            0.054068007778300696,
            0.0,
            0.06485544739471326,
            0.0,
            0.0,
            0.0,
            0.0,
            0.0,
            0.0,
            0.0,
            0.0,
            0.7686008458187892
        ],
        [
            0.0,
            0.028070213551179946,
            0.0,
            0.0,
            0.0,
            0.0,
            0.0,
            0.0,
            0.0,
            0.8726628390011109,
            0.0,
            0.0
        ],
        [
            0.04907803675226787,
            0.04345137475561454,
            0.0,
            0.0,
            0.0,
            0.0,
            0.0,
            0.0,
            0.7343857095325719,
            0.0,
            0.0,
            0.0
        ],
        [
            0.04810579332957719,
            0.0,
            0.057703674998720256,
            0.0,
            0.0,
            0.0,
            0.0,
            0.3875017612415255,
            0.0,
            0.0,
            0.0,
            0.0
        ],
        [
            0.03203063769062988,
            0.030279602968219455,
            0.0,
            0.0,
            0.0,
            0.0,
            0.0,
            0.0,
            0.8240872076812219,
            0.0,
            0.0,
            0.0
        ],
        [
            0.29259763473169786,
            0.0,
            0.70888441112457,
            0.0,
            0.019155745780760194,
            0.011230833441238201,
            0.0,
            0.09454461661826175,
            0.0,
            0.0,
            0.0,
            0.08103824281565297
        ],
        [
            0.0,
            0.019643924228976106,
            0.0,
            0.0,
            0.0,
            0.0,
            0.7871084387792696,
            0.0,
            0.0,
            0.0,
            0.0,
            0.0
        ],
        [
            0.07698662669304096,
            0.0,
            0.09234670043808801,
            0.0,
            0.0,
            0.0,
            0.0,
            0.6591807374841986,
            0.0,
            0.0,
            0.0,
            0.0
        ],
        [
            0.0,
            0.0,
            0.0,
            0.9823024325488785,
            0.0,
            0.0,
            0.0,
            0.0,
            0.0,
            0.0,
            0.055886739364098215,
            0.0
        ],
        [
            0.08864425588264145,
            0.0,
            0.15204903414178525,
            0.0,
            0.00980578759993384,
            0.0,
            0.0,
            0.0,
            0.0,
            0.0,
            0.0,
            0.0
        ],
        [
            0.0,
            0.05216538129359748,
            0.0,
            0.0,
            0.0,
            0.0,
            0.0,
            0.0,
            0.0,
            0.589517457116174,
            0.0,
            0.0
        ],
        [
            0.08590861953894136,
            0.0,
            0.10304877475985594,
            0.0,
            0.0,
            0.0,
            0.0,
            0.6573773986322133,
            0.0,
            0.0,
            0.0,
            0.0
        ]
    ],
    "true_pos": 10,
    "false_pos": 7,
    "unmatched": 2,
    "num_GT_boxes": 12,
    "used_labels": [
        "bucket",
        "butterfly",
        "fence",
        "people",
        "sun",
        "flower"
    ]
}