{
    "mean_iou": 0.4046223379541032,
    "mean_dice": 0.44074182136319134,
    "missed_matches": 11,
    "total_matches": 19,
    "success_rate": 0.42105263157894735,
    "time": "2024-09-22 21:00:09"
}