{
    "matched_indices": [
        7,
        5,
        6,
        4,
        4,
        3,
        4,
        2,
        1,
        0,
        8
    ],
    "iou_matrix": [
        [
            0.0,
            0.0,
            0.0,
            0.0,
            0.0,
            0.001883514395340138,
            0.0,
            0.0,
            0.0,
            0.8854440207761213,
            0.0
        ],
        [
            0.0,
            0.0,
            0.0,
            0.0,
            0.0,
            0.0,
            0.0,
            0.0,
            0.9746616053747512,
            0.0,
            0.0
        ],
        [
            0.0,
            0.0,
            0.0,
            0.0,
            0.0,
            0.5249069566983207,
            0.0,
            0.005545576248907458,
            0.0,
            0.0,
            0.019799602701401495
        ],
        [
            0.0,
            0.0,
            0.0,
            0.06662724342844717,
            0.0,
            0.9871147338279784,
            0.0,
            0.0029489090297174906,
            0.0,
            0.002219184216131126,
            0.016239683512897115
        ],
        [
            0.0,
            0.0,
            0.0,
            0.19780644976788067,
            0.990154498293288,
            0.0,
            0.02052132773634512,
            0.0,
            0.0,
            0.0,
            0.028796455804479128
        ],
        [
            0.0,
            0.987899751127269,
            0.0,
            0.0,
            0.0,
            0.0,
            0.0,
            0.0,
            0.0,
            0.0,
            0.0
        ],
        [
            0.0,
            0.0,
            0.9738737998585372,
            0.0610920899675528,
            0.0,
            0.0,
            0.0,
            0.0,
            0.0,
            0.0,
            0.0
        ],
        [
            0.9798727096363498,
            0.0,
            0.0,
            0.0,
            0.0,
            0.0,
            0.0,
            0.0,
            0.0,
            0.0,
            0.0
        ],
        [
            0.0,
            0.0,
            0.0,
            0.013435466582926433,
            0.08193594293798193,
            0.21772095013505668,
            0.007143387130747216,
            0.005357540348060415,
            0.0,
            0.0,
            0.05537017949720427
        ]
    ],
    "num_matches": 7,
    "num_matches_with_correct_class": 0,
    "num_GT_boxes": 11,
    "used_labels": [
        "tree",
        "mountain",
        "bird",
        "road",
        "cloud",
        "grass"
    ],
    "map_score": 0.0
}