{
    "bboxes": [
        [
            0.45168257649739585,
            0.6513478597005208,
            0.6654789225260417,
            0.8770675455729167
        ],
        [
            0.6969664713541667,
            0.23883978271484374,
            0.99879931640625,
            0.5029883219401041
        ],
        [
            0.732488525390625,
            0.0,
            0.93137744140625,
            0.1972259318033854
        ],
        [
            0.8508084309895834,
            0.8244661458333333,
            0.983714599609375,
            0.9585174153645833
        ],
        [
            0.1415252888997396,
            0.8232782389322917,
            0.2706392822265625,
            0.9699827473958333
        ],
        [
            0.9042405598958333,
            0.5587907307942709,
            0.9998296712239584,
            0.6914036458333334
        ],
        [
            0.03898516082763672,
            0.0,
            0.3048018188476562,
            0.22401106770833334
        ],
        [
            0.38514111328125,
            0.0,
            0.651585205078125,
            0.2509522298177083
        ],
        [
            0.14179461669921875,
            0.82306640625,
            0.2911728515625,
            0.9699749348958333
        ]
    ],
    "labels": [
        "mountain",
        "cloud",
        "others",
        "cloud",
        "cloud",
        "cloud",
        "others",
        "others",
        "cloud"
    ],
    "scores": [
        0.659868061542511,
        0.46335190534591675,
        0.38845282793045044,
        0.37951236963272095,
        0.3255290985107422,
        0.3222053647041321,
        0.3172912299633026,
        0.2927471995353699,
        0.2607882022857666
    ]
}