{
    "bboxes": [
        [
            0.06672497049967448,
            0.22578061930338542,
            0.3839130859375,
            0.5177084147135417
        ],
        [
            0.5143947347005209,
            0.138123291015625,
            0.803081298828125,
            0.7795144856770834
        ],
        [
            0.3174586791992188,
            0.1627729187011719,
            0.5570618896484375,
            0.8058992513020833
        ],
        [
            0.3185216064453125,
            0.13842623901367188,
            0.8028357747395833,
            0.8064921875
        ]
    ],
    "labels": [
        "horse",
        "mountain",
        "mountain",
        "mountain"
    ],
    "scores": [
        0.9835749864578247,
        0.7051886916160583,
        0.6720072031021118,
        0.2085084617137909
    ]
}