{
    "bboxes": [
        [
            0.25184110514322916,
            0.6252574462890625,
            0.5183462320963542,
            0.8904346516927083
        ],
        [
            0.012170836130777995,
            0.03875516255696614,
            0.14503664143880207,
            0.18397477213541666
        ],
        [
            0.2916465047200521,
            0.4900519612630208,
            0.44582816569010414,
            0.638466064453125
        ],
        [
            0.7217247721354166,
            0.09178304036458333,
            0.9982692057291667,
            0.69742822265625
        ],
        [
            0.14635213216145834,
            0.5714648030598959,
            0.28308089192708336,
            0.704697021484375
        ],
        [
            0.6263490804036458,
            0.5280587565104167,
            0.785753662109375,
            0.810463134765625
        ],
        [
            0.0008778571287790934,
            0.025205042521158853,
            0.7318829752604167,
            0.6074720458984375
        ],
        [
            0.1458898417154948,
            0.5713455403645833,
            0.2757701212565104,
            0.7658985188802083
        ],
        [
            0.6262598876953125,
            0.597494873046875,
            0.785710205078125,
            0.8110780436197916
        ],
        [
            0.00317920716603597,
            0.5978574625651042,
            0.15003237915039064,
            0.8371339518229167
        ],
        [
            0.01650363794962565,
            0.5981187337239583,
            0.1513926289876302,
            0.758570068359375
        ]
    ],
    "labels": [
        "sun",
        "mountain",
        "car",
        "car",
        "car",
        "car",
        "tree",
        "car",
        "car",
        "car",
        "car"
    ],
    "scores": [
        0.9824051260948181,
        0.90024334192276,
        0.877040684223175,
        0.6473997831344604,
        0.5665211081504822,
        0.45252498984336853,
        0.4167555868625641,
        0.38715749979019165,
        0.3545525074005127,
        0.35098639130592346,
        0.33433669805526733
    ]
}