{
    "matched_indices": [
        7,
        0,
        10,
        4,
        0,
        1,
        0,
        3,
        1,
        8,
        11,
        9,
        9,
        0,
        0,
        0,
        2,
        0
    ],
    "iou_matrix": [
        [
            0.026750144340308476,
            0.020752299997937176,
            0.0,
            0.0,
            0.01899601754673138,
            0.11629612143717272,
            0.9746430274258249,
            0.0,
            0.08882774501546856,
            0.0,
            0.0,
            0.0,
            0.0,
            0.0,
            0.023442992913667922,
            0.0,
            0.0,
            0.22273124267691086
        ],
        [
            0.0,
            0.0,
            0.0,
            0.0,
            0.0,
            0.1292552507226475,
            0.09213522814874911,
            0.0,
            0.6916259166841155,
            0.0,
            0.0,
            0.0,
            0.0,
            0.0,
            0.0,
            0.0,
            0.0,
            0.11378792620442994
        ],
        [
            0.0,
            0.0,
            0.0,
            0.18442148808939096,
            0.0,
            0.0,
            0.0,
            0.0,
            0.0,
            0.0,
            0.0,
            0.0,
            0.0,
            0.0,
            0.0,
            0.0,
            0.9925071389646865,
            0.0
        ],
        [
            0.0,
            0.0,
            0.19705520354916273,
            0.0,
            0.0,
            0.0,
            0.0,
            0.5932411920050799,
            0.0,
            0.3169682547098037,
            0.011431312894331752,
            0.23643948252874816,
            2.0456558606328486e-05,
            0.0,
            0.0,
            0.0,
            0.0,
            0.062242123137344854
        ],
        [
            0.0,
            0.0,
            0.0,
            0.9790449075240396,
            0.0,
            0.0,
            0.0,
            0.0,
            0.0,
            0.0,
            0.0,
            0.0,
            0.0,
            0.0,
            0.0,
            0.0,
            0.17953122281313927,
            0.0
        ],
        [
            0.0,
            0.0,
            0.0,
            0.0,
            0.0,
            0.0,
            0.0,
            0.0,
            0.0,
            0.0,
            0.386233354104247,
            0.034469292920272336,
            0.0,
            0.0,
            0.0,
            0.0,
            0.0,
            0.018610148872967136
        ],
        [
            0.0,
            0.0,
            0.0,
            0.5320720077603058,
            0.0,
            0.0,
            0.0,
            0.0,
            0.0,
            0.0,
            0.0,
            0.0,
            0.0,
            0.0,
            0.0,
            0.0,
            0.4480895039133227,
            0.0
        ],
        [
            0.11032915844919598,
            0.0,
            0.6469452653503792,
            0.0,
            0.0,
            0.0,
            0.0,
            0.003477002624736368,
            0.0,
            0.03940721065879098,
            0.0,
            0.0,
            0.0,
            0.0,
            0.0,
            0.0,
            0.0,
            0.0
        ],
        [
            0.0,
            0.0,
            0.27619621453455423,
            0.0,
            0.0,
            0.0,
            0.0,
            0.4363723312073804,
            0.0,
            0.44146410612568565,
            0.0312323271643203,
            0.20595637518985138,
            6.201956042437037e-06,
            0.0,
            0.0,
            0.0,
            0.0,
            0.06226682458337
        ],
        [
            0.0,
            0.0,
            0.19093039921172503,
            0.0,
            0.0,
            0.0,
            0.0,
            0.34732998826059563,
            0.0,
            0.2692473882183545,
            0.25081651871938554,
            0.4540073286595408,
            0.0014294767454578671,
            0.0,
            0.0,
            0.0,
            0.0,
            0.2208560550717
        ],
        [
            0.08531989426603395,
            0.0,
            0.9464282737450086,
            0.0,
            0.0,
            0.0,
            0.0,
            0.18110764801836338,
            0.0,
            0.09382179945103979,
            0.0,
            0.07267418993856384,
            0.0,
            0.0,
            0.0,
            0.0,
            0.0,
            0.049775120500088026
        ],
        [
            0.0,
            0.0,
            0.0,
            0.0,
            0.0,
            0.0,
            0.0,
            0.0,
            0.0,
            0.0,
            0.7068998923633294,
            0.09490471386367412,
            0.0,
            0.0,
            0.0,
            0.0,
            0.0,
            0.046945687122132075
        ]
    ],
    "num_matches": 6,
    "num_matches_with_correct_class": -1,
    "num_GT_boxes": 18,
    "used_labels": [
        "bucket",
        "cloud",
        "flower",
        "tree",
        "sun",
        "people",
        "road",
        "mountain",
        "grass"
    ],
    "map_score": 0.00841584149748087
}