{
    "matched_indices": [
        0,
        0,
        1,
        2,
        2,
        2,
        5,
        2,
        2,
        3,
        4,
        6,
        0,
        0
    ],
    "iou_matrix": [
        [
            0.0,
            0.22517037310036236,
            0.0,
            0.0,
            0.0,
            0.0,
            0.0,
            0.0,
            0.0,
            0.0,
            0.0,
            0.0,
            0.9767331988011074,
            0.06247440068275879
        ],
        [
            0.0,
            0.0,
            0.9463353651750935,
            0.018660335774502247,
            0.0,
            0.0,
            0.0,
            0.0,
            0.0,
            0.0,
            0.0,
            0.0,
            0.0,
            0.0
        ],
        [
            0.0,
            0.0,
            0.027396321062944214,
            0.9905410830266808,
            0.05418647665555447,
            0.17661674259479945,
            0.07478733810546785,
            0.03561301814546086,
            0.04154852116970433,
            0.04273562177455305,
            0.0,
            0.12891578055225741,
            0.0,
            0.0
        ],
        [
            0.0,
            0.0,
            0.0,
            0.04055892875133194,
            0.0,
            0.0,
            0.0,
            0.0,
            0.0,
            0.9576413732953379,
            0.0,
            0.0,
            0.0,
            0.0
        ],
        [
            0.0,
            0.0,
            0.0,
            0.0,
            0.0,
            0.0,
            0.0,
            0.0,
            0.0,
            0.0,
            0.989734259613569,
            0.0,
            0.0,
            0.0
        ],
        [
            0.0,
            0.0,
            0.0,
            0.07106096577063634,
            0.0,
            0.0,
            0.9587590619847761,
            0.0,
            0.0,
            0.0,
            0.0,
            0.0,
            0.0,
            0.0
        ],
        [
            0.0,
            0.0,
            0.0,
            0.12882951681661048,
            0.0,
            0.0,
            0.0,
            0.0,
            0.0,
            0.0,
            0.0,
            0.9885508929280187,
            0.0,
            0.0
        ],
        [
            0.0,
            0.0,
            0.0,
            0.12882951681661048,
            0.0,
            0.0,
            0.0,
            0.0,
            0.0,
            0.0,
            0.0,
            0.9885508929280187,
            0.0,
            0.0
        ]
    ],
    "num_matches": 7,
    "num_GT_boxes": 14,
    "used_labels": [
        "cloud",
        "chair",
        "dog",
        "grape",
        "people",
        "apple",
        "flower",
        "moon",
        "picnic rug",
        "street lamp"
    ]
}