{
    "bboxes": [
        [
            0.42555550130208336,
            0.572859619140625,
            0.69196875,
            0.8364147135416666
        ]
    ],
    "labels": [
        "grass"
    ],
    "scores": [
        0.9739174246788025
    ]
}