{
    "bboxes": [
        [
            0.5716322835286458,
            0.15990177408854167,
            0.7824021809895834,
            0.26285176595052084
        ],
        [
            0.34589029947916666,
            0.10622264607747396,
            0.49042338053385415,
            0.20968465169270833
        ],
        [
            0.09516951497395833,
            0.5933264567057291,
            0.997731689453125,
            0.962214599609375
        ],
        [
            0.019098161061604817,
            0.49667301432291666,
            0.999466064453125,
            0.9617640787760416
        ]
    ],
    "labels": [
        "people",
        "people",
        "grass",
        "grass"
    ],
    "scores": [
        0.9893033504486084,
        0.9885695576667786,
        0.4181416928768158,
        0.3307141661643982
    ]
}