{
    "bboxes": [
        [
            0.000507168451944987,
            0.4616085205078125,
            0.1602251180013021,
            0.9234915364583334
        ],
        [
            0.6265118408203125,
            0.7835879720052084,
            0.79784375,
            0.9968868001302084
        ],
        [
            0.05460272725423177,
            0.043525009155273436,
            0.3511497802734375,
            0.9317963053385416
        ]
    ],
    "labels": [
        "chair",
        "chair",
        "chair"
    ],
    "scores": [
        0.42733654379844666,
        0.3584368824958801,
        0.23791275918483734
    ]
}