{
    "bboxes": [
        [
            0.5456463216145834,
            0.0,
            0.7577123209635417,
            0.4374949951171875
        ],
        [
            0.0006368234554926554,
            0.1356634724934896,
            0.18140771484375,
            0.2869966023763021
        ],
        [
            0.8132589518229166,
            0.8160192057291666,
            0.9427820638020833,
            0.95341015625
        ],
        [
            0.06723825073242187,
            0.8287854817708333,
            0.22255769856770832,
            0.966929443359375
        ],
        [
            0.2674190673828125,
            0.32100970458984374,
            0.5835893147786458,
            0.6329012858072917
        ],
        [
            0.2538377482096354,
            0.11964900716145833,
            0.3958483479817708,
            0.23480818684895832
        ],
        [
            0.0006387084325154622,
            0.40231778971354165,
            0.1828056640625,
            0.580313720703125
        ],
        [
            0.8284828287760416,
            0.0010387300650278727,
            0.9576707356770834,
            0.12802550252278647
        ],
        [
            5.3614373008410135e-05,
            0.3320739949544271,
            0.1436941121419271,
            0.4770848388671875
        ],
        [
            0.24011834716796876,
            0.038830240885416666,
            0.384229248046875,
            0.1616571756998698
        ],
        [
            0.03842788696289062,
            0.15933266194661458,
            0.9995560709635417,
            0.9986634928385417
        ],
        [
            0.7060955403645833,
            0.35872611490885414,
            0.971125244140625,
            0.6244131266276042
        ],
        [
            0.1730931599934896,
            0.572368408203125,
            0.35308894856770834,
            0.77947607421875
        ],
        [
            0.6957244466145833,
            0.24645564778645834,
            0.9993033040364583,
            0.3733932291666667
        ]
    ],
    "labels": [
        "mountain",
        "grape",
        "grape",
        "grape",
        "mountain",
        "grape",
        "grape",
        "grape",
        "fence",
        "fence",
        "people",
        "dinnerware",
        "car",
        "grape"
    ],
    "scores": [
        0.9823715090751648,
        0.9731230735778809,
        0.9668636918067932,
        0.9626784920692444,
        0.9611352682113647,
        0.9602118134498596,
        0.9452749490737915,
        0.944618284702301,
        0.9427570700645447,
        0.9266723394393921,
        0.8506499528884888,
        0.7999704480171204,
        0.7438279986381531,
        0.6338963508605957
    ]
}