{
    "mean_iou": 0.3663897819507231,
    "mean_dice": 0.423682174309383,
    "missed_matches": 10,
    "total_matches": 13,
    "success_rate": 0.23076923076923078,
    "time": "2024-09-24 01:49:44"
}