{
    "mean_iou": 0.39827784564545426,
    "mean_dice": 0.45879794690256354,
    "missed_matches": 12,
    "total_matches": 17,
    "success_rate": 0.29411764705882354,
    "time": "2024-09-24 01:35:24"
}