{
    "bboxes": [
        [
            0.18621807861328124,
            0.08953343709309895,
            0.82498583984375,
            0.44676949055989584
        ],
        [
            0.11612345377604166,
            0.7060458170572916,
            0.33306233723958334,
            0.9439815266927083
        ]
    ],
    "labels": [
        "sheep",
        "dinnerware"
    ],
    "scores": [
        0.48442044854164124,
        0.2446073293685913
    ]
}