{
    "bboxes": [
        [
            0.0,
            0.011231511433919272,
            0.4779136555989583,
            0.3420440673828125
        ],
        [
            0.09229948933919271,
            0.38497273763020834,
            0.3880880940755208,
            0.7376371256510417
        ],
        [
            0.6929720052083334,
            0.40030126953125,
            0.97157861328125,
            0.7709158528645833
        ],
        [
            0.0387867660522461,
            0.6492792154947916,
            0.3043294270833333,
            0.9043540852864583
        ],
        [
            0.28945200602213544,
            0.3186349080403646,
            0.8151826171875,
            0.6685046793619792
        ],
        [
            0.43085506184895833,
            0.574110595703125,
            0.7833971354166667,
            0.9433169759114584
        ],
        [
            0.29093391927083334,
            0.3187403971354167,
            0.8146090494791667,
            0.5288079427083333
        ]
    ],
    "labels": [
        "sheep",
        "cat",
        "cat",
        "dinnerware",
        "sun",
        "mountain",
        "sun"
    ],
    "scores": [
        0.9874808192253113,
        0.9788931012153625,
        0.9572235941886902,
        0.956358015537262,
        0.5493693947792053,
        0.3458942770957947,
        0.21161800622940063
    ]
}