{
    "matched_indices": [
        4,
        2,
        2,
        3,
        1,
        0,
        5,
        0,
        0,
        0,
        0,
        1,
        3,
        1,
        5
    ],
    "iou_matrix": [
        [
            0.0,
            0.0,
            0.0,
            0.0,
            0.0,
            0.0,
            0.021694049197967302,
            0.0,
            0.0,
            0.0,
            0.9821715357033654,
            0.0,
            0.0,
            0.0,
            0.18923180308535395
        ],
        [
            0.0,
            0.0,
            0.0,
            0.1682440521423118,
            0.024658885324131293,
            0.0,
            0.0,
            0.0,
            0.0,
            0.0,
            0.0,
            0.8629051603710828,
            0.0,
            0.1089030148419201,
            0.07382748441270455
        ],
        [
            0.0,
            0.5917521239611957,
            0.4385597252369259,
            0.0,
            0.0,
            0.0,
            0.0,
            0.0,
            0.0,
            0.0,
            0.0,
            0.0,
            0.0,
            0.0,
            0.0
        ],
        [
            0.0,
            0.0,
            0.0,
            0.9831848656250846,
            0.017409524480495556,
            0.0,
            0.0,
            0.0,
            0.0,
            0.0,
            0.0,
            0.1529793418789851,
            0.051537123340769014,
            0.06948223644446369,
            0.04854730750739297
        ],
        [
            0.9728220568288787,
            0.0,
            0.0,
            0.0,
            0.0,
            0.0,
            0.0,
            0.0,
            0.0,
            0.0,
            0.0,
            0.0,
            0.0,
            0.0,
            0.0
        ],
        [
            0.0,
            0.0,
            0.0,
            0.0,
            0.0,
            0.0,
            0.021835890720581282,
            0.0,
            0.0,
            0.0,
            0.9816166455187602,
            0.0,
            0.0,
            0.0,
            0.18936982475419467
        ]
    ],
    "num_matches": 4,
    "num_GT_boxes": 15,
    "used_labels": [
        "airplane",
        "apple",
        "balloon",
        "banana",
        "basket",
        "bee",
        "bench",
        "bicycle",
        "bird",
        "bottle",
        "bucket",
        "bus",
        "butterfly",
        "car",
        "cat",
        "chair",
        "chicken",
        "cloud",
        "cow",
        "cup",
        "dinnerware",
        "dog",
        "duck",
        "fence",
        "flower",
        "grape",
        "grass",
        "horse",
        "house",
        "moon",
        "mountain",
        "people",
        "picnic rug",
        "pig",
        "rabbit",
        "road",
        "sheep",
        "sofa",
        "star",
        "street lamp",
        "sun",
        "table",
        "tree",
        "truck",
        "umbrella",
        "others"
    ]
}