{
    "matched_indices": [
        2,
        7,
        3,
        4,
        10,
        0,
        1,
        5,
        10
    ],
    "iou_matrix": [
        [
            0.05862010806516054,
            0.06831508598150832,
            0.0,
            0.0,
            0.0,
            0.9799163281987351,
            0.016765178425566348,
            0.0,
            0.0
        ],
        [
            0.0,
            0.0,
            0.01119654392945278,
            0.012501832773815336,
            0.0,
            0.020015670392014615,
            0.9768466135509202,
            0.0,
            0.0
        ],
        [
            0.8650153637008541,
            0.07360412728616499,
            0.10016404821706552,
            0.0,
            0.0,
            0.06421090783794875,
            0.0,
            0.0,
            0.0
        ],
        [
            0.13234483055699417,
            0.0,
            0.9927424282591577,
            0.0,
            0.0,
            0.0,
            0.009742797768343938,
            0.0,
            0.0
        ],
        [
            0.0,
            0.11708993802038704,
            0.0,
            0.9831682500470933,
            0.0,
            0.0,
            0.010899731452287016,
            0.0,
            0.0
        ],
        [
            0.0,
            0.0,
            0.0,
            0.0,
            0.0,
            0.0,
            0.0,
            0.9914983870100915,
            0.0
        ],
        [
            0.02487413525212632,
            0.4256820006385743,
            0.0,
            0.0,
            0.1763526318059645,
            0.0,
            0.0,
            0.0,
            0.26209414063032094
        ],
        [
            0.06153273888285908,
            0.8195828512387039,
            0.0,
            0.10256942467040206,
            0.10503380299768829,
            0.06041064135493282,
            0.0,
            0.0,
            0.15351490423347777
        ],
        [
            0.0612488526552496,
            0.7359919747594856,
            0.0,
            0.13892844845249142,
            0.0936917637164657,
            0.1057693209820733,
            0.0046062877730242155,
            0.0,
            0.13765953501564895
        ],
        [
            0.014734274933571443,
            0.4218907268242351,
            0.0,
            0.0,
            0.15827446546144758,
            0.0,
            0.0,
            0.0,
            0.30762452174418425
        ],
        [
            0.0,
            0.10630225595588395,
            0.0,
            0.0,
            0.18534863969597792,
            0.0,
            0.0,
            0.0,
            0.9802010972478502
        ],
        [
            0.02660911181880713,
            0.42942216986880977,
            0.0,
            0.0,
            0.17498991058804883,
            0.0,
            0.0,
            0.0,
            0.2584280266593911
        ],
        [
            0.0,
            0.14130723672731557,
            0.0,
            0.0,
            0.16234694948819445,
            0.0,
            0.0,
            0.0,
            0.8174576102622827
        ]
    ],
    "true_pos": 8,
    "false_pos": 5,
    "unmatched": 1,
    "num_GT_boxes": 9,
    "used_labels": [
        "tree",
        "house",
        "fence",
        "people",
        "cloud",
        "sun",
        "cow"
    ]
}