{
    "matched_indices": [
        5,
        3,
        1,
        0,
        4,
        2,
        5
    ],
    "iou_matrix": [
        [
            0.07377207569028792,
            0.09833867617563792,
            0.2799697497667584,
            0.9687446942315345,
            0.05690881510998277,
            0.0936219013838598,
            0.0
        ],
        [
            0.025944031759199924,
            0.32407054845977107,
            0.9048131903948758,
            0.28721711113699,
            0.0,
            0.2156601127284379,
            0.0
        ],
        [
            0.0,
            0.0241872145387678,
            0.25052480942976246,
            0.09069518236788464,
            0.0,
            0.8881963354249223,
            0.0
        ],
        [
            0.0407607488787419,
            0.9733606866486659,
            0.30437648346617485,
            0.09621368773384427,
            0.0,
            0.02243866717479974,
            0.0
        ],
        [
            0.0,
            0.0,
            0.0,
            0.058261240684740874,
            0.9529100579262223,
            0.0,
            0.0
        ],
        [
            0.9788853920573595,
            0.041465019681568425,
            0.025914298393598094,
            0.0740411869561056,
            0.0,
            0.0,
            0.13699240268336801
        ]
    ],
    "num_matches": 6,
    "num_GT_boxes": 7,
    "used_labels": [
        "table",
        "chair",
        "dog",
        "people",
        "sofa",
        "cat"
    ]
}