{
    "bboxes": [
        [
            0.524775390625,
            0.7049874674479166,
            0.800455810546875,
            0.9569947916666667
        ],
        [
            0.4667856038411458,
            0.03211882527669271,
            0.862406982421875,
            0.951220703125
        ],
        [
            0.4689683024088542,
            0.03761857604980469,
            0.8601077473958333,
            0.832231201171875
        ]
    ],
    "labels": [
        "dinnerware",
        "tree",
        "tree"
    ],
    "scores": [
        0.9883070588111877,
        0.5387831330299377,
        0.22676965594291687
    ]
}