{
    "bboxes": [
        [
            0.506321533203125,
            0.586887451171875,
            0.757755615234375,
            0.7973888346354167
        ],
        [
            0.654864990234375,
            0.011245250701904297,
            0.9426771647135417,
            0.8111778971354167
        ]
    ],
    "labels": [
        "road",
        "tree"
    ],
    "scores": [
        0.9958803653717041,
        0.28983673453330994
    ]
}