{
    "matched_indices": [
        0,
        0,
        0,
        2,
        1,
        1,
        4,
        4,
        2,
        0,
        1,
        0,
        0,
        0,
        0,
        0,
        0,
        0,
        0,
        0,
        2,
        3,
        0,
        0,
        0,
        0,
        0,
        0
    ],
    "iou_matrix": [
        [
            0.0,
            0.0,
            0.0,
            0.0,
            0.0,
            0.0,
            0.0,
            0.0,
            0.0,
            0.0,
            0.0,
            0.9641723902871896,
            0.04130107742050957,
            0.019450336460428003,
            0.04913769211055498,
            0.030181556576526197,
            0.025080697014762413,
            0.02647504962853175,
            0.07335715278804492,
            0.033463123472395835,
            0.0,
            0.05715760545284682,
            0.03971163719187379,
            0.0,
            0.0,
            0.0,
            0.005931692387856436,
            0.010011508505997354
        ],
        [
            0.0,
            0.0,
            0.0,
            0.0,
            0.08076691440797179,
            0.06660441879532464,
            0.0,
            0.0,
            0.0,
            0.0,
            0.9826441294381508,
            0.0,
            0.0,
            0.0,
            0.0,
            0.0,
            0.0,
            0.0,
            0.0446590646903323,
            0.0,
            0.0,
            0.0,
            0.0,
            0.0,
            0.0,
            0.0,
            0.0,
            0.0
        ],
        [
            0.0,
            0.0,
            0.0,
            0.1413270535361934,
            0.0,
            0.0,
            0.0,
            0.0,
            0.9863884272892809,
            0.0,
            0.0,
            0.0,
            0.0,
            0.0,
            0.0,
            0.0,
            0.0,
            0.0,
            0.0,
            0.015020866709686836,
            0.11901480584856194,
            0.0,
            0.0,
            0.0,
            0.0,
            0.0,
            0.0,
            0.0
        ],
        [
            0.0,
            0.0,
            0.0,
            0.0,
            0.0,
            0.0,
            0.0,
            0.0,
            0.0,
            0.0,
            0.0,
            0.05271588609387333,
            0.0,
            0.0,
            0.017521424277643975,
            0.0,
            0.0,
            0.0,
            0.0,
            0.0,
            0.07539910105258296,
            0.9777044697421692,
            0.0,
            0.0,
            0.0,
            0.0,
            0.0,
            0.0
        ],
        [
            0.0,
            0.0,
            0.0,
            0.0,
            0.0,
            0.0,
            0.19784423665433906,
            0.9669064920211079,
            0.0,
            0.0,
            0.0,
            0.0,
            0.0,
            0.0,
            0.0,
            0.0,
            0.0,
            0.0,
            0.0,
            0.0,
            0.0,
            0.0,
            0.0,
            0.0,
            0.0,
            0.0,
            0.0,
            0.0
        ]
    ],
    "num_matches": 5,
    "num_GT_boxes": 28,
    "used_labels": [
        "cloud",
        "dog",
        "tree",
        "cup",
        "people",
        "mountain",
        "dinnerware",
        "cat",
        "sun",
        "picnic rug",
        "grass"
    ]
}