{
    "bboxes": [
        [
            0.13158145141601563,
            0.17176997884114584,
            0.6522093505859375,
            0.71146875
        ],
        [
            0.5317585042317708,
            0.17181787109375,
            0.8667809244791667,
            0.7147849934895834
        ],
        [
            0.5317585042317708,
            0.17181787109375,
            0.8667809244791667,
            0.7147849934895834
        ]
    ],
    "labels": [
        "dinnerware",
        "dinnerware",
        "picnic rug"
    ],
    "scores": [
        0.8343062996864319,
        0.2946014404296875,
        0.2355596274137497
    ]
}