{
    "mean_iou": 0.9081223996347859,
    "mean_dice": 0.9316525736516023,
    "missed_matches": 3,
    "total_matches": 14,
    "success_rate": 0.7857142857142857,
    "time": "2024-09-27 00:36:13"
}