{
    "bboxes": [
        [
            0.056793858846028646,
            0.8926553548177083,
            0.2385133056640625,
            0.9840194498697916
        ],
        [
            0.4800408528645833,
            0.8892403157552083,
            0.6653658040364583,
            0.9844358723958333
        ],
        [
            0.7597992350260416,
            0.545368896484375,
            0.9996748046875,
            0.8778558756510416
        ],
        [
            0.6528564046223958,
            0.10514925130208333,
            0.8113169759114583,
            0.2636890869140625
        ],
        [
            0.43527018229166664,
            0.718746826171875,
            0.5687693277994792,
            0.8770259602864583
        ],
        [
            0.38689208984375,
            0.14521729532877603,
            0.5705109049479167,
            0.31742252604166665
        ],
        [
            0.5490712076822917,
            0.5507567138671875,
            0.7736485188802084,
            0.8691839192708334
        ],
        [
            0.14000611368815105,
            0.37823518880208334,
            0.355330078125,
            0.87835498046875
        ],
        [
            0.866031005859375,
            0.211091064453125,
            0.9702714029947916,
            0.30107594807942706
        ],
        [
            0.612995361328125,
            0.2933760986328125,
            0.743824462890625,
            0.4079098714192708
        ],
        [
            0.039330462137858076,
            0.19896781412760417,
            0.15713646443684895,
            0.3025130004882812
        ],
        [
            0.23955021158854167,
            0.11910688273111979,
            0.3317419637044271,
            0.19623626708984376
        ],
        [
            0.0005161910851796468,
            0.6159049886067708,
            0.14241734822591146,
            0.8732286783854166
        ]
    ],
    "labels": [
        "sun",
        "sun",
        "road",
        "house",
        "road",
        "cloud",
        "road",
        "road",
        "airplane",
        "airplane",
        "airplane",
        "airplane",
        "road"
    ],
    "scores": [
        0.9435287117958069,
        0.9365578293800354,
        0.8867468237876892,
        0.8383058309555054,
        0.7739571332931519,
        0.6876381039619446,
        0.6769391298294067,
        0.5860973000526428,
        0.5787789821624756,
        0.5495482683181763,
        0.524105966091156,
        0.44386428594589233,
        0.4203636050224304
    ]
}