{
    "matched_indices": [
        0,
        2,
        2,
        0,
        1,
        0,
        1,
        1,
        2,
        4,
        2,
        0,
        2,
        6,
        0,
        4,
        0,
        6,
        4,
        4,
        0,
        0,
        0,
        0
    ],
    "iou_matrix": [
        [
            0.0,
            0.0,
            0.0,
            0.0,
            0.0,
            0.0,
            0.0,
            0.0,
            0.025887834017677035,
            0.0,
            0.10748438461997448,
            0.18226524455873938,
            0.2878613032590468,
            0.017011665112422702,
            0.9509379202612129,
            0.0,
            0.1023186874106888,
            0.0,
            0.0,
            0.0,
            0.0,
            0.0,
            0.0,
            0.0
        ],
        [
            0.0,
            0.0,
            0.0,
            0.0,
            0.0008036297911648308,
            0.0,
            0.019767927285218267,
            0.045256973379074944,
            0.0,
            0.0,
            0.0,
            0.014170915582867144,
            0.0,
            0.952548622312026,
            0.014081005706005782,
            0.0,
            0.0,
            0.05642578600977818,
            0.0,
            0.0,
            0.0,
            0.0,
            0.0,
            0.0
        ],
        [
            0.0,
            0.11677840972196536,
            0.2725038855437989,
            0.0,
            0.0,
            0.0,
            0.0,
            0.0,
            0.033705051516494625,
            0.0,
            0.12674186182201647,
            0.05763565012085251,
            0.42612099863221625,
            0.0,
            0.1500845141086717,
            0.0,
            0.0019810710315717964,
            0.0,
            0.0,
            0.0,
            0.0,
            0.0,
            0.0,
            0.0
        ],
        [
            0.0,
            0.11677840972196536,
            0.2725038855437989,
            0.0,
            0.0,
            0.0,
            0.0,
            0.0,
            0.033705051516494625,
            0.0,
            0.12674186182201647,
            0.05763565012085251,
            0.42612099863221625,
            0.0,
            0.1500845141086717,
            0.0,
            0.0019810710315717964,
            0.0,
            0.0,
            0.0,
            0.0,
            0.0,
            0.0,
            0.0
        ],
        [
            0.0,
            0.0,
            0.0,
            0.0,
            0.0,
            0.0,
            0.0,
            0.03350388509829099,
            0.0,
            0.04225995373635531,
            0.0,
            0.0,
            0.0,
            0.0,
            0.0,
            0.09519762081068726,
            0.0,
            0.0,
            0.021376634618226677,
            0.9517950134847779,
            0.0,
            0.0,
            0.0,
            0.0
        ],
        [
            0.0,
            0.0,
            0.0,
            0.0,
            0.0008036297911648308,
            0.0,
            0.019767927285218267,
            0.045256973379074944,
            0.0,
            0.0,
            0.0,
            0.014170915582867144,
            0.0,
            0.952548622312026,
            0.014081005706005782,
            0.0,
            0.0,
            0.05642578600977818,
            0.0,
            0.0,
            0.0,
            0.0,
            0.0,
            0.0
        ],
        [
            0.0,
            0.0,
            0.0,
            0.0,
            0.0,
            0.0,
            0.0045037517645429145,
            0.04325239452087116,
            0.0,
            0.0,
            0.0,
            0.013134061993111014,
            0.0,
            0.9765423078980773,
            0.013990881335083373,
            0.0,
            0.0,
            0.057060931016484046,
            0.0,
            0.0,
            0.0,
            0.0,
            0.0,
            0.0
        ],
        [
            0.0,
            0.0,
            0.0,
            0.0,
            0.0,
            0.0,
            0.0045037517645429145,
            0.04325239452087116,
            0.0,
            0.0,
            0.0,
            0.013134061993111014,
            0.0,
            0.9765423078980773,
            0.013990881335083373,
            0.0,
            0.0,
            0.057060931016484046,
            0.0,
            0.0,
            0.0,
            0.0,
            0.0,
            0.0
        ]
    ],
    "num_matches": 3,
    "num_GT_boxes": 24,
    "used_labels": [
        "airplane",
        "apple",
        "balloon",
        "banana",
        "basket",
        "bee",
        "bench",
        "bicycle",
        "bird",
        "bottle",
        "bucket",
        "bus",
        "butterfly",
        "car",
        "cat",
        "chair",
        "chicken",
        "cloud",
        "cow",
        "cup",
        "dinnerware",
        "dog",
        "duck",
        "fence",
        "flower",
        "grape",
        "grass",
        "horse",
        "house",
        "moon",
        "mountain",
        "people",
        "picnic rug",
        "pig",
        "rabbit",
        "road",
        "sheep",
        "sofa",
        "star",
        "street lamp",
        "sun",
        "table",
        "tree",
        "truck",
        "umbrella",
        "others"
    ]
}