{
    "matched_indices": [
        4,
        3,
        2,
        7,
        0,
        5,
        1,
        0,
        0,
        0,
        0,
        1,
        5
    ],
    "iou_matrix": [
        [
            0.0,
            0.0,
            0.0,
            0.06782014931627085,
            0.9819342132340442,
            0.0,
            0.0,
            0.008863939571029695,
            0.0,
            0.0,
            0.0,
            0.02050083957993706,
            0.0702810184784892
        ],
        [
            0.0,
            0.0,
            0.0,
            0.0,
            0.025216653117729745,
            0.19933644623625754,
            0.03101265377857378,
            0.0,
            0.0,
            0.0,
            0.0,
            0.9942400460684282,
            0.06081940242862826
        ],
        [
            0.0,
            0.0,
            0.9636118953132748,
            0.0,
            0.0,
            0.0,
            0.0,
            0.0,
            0.0,
            0.0,
            0.0,
            0.0,
            0.0
        ],
        [
            0.0,
            0.9771041951141919,
            0.0,
            0.027474457564565454,
            0.0,
            0.0,
            0.0,
            0.0,
            0.0,
            0.0,
            0.0,
            0.0,
            0.0
        ],
        [
            0.9927291963901491,
            0.0,
            0.0,
            0.0,
            0.0,
            0.0,
            0.0,
            0.0,
            0.0,
            0.0,
            0.0,
            0.0,
            0.0
        ],
        [
            0.0,
            0.0,
            0.0,
            0.0,
            0.0,
            0.9662641576966139,
            0.0,
            0.0,
            0.0,
            0.0,
            0.0,
            0.19673467297876346,
            0.1085934308019366
        ],
        [
            0.0,
            0.027450425706863388,
            0.0,
            0.9915226407925508,
            0.06384653396327782,
            0.0,
            0.0,
            0.0007615738370966671,
            0.0,
            0.0,
            0.0,
            0.0,
            0.054926475591709364
        ],
        [
            0.0,
            0.027656882575889115,
            0.0,
            0.9915448623157521,
            0.0641686928547022,
            0.0,
            0.0,
            0.0007724324375080453,
            0.0,
            0.0,
            0.0,
            0.0,
            0.05489098279082039
        ]
    ],
    "true_pos": 7,
    "false_pos": 1,
    "unmatched": 6,
    "num_GT_boxes": 13,
    "used_labels": [
        "tree",
        "moon",
        "star",
        "dog",
        "grass",
        "duck",
        "others"
    ]
}