{
    "bboxes": [
        [
            0.6791075439453125,
            0.19857784016927083,
            0.9055857747395833,
            0.3974239908854167
        ],
        [
            0.0009598805904388428,
            0.5029938557942708,
            0.2388859659830729,
            0.833847900390625
        ],
        [
            0.30577054850260416,
            0.06496461995442708,
            0.6125336100260417,
            0.76101513671875
        ],
        [
            0.30560072835286456,
            0.0652191619873047,
            0.6122487386067709,
            0.76061962890625
        ],
        [
            0.8384325358072917,
            0.06433961995442708,
            0.932264404296875,
            0.11885811360677083
        ],
        [
            0.492501953125,
            0.06457282002766927,
            0.6254889729817709,
            0.11985013834635416
        ],
        [
            0.04069653828938802,
            0.06572440592447917,
            0.2652850952148437,
            0.2642099405924479
        ]
    ],
    "labels": [
        "others",
        "car",
        "dog",
        "grass",
        "sun",
        "sun",
        "people"
    ],
    "scores": [
        0.9580869674682617,
        0.9488049745559692,
        0.7639978528022766,
        0.5444491505622864,
        0.504368007183075,
        0.4968085289001465,
        0.31174492835998535
    ]
}