{
    "bboxes": [
        [
            0.6634569905598958,
            0.7026636555989584,
            0.9314081217447917,
            0.9312095540364583
        ],
        [
            0.4375530598958333,
            0.7316223958333333,
            0.6524139811197917,
            0.9336666666666666
        ],
        [
            0.07631128946940104,
            0.3825933430989583,
            0.38784716796875,
            0.9321415201822917
        ],
        [
            0.5070030110677083,
            0.012923895517985026,
            0.989568115234375,
            0.7569038899739583
        ],
        [
            0.4980301513671875,
            0.009775399525960286,
            0.9933772786458334,
            0.924482666015625
        ],
        [
            0.5342437337239583,
            0.11957578531901042,
            0.9045855305989583,
            0.7471368001302083
        ],
        [
            0.0029906034469604492,
            0.0014408230781555176,
            0.9968907063802084,
            0.9700791829427083
        ],
        [
            0.0014450550079345703,
            0.0017489641507466634,
            0.4813380126953125,
            0.32497564697265624
        ],
        [
            0.4913376057942708,
            0.0010938345591227213,
            0.9975069173177084,
            0.32490069580078124
        ],
        [
            0.0013428926467895508,
            0.00046655531724294026,
            0.9980380859375,
            0.32841082763671875
        ],
        [
            0.059774693806966143,
            0.11997007242838542,
            0.3629329427083333,
            0.5342314046223958
        ],
        [
            0.4928306884765625,
            0.008161782582600911,
            0.9943489583333334,
            0.839540771484375
        ],
        [
            0.0029906034469604492,
            0.0014408230781555176,
            0.9968907063802084,
            0.9700791829427083
        ]
    ],
    "labels": [
        "grass",
        "grass",
        "tree",
        "dog",
        "dog",
        "dog",
        "people",
        "people",
        "people",
        "people",
        "dog",
        "dog",
        "cloud"
    ],
    "scores": [
        0.6356762647628784,
        0.6307883262634277,
        0.6284053325653076,
        0.3233223557472229,
        0.3226604759693146,
        0.3209983706474304,
        0.30724650621414185,
        0.2927514314651489,
        0.2846863865852356,
        0.26041358709335327,
        0.23996296525001526,
        0.23229527473449707,
        0.2261924147605896
    ]
}