{
    "bboxes": [
        [
            0.38567879231770835,
            0.7789456380208334,
            0.4568193359375,
            0.9358019205729167
        ],
        [
            0.5129779866536458,
            0.33890645345052084,
            0.5677236735026042,
            0.49328690592447916
        ],
        [
            0.6043329671223958,
            0.7187473958333334,
            0.7177569986979166,
            0.8507965494791667
        ],
        [
            0.492401611328125,
            0.6651903889973958,
            0.6247025553385417,
            0.8108841145833333
        ],
        [
            0.6527939860026042,
            0.7458379720052083,
            0.7837820638020834,
            0.8768028157552084
        ],
        [
            0.49251517740885414,
            0.5451575113932292,
            0.5983602701822917,
            0.6370869547526041
        ],
        [
            0.5456114501953125,
            0.4783727620442708,
            0.6381385091145834,
            0.5568074951171875
        ],
        [
            0.4125178629557292,
            0.49200410970052083,
            0.5050940755208333,
            0.5836918131510417
        ],
        [
            0.719054443359375,
            0.7851324869791667,
            0.824595703125,
            0.9037005208333333
        ],
        [
            0.14743601481119792,
            0.8132054036458334,
            0.2891675618489583,
            0.9261417643229166
        ],
        [
            0.10572925821940105,
            0.786196533203125,
            0.196399169921875,
            0.8875301920572917
        ],
        [
            0.0011420845190684,
            0.37091780598958335,
            0.9806005859375,
            0.9595721842447916
        ],
        [
            0.15763706461588542,
            0.06609239705403645,
            0.43551424153645835,
            0.810670166015625
        ],
        [
            0.15828751627604168,
            0.06538808186848959,
            0.43100032552083334,
            0.692266845703125
        ]
    ],
    "labels": [
        "bird",
        "bird",
        "balloon",
        "balloon",
        "balloon",
        "airplane",
        "airplane",
        "airplane",
        "balloon",
        "cup",
        "cup",
        "sun",
        "car",
        "car"
    ],
    "scores": [
        0.9954965114593506,
        0.993212103843689,
        0.9913255572319031,
        0.9911015033721924,
        0.9883652925491333,
        0.9882261157035828,
        0.9880421161651611,
        0.987071692943573,
        0.9793030619621277,
        0.6918653249740601,
        0.6157386302947998,
        0.5404853820800781,
        0.3229233920574188,
        0.20277439057826996
    ]
}