{
    "matched_indices": [
        0,
        0,
        0,
        4,
        2,
        13,
        11,
        2,
        1,
        0
    ],
    "iou_matrix": [
        [
            0.03864207156113786,
            0.13916579189663728,
            0.9949339411895436,
            0.025598667235974735,
            0.0,
            0.0,
            0.0,
            0.0,
            0.0,
            0.0
        ],
        [
            0.0,
            0.0,
            0.0,
            0.0,
            0.0,
            0.013934283495369064,
            0.1827113032923376,
            0.0,
            0.9427936031764427,
            0.0
        ],
        [
            0.0,
            0.0,
            0.0,
            0.0,
            0.06865554465103448,
            0.0,
            0.0,
            0.9655352739024277,
            0.0,
            0.0
        ],
        [
            0.0,
            0.0,
            0.0,
            0.0,
            0.0,
            0.013934283495369064,
            0.1827113032923376,
            0.0,
            0.9427936031764427,
            0.0
        ],
        [
            0.0,
            0.0,
            0.02445169825185586,
            0.9799566593443879,
            0.03117415416891226,
            0.0,
            0.0,
            0.0,
            0.0,
            0.0
        ],
        [
            0.0,
            0.0,
            0.0,
            0.0,
            0.0,
            0.009075931915017026,
            0.11178593692862661,
            0.0,
            0.7305521745873699,
            0.0
        ],
        [
            0.0,
            0.0,
            0.0,
            0.0,
            0.0,
            0.0,
            0.0581202368555822,
            0.0,
            0.22529724748797544,
            0.0
        ],
        [
            0.0,
            0.0,
            0.02445169825185586,
            0.9799566593443879,
            0.03117415416891226,
            0.0,
            0.0,
            0.0,
            0.0,
            0.0
        ],
        [
            0.0,
            0.0,
            0.0,
            0.0,
            0.0,
            0.013934283495369064,
            0.1827113032923376,
            0.0,
            0.9427936031764427,
            0.0
        ],
        [
            0.03864207156113786,
            0.13916579189663728,
            0.9949339411895436,
            0.025598667235974735,
            0.0,
            0.0,
            0.0,
            0.0,
            0.0,
            0.0
        ],
        [
            0.0,
            0.0,
            0.0,
            0.0,
            0.06865554465103448,
            0.0,
            0.0,
            0.9655352739024277,
            0.0,
            0.0
        ],
        [
            0.0,
            0.006137446732186933,
            0.0,
            0.0,
            0.0,
            0.3815334927689563,
            0.8300074719703244,
            0.0,
            0.11311082290574602,
            0.0
        ],
        [
            0.03864207156113786,
            0.13916579189663728,
            0.9949339411895436,
            0.025598667235974735,
            0.0,
            0.0,
            0.0,
            0.0,
            0.0,
            0.0
        ],
        [
            0.0,
            0.012278320753884535,
            0.0,
            0.0,
            0.0,
            0.6030067353585261,
            0.14006796511628836,
            0.0,
            0.0,
            0.0
        ],
        [
            0.0,
            0.0,
            0.02445169825185586,
            0.9799566593443879,
            0.03117415416891226,
            0.0,
            0.0,
            0.0,
            0.0,
            0.0
        ],
        [
            0.0,
            0.0,
            0.0,
            0.0,
            0.048990134338667196,
            0.0,
            0.0,
            0.6693393085534605,
            0.0,
            0.0
        ],
        [
            0.0,
            0.0,
            0.0,
            0.0,
            0.05090226796118561,
            0.0,
            0.0,
            0.6999596158032751,
            0.0,
            0.0
        ],
        [
            0.0,
            0.0,
            0.0,
            0.0,
            0.0,
            0.013934283495369064,
            0.1827113032923376,
            0.0,
            0.9427936031764427,
            0.0
        ],
        [
            0.0,
            0.006137446732186933,
            0.0,
            0.0,
            0.0,
            0.3815334927689563,
            0.8300074719703244,
            0.0,
            0.11311082290574602,
            0.0
        ],
        [
            0.0,
            0.006137446732186933,
            0.0,
            0.0,
            0.0,
            0.3815334927689563,
            0.8300074719703244,
            0.0,
            0.11311082290574602,
            0.0
        ],
        [
            0.0,
            0.0,
            0.0,
            0.0,
            0.06865554465103448,
            0.0,
            0.0,
            0.9655352739024277,
            0.0,
            0.0
        ],
        [
            0.0,
            0.0017581987652965582,
            0.0,
            0.0,
            0.0,
            0.18482350851825438,
            0.0,
            0.0,
            0.0,
            0.0
        ],
        [
            0.0,
            0.0,
            0.0,
            0.0,
            0.06865554465103448,
            0.0,
            0.0,
            0.9655352739024277,
            0.0,
            0.0
        ]
    ],
    "num_matches": 6,
    "num_GT_boxes": 10,
    "used_labels": [
        "airplane",
        "apple",
        "balloon",
        "banana",
        "basket",
        "bee",
        "bench",
        "bicycle",
        "bird",
        "bottle",
        "bucket",
        "bus",
        "butterfly",
        "car",
        "cat",
        "chair",
        "chicken",
        "cloud",
        "cow",
        "cup",
        "dinnerware",
        "dog",
        "duck",
        "fence",
        "flower",
        "grape",
        "grass",
        "horse",
        "house",
        "moon",
        "mountain",
        "people",
        "picnic rug",
        "pig",
        "rabbit",
        "road",
        "sheep",
        "sofa",
        "star",
        "street lamp",
        "sun",
        "table",
        "tree",
        "truck",
        "umbrella",
        "others"
    ]
}