{
    "matched_indices": [
        15,
        2,
        0,
        7,
        8,
        6,
        4,
        5,
        15,
        11,
        6,
        14,
        3,
        10
    ],
    "iou_matrix": [
        [
            0.23670471893449108,
            0.18511629191755327,
            0.9776156407066839,
            0.06336425673889727,
            0.0,
            0.0,
            0.022991512986403742,
            0.0,
            0.0,
            0.01872525044661308,
            0.0,
            0.016484055282164047,
            0.0,
            0.005224472064287991
        ],
        [
            0.051231948347913975,
            0.16027075556507023,
            0.056101047769869176,
            0.36557130791348874,
            0.3847267152466011,
            0.2945656156348658,
            0.0,
            0.0,
            0.0016832755842833558,
            0.019093569086816805,
            0.01693443708725072,
            0.0,
            0.0,
            0.24137765217998974
        ],
        [
            0.2582135761462148,
            0.9291179786039441,
            0.1762405911405275,
            0.0796063439905768,
            0.10595173019784368,
            0.011409209403629666,
            0.0,
            0.0,
            0.0,
            0.0,
            0.0,
            0.0,
            0.0,
            0.0
        ],
        [
            0.0,
            0.0,
            0.03406236845191415,
            0.1186488008401923,
            0.11091601682316364,
            0.10665906922021001,
            0.0,
            0.0,
            0.0,
            0.016454546779638417,
            7.157946911394585e-05,
            0.0072243456135008795,
            0.025754153784937537,
            0.8232534825226159
        ],
        [
            0.0,
            0.0,
            0.023085331179867635,
            0.0,
            0.0,
            0.0,
            0.9615287679759144,
            0.0,
            0.0,
            0.0,
            0.0,
            0.0,
            0.0,
            0.0
        ],
        [
            0.0,
            0.0,
            0.0,
            0.0,
            0.0,
            0.0,
            0.0,
            0.9312952118890404,
            0.0,
            0.0,
            0.0,
            0.0,
            0.0,
            0.0
        ],
        [
            0.0,
            0.013923144911784872,
            0.0,
            0.0,
            0.029463394396593335,
            0.9828627987583739,
            0.0,
            0.0,
            0.00040086851030739175,
            0.0,
            0.05026306088768332,
            0.0,
            0.0,
            0.10872120450895878
        ],
        [
            0.0008999978769689025,
            0.09979772773010029,
            0.06549004387679373,
            0.9841257930123068,
            0.18797294581294297,
            0.0,
            0.0,
            0.0,
            0.0,
            0.04840897491903229,
            0.0,
            0.0,
            0.0,
            0.11935834687265687
        ],
        [
            0.029646907827731134,
            0.118075329574345,
            0.0,
            0.13475029628298643,
            0.891137022523108,
            0.037412285818690605,
            0.0,
            0.0,
            0.0,
            0.0,
            0.0,
            0.0,
            0.0,
            0.10158829518448384
        ],
        [
            0.0,
            0.012843491805482603,
            0.11544603773041992,
            0.0,
            0.0,
            0.0,
            0.029436145457256882,
            0.0,
            0.0,
            0.0,
            0.0,
            0.0,
            0.0,
            0.0
        ],
        [
            0.0,
            0.0,
            0.026004698012086665,
            0.12521696844276378,
            0.11674309528756169,
            0.11318483824468345,
            0.0,
            0.0,
            0.0,
            0.01592381292575705,
            0.0,
            0.0007679801963708033,
            0.00643364142251198,
            0.9117903663856939
        ],
        [
            0.0,
            0.0,
            0.019203666108818303,
            0.04428146494431237,
            0.0,
            0.0,
            0.0,
            0.0,
            0.0,
            0.9092787268657749,
            0.0,
            0.0,
            0.0,
            0.008422928570792187
        ],
        [
            0.23378672641713946,
            0.5399888738807683,
            0.08394349570112022,
            0.09998067401287324,
            0.12749549999259138,
            0.0,
            0.0,
            0.0,
            0.0,
            0.0,
            0.0,
            0.0,
            0.0,
            0.0
        ],
        [
            0.0,
            0.06067484593807098,
            0.05200913589863779,
            0.8651845316148601,
            0.17202331019177702,
            0.0,
            0.0,
            0.0,
            0.0,
            0.054352846471226575,
            0.0,
            0.0,
            0.0,
            0.1226739323797905
        ],
        [
            0.3013566295502369,
            0.1410436357292987,
            0.7168706145201951,
            0.08066420157120958,
            0.0,
            0.0,
            0.0,
            0.0,
            0.0,
            0.025629087492194984,
            0.0,
            0.022061812741922326,
            0.0,
            0.005548004381679467
        ],
        [
            0.38217135029556426,
            0.34357005848405153,
            0.34007266129141117,
            0.0,
            0.009220884467171848,
            0.0,
            0.04416439930960293,
            0.042601466107816906,
            0.0063093286843777996,
            0.0,
            0.0,
            0.0,
            0.0,
            0.0
        ],
        [
            0.2909499585316528,
            0.7758580526283974,
            0.15308533829244486,
            0.021835808693165915,
            0.05042287902614895,
            0.0015117772033794875,
            0.0,
            0.0,
            0.0,
            0.0,
            0.0,
            0.0,
            0.0,
            0.0
        ]
    ],
    "true_pos": 9,
    "false_pos": 8,
    "unmatched": 5,
    "num_GT_boxes": 14,
    "used_labels": [
        "house",
        "people",
        "cloud",
        "grass",
        "tree",
        "road",
        "mountain"
    ]
}