{
    "matched_indices": [
        2,
        1,
        0,
        6,
        5,
        7,
        11,
        8,
        4,
        3,
        13
    ],
    "iou_matrix": [
        [
            0.014384328792329383,
            0.004162297033097292,
            0.9859130365726176,
            0.0,
            0.0,
            0.0,
            0.0,
            0.0,
            0.0,
            0.0,
            0.0
        ],
        [
            0.05197202338985298,
            0.9892284950871005,
            0.0027399726290484134,
            0.013293369609840504,
            0.001923260609052876,
            0.0,
            0.0,
            0.002425097279495854,
            0.0,
            0.0,
            0.0
        ],
        [
            0.97345538939252,
            0.050617342011592216,
            0.00994558711696335,
            0.0,
            0.0,
            0.0,
            0.0,
            0.0,
            0.0,
            0.0,
            0.0
        ],
        [
            0.0,
            0.0,
            0.0,
            0.0,
            0.0,
            0.0,
            0.0,
            0.0,
            0.0,
            0.7864165609439592,
            0.0
        ],
        [
            0.0,
            0.0,
            0.0,
            0.0,
            0.10716088583921116,
            0.0,
            0.0,
            0.0,
            0.4236918373636412,
            0.0,
            0.030674035540021596
        ],
        [
            0.0,
            0.0027764638668011468,
            0.0,
            0.0,
            0.5867942951072566,
            0.0,
            0.0,
            0.0,
            0.0,
            0.0,
            0.017102245697493985
        ],
        [
            0.0,
            0.014406376122163037,
            0.0,
            0.44276951537411957,
            0.0,
            0.0,
            0.0,
            0.04252384606701293,
            0.0,
            0.0,
            0.0
        ],
        [
            0.0,
            0.0,
            0.0,
            0.0,
            0.0,
            0.7031484509045471,
            0.0,
            0.0,
            0.0,
            0.0,
            0.0001647038990371928
        ],
        [
            0.0,
            0.00423011900296266,
            0.0,
            0.2293103720743331,
            0.0,
            0.0,
            0.0,
            0.42837441542710547,
            0.0,
            0.0,
            0.02642176475106135
        ],
        [
            0.0,
            0.002856269165262505,
            0.0,
            0.12442608610153359,
            0.0,
            0.0,
            0.0,
            0.3265535686595186,
            0.0,
            0.0,
            0.013392804549436206
        ],
        [
            0.0,
            0.005785154507705957,
            0.0,
            0.0,
            0.5202135082078116,
            0.0,
            0.0,
            0.0,
            0.0,
            0.0,
            0.01809125137454291
        ],
        [
            0.0,
            0.0,
            0.0,
            0.0,
            0.0,
            0.0,
            0.9868658099032969,
            0.0,
            0.0,
            0.0,
            0.0008708753220000239
        ],
        [
            0.0,
            0.0,
            0.0,
            0.0,
            0.0,
            0.3970965616250151,
            0.22325663963637915,
            0.0,
            0.0,
            0.0,
            0.007999348518533263
        ],
        [
            0.0,
            0.003416501957001596,
            0.0,
            0.0,
            0.5719113900389124,
            0.0,
            0.0,
            0.0,
            0.27052246265493507,
            0.0,
            0.05875150276883076
        ]
    ],
    "true_pos": 7,
    "false_pos": 7,
    "unmatched": 4,
    "num_GT_boxes": 11,
    "used_labels": [
        "tree",
        "house",
        "fence",
        "flower",
        "bench",
        "road"
    ]
}