{
    "bboxes": [
        [
            0.8263655598958334,
            0.6004278157552083,
            0.955813720703125,
            0.7282587890625
        ],
        [
            0.08202597045898438,
            0.37789599609375,
            0.5424035237630208,
            0.7389059244791667
        ],
        [
            0.6411249186197917,
            0.3765553385416667,
            0.75651904296875,
            0.7360799967447916
        ]
    ],
    "labels": [
        "horse",
        "horse",
        "horse"
    ],
    "scores": [
        0.39644867181777954,
        0.31059399247169495,
        0.21816153824329376
    ]
}