{
    "bboxes": [
        [
            0.70600634765625,
            0.571912841796875,
            0.8504078776041667,
            0.7439287109375
        ],
        [
            0.6127310384114584,
            0.7051648763020834,
            0.7839231770833334,
            0.91740478515625
        ],
        [
            0.052886932373046876,
            0.05235798136393229,
            0.35859765625,
            0.1560952860514323
        ],
        [
            0.0006487145821253459,
            0.2654493611653646,
            0.19828914388020832,
            0.878505859375
        ],
        [
            0.6288297932942708,
            0.06643063354492187,
            0.9155050455729167,
            0.1566814473470052
        ],
        [
            0.2000851847330729,
            0.5850909016927084,
            0.357452880859375,
            0.744344970703125
        ],
        [
            0.3601909993489583,
            0.09172762044270834,
            0.6244504801432291,
            0.35758744303385415
        ],
        [
            0.6782289632161458,
            0.26450882975260415,
            0.8294652506510417,
            0.5584697265625
        ],
        [
            0.2000851847330729,
            0.5850909016927084,
            0.357452880859375,
            0.744344970703125
        ],
        [
            0.06545809936523438,
            0.266536865234375,
            0.19899332682291668,
            0.6487729899088541
        ],
        [
            0.7860729166666667,
            0.25133760579427084,
            0.9872213541666667,
            0.6460770670572916
        ],
        [
            0.0007400959332784017,
            0.35879500325520836,
            0.15577016194661458,
            0.8791066080729166
        ],
        [
            0.786500732421875,
            0.25143509928385416,
            0.9989755859375,
            0.8643458658854166
        ]
    ],
    "labels": [
        "mountain",
        "sun",
        "others",
        "cow",
        "others",
        "mountain",
        "sheep",
        "cow",
        "rabbit",
        "cow",
        "cow",
        "cow",
        "cow"
    ],
    "scores": [
        0.8164925575256348,
        0.5475125312805176,
        0.5008421540260315,
        0.45690619945526123,
        0.4557989537715912,
        0.35112464427948,
        0.3238738477230072,
        0.3206864893436432,
        0.25191792845726013,
        0.24505874514579773,
        0.23770453035831451,
        0.2281818687915802,
        0.20227542519569397
    ]
}