{
    "matched_indices": [
        0,
        2,
        0,
        2,
        0,
        0,
        5,
        1,
        2,
        6,
        2,
        1,
        0,
        2,
        0
    ],
    "iou_matrix": [
        [
            0.9915984703262436,
            0.0,
            0.0,
            0.007805479723920576,
            0.0,
            0.0,
            0.009596935598238475,
            0.06872217340416464,
            0.001582109469384719,
            0.0,
            0.0,
            0.0,
            0.0,
            0.0,
            0.0
        ],
        [
            0.06879295137514493,
            0.0,
            0.0,
            0.0,
            0.0,
            0.0,
            0.0,
            0.9643033572906303,
            0.0,
            0.0,
            0.0,
            0.131691374338707,
            0.0,
            0.0,
            0.0
        ],
        [
            0.007871932267214173,
            0.2664627287721572,
            0.0,
            0.9873699681045464,
            0.0,
            0.0,
            0.0,
            0.0,
            0.14840613699355845,
            0.0,
            0.019558615310081143,
            0.0,
            0.0,
            0.0035944542885357556,
            0.0
        ],
        [
            0.06879295137514493,
            0.0,
            0.0,
            0.0,
            0.0,
            0.0,
            0.0,
            0.9643033572906303,
            0.0,
            0.0,
            0.0,
            0.131691374338707,
            0.0,
            0.0,
            0.0
        ],
        [
            0.007871932267214173,
            0.2664627287721572,
            0.0,
            0.9873699681045464,
            0.0,
            0.0,
            0.0,
            0.0,
            0.14840613699355845,
            0.0,
            0.019558615310081143,
            0.0,
            0.0,
            0.0035944542885357556,
            0.0
        ],
        [
            0.014155858037767085,
            0.0,
            0.0,
            0.0,
            0.0,
            0.0,
            0.29149795044694765,
            0.0,
            0.0,
            0.7157624683116118,
            0.0,
            0.0,
            0.0,
            0.0,
            0.0
        ],
        [
            0.0,
            0.0,
            0.0,
            0.0,
            0.0,
            0.0,
            0.13927656806097566,
            0.0,
            0.0,
            0.9846176632318652,
            0.0,
            0.0,
            0.0,
            0.0,
            0.0
        ]
    ],
    "num_matches": 4,
    "num_GT_boxes": 15,
    "used_labels": [
        "cloud",
        "dog",
        "tree",
        "people",
        "house",
        "flower",
        "grass",
        "cat",
        "sun",
        "bench"
    ]
}