{
    "matched_indices": [
        3,
        12,
        16,
        1,
        5,
        2,
        0,
        10,
        18,
        20,
        12,
        13
    ],
    "iou_matrix": [
        [
            0.0,
            0.0,
            0.0,
            0.0,
            0.03945955371115458,
            0.0,
            0.8267342299035462,
            0.1160287410683282,
            0.0,
            0.0,
            0.0,
            0.0
        ],
        [
            0.13902509135533425,
            0.0,
            0.07145549091557159,
            0.9803844480659577,
            0.0,
            0.1057489350142277,
            0.0,
            0.0,
            0.031713283299904575,
            0.0,
            0.0,
            0.035661713749411954
        ],
        [
            0.0,
            0.0,
            0.021651348077825358,
            0.060918710475785044,
            0.1529738234482965,
            0.8069261867828429,
            0.0,
            0.0,
            0.0,
            0.06376056186961906,
            0.0,
            0.0
        ],
        [
            0.864627467103687,
            0.0,
            0.0,
            0.11769938638669945,
            0.0,
            0.0,
            0.0,
            0.0,
            0.0,
            0.0,
            0.0,
            0.18657083107090058
        ],
        [
            0.0,
            0.0,
            0.036035760302380024,
            0.0,
            0.15158048324804063,
            0.0,
            0.0,
            0.0,
            0.0,
            0.0,
            0.0,
            0.0
        ],
        [
            0.0,
            0.0,
            0.24993541677959166,
            0.0,
            0.9579027417496911,
            0.17528596502416194,
            0.035530324648932694,
            0.0,
            0.0,
            0.0,
            0.0,
            0.0
        ],
        [
            0.0,
            0.0,
            0.2677845226474912,
            0.0,
            0.021873721978287748,
            0.0,
            0.0,
            0.0,
            0.0,
            0.0,
            0.0,
            0.0
        ],
        [
            0.0,
            0.0,
            0.16463545473620994,
            0.0,
            0.6914525039371334,
            0.21770848713482038,
            0.04875630215617175,
            0.0,
            0.0,
            0.0,
            0.0,
            0.0
        ],
        [
            0.0,
            0.10592447016365845,
            0.2755108971386649,
            0.0,
            0.102166865805934,
            0.0,
            0.0,
            0.0,
            0.0,
            0.0,
            0.0,
            0.0
        ],
        [
            0.5713225163217998,
            0.0,
            0.0,
            0.016904420872182063,
            0.0,
            0.0,
            0.0,
            0.0,
            0.0,
            0.0,
            0.0,
            0.16331072152807208
        ],
        [
            0.0,
            0.0,
            0.0,
            0.0,
            0.0,
            0.00014436247806515144,
            0.1374334416563223,
            0.9682296880813892,
            0.0,
            0.0,
            0.0,
            0.0
        ],
        [
            0.2119802924476835,
            0.0,
            0.0,
            0.08229639088285409,
            0.0,
            0.0,
            0.0,
            0.0,
            0.38984071235162376,
            0.0,
            0.0,
            0.3661822802916165
        ],
        [
            0.0,
            0.9928439619156904,
            0.09291461754806632,
            0.0,
            0.0,
            0.0,
            0.0,
            0.0,
            0.0,
            0.0,
            0.15102975515774217,
            0.0
        ],
        [
            0.2583353574450666,
            0.0,
            0.0,
            0.039878603432848284,
            0.0,
            0.0,
            0.0,
            0.0,
            0.0,
            0.0,
            0.0,
            0.8977136348452198
        ],
        [
            0.2119802924476835,
            0.0,
            0.0,
            0.08229639088285409,
            0.0,
            0.0,
            0.0,
            0.0,
            0.38984071235162376,
            0.0,
            0.0,
            0.3661822802916165
        ],
        [
            0.05962373367986938,
            0.0,
            0.14059052379492717,
            0.3426450349517809,
            0.17790428895294594,
            0.6405233388464281,
            0.0,
            0.0,
            0.020451657990984015,
            0.03315262492987676,
            0.0,
            0.01410576937076681
        ],
        [
            0.0008141515936161242,
            0.1453436267621246,
            0.8540620959836125,
            0.06519886177521761,
            0.22180560889748632,
            0.07884710862633795,
            0.0,
            0.0,
            0.0,
            0.0,
            0.039552603525280075,
            0.0
        ],
        [
            0.005925320322489257,
            0.0,
            0.029663108043436266,
            0.2287869926942011,
            0.13660078403356685,
            0.7125245285165585,
            0.0,
            0.0,
            0.0005857939430629964,
            0.04765154402377571,
            0.0,
            0.0
        ],
        [
            0.0,
            0.0,
            0.0,
            0.02836929266944267,
            0.0,
            0.0,
            0.0,
            0.0,
            0.9190883692728762,
            0.0,
            0.0,
            0.0
        ],
        [
            0.0,
            0.10610873202247526,
            0.2766778659205513,
            0.0,
            0.10263799142999798,
            0.0,
            0.0,
            0.0,
            0.0,
            0.0,
            0.0,
            0.0
        ],
        [
            0.0,
            0.0,
            0.0,
            0.0,
            0.0,
            0.047891928727965064,
            0.0,
            0.0,
            0.0,
            0.8838455049435667,
            0.0,
            0.0
        ],
        [
            0.0,
            0.10592447016365845,
            0.2755108971386649,
            0.0,
            0.102166865805934,
            0.0,
            0.0,
            0.0,
            0.0,
            0.0,
            0.0,
            0.0
        ],
        [
            0.0,
            0.9928439619156904,
            0.09291461754806632,
            0.0,
            0.0,
            0.0,
            0.0,
            0.0,
            0.0,
            0.0,
            0.15102975515774217,
            0.0
        ]
    ],
    "true_pos": 11,
    "false_pos": 12,
    "unmatched": 1,
    "num_GT_boxes": 12,
    "used_labels": [
        "chair",
        "house",
        "dog",
        "people",
        "grass",
        "cloud",
        "tree",
        "cow",
        "sun"
    ]
}