{
    "bboxes": [
        [
            0.69161669921875,
            0.33116595458984377,
            0.945201416015625,
            0.5575048014322916
        ],
        [
            0.43951338704427084,
            0.21166701253255207,
            0.704359619140625,
            0.47756705729166665
        ],
        [
            0.0011084674994150797,
            0.6112908935546875,
            0.999041748046875,
            0.9288567708333333
        ],
        [
            0.07945652262369791,
            0.2919753214518229,
            0.4637842610677083,
            0.6208371175130208
        ],
        [
            0.3987099202473958,
            0.07811564636230468,
            0.5583528645833333,
            0.15831600952148436
        ],
        [
            0.7463311360677083,
            0.7327000325520834,
            0.8511962076822917,
            0.8628002115885417
        ],
        [
            0.8252928873697917,
            0.06462820943196615,
            0.958586181640625,
            0.14508477783203125
        ],
        [
            0.03970660654703776,
            0.06556575520833334,
            0.2387271931966146,
            0.2643727010091146
        ],
        [
            0.6389531656901042,
            0.7979783528645833,
            0.7190706380208334,
            0.88422509765625
        ],
        [
            0.3869627685546875,
            0.7458799641927083,
            0.48532271321614584,
            0.8253291015625
        ],
        [
            0.2053203125,
            0.77179150390625,
            0.28671978759765626,
            0.8537674967447917
        ],
        [
            0.1756846923828125,
            0.7716714680989584,
            0.28950006103515624,
            0.907403076171875
        ],
        [
            0.17629925537109375,
            0.7716659342447917,
            0.2867391560872396,
            0.8543404947916666
        ]
    ],
    "labels": [
        "fence",
        "fence",
        "others",
        "fence",
        "road",
        "sheep",
        "road",
        "flower",
        "sheep",
        "sheep",
        "sheep",
        "sheep",
        "sheep"
    ],
    "scores": [
        0.9493902325630188,
        0.9318730235099792,
        0.8582733273506165,
        0.8203760981559753,
        0.5783700942993164,
        0.5380681753158569,
        0.5320616960525513,
        0.44461145997047424,
        0.3342435657978058,
        0.31331735849380493,
        0.26137837767601013,
        0.23965659737586975,
        0.22267764806747437
    ]
}