{
    "mean_iou": 0.9285964717169678,
    "mean_dice": 0.9537676575420506,
    "missed_matches": 2,
    "total_matches": 19,
    "success_rate": 0.8947368421052632,
    "time": "2024-09-27 00:32:55"
}