{
    "matched_indices": [
        18,
        15,
        17,
        12,
        13,
        3,
        2,
        10,
        6,
        5,
        9,
        8,
        11,
        7,
        1,
        4,
        0,
        14
    ],
    "iou_matrix": [
        [
            0.0,
            0.0,
            0.0,
            0.0,
            0.0,
            0.0,
            0.0,
            0.0,
            0.0,
            0.023972362314673593,
            0.0,
            0.0,
            0.0,
            0.0,
            0.0,
            0.0,
            0.9775746989709498,
            0.0
        ],
        [
            0.0,
            0.0,
            0.0,
            0.0,
            0.0,
            0.0,
            0.0,
            0.0,
            0.0,
            0.027924907068225924,
            0.0,
            0.0,
            0.0,
            0.0,
            0.970889179675641,
            0.0,
            0.0,
            0.0
        ],
        [
            0.0,
            0.0,
            0.0,
            0.0,
            0.0,
            0.002369677287178304,
            0.9763667748569759,
            0.0,
            0.0,
            0.021687310379443724,
            0.0,
            0.0,
            0.0,
            0.0,
            0.0,
            0.0,
            0.0,
            0.0
        ],
        [
            0.0,
            0.0,
            0.0,
            0.0,
            0.0,
            0.976579868704791,
            0.0026755863290327114,
            0.0,
            0.0,
            0.02422640352256876,
            0.0,
            0.0,
            0.0,
            0.0,
            0.0,
            0.0,
            0.0,
            0.0
        ],
        [
            0.0,
            0.0,
            0.0,
            0.0,
            0.0,
            0.0,
            0.0,
            0.0,
            0.0,
            0.008722796560899427,
            0.0,
            0.0,
            0.0,
            0.0,
            0.0,
            0.9784534967991932,
            0.0,
            0.0
        ],
        [
            0.09572129178198437,
            0.050815980257148584,
            0.005922572136263499,
            0.0,
            0.006881027523221333,
            0.024204083507155503,
            0.021500705844292707,
            0.0021205701657143906,
            0.002594998921860013,
            0.9730484740697518,
            0.009020155344281553,
            0.009020155344281562,
            0.010523514568328488,
            0.020044789653959016,
            0.02806270551554261,
            0.008643435454104415,
            0.023841501362030053,
            0.16287914402598289
        ],
        [
            0.03731080473555799,
            0.0,
            0.0,
            0.0,
            0.0,
            0.0,
            0.0,
            0.0,
            0.9566704478655794,
            8.66683273324993e-05,
            0.0,
            0.0,
            0.0,
            0.0,
            0.0,
            0.0,
            0.0,
            0.013350146277759484
        ],
        [
            0.0,
            0.0,
            0.0,
            0.0,
            0.0,
            0.0,
            0.0,
            0.0,
            0.0,
            0.019852574332213036,
            0.0,
            0.0,
            0.0,
            0.9663240556204693,
            0.0,
            0.0,
            0.0,
            0.0
        ],
        [
            0.0,
            0.0,
            0.0,
            0.0,
            0.0,
            0.0,
            0.0,
            0.0,
            0.0,
            0.008703383045523599,
            0.0,
            0.9414159327574688,
            0.0,
            0.0,
            0.0,
            0.0,
            0.0,
            0.0
        ],
        [
            0.057744115035017585,
            0.0,
            0.0,
            0.0,
            0.0,
            0.0,
            0.0,
            0.0,
            0.0,
            0.008886700501518626,
            0.9612447709142652,
            0.0,
            0.0,
            0.0,
            0.0,
            0.0,
            0.0,
            0.040240492764595084
        ],
        [
            0.034794776593597275,
            0.010430619828874386,
            0.0,
            0.0,
            0.0,
            0.0,
            0.0,
            0.827443878619825,
            0.0,
            0.0,
            0.0,
            0.0,
            0.0,
            0.0,
            0.0,
            0.0,
            0.0,
            0.012261771444770144
        ],
        [
            0.0,
            0.0,
            0.0,
            0.0,
            0.0,
            0.0,
            0.0,
            0.0,
            0.0,
            0.01032674728486635,
            0.0,
            0.0,
            0.9574369982683225,
            0.0,
            0.0,
            0.0,
            0.0,
            0.0
        ],
        [
            0.01036392219912959,
            0.0,
            0.0,
            0.9150421554383884,
            0.009572204892223808,
            0.0,
            0.0,
            0.0,
            0.0,
            0.0,
            0.0,
            0.0,
            0.0,
            0.0,
            0.0,
            0.0,
            0.0,
            0.0
        ],
        [
            0.09577744512931675,
            0.0,
            0.15874286203270993,
            0.010979138293276201,
            0.9632113564444816,
            0.0,
            0.0,
            0.0,
            0.0,
            0.0,
            0.0,
            0.0,
            0.0,
            0.0,
            0.0,
            0.0,
            0.0,
            0.03348190643692616
        ],
        [
            0.44885050338193855,
            0.21712004844423743,
            0.028493645470901448,
            0.0,
            0.03399978151034774,
            0.0,
            0.0,
            0.01069462842161554,
            0.01306038630140433,
            0.13793754209644657,
            0.04212153607495919,
            0.0,
            0.0,
            0.0,
            0.0,
            0.0,
            0.0,
            0.9938597427039988
        ],
        [
            0.21839082626959722,
            0.9853453860670766,
            0.0,
            0.0,
            0.0,
            0.0,
            0.0,
            0.010575438149250646,
            0.0,
            0.04530203939568959,
            0.0,
            0.0,
            0.0,
            0.0,
            0.0,
            0.0,
            0.0,
            0.21663254752673813
        ],
        [
            0.08498407318941971,
            0.0,
            0.5569072274921845,
            0.0,
            0.31585388189366237,
            0.0,
            0.0,
            0.0,
            0.0,
            0.00525229772872606,
            0.03835580773092093,
            0.0,
            0.0,
            0.0,
            0.0,
            0.0,
            0.0,
            0.03870447399359623
        ],
        [
            0.04487825122045972,
            0.0,
            0.7864301550232565,
            0.0,
            0.09132407081957404,
            0.0,
            0.0,
            0.0,
            0.0,
            0.0037069470356731766,
            0.0,
            0.0,
            0.0,
            0.0,
            0.0,
            0.0,
            0.0,
            0.025148938034931734
        ],
        [
            0.4609721854357008,
            0.21847007852813052,
            0.02919331278552085,
            0.0006186373401374665,
            0.03731025518416477,
            0.0,
            0.0,
            0.011698881954713925,
            0.014291371349357486,
            0.13782022875468036,
            0.04126730393351307,
            0.0,
            0.0,
            0.0,
            0.0,
            0.0,
            0.0,
            0.9798134232144532
        ],
        [
            0.017427848915226304,
            0.0,
