{
    "bboxes": [
        [
            0.08069159835577011,
            0.23808553814888,
            0.28258875012397766,
            0.9171274304389954
        ],
        [
            0.3765295743942261,
            0.46531859040260315,
            0.7309231758117676,
            0.9144092798233032
        ],
        [
            0.3765295743942261,
            0.46531859040260315,
            0.7309231758117676,
            0.9144092798233032
        ],
        [
            0.3765295743942261,
            0.46531859040260315,
            0.7309231758117676,
            0.9144092798233032
        ],
        [
            0.7456167340278625,
            0.6103096604347229,
            0.9360718727111816,
            0.8921844363212585
        ],
        [
            0.7452604174613953,
            0.5705334544181824,
            0.9362568855285645,
            0.8926852941513062
        ],
        [
            0.08876709640026093,
            0.4690402150154114,
            0.25560563802719116,
            0.9179703593254089
        ],
        [
            0.7587153911590576,
            0.4883536100387573,
            0.910306990146637,
            0.5721520185470581
        ],
        [
            0.37648308277130127,
            0.6775393486022949,
            0.730741024017334,
            0.914563775062561
        ],
        [
            0.7847112417221069,
            0.48922181129455566,
            0.8902885913848877,
            0.5298806428909302
        ],
        [
            0.08031725883483887,
            0.23775523900985718,
            0.28334587812423706,
            0.9175614714622498
        ],
        [
            0.0811237245798111,
            0.2376593053340912,
            0.2823936939239502,
            0.48249050974845886
        ],
        [
            0.7439353466033936,
            0.4870651364326477,
            0.9379294514656067,
            0.8938437104225159
        ],
        [
            0.37632760405540466,
            0.4647207260131836,
            0.7314746975898743,
            0.9135605096817017
        ]
    ],
    "labels": [
        " side table",
        " chair",
        "armchair",
        " lamp",
        " stool",
        " stool",
        " tripod",
        " illustration",
        " tripod",
        " fruit",
        " illustration",
        " side table",
        " illustration",
        " illustration"
    ],
    "scores": [
        0.627226710319519,
        0.4638897776603699,
        0.4638897776603699,
        0.4422254264354706,
        0.4144774079322815,
        0.3367011845111847,
        0.33574217557907104,
        0.31596845388412476,
        0.31092387437820435,
        0.3097761273384094,
        0.2152371108531952,
        0.20378169417381287,
        0.20186571776866913,
        0.20102114975452423
    ],
    "model_info": {
        "model_config": "/mnt/sda/miatang/projects/stroke-label/extern/mmdetection/ours_weights/base_cat_full_ft_allclass_val/intersect_full_ft_all_class_val.py",
        "weights": "/mnt/sda/miatang/projects/stroke-label/extern/mmdetection/groundingdino_swint_ogc_mmdet-822d7e9d.pth",
        "device": "cuda:0",
        "score_threshold": 0.2
    }
}