{
    "matched_indices": [
        7,
        5,
        5,
        13,
        8,
        5,
        6,
        9,
        4,
        14,
        10,
        11,
        0,
        2,
        1,
        14,
        15,
        3,
        5,
        6,
        7,
        3,
        5,
        11,
        0,
        0
    ],
    "iou_matrix": [
        [
            0.022604760682672472,
            0.0,
            0.0,
            0.0,
            0.0,
            0.0,
            0.0,
            0.0,
            0.0,
            0.0,
            0.07878242529273888,
            0.013246363642894486,
            0.9407118726776729,
            0.12631955641239362,
            0.0,
            0.0,
            0.0,
            0.0,
            0.0,
            0.0,
            0.0,
            0.0,
            0.0,
            0.0,
            0.0,
            0.0
        ],
        [
            0.0301615635694073,
            0.0,
            0.0,
            0.0,
            0.046628006809819045,
            0.00861288083396753,
            0.0,
            0.0,
            0.11309614718868442,
            0.024209026896464203,
            0.0,
            0.0,
            0.0,
            0.0,
            0.8883329562222798,
            0.0,
            0.0,
            0.0,
            0.0,
            0.0,
            0.0,
            0.0,
            0.0,
            0.0,
            0.0,
            0.0
        ],
        [
            0.02143333617926315,
            0.0,
            0.0,
            0.0,
            0.0,
            0.0,
            0.0,
            0.0,
            0.0,
            0.0,
            0.02521909960988228,
            0.0,
            0.13038857615651214,
            0.9139174546837812,
            0.0,
            0.0,
            0.0,
            0.0,
            0.0,
            0.0,
            0.0,
            0.0,
            0.0,
            0.0,
            0.0,
            0.0
        ],
        [
            0.0,
            0.0,
            0.0,
            0.0,
            0.0,
            0.0,
            0.0,
            0.0,
            0.0,
            0.0,
            0.0,
            0.0,
            0.0,
            0.0,
            0.0,
            0.0,
            0.0,
            0.9803429215146383,
            0.0,
            0.0,
            0.0,
            0.036890655643834674,
            0.0,
            0.0,
            0.0,
            0.0
        ],
        [
            0.022451764923043387,
            0.0,
            0.0,
            0.0,
            0.06446337188077608,
            0.010788640267434932,
            0.0,
            0.0,
            0.8733417975751947,
            0.03987479274685725,
            0.0,
            0.0,
            0.0,
            0.0,
            0.12779430283813856,
            0.0,
            0.0,
            0.0,
            0.0,
            0.0,
            0.0,
            0.0,
            0.0,
            0.0,
            0.0,
            0.0
        ],
        [
            0.04175091894254799,
            0.023498520441292577,
            0.15722631395712333,
            0.00522917983379471,
            0.13013170932978751,
            0.9702558665244094,
            0.0,
            0.01775713416899781,
            0.011922715464049397,
            0.002592514537729368,
            0.0,
            0.0,
            0.0,
            0.0,
            0.012716334959761221,
            0.0,
            0.0,
            0.0,
            0.016126905434225146,
            0.0,
            0.0,
            0.0,
            0.006505171627059855,
            0.0,
            0.0,
            0.0
        ],
        [
            0.0,
            0.0,
            0.08977786237275591,
            0.059676842544060436,
            0.0,
            0.0,
            0.979519849372354,
            0.02949687143476843,
            0.0,
            0.0,
            0.0,
            0.0,
            0.0,
            0.0,
            0.0,
            0.0,
            0.0,
            0.0,
            0.0,
            0.03840035696539713,
            0.0,
            0.0,
            0.0,
            0.0,
            0.0,
            0.0
        ],
        [
            0.9800618276558857,
            0.0,
            0.0,
            0.0,
            0.051618680158920835,
            0.03734258614735053,
            0.0,
            0.07559225406575597,
            0.020714571168303237,
            0.058612820692130765,
            0.21112971646351,
            0.21298487130105798,
            0.023539285418526398,
            0.02353928541852639,
            0.03389657100267803,
            0.06628662773857032,
            0.06026057067142754,
            0.0,
            0.0,
            0.0,
            0.0030576918531014102,
            0.0,
            0.0,
            0.0,
            0.0,
            0.0
        ],
        [
            0.05269353749698197,
            0.0,
            0.04410020148709629,
            0.0,
            0.960020776376601,
            0.1334965116687533,
            0.0,
            0.0,
            0.0644490354471061,
            0.0,
            0.0,
            0.0,
            0.0,
            0.0,
            0.0602943676301147,
            0.0,
            0.0,
            0.0,
            0.0,
            0.0,
            0.0,
            0.0,
            0.0,
            0.0,
            0.0,
            0.0
        ],
        [
            0.06423871831499631,
            0.0,
            0.06582535620506615,
            0.0,
            0.0,
            0.017697166966367833,
            0.018422263644478628,
            0.9019612880571605,
            0.0,
            0.0034848928802692545,
            0.07446569526968176,
            0.0,
            0.0,
            0.0,
            0.0,
            0.0,
            0.0,
            0.0,
            0.0,
            0.0,
            0.0,
            0.0,
            0.0,
            0.0,
            0.0,
            0.0
        ],
        [
            0.20260179071824827,
            0.0,
            0.0,
            0.0,
            0.0,
            0.0,
            0.0,
            0.09560898088888145,
            0.0,
            0.0,
            0.9750984286751994,
            0.09748814614634391,
            0.08097640230289051,
            0.027578269648750067,
            0.0,
            0.0,
            0.0,
            0.0,
            0.0,
            0.004160825009183236,
            0.0,
            0.0,
            0.0,
            0.0,
            0.0,
            0.0
        ],
        [
            0.20990051758380335,
            0.0,
            0.0,
            0.0,
            0.0,
            0.0,
            0.0,
            0.0,
            0.0,
            0.023612743206282115,
            0.09426434907619921,
            0.9207307930285455,
            0.012210004702328092,
            0.0,
            0.0,
            0.0,
            0.0,
            0.0,
            0.0,
            0.0,
            0.0,
            0.0,
            0.0,
            0.09006264601494175,
            0.0,
            0.0
        ],
        [
            0.3179158219686823,
            0.0,
            0.0,
            0.0,
            0.0,
            0.002861316029607155,
            0.0,
            0.2303644013649375,
            0.0,
            0.0241319309483947,
            0.6172509700580563,
            0.1990869804592435,
            0.04964734257330463,
            0.017023897326321338,
            0.0,
            0.0,
            0.0,
            0.0,
            0.0,
            0.00277111348635746,
            0.0,
            0.0,
            0.0,
            0.0,
            0.0,
            0.0
        ],
        [
            0.0,
            0.0,
            0.0,
            0.9572073374163534,
            0.0,
            0.005929595320732158,
            0.05535462755807719,
            0.0,
            0.0,
