{
    "matched_indices": [
        0,
        3,
        7,
        5,
        2,
        1,
        4,
        3
    ],
    "iou_matrix": [
        [
            0.9920088527286774,
            0.0,
            0.01161816341894577,
            0.01345976901307716,
            0.0,
            0.0,
            0.0,
            0.0
        ],
        [
            0.0,
            0.13968609996020984,
            0.0,
            0.0006323127106528607,
            0.12358357442749446,
            0.9840304739039649,
            0.0,
            0.0
        ],
        [
            0.0,
            0.19537819651597593,
            0.0,
            0.10733685608465444,
            0.988800666023409,
            0.11932074408990886,
            0.0,
            0.0
        ],
        [
            0.0,
            0.24110250470951758,
            0.0,
            0.1110058670593406,
            0.0,
            0.0,
            0.0829714537638868,
            0.9892441982255993
        ],
        [
            0.0,
            0.20613705756951947,
            0.025406768085171002,
            0.1265237784206049,
            0.0,
            0.0,
            0.9938451180943265,
            0.08283642442865113
        ],
        [
            0.015054048288408513,
            0.2401888446108893,
            0.21950722012564938,
            0.961771288198899,
            0.10863487795069705,
            0.00134001111919501,
            0.12947059842766834,
            0.12326061440018053
        ],
        [
            0.0,
            0.0,
            0.5279005439620025,
            0.0003699300054327415,
            0.0,
            0.0,
            0.0,
            0.0
        ],
        [
            0.0,
            0.03967954334924199,
            0.9162896277223114,
            0.2082604345579241,
            0.0,
            0.0,
            0.025944608947401467,
            0.0
        ],
        [
            0.018777622470430765,
            0.09011064727878475,
            0.2959461884622414,
            0.6211343656465678,
            0.07128144090098104,
            0.0,
            0.08027192008771816,
            0.0
        ],
        [
            0.0,
            0.20613705756951947,
            0.025406768085171002,
            0.1265237784206049,
            0.0,
            0.0,
            0.9938451180943265,
            0.08283642442865113
        ],
        [
            0.0,
            0.08577953522116474,
            0.09072177612734068,
            0.20915292696684806,
            0.0,
            0.0,
            0.14604379668601986,
            0.05351190046654585
        ]
    ],
    "num_matches": 7,
    "num_GT_boxes": 8,
    "used_labels": [
        "airplane",
        "apple",
        "balloon",
        "banana",
        "basket",
        "bee",
        "bench",
        "bicycle",
        "bird",
        "bottle",
        "bucket",
        "bus",
        "butterfly",
        "car",
        "cat",
        "chair",
        "chicken",
        "cloud",
        "cow",
        "cup",
        "dinnerware",
        "dog",
        "duck",
        "fence",
        "flower",
        "grape",
        "grass",
        "horse",
        "house",
        "moon",
        "mountain",
        "people",
        "picnic rug",
        "pig",
        "rabbit",
        "road",
        "sheep",
        "sofa",
        "star",
        "street lamp",
        "sun",
        "table",
        "tree",
        "truck",
        "umbrella",
        "others"
    ]
}