{
    "matched_indices": [
        0,
        2,
        4,
        3,
        1,
        0
    ],
    "iou_matrix": [
        [
            0.7350864294558742,
            0.00857502269070522,
            0.0,
            0.0,
            0.0,
            0.1395348890828448
        ],
        [
            0.0,
            0.0,
            0.00195232180498949,
            0.0,
            0.9716939747248675,
            0.0
        ],
        [
            0.0064903306323492544,
            0.9736192714103744,
            0.0,
            0.0,
            0.0,
            0.042722109466918616
        ],
        [
            0.0,
            0.0,
            0.0,
            0.9543765663040737,
            0.0,
            0.0
        ],
        [
            0.0,
            0.0,
            0.9616502498123608,
            0.0,
            0.0,
            0.0
        ]
    ],
    "num_matches": 5,
    "num_matches_with_correct_class": 0,
    "num_GT_boxes": 6,
    "used_labels": [
        "house",
        "road",
        "duck"
    ],
    "map_score": 0.0
}