{
    "bboxes": [
        [
            0.13219790649414062,
            0.5978077392578125,
            0.2782210286458333,
            0.7442184244791666
        ],
        [
            0.020911155700683595,
            0.6372263590494792,
            0.6721618245442709,
            0.9291073404947917
        ],
        [
            0.67871435546875,
            0.06025976053873698,
            0.9996590169270834,
            0.6506943359375
        ],
        [
            0.26262457275390627,
            0.4522186279296875,
            0.43391455078125,
            0.6109972737630208
        ],
        [
            0.0005070268710454305,
            0.45614192708333334,
            0.11781737263997395,
            0.9702164713541667
        ],
        [
            0.1080392354329427,
            0.4515385335286458,
            0.2633844197591146,
            0.5966536865234375
        ],
        [
            0.35887910970052084,
            0.43943021647135416,
            0.7964960123697916,
            0.9292417805989583
        ],
        [
            0.54194873046875,
            0.4499254964192708,
            0.6238981119791667,
            0.5275299072265625
        ]
    ],
    "labels": [
        "apple",
        "grape",
        "apple",
        "apple",
        "tree",
        "apple",
        "cloud",
        "apple"
    ],
    "scores": [
        0.8877723217010498,
        0.5561667084693909,
        0.3473951518535614,
        0.3192121386528015,
        0.2685116231441498,
        0.26717808842658997,
        0.23934675753116608,
        0.21584485471248627
    ]
}