{
    "bboxes": [
        [
            0.7317347005208333,
            0.5585638020833333,
            0.9445728352864583,
            0.744704345703125
        ],
        [
            0.15909322102864584,
            0.6656796875,
            0.42446931966145834,
            0.9307325032552083
        ]
    ],
    "labels": [
        "road",
        "road"
    ],
    "scores": [
        0.9975608587265015,
        0.997535228729248
    ]
}