{
    "bboxes": [
        [
            0.14773695882161458,
            0.39841438802083334,
            0.3158587036132813,
            0.6498846028645834
        ],
        [
            0.07865347290039063,
            0.10556964111328125,
            0.2382213134765625,
            0.26304248046875
        ],
        [
            0.2219601033528646,
            0.8406334635416667,
            0.371744873046875,
            0.9439881998697917
        ],
        [
            0.2219601033528646,
            0.8406334635416667,
            0.371744873046875,
            0.9439881998697917
        ],
        [
            0.00033731011549631754,
            0.41067606608072915,
            0.1299748026529948,
            0.7305865885416667
        ],
        [
            0.07865347290039063,
            0.10556964111328125,
            0.2382213134765625,
            0.26304248046875
        ],
        [
            0.2219601033528646,
            0.8406334635416667,
            0.371744873046875,
            0.9439881998697917
        ]
    ],
    "labels": [
        "tree",
        "street lamp",
        "sofa",
        "balloon",
        "tree",
        "house",
        "chair"
    ],
    "scores": [
        0.4020843207836151,
        0.3643929362297058,
        0.3038157820701599,
        0.2600444257259369,
        0.2450907677412033,
        0.22412389516830444,
        0.22106854617595673
    ]
}