{
    "matched_indices": [
        0,
        5,
        4,
        4,
        6,
        2,
        1
    ],
    "iou_matrix": [
        [
            0.979992975479192,
            0.038012759577603625,
            0.023100507113095112,
            0.06689217395206695,
            0.0,
            0.0,
            0.1415857016539814
        ],
        [
            0.13766162049091937,
            0.0,
            0.0,
            0.0,
            0.0,
            0.0,
            0.9836673180845334
        ],
        [
            0.0,
            0.026566557606004813,
            0.25566430586071925,
            0.09289749458849728,
            0.0,
            0.8875032884180517,
            0.0
        ],
        [
            0.13766162049091937,
            0.0,
            0.0,
            0.0,
            0.0,
            0.0,
            0.9836673180845334
        ],
        [
            0.025484793130492785,
            0.32186905964746243,
            0.9045023083756583,
            0.28458390324149296,
            0.0,
            0.2079936763329043,
            0.0
        ],
        [
            0.03873341600013604,
            0.9786814861657933,
            0.2992296918435427,
            0.09326099580321151,
            0.0,
            0.020675184170605678,
            0.0
        ],
        [
            0.0,
            0.0,
            0.0,
            0.05352439032721975,
            0.9873051774418935,
            0.0,
            0.0
        ]
    ],
    "num_matches": 6,
    "num_GT_boxes": 7,
    "used_labels": [
        "sofa",
        "cat",
        "chair",
        "dog",
        "table",
        "people"
    ]
}