{
    "matched_indices": [
        9,
        15,
        18,
        8,
        4,
        6,
        11,
        12,
        20,
        5,
        0,
        1,
        18
    ],
    "iou_matrix": [
        [
            0.002862666411889353,
            0.0,
            0.0,
            0.0,
            0.0,
            0.0,
            0.0,
            0.0,
            0.0,
            0.0,
            0.9515507758855705,
            0.0,
            0.0
        ],
        [
            0.04004761489953526,
            0.0,
            0.0,
            0.0,
            0.0,
            0.0,
            0.0,
            0.0,
            0.0,
            0.0,
            0.0,
            0.9414518689939777,
            0.0
        ],
        [
            0.0,
            0.0,
            0.05491168945033341,
            0.20027711934365283,
            0.0,
            0.0,
            0.9678668537086283,
            0.0,
            0.04368880136251582,
            0.0,
            0.0,
            0.0,
            0.06645991388117173
        ],
        [
            0.0,
            0.0,
            0.08583107812484181,
            0.0,
            0.0,
            0.0,
            0.046910701686693805,
            0.0,
            0.9869028312525848,
            0.0,
            0.0,
            0.0,
            0.13653479923539677
        ],
        [
            0.0,
            0.0,
            0.020832974991879846,
            0.022564968797333242,
            0.8833241453359798,
            0.019976180187280236,
            0.0,
            0.0,
            0.0,
            0.0,
            0.0,
            0.0,
            0.042527695233317155
        ],
        [
            0.0,
            0.12005469289205399,
            0.0019744848509424566,
            0.0,
            0.0,
            0.0,
            0.0,
            0.0,
            0.0,
            0.841441530406856,
            0.0,
            0.0,
            0.062491544846979954
        ],
        [
            0.0,
            0.0,
            0.0,
            0.0,
            0.02251568356077189,
            0.9558808066404569,
            0.0,
            0.0938550714894245,
            0.0,
            0.0,
            0.0,
            0.0,
            0.05763288680081519
        ],
        [
            0.0,
            0.0,
            0.08583107812484181,
            0.0,
            0.0,
            0.0,
            0.046910701686693805,
            0.0,
            0.9869028312525848,
            0.0,
            0.0,
            0.0,
            0.13653479923539677
        ],
        [
            0.0,
            0.0,
            0.057506893956645704,
            0.9597740665730052,
            0.018039507371806825,
            0.0,
            0.20011026428356896,
            0.0,
            0.0,
            0.0,
            0.0,
            0.0,
            0.049268241277472334
        ],
        [
            0.5417116064944097,
            0.07669723098751974,
            0.1608910799116288,
            0.0,
            0.003367152946176969,
            0.0,
            0.0,
            0.028126624479604474,
            0.0,
            0.0,
            0.009403920312701455,
            0.02164493915115857,
            0.247364660176973
        ],
        [
            0.0,
            0.0,
            0.06227873873287775,
            0.2082519342963271,
            0.0,
            0.0,
            0.9877733478424697,
            0.0,
            0.04427870335929057,
            0.0,
            0.0,
            0.0,
            0.07028344739264056
        ],
        [
            0.0,
            0.0,
            0.06294115886725925,
            0.20841669729730228,
            0.0,
            0.0,
            0.9898285230979924,
            0.0,
            0.04461141223183362,
            0.0,
            0.0,
            0.0,
            0.0707802509676789
        ],
        [
            0.0,
            0.0,
            0.0,
            0.0,
            0.0,
            0.09742784847070471,
            0.0,
            0.9573505843016755,
            0.0,
            0.0,
            0.0,
            0.0,
            0.15494919115252107
        ],
        [
            0.0,
            0.0,
            0.05491168945033341,
            0.20027711934365283,
            0.0,
            0.0,
            0.9678668537086283,
            0.0,
            0.04368880136251582,
            0.0,
            0.0,
            0.0,
            0.06645991388117173
        ],
        [
            0.4430729945477753,
            0.12215203469307039,
            0.16259292469218198,
            0.0,
            0.005251015995845664,
            0.0,
            0.0,
            0.02821323360018393,
            0.0,
            0.12008904124201106,
            0.019407275031681142,
            0.01842386790978236,
            0.2920430734945612
        ],
        [
            0.01410002675824383,
            0.5317671875139904,
            0.10945752483484253,
            0.0,
            0.0,
            0.0,
            0.0,
            0.0,
            0.0,
            0.45213587256804844,
            0.0,
            0.0,
            0.09434624251371823
        ],
        [
            0.0,
            0.0,
            0.029160044859606084,
            0.08058456443925766,
            0.6585992786485108,
            0.03360236395974425,
            0.016137695392711385,
            0.0,
            0.0,
            0.0,
            0.0,
            0.0,
            0.05703884177062307
        ],
        [
            0.4073238184190093,
            0.1122620000213117,
            0.15023964717167942,
            0.0,
            0.0045065240937994895,
            0.0,
            0.0,
            0.02582986350653751,
            0.0,
            0.17964170219667475,
            0.019129799481021555,
            0.01815640037407652,
            0.2979912852592698
        ],
        [
            0.2436071750927851,
            0.06710859567809131,
            0.20617386847476404,
            0.029982561578616607,
            0.023013044812452733,
            0.033752465724930666,
            0.043995528421288885,
            0.09357640442706602,
            0.09653722899358405,
            0.1123642821653698,
            0.027313524662658822,
            0.025884154795477902,
            0.5990453027454267
        ],
        [
            0.0,
            0.0,
            0.15129556154130228,
            0.04515207501165337,
            0.02822004688228338,
            0.04138940209401561,
            0.17308295421133799,
            0.2020074846283783,
            0.2999717762174251,
            0.011150988205237175,
            0.0,
            0.0,
            0.41054287917425614
        ],
        [
            0.0,
            0.0,
            0.08555349716666297,
            0.0,
            0.0,
            0.0,
            0.04671050060748492,
            0.0,
            0.9880902975390461,
            0.0,
            0.0,
            0.0,
            0.136236487430543
        ]
    ],
    "num_matches": 9,
    "num_matches_with_correct_class": -1,
    "num_GT_boxes": 13,
    "used_labels": [
        "others",
        "cloud",
        "tree",
        "duck",
        "mountain",
        "grass"
    ],
    "map_score": 0.1105610579252243
}