{
    "bboxes": [
        [
            0.6394706624348958,
            0.7453931477864584,
            0.8647581380208333,
            0.890502197265625
        ],
        [
            0.05296680704752604,
            0.7588294270833333,
            0.2642150675455729,
            0.8907880045572917
        ],
        [
            0.79526806640625,
            0.4249106038411458,
            0.9992771809895833,
            0.7692906901041666
        ],
        [
            0.5061808675130208,
            0.6978765462239583,
            0.5838505859375,
            0.744072265625
        ],
        [
            0.30249161783854167,
            0.6396424967447917,
            0.38498958333333333,
            0.7839805501302083
        ],
        [
            0.6322611490885417,
            0.31139640299479165,
            0.92397607421875,
            0.7671975911458333
        ],
        [
            0.5061808675130208,
            0.6978765462239583,
            0.5838505859375,
            0.744072265625
        ],
        [
            0.2177702433268229,
            0.568908203125,
            0.2925172119140625,
            0.7720550130208333
        ],
        [
            0.2177702433268229,
            0.568908203125,
            0.2925172119140625,
            0.7720550130208333
        ],
        [
            0.5716545003255208,
            0.5715591227213541,
            0.6389944254557292,
            0.7860851236979167
        ],
        [
            0.5716545003255208,
            0.5715591227213541,
            0.6389944254557292,
            0.7860851236979167
        ],
        [
            0.649631103515625,
            0.6260825602213541,
            0.7333452962239584,
            0.7898050944010416
        ],
        [
            0.40133548990885415,
            0.4655101318359375,
            0.5829664713541667,
            0.7281534016927084
        ]
    ],
    "labels": [
        "truck",
        "truck",
        "tree",
        "bench",
        "tree",
        "horse",
        "butterfly",
        "table",
        "star",
        "table",
        "star",
        "tree",
        "horse"
    ],
    "scores": [
        0.9685649275779724,
        0.9407966732978821,
        0.7633660435676575,
        0.3819985091686249,
        0.3665309548377991,
        0.3220148980617523,
        0.3024332821369171,
        0.29127824306488037,
        0.2776437997817993,
        0.27669528126716614,
        0.26660972833633423,
        0.26186424493789673,
        0.25058305263519287
    ]
}