{
    "matched_indices": [
        3,
        8,
        7,
        9,
        0,
        0,
        2,
        1,
        10,
        6,
        6,
        2,
        2,
        5,
        7
    ],
    "iou_matrix": [
        [
            0.0,
            0.020560361857569535,
            0.0,
            0.0,
            0.59560861416982,
            0.9758607170961262,
            0.10682458308224956,
            0.0,
            0.0,
            0.0,
            0.0,
            0.0,
            0.0,
            0.0,
            0.0
        ],
        [
            0.0,
            0.0,
            0.0,
            0.0,
            0.0,
            0.0,
            0.0,
            0.9833567222558671,
            0.00019669167038489037,
            0.0,
            0.005530965452777866,
            0.0,
            0.0,
            0.0,
            0.0
        ],
        [
            0.0,
            0.0,
            0.0,
            0.0,
            0.12888665674499042,
            0.10369021046178224,
            0.9568128225383928,
            0.0,
            0.0,
            0.0,
            0.0,
            0.03018470183325148,
            0.047872379911199914,
            0.0,
            0.0
        ],
        [
            0.9851807566156489,
            0.0,
            0.0,
            0.16650503165814598,
            0.0,
            0.0,
            0.0,
            0.0,
            0.0,
            0.0,
            0.0,
            0.0,
            0.0,
            0.0,
            0.0
        ],
        [
            0.5754622509917059,
            0.0,
            0.0,
            0.40100905508295887,
            0.0,
            0.0,
            0.0,
            0.0,
            0.0,
            0.0,
            0.0,
            0.0,
            0.0,
            0.0,
            0.0
        ],
        [
            0.0,
            0.0,
            0.0,
            0.0,
            0.0567525613836852,
            0.0,
            0.0,
            0.0013403850132246273,
            0.8197573647695027,
            0.0,
            0.0,
            0.0,
            0.0,
            0.14283649891586453,
            0.0
        ],
        [
            0.014623696314607953,
            0.008107310179319737,
            0.0,
            0.012608062047596532,
            0.16593892334265975,
            0.12063978035208128,
            0.27844799663820363,
            0.2600607579196786,
            0.07933089105105542,
            0.012914772472070585,
            0.012866601879999513,
            0.012456566359727174,
            0.013994214520841439,
            0.014516166223589212,
            0.0
        ],
        [
            0.024043983396283622,
            0.010543611637964911,
            0.017253473402205066,
            0.016754974015338178,
            0.12199492211459012,
            0.08845008907041274,
            0.20485685241135282,
            0.19129481583343141,
            0.05881930923182447,
            0.01207253460618204,
            0.009433472764938295,
            0.009236614440223744,
            0.010260210332167884,
            0.010642892350186806,
            0.005491125937799901
        ],
        [
            0.0,
            0.9343905928632332,
            0.0,
            0.0,
            0.008275123637105145,
            0.020362308543050753,
            0.0,
            0.0,
            0.0,
            0.0,
            0.0,
            0.0,
            0.0,
            0.0,
            0.0
        ],
        [
            0.15996367494705174,
            0.0,
            0.0,
            0.9418508388429007,
            0.0,
            0.0,
            0.0,
            0.0,
            0.0,
            0.0,
            0.0,
            0.0,
            0.0,
            0.0,
            0.0
        ],
        [
            0.0,
            0.0,
            0.0,
            0.0,
            0.060072208130928145,
            0.0,
            0.0,
            0.00016154503586247992,
            0.9811304568619359,
            0.0,
            0.0,
            0.0,
            0.0,
            0.034457001616505334,
            0.0
        ]
    ],
    "true_pos": 7,
    "false_pos": 4,
    "unmatched": 8,
    "num_GT_boxes": 15,
    "used_labels": [
        "house",
        "cloud",
        "people",
        "grass",
        "sun",
        "mountain"
    ]
}