{
    "matched_indices": [
        0,
        0,
        0,
        1,
        1,
        2,
        0,
        0,
        0,
        0,
        1,
        1
    ],
    "iou_matrix": [
        [
            0.0,
            0.0,
            0.0,
            0.1627825173475241,
            0.14879781209169138,
            0.0,
            0.9970057998156542,
            0.0,
            0.0,
            0.0,
            0.0,
            0.08845828040717461
        ],
        [
            0.0,
            0.0,
            0.0,
            0.28151380101190837,
            0.9937750129271539,
            0.10133950468122511,
            0.14929647643498642,
            0.0,
            0.0,
            0.0,
            0.02675906985708361,
            0.4232445716221996
        ],
        [
            0.0,
            0.0,
            0.0,
            0.10827674416434256,
            0.09833016577089902,
            0.9753179076966926,
            0.0,
            0.0,
            0.0,
            0.0,
            0.0,
            0.1316032471386613
        ]
    ],
    "num_matches": 3,
    "num_GT_boxes": 12,
    "used_labels": [
        "airplane",
        "apple",
        "balloon",
        "banana",
        "basket",
        "bee",
        "bench",
        "bicycle",
        "bird",
        "bottle",
        "bucket",
        "bus",
        "butterfly",
        "car",
        "cat",
        "chair",
        "chicken",
        "cloud",
        "cow",
        "cup",
        "dinnerware",
        "dog",
        "duck",
        "fence",
        "flower",
        "grape",
        "grass",
        "horse",
        "house",
        "moon",
        "mountain",
        "people",
        "picnic rug",
        "pig",
        "rabbit",
        "road",
        "sheep",
        "sofa",
        "star",
        "street lamp",
        "sun",
        "table",
        "tree",
        "truck",
        "umbrella",
        "others"
    ]
}