{
    "bboxes": [
        [
            0.47864383951822914,
            0.7185413411458333,
            0.5717550455729167,
            0.7978401692708333
        ],
        [
            0.06705425516764323,
            0.3732076009114583,
            0.452307861328125,
            0.8496861979166667
        ],
        [
            0.7343084309895833,
            0.5069766031901042,
            0.958626953125,
            0.7960719401041667
        ],
        [
            0.6708922932942708,
            0.748224853515625,
            0.7384051106770834,
            0.8118260904947917
        ],
        [
            0.0015580652554829915,
            0.6712635498046875,
            0.9997054036458334,
            0.997162841796875
        ],
        [
            0.001933514912923177,
            0.09080636596679688,
            0.5417374674479166,
            0.6180419514973958
        ],
        [
            0.43361201985677084,
            0.6937272135416667,
            0.5143812662760416,
            0.7718365885416667
        ],
        [
            0.07269701131184896,
            0.0911328125,
            0.5401711018880209,
            0.7006031901041667
        ],
        [
            0.0023130475680033366,
            0.09076555379231771,
            0.5441099446614583,
            0.70150439453125
        ],
        [
            0.7339850260416667,
            0.5064474690755209,
            0.9584505208333334,
            0.7960912272135416
        ],
        [
            0.38010054524739584,
            0.2102452392578125,
            0.7245399576822916,
            0.5353468424479166
        ],
        [
            0.07361579895019531,
            0.09101310221354167,
            0.51258984375,
            0.6276571451822917
        ]
    ],
    "labels": [
        "airplane",
        "mountain",
        "mountain",
        "airplane",
        "people",
        "horse",
        "airplane",
        "horse",
        "horse",
        "others",
        "tree",
        "horse"
    ],
    "scores": [
        0.9509910941123962,
        0.7733651399612427,
        0.768944501876831,
        0.6877041459083557,
        0.6271523237228394,
        0.2876928746700287,
        0.2756212651729584,
        0.25293442606925964,
        0.24031642079353333,
        0.2175554633140564,
        0.21715021133422852,
        0.21357859671115875
    ]
}