{
    "matched_indices": [
        2,
        11,
        8,
        2,
        0,
        7,
        11,
        9,
        7,
        3,
        0,
        1,
        0,
        6,
        2
    ],
    "iou_matrix": [
        [
            0.0,
            0.0,
            0.0,
            0.0,
            0.0,
            0.0,
            0.0,
            0.0,
            0.0,
            0.0,
            0.0,
            0.009768918631665178,
            0.9804161683398733,
            0.0,
            0.0
        ],
        [
            0.0,
            0.0,
            0.0,
            0.0,
            0.0,
            0.0,
            0.0,
            0.0,
            0.0,
            0.0,
            0.0,
            0.9794223411010665,
            0.008573051281352932,
            0.0,
            0.0
        ],
        [
            0.0020805319604663194,
            0.0450327128362978,
            0.0,
            0.9682643441533355,
            0.0,
            0.0,
            0.06860891182842727,
            0.0,
            0.0,
            0.0,
            0.0,
            0.0,
            0.0,
            0.0,
            0.27250544645506053
        ],
        [
            0.0,
            0.0,
            0.0,
            0.0,
            0.0,
            0.0,
            0.0,
            0.013459734671872406,
            0.0,
            0.9532198297612205,
            0.0,
            0.0,
            0.0,
            0.0,
            0.030991255538150714
        ],
        [
            0.0,
            0.0,
            0.0,
            0.0,
            0.0,
            0.0,
            0.0,
            0.0,
            0.0,
            0.0,
            0.0,
            0.9794223411010665,
            0.008573051281352932,
            0.0,
            0.0
        ],
        [
            0.0,
            0.0,
            0.0,
            0.0,
            0.0,
            0.0,
            0.0,
            0.0,
            0.0,
            0.0,
            0.0,
            0.009768918631665178,
            0.9804161683398733,
            0.0,
            0.0
        ],
        [
            0.0,
            0.0,
            0.0,
            0.0,
            0.0,
            0.0,
            0.019999514142060675,
            0.12498125204833418,
            0.0,
            0.0,
            0.0,
            0.0,
            0.0,
            0.9760669801781782,
            0.12303973786373346
        ],
        [
            0.0,
            0.0,
            0.0,
            0.0,
            0.0,
            0.04091521299554974,
            0.0,
            0.0,
            0.9584473369777631,
            0.0,
            0.0,
            0.0,
            0.0,
            0.0,
            0.13550796594610692
        ],
        [
            0.0,
            0.0,
            0.9107946780211077,
            0.0,
            0.0,
            0.0,
            0.23082651930496362,
            0.5660166660752826,
            0.0,
            0.0,
            0.0,
            0.0,
            0.0,
            0.0,
            0.016529197575242086
        ],
        [
            0.0,
            0.0,
            0.4911683162997814,
            0.0,
            0.0,
            0.0,
            0.11573838550905963,
            0.8102629234027918,
            0.0,
            0.01712217142156803,
            0.0,
            0.0,
            0.0,
            0.15476032232127357,
            0.13642403327241023
        ],
        [
            0.0,
            0.0,
            0.0,
            0.0,
            0.0,
            0.0,
            0.019427270762877983,
            0.15195397866320476,
            0.0,
            0.024771003458775705,
            0.0,
            0.0,
            0.0,
            0.8012513207878165,
            0.15151713974177705
        ],
        [
            0.0,
            0.15994678413252683,
            0.1958612949294514,
            0.03288977197349305,
            0.0,
            0.0,
            0.8038093474951925,
            0.1601325581893222,
            0.0,
            0.0,
            0.0,
            0.0,
            0.0,
            0.0,
            0.006597476814140656
        ]
    ],
    "num_matches": 9,
    "num_GT_boxes": 15,
    "used_labels": [
        "others",
        "cloud",
        "street lamp",
        "tree",
        "grass",
        "bicycle",
        "house",
        "bench",
        "sun"
    ]
}