{
    "bboxes": [
        [
            0.2550854085286458,
            0.5188302001953125,
            0.42524702962239586,
            0.6113739420572917
        ],
        [
            0.0044072713851928715,
            0.06835713704427084,
            0.17901979573567708,
            0.5220633544921875
        ],
        [
            0.7022520345052083,
            0.22733463541666668,
            0.99921533203125,
            0.9673116861979166
        ],
        [
            0.45469474283854167,
            0.27017246500651043,
            0.6357621663411458,
            0.5235274251302083
        ],
        [
            0.024995847066243488,
            0.3716002197265625,
            0.2362295125325521,
            0.60803173828125
        ],
        [
            0.18564896647135418,
            0.0244818852742513,
            0.40815946451822915,
            0.103010009765625
        ],
        [
            0.739381103515625,
            0.03890761566162109,
            0.9428885904947917,
            0.1170801289876302
        ],
        [
            0.601100341796875,
            0.011461681365966796,
            0.7582543131510416,
            0.1561687520345052
        ],
        [
            0.8602311197916667,
            0.19969281005859374,
            0.9987378743489583,
            0.24802032470703125
        ],
        [
            0.8595398763020833,
            0.1991578165690104,
            0.999139892578125,
            0.45100252278645836
        ]
    ],
    "labels": [
        "sun",
        "tree",
        "grass",
        "tree",
        "grass",
        "house",
        "house",
        "mountain",
        "tree",
        "tree"
    ],
    "scores": [
        0.9435651898384094,
        0.9254599809646606,
        0.8702228665351868,
        0.8545853495597839,
        0.8470383882522583,
        0.7642214894294739,
        0.6088657975196838,
        0.3536287248134613,
        0.3521113693714142,
        0.22545871138572693
    ]
}