{
    "matched_indices": [
        0,
        0,
        0,
        3,
        4,
        1,
        1,
        2,
        0,
        3,
        1,
        0,
        4,
        4,
        3,
        3,
        0,
        3,
        4,
        4
    ],
    "iou_matrix": [
        [
            0.0,
            0.0,
            0.0,
            0.0,
            0.0,
            0.0,
            0.030415399771946097,
            0.0,
            0.9887397436059757,
            0.0,
            0.0,
            0.0,
            0.0,
            0.09638159700773027,
            0.0,
            0.0,
            0.0,
            0.0,
            0.0,
            0.10500164393875064
        ],
        [
            0.0,
            0.0,
            0.0,
            0.0,
            0.0,
            0.10615875833745761,
            0.990667872093413,
            0.0,
            0.028650853967147265,
            0.0,
            0.0028199614958257352,
            0.0,
            0.0,
            0.09120674787702622,
            0.0,
            0.0,
            0.0,
            0.0,
            0.0,
            0.05507781736403295
        ],
        [
            0.0,
            0.0,
            0.0,
            0.0,
            0.0,
            0.0,
            0.0,
            0.8215904925433388,
            0.0,
            0.0,
            0.0,
            0.0,
            0.0,
            0.0,
            0.008045848736281747,
            0.0,
            0.0,
            0.0,
            0.0,
            0.013400557845465094
        ],
        [
            0.0,
            0.0,
            0.0,
            0.03668119911238298,
            0.0,
            0.0,
            0.0,
            0.0004162646900187676,
            0.0,
            0.02175741751095052,
            0.0,
            0.0,
            0.0,
            0.0,
            0.9874467751670007,
            0.08022037203257522,
            0.0,
            0.02961917001520221,
            0.0,
            0.21485000182538566
        ],
        [
            0.0,
            0.0,
            0.0,
            0.0,
            0.11985528904114265,
            0.03774713431183268,
            0.08848667733555884,
            0.0,
            0.09529451307181956,
            0.0,
            0.0,
            0.0,
            0.009472362593962672,
            0.9735878194565958,
            0.0,
            0.0,
            0.0,
            0.0,
            0.02956975994204458,
            0.22988867185257197
        ],
        [
            0.0,
            0.0,
            0.0,
            0.03668119911238298,
            0.0,
            0.0,
            0.0,
            0.0004162646900187676,
            0.0,
            0.02175741751095052,
            0.0,
            0.0,
            0.0,
            0.0,
            0.9874467751670007,
            0.08022037203257522,
            0.0,
            0.02961917001520221,
            0.0,
            0.21485000182538566
        ],
        [
            0.0,
            0.0,
            0.0,
            0.0,
            0.11985528904114265,
            0.03774713431183268,
            0.08848667733555884,
            0.0,
            0.09529451307181956,
            0.0,
            0.0,
            0.0,
            0.009472362593962672,
            0.9735878194565958,
            0.0,
            0.0,
            0.0,
            0.0,
            0.02956975994204458,
            0.22988867185257197
        ]
    ],
    "num_matches": 5,
    "num_GT_boxes": 20,
    "used_labels": [
        "airplane",
        "apple",
        "balloon",
        "banana",
        "basket",
        "bee",
        "bench",
        "bicycle",
        "bird",
        "bottle",
        "bucket",
        "bus",
        "butterfly",
        "car",
        "cat",
        "chair",
        "chicken",
        "cloud",
        "cow",
        "cup",
        "dinnerware",
        "dog",
        "duck",
        "fence",
        "flower",
        "grape",
        "grass",
        "horse",
        "house",
        "moon",
        "mountain",
        "people",
        "picnic rug",
        "pig",
        "rabbit",
        "road",
        "sheep",
        "sofa",
        "star",
        "street lamp",
        "sun",
        "table",
        "tree",
        "truck",
        "umbrella",
        "others"
    ]
}