{
    "bboxes": [
        [
            0.30644612630208334,
            0.3184566650390625,
            0.57243408203125,
            0.509022705078125
        ],
        [
            0.6261610107421876,
            0.5323765869140625,
            0.9577340494791666,
            0.90419970703125
        ],
        [
            0.5718907877604167,
            0.37258186848958336,
            0.7061194661458333,
            0.4776555989583333
        ],
        [
            0.011875301361083985,
            0.22553094482421876,
            0.27616935221354166,
            0.4905141194661458
        ],
        [
            0.0,
            0.48833544921875,
            0.9993173014322917,
            0.7382415364583333
        ],
        [
            0.6647386474609375,
            0.0002615302602450053,
            0.998641357421875,
            0.49508260091145834
        ],
        [
            0.7064375,
            0.04162001291910807,
            0.9798055013020833,
            0.493819091796875
        ]
    ],
    "labels": [
        "cloud",
        "cloud",
        "cloud",
        "horse",
        "duck",
        "tree",
        "tree"
    ],
    "scores": [
        0.9880712032318115,
        0.9827467203140259,
        0.9481882452964783,
        0.7106471061706543,
        0.517408013343811,
        0.3060353100299835,
        0.2723533511161804
    ]
}