{
    "matched_indices": [
        12,
        3,
        2,
        0,
        4,
        12,
        3,
        5,
        9,
        4,
        4,
        4,
        5,
        5,
        6,
        6,
        0,
        0
    ],
    "iou_matrix": [
        [
            0.0,
            0.0,
            0.23802187935318705,
            0.9665581507246415,
            0.0,
            0.0,
            0.0,
            0.0,
            0.0,
            0.0,
            0.0,
            0.0,
            0.0,
            0.1996640935756408,
            0.02586885334875485,
            0.0,
            0.0,
            0.0
        ],
        [
            0.8491079202165178,
            0.06862287061445513,
            0.0,
            0.0,
            0.3595051319621952,
            0.06487714472894836,
            0.0,
            0.0,
            0.0,
            0.0,
            0.0,
            0.032239226487791935,
            0.0,
            0.0,
            0.0,
            0.0,
            0.0,
            0.0
        ],
        [
            0.0,
            0.0,
            0.859128763795241,
            0.32070022564320283,
            0.0,
            0.0,
            0.0,
            0.0,
            0.021924991308049074,
            0.0,
            0.0,
            0.0,
            0.0,
            0.2131262151794222,
            0.0,
            0.0,
            0.0,
            0.0
        ],
        [
            0.0505477192611959,
            0.9203127352993757,
            0.0,
            0.0,
            0.36902296232454873,
            0.0,
            0.03165147797565629,
            0.0,
            0.0,
            0.0,
            0.0,
            0.0021771856109094427,
            0.0,
            0.0,
            0.2122446310061098,
            0.0,
            0.0,
            0.0
        ],
        [
            0.2771606445643911,
            0.3871309306424714,
            0.0,
            0.0,
            0.8223765195401908,
            0.005423413766712831,
            0.030057017600680188,
            0.0,
            0.0,
            0.013299199191938704,
            0.006811944447312272,
            0.046367392928731155,
            0.0,
            0.0,
            0.11021327295932717,
            0.0,
            0.0,
            0.0
        ],
        [
            0.0,
            0.0,
            0.17753931539927342,
            0.20457078918461,
            0.0,
            0.0,
            0.0,
            0.009978503759980507,
            0.0030761659416032924,
            0.0,
            0.0,
            0.0,
            0.027901223993209677,
            0.9855708054523742,
            0.0,
            0.0,
            0.0,
            0.0
        ],
        [
            0.0,
            0.21440383251095171,
            0.0,
            0.02661567463215685,
            0.0988406663367767,
            0.0,
            0.024107632771767584,
            0.0,
            0.0,
            0.0,
            0.0,
            0.0,
            0.0,
            0.0,
            0.9866096734344885,
            0.004482856127235488,
            0.0,
            0.0
        ],
        [
            0.0505477192611959,
            0.9203127352993757,
            0.0,
            0.0,
            0.36902296232454873,
            0.0,
            0.03165147797565629,
            0.0,
            0.0,
            0.0,
            0.0,
            0.0021771856109094427,
            0.0,
            0.0,
            0.2122446310061098,
            0.0,
            0.0,
            0.0
        ],
        [
            0.0,
            0.0,
            0.24436805794945743,
            0.7886992039739033,
            0.0,
            0.0,
            0.0,
            0.008080834387198902,
            0.0,
            0.0,
            0.0,
            0.0,
            0.0,
            0.31538898687061045,
            0.03527075137657004,
            0.0,
            0.0,
            0.0
        ],
        [
            0.0,
            0.0,
            0.8536342944617455,
            0.2306580206804048,
            0.0,
            0.0,
            0.0,
            0.0,
            0.03239685568067526,
            0.0,
            0.0,
            0.0,
            0.027327797297518847,
            0.23173122132499915,
            0.0,
            0.0,
            0.0,
            0.0
        ],
        [
            0.8491079202165178,
            0.06862287061445513,
            0.0,
            0.0,
            0.3595051319621952,
            0.06487714472894836,
            0.0,
            0.0,
            0.0,
            0.0,
            0.0,
            0.032239226487791935,
            0.0,
            0.0,
            0.0,
            0.0,
            0.0,
            0.0
        ],
        [
            0.0,
            0.0,
            0.8536342944617455,
            0.2306580206804048,
            0.0,
            0.0,
            0.0,
            0.0,
            0.03239685568067526,
            0.0,
            0.0,
            0.0,
            0.027327797297518847,
            0.23173122132499915,
            0.0,
            0.0,
            0.0,
            0.0
        ],
        [
            0.92935797194901,
            0.07011789061739859,
            0.0,
            0.0,
            0.3296490201111111,
            0.07025999315155848,
            0.0,
            0.0,
            0.0,
            0.0,
            0.0,
            0.03414076181527702,
            0.0,
            0.0,
            0.0,
            0.0,
            0.0,
            0.0
        ],
        [
            0.2771606445643911,
            0.3871309306424714,
            0.0,
            0.0,
            0.8223765195401908,
            0.005423413766712831,
            0.030057017600680188,
            0.0,
            0.0,
            0.013299199191938704,
            0.006811944447312272,
            0.046367392928731155,
            0.0,
            0.0,
            0.11021327295932717,
            0.0,
            0.0,
            0.0
        ],
        [
            0.2771606445643911,
            0.3871309306424714,
            0.0,
            0.0,
            0.8223765195401908,
            0.005423413766712831,
            0.030057017600680188,
            0.0,
            0.0,
            0.013299199191938704,
            0.006811944447312272,
            0.046367392928731155,
            0.0,
            0.0,
            0.11021327295932717,
            0.0,
            0.0,
            0.0
        ],
        [
            0.0,
            0.0,
            0.23802187935318705,
            0.9665581507246415,
            0.0,
            0.0,
            0.0,
            0.0,
            0.0,
            0.0,
            0.0,
            0.0,
            0.0,
            0.1996640935756408,
            0.02586885334875485,
            0.0,
            0.0,
            0.0
        ],
        [
            0.0,
            0.0,
            0.859128763795241,
            0.32070022564320283,
            0.0,
            0.0,
            0.0,
            0.0,
            0.021924991308049074,
            0.0,
            0.0,
            0.0,
            0.0,
            0.2131262151794222,
            0.0,
            0.0,
            0.0,
            0.0
        ]
    ],
    "num_matches": 7,
    "num_GT_boxes": 18,
    "used_labels": [
        "people",
        "tree",
        "grass"
    ]
}