{
    "matched_indices": [
        5,
        3,
        4,
        2,
        8,
        0,
        1,
        2,
        6,
        2,
        1,
        9,
        9,
        9,
        0,
        9
    ],
    "iou_matrix": [
        [
            0.0078099326258528595,
            0.05784194748514123,
            0.0,
            0.007415400996124659,
            0.09408490363041008,
            0.9515418408917734,
            0.051359854878320406,
            0.04850486046681343,
            0.027331895769317695,
            0.0,
            0.0,
            0.0,
            0.0,
            0.0,
            0.0,
            0.0
        ],
        [
            0.0,
            0.0,
            0.0,
            0.0,
            0.0,
            0.053491663066167025,
            0.9772681333581303,
            0.0,
            0.0,
            0.0,
            0.08867946693212761,
            0.019219929845958373,
            0.0,
            0.0,
            0.0,
            0.023460906145037083
        ],
        [
            0.0,
            0.0,
            0.0,
            0.06465186408256637,
            0.0,
            0.04671344285900252,
            0.0,
            0.8293233461310244,
            0.0,
            0.03983662503397806,
            0.0,
            0.0,
            0.0,
            0.0,
            0.0,
            0.041976905908089134
        ],
        [
            0.0,
            0.969080490129184,
            0.009509069808846948,
            0.0,
            0.0,
            0.0556480183585051,
            0.0,
            0.0,
            0.0,
            0.0,
            0.0,
            0.0,
            0.0,
            0.0,
            0.0,
            0.0
        ],
        [
            0.0,
            0.010804279155045409,
            0.9539851965271101,
            0.0,
            0.0,
            0.0,
            0.0,
            0.0,
            0.0,
            0.0,
            0.0,
            0.0,
            0.0,
            0.0,
            0.0,
            0.0
        ],
        [
            0.8757121161209795,
            0.0,
            0.0,
            0.0,
            0.07115645689939094,
            0.011910353091259663,
            0.0,
            0.0,
            0.0,
            0.0,
            0.0,
            0.0,
            0.0,
            0.0,
            0.0,
            0.0
        ],
        [
            0.0,
            0.0,
            0.0,
            0.0,
            0.0,
            0.038871316365743556,
            0.0,
            0.0,
            0.98909946608747,
            0.0,
            0.0,
            0.0,
            0.0,
            0.0,
            0.0,
            0.3122248856698809
        ],
        [
            0.0,
            0.37397316114719825,
            0.2127823964362087,
            0.0,
            0.0,
            0.08746385429498517,
            0.0,
            0.0,
            0.0,
            0.0,
            0.0,
            0.0,
            0.0,
            0.0,
            0.0,
            0.0
        ],
        [
            0.03501015579603247,
            0.0,
            0.0,
            0.0,
            0.9304513478727624,
            0.08367068627491828,
            0.0,
            0.0,
            0.0,
            0.0,
            0.0,
            0.0,
            0.0,
            0.0,
            0.0,
            0.0
        ],
        [
            0.0,
            0.0,
            0.0,
            0.0,
            0.0,
            0.03258256975701104,
            0.02498608451295542,
            0.0711134068271628,
            0.32628776838206464,
            0.0,
            0.0,
            0.026982857654841406,
            0.013687366883172902,
            0.0036552005197039213,
            0.0,
            0.9446869528149329
        ]
    ],
    "true_pos": 9,
    "false_pos": 1,
    "unmatched": 7,
    "num_GT_boxes": 16,
    "used_labels": [
        "tree",
        "house",
        "cloud",
        "road",
        "mountain",
        "sun",
        "truck",
        "grass"
    ]
}