{
    "matched_indices": [
        0,
        0,
        1,
        0,
        1,
        1,
        1,
        1,
        1,
        1,
        1,
        1,
        0,
        1,
        0,
        0,
        0,
        0,
        0
    ],
    "iou_matrix": [
        [
            0.2980885763609193,
            0.9956865123239395,
            0.14341115753920045,
            0.08637586731871003,
            0.012407897732671891,
            0.0,
            0.0,
            0.011127364137095145,
            0.007903507382519248,
            0.0,
            0.0,
            0.0,
            0.0,
            0.0,
            0.0,
            0.03535828427822259,
            0.0,
            0.06173633926815826,
            0.0
        ],
        [
            0.0,
            0.14467184943526962,
            0.993496696901381,
            0.0,
            0.06305449906106052,
            0.04901178549078283,
            0.03600865872792206,
            0.030007215606601727,
            0.02491599135868164,
            0.01600384832352093,
            0.04626479296054406,
            0.009210889729844464,
            0.0,
            0.007714459927884834,
            0.0,
            0.0,
            0.0,
            0.015959910675720706,
            0.0
        ],
        [
            0.0,
            0.14646975189301498,
            0.985457638275066,
            0.0,
            0.06255878779778884,
            0.04886663476386695,
            0.03590201737753488,
            0.02991834781461241,
            0.02484220146873318,
            0.015956452167793296,
            0.04560258365715674,
            0.008994614829535801,
            0.0,
            0.007587900532946615,
            0.0,
            0.0,
            0.0,
            0.016009561251521087,
            0.0
        ]
    ],
    "num_matches": 2,
    "num_GT_boxes": 19,
    "used_labels": [
        "cloud",
        "tree",
        "house",
        "flower",
        "fence",
        "mountain",
        "sun",
        "grass"
    ]
}