{
    "matched_indices": [
        13,
        8,
        4,
        7,
        9,
        3,
        6,
        2,
        0,
        5,
        10
    ],
    "iou_matrix": [
        [
            0.11435399961432043,
            0.0,
            0.0,
            0.0,
            0.12772528624876847,
            0.0,
            0.13834692014795516,
            0.0,
            0.9771572059405896,
            0.0,
            0.06542350908541456
        ],
        [
            0.11435399961432043,
            0.0,
            0.0,
            0.0,
            0.12772528624876847,
            0.0,
            0.13834692014795516,
            0.0,
            0.9771572059405896,
            0.0,
            0.06542350908541456
        ],
        [
            0.0,
            0.013413280604956527,
            0.0,
            0.0,
            0.0,
            0.09496629127065967,
            0.0,
            0.9946350669351902,
            0.0,
            0.10096988881554904,
            0.04525116687861279
        ],
        [
            0.061427274730808445,
            0.0,
            0.0,
            0.058000503547081264,
            0.0,
            0.989981017839232,
            0.0,
            0.09399494558887421,
            0.0,
            0.03114121792343182,
            0.0
        ],
        [
            0.0,
            0.0,
            0.9686207769939587,
            0.0,
            0.0,
            0.0,
            0.06221826698849346,
            0.0,
            0.0,
            0.0,
            0.0
        ],
        [
            0.0,
            0.0,
            0.0,
            0.0,
            0.0,
            0.032403650376547535,
            0.0,
            0.1010470320263171,
            0.0,
            0.9849178736871582,
            0.13114980438547297
        ],
        [
            0.0,
            0.0,
            0.06377682056356364,
            0.0,
            0.1068041516147383,
            0.0,
            0.9902295444441876,
            0.0,
            0.13267749172294524,
            0.0,
            0.0
        ],
        [
            0.05235364850947968,
            0.0,
            0.0,
            0.9023600760647492,
            0.0,
            0.06438605312130882,
            0.0,
            0.0,
            0.0,
            0.0,
            0.0
        ],
        [
            0.0,
            0.9822902268756585,
            0.0,
            0.0,
            0.0,
            0.0,
            0.0,
            0.013162200719406486,
            0.0,
            0.0,
            0.0
        ],
        [
            0.0,
            0.0,
            0.0,
            0.0,
            0.9301232493347618,
            0.0,
            0.10865242216372509,
            0.0,
            0.1267889313989134,
            0.0,
            0.0
        ],
        [
            0.0,
            0.0,
            0.0,
            0.0,
            0.0,
            0.0,
            0.0,
            0.04248778528977662,
            0.06166300610763553,
            0.1264416440339626,
            0.9291063114106181
        ],
        [
            0.041633157054808384,
            0.0,
            0.0,
            0.0,
            0.0,
            0.0,
            0.0,
            0.0,
            0.03789466948253988,
            0.0,
            0.0
        ],
        [
            0.058213020133091965,
            0.0,
            0.0,
            0.0,
            0.0,
            0.0,
            0.0,
            0.0,
            0.012345255062182531,
            0.0,
            0.0
        ],
        [
            0.9885278758430026,
            0.0,
            0.0,
            0.037411048801832957,
            0.0,
            0.06023291209902414,
            0.0,
            0.0,
            0.11479736774496353,
            0.0,
            0.0
        ],
        [
            0.7622782549701201,
            0.0,
            0.0,
            0.047257206791845516,
            0.0,
            0.07016085912485119,
            0.0,
            0.0,
            0.03563812188837386,
            0.0,
            0.0
        ],
        [
            0.0,
            0.0,
            0.0,
            0.0,
            0.09962680628735004,
            0.0,
            0.010536593439003292,
            0.0,
            0.011156817363726356,
            0.0,
            0.0
        ],
        [
            0.04347125696458943,
            0.0,
            0.0,
            0.13415960545299196,
            0.0,
            0.033577274286820495,
            0.0,
            0.0,
            0.0,
            0.0,
            0.0
        ],
        [
            0.0,
            0.0,
            0.0,
            0.0,
            0.09374366258532918,
            0.0,
            0.029342336270002916,
            0.0,
            0.012033946686824165,
            0.0,
            0.0
        ]
    ],
    "num_matches": 11,
    "num_matches_with_correct_class": 8,
    "num_GT_boxes": 11,
    "used_labels": [
        "street lamp",
        "bench",
        "house",
        "tree",
        "road",
        "cloud"
    ],
    "map_score": 0.42101210355758667
}