{
    "matched_indices": [
        9,
        1,
        5,
        13,
        6,
        4,
        0,
        2,
        8,
        3,
        7,
        16,
        11
    ],
    "iou_matrix": [
        [
            0.0,
            0.0,
            0.0,
            0.0,
            0.10435243379865353,
            0.0,
            0.9921130524011632,
            0.0,
            0.0,
            0.0,
            0.0,
            0.0,
            0.0
        ],
        [
            0.1937941720693144,
            0.9936183394168442,
            0.0,
            0.031056752043950905,
            0.0,
            0.2066116538470202,
            0.0,
            0.0,
            0.003905579375339204,
            0.0,
            0.0,
            0.0,
            0.0
        ],
        [
            0.0,
            0.0,
            0.0,
            0.0,
            0.0,
            0.0,
            0.0,
            0.9936362140377399,
            0.0,
            0.0,
            0.0,
            0.0,
            0.0
        ],
        [
            0.0,
            0.0,
            0.10341119582185385,
            0.0,
            0.0,
            0.0,
            0.0,
            0.0,
            0.0,
            0.959407926145906,
            0.08352748560142492,
            0.1394387489255369,
            0.0
        ],
        [
            0.083351570676967,
            0.2035527129627384,
            0.0,
            0.0766854520753169,
            0.0,
            0.9796435663327877,
            0.0,
            0.0,
            0.0,
            0.0,
            0.0,
            0.0,
            0.15172679118245305
        ],
        [
            0.009434588667098176,
            0.0,
            0.9953434861907107,
            0.0,
            0.0,
            0.0,
            0.0,
            0.0,
            0.0,
            0.10372317341682703,
            0.033257785406612866,
            0.0,
            0.0
        ],
        [
            0.0,
            0.0,
            0.0,
            0.0,
            0.9896664362465545,
            0.0,
            0.1072754450256498,
            0.0,
            0.0,
            0.0,
            0.0,
            0.0,
            0.0
        ],
        [
            0.007863624560769323,
            0.0,
            0.03483031078730223,
            0.0,
            0.0,
            0.0,
            0.0,
            0.0,
            0.0896140130345658,
            0.10199584079121558,
            0.947983772799326,
            0.0,
            0.0
        ],
        [
            0.01598228312398196,
            0.003980388376085303,
            0.0,
            0.0,
            0.0,
            0.0,
            0.0,
            0.0,
            0.9884607157403776,
            0.0,
            0.09995755674691092,
            0.0,
            0.015865261145940755
        ],
        [
            0.9870973091043529,
            0.19217937088776257,
            0.008634235455735351,
            0.0,
            0.0,
            0.08150454608616824,
            0.0,
            0.0,
            0.012175574889757616,
            0.0,
            0.006374263313011886,
            0.0,
            0.0
        ],
        [
            0.0,
            0.0,
            0.0,
            0.0,
            0.0,
            0.0,
            0.0,
            0.0,
            0.0,
            0.14953519345482477,
            0.0,
            0.9623763608530295,
            0.0
        ],
        [
            0.0,
            0.0,
            0.0,
            0.0,
            0.0,
            0.149411627398682,
            0.0,
            0.0,
            0.015161237626860637,
            0.0,
            0.0,
            0.0,
            0.9613677103451961
        ],
        [
            0.0,
            0.05643711707778261,
            0.0,
            0.5400379108605539,
            0.0,
            0.20055895892386183,
            0.0,
            0.0,
            0.0,
            0.0,
            0.0,
            0.0,
            0.01707461508674914
        ],
        [
            0.0,
            0.029859790184389765,
            0.0,
            0.9141978566189958,
            0.0,
            0.0695522723428835,
            0.0,
            0.0,
            0.0,
            0.0,
            0.0,
            0.0,
            0.0
        ],
        [
            0.0,
            0.0,
            0.0,
            0.0,
            0.0,
            0.08347396516035743,
            0.0,
            0.0,
            0.017316135475553066,
            0.0,
            0.0,
            0.0,
            0.6495997707203013
        ],
        [
            0.0,
            0.05134415539459594,
            0.0,
            0.305050473285229,
            0.0,
            0.33630128035738555,
            0.0,
            0.0,
            0.0,
            0.0,
            0.0,
            0.0,
            0.14581944527088034
        ],
        [
            0.0,
            0.0,
            0.0,
            0.0,
            0.0,
            0.0,
            0.0,
            0.0,
            0.0,
            0.14922051035239806,
            0.0,
            0.9657486991436792,
            0.0
        ]
    ],
    "num_matches": 13,
    "num_GT_boxes": 13,
    "used_labels": [
        "airplane",
        "apple",
        "balloon",
        "banana",
        "basket",
        "bee",
        "bench",
        "bicycle",
        "bird",
        "bottle",
        "bucket",
        "bus",
        "butterfly",
        "car",
        "cat",
        "chair",
        "chicken",
        "cloud",
        "cow",
        "cup",
        "dinnerware",
        "dog",
        "duck",
        "fence",
        "flower",
        "grape",
        "grass",
        "horse",
        "house",
        "moon",
        "mountain",
        "people",
        "picnic rug",
        "pig",
        "rabbit",
        "road",
        "sheep",
        "sofa",
        "star",
        "street lamp",
        "sun",
        "table",
        "tree",
        "truck",
        "umbrella",
        "others"
    ]
}