{
    "bboxes": [
        [
            0.10579822794596354,
            0.6652489827473959,
            0.2644244588216146,
            0.8771979166666667
        ],
        [
            0.4114647623697917,
            0.7858192545572916,
            0.585097900390625,
            0.916744140625
        ],
        [
            0.20609993489583334,
            0.19350785319010416,
            0.6668321533203125,
            0.4754567464192708
        ],
        [
            0.33973508707682293,
            0.4390465087890625,
            0.5104720458984375,
            0.717359619140625
        ],
        [
            0.5324426676432291,
            0.3361363118489583,
            0.7175244140625,
            0.7295743815104166
        ],
        [
            0.701778076171875,
            0.3215871175130208,
            0.895310546875,
            0.7540123697916666
        ],
        [
            0.6261310221354167,
            0.7995403645833333,
            0.7977875162760417,
            0.9308572591145833
        ],
        [
            0.7063856608072917,
            0.06613039652506511,
            0.9716251627604167,
            0.489413330078125
        ],
        [
            0.4721898600260417,
            0.8522465006510417,
            0.5184109700520834,
            0.876370361328125
        ],
        [
            0.4284527587890625,
            0.85698193359375,
            0.4853944498697917,
            0.8804506022135417
        ],
        [
            0.0011336728731791178,
            0.211839111328125,
            0.183605712890625,
            0.5959153238932292
        ],
        [
            0.33973508707682293,
            0.4390465087890625,
            0.5104720458984375,
            0.717359619140625
        ],
        [
            0.5324426676432291,
            0.3361363118489583,
            0.7175244140625,
            0.7295743815104166
        ]
    ],
    "labels": [
        "dinnerware",
        "banana",
        "sun",
        "mountain",
        "mountain",
        "mountain",
        "car",
        "tree",
        "airplane",
        "airplane",
        "tree",
        "others",
        "others"
    ],
    "scores": [
        0.9825233817100525,
        0.9354544281959534,
        0.9124656915664673,
        0.7658682465553284,
        0.6631566286087036,
        0.6548006534576416,
        0.39063504338264465,
        0.2743130326271057,
        0.2474524974822998,
        0.2403119057416916,
        0.22767719626426697,
        0.22213198244571686,
        0.21002107858657837
    ]
}