{
    "mean_iou": 0.6801695958599454,
    "mean_dice": 0.6858192281506186,
    "missed_matches": 5,
    "total_matches": 16,
    "success_rate": 0.6875,
    "time": "2024-09-27 00:26:29"
}