{
    "matched_indices": [
        1,
        2,
        0,
        10,
        10,
        8,
        10,
        7,
        10,
        8,
        6,
        5,
        9,
        4,
        12,
        9,
        8,
        4,
        6,
        11
    ],
    "iou_matrix": [
        [
            0.0,
            0.0,
            0.9901838833330866,
            0.0,
            0.0,
            0.0,
            0.0,
            0.0,
            0.0,
            0.0,
            0.0,
            0.0,
            0.0,
            0.0,
            0.0,
            0.0,
            0.0,
            0.0,
            0.0,
            0.0
        ],
        [
            0.8691734660015451,
            0.0,
            0.0,
            0.13914543578976218,
            0.19866066170879082,
            0.0043572031621139165,
            0.15862745424971267,
            0.04432980608411558,
            0.25259148765877826,
            0.294096553646247,
            0.009378473100824118,
            0.040928076220676825,
            0.025402315357287285,
            0.023230237007290006,
            0.005069058911277242,
            0.0,
            0.0,
            0.0,
            0.0,
            0.0
        ],
        [
            0.0,
            0.9937550512238958,
            0.0,
            0.0,
            0.0,
            0.0,
            0.0,
            0.0,
            0.0,
            0.0,
            0.0,
            0.0,
            0.0,
            0.0,
            0.0,
            0.0,
            0.0,
            0.0,
            0.0,
            0.0
        ],
        [
            0.018416695522949098,
            0.0,
            0.0,
            0.0,
            0.0,
            0.0,
            0.0,
            0.0,
            0.08808084109581828,
            0.0,
            0.0,
            0.0,
            0.9664511523764703,
            0.0,
            0.0,
            0.08417543960276053,
            0.0,
            0.0,
            0.0,
            0.0
        ],
        [
            0.01598087246878428,
            0.0,
            0.0,
            0.0,
            0.11513391192658308,
            0.0,
            0.010293856505834488,
            0.0,
            0.0,
            0.0,
            0.0,
            0.0,
            0.0,
            0.918605031475188,
            0.0,
            0.0,
            0.0,
            0.09114725176859208,
            0.022655090243607044,
            0.0
        ],
        [
            0.033908293904423806,
            0.0,
            0.0,
            0.0,
            0.0,
            0.0,
            0.0461431450359799,
            0.0,
            0.15556263413108462,
            0.0,
            0.0,
            0.9119861177003024,
            0.0,
            0.0,
            0.13032648011051445,
            0.0,
            0.0,
            0.0,
            0.0,
            0.0
        ],
        [
            0.00411138284390385,
            0.0,
            0.0,
            0.0,
            0.021530411545935484,
            0.0,
            0.04206010741469281,
            0.0,
            0.0,
            0.0,
            0.954749455969303,
            0.0,
            0.0,
            0.0,
            0.0,
            0.0,
            0.0,
            0.0,
            0.060651872686645805,
            0.0
        ],
        [
            0.0210803388380132,
            0.0,
            0.0,
            0.0,
            0.0,
            0.0,
            0.0,
            0.6114107482055703,
            0.020395541631614448,
            0.042974741830140335,
            0.0,
            0.0,
            0.0,
            0.0,
            0.0,
            0.0,
            0.0,
            0.0,
            0.0,
            0.0
        ],
        [
            0.297620125737589,
            0.0,
            0.0,
            0.13860181257044496,
            0.0,
            0.008974620847158691,
            0.0,
            0.07101870091822288,
            0.000561824321322522,
            0.9854942810640682,
            0.0,
            0.0,
            0.0,
            0.0,
            0.0,
            0.012544132440663859,
            0.017777526828361943,
            0.0,
            0.0,
            0.05181034012477465
        ],
        [
            0.018508784397320066,
            0.0,
            0.0,
            0.0,
            0.0,
            0.0,
            0.0,
            0.0,
            0.08845288160607587,
            0.0,
            0.0,
            0.0,
            0.9684056852629483,
            0.0,
            0.0,
            0.08435217430204074,
            0.0,
            0.0,
            0.0,
            0.0
        ],
        [
            0.7668039126730432,
            0.0,
            0.0,
            0.15294136082552845,
            0.2298099722705974,
            0.004748286487594023,
            0.17286515444690148,
            0.048308653830304506,
            0.2610211312676478,
            0.27928619664578913,
            0.010921009538444574,
            0.04543570558504597,
            0.02844968802523387,
            0.02621567513783805,
            0.006231999221776184,
            0.0,
            0.0,
            0.0,
            0.0,
            0.0
        ],
        [
            0.02752667621158854,
            0.13581074449643715,
            0.10217243509569926,
            0.0,
            0.0,
            0.0,
            0.0,
            0.0,
            0.0,
            0.024173710433193617,
            0.0,
            0.0,
            0.0,
            0.0,
            0.0,
            0.0,
            0.0,
            0.0,
            0.0,
            0.11020790414507177
        ],
        [
            0.034288474300466276,
            0.0,
            0.0,
            0.0,
            0.0,
            0.0,
            0.046548495950029856,
            0.0,
            0.15710117710262356,
            0.0,
            0.0,
            0.9079720963679287,
            0.0,
            0.0,
            0.13076601512454347,
            0.0,
            0.0,
            0.0,
            0.0,
            0.0
        ]
    ],
    "num_matches": 9,
    "num_matches_with_correct_class": 0,
    "num_GT_boxes": 20,
    "used_labels": [
        "others",
        "fence",
        "duck",
        "cloud",
        "grass"
    ],
    "map_score": 0.0
}