{
    "mean_iou": 0.9117138825857729,
    "mean_dice": 0.9432334457127215,
    "missed_matches": 5,
    "total_matches": 21,
    "success_rate": 0.7619047619047619,
    "time": "2024-09-27 00:31:24"
}