{
    "mean_iou": 0.5076380976046589,
    "mean_dice": 0.6281183891751106,
    "missed_matches": 5,
    "total_matches": 7,
    "success_rate": 0.2857142857142857,
    "time": "2024-09-24 01:46:05"
}