{
    "bboxes": [
        [
            0.013969093322753907,
            0.03859404500325521,
            0.3930007731119792,
            0.15468936157226562
        ],
        [
            0.46646663411458333,
            0.6520376383463542,
            0.8371534016927084,
            0.8901109212239583
        ],
        [
            0.027296468098958332,
            0.7592421875,
            0.42479549153645835,
            0.9437351888020833
        ],
        [
            0.000681087334950765,
            0.29282525634765627,
            0.40903800455729167,
            0.7092523600260416
        ],
        [
            0.6799395345052084,
            0.11915453084309896,
            0.999261962890625,
            0.7325784505208334
        ],
        [
            0.0009186267058054606,
            0.7386290690104167,
            0.9835244954427084,
            0.977909423828125
        ],
        [
            0.27781538899739583,
            0.03911101531982422,
            0.5413553059895834,
            0.301957275390625
        ],
        [
            0.722794189453125,
            0.5583531901041666,
            0.9030350748697916,
            0.742382568359375
        ],
        [
            0.454666748046875,
            0.13483695475260415,
            0.8710211588541666,
            0.2472955525716146
        ],
        [
            0.45427840169270833,
            0.13486925252278645,
            0.8201372884114584,
            0.2473978474934896
        ],
        [
            0.722794189453125,
            0.5583531901041666,
            0.9030350748697916,
            0.742382568359375
        ]
    ],
    "labels": [
        "chicken",
        "butterfly",
        "butterfly",
        "horse",
        "tree",
        "rabbit",
        "street lamp",
        "cat",
        "chicken",
        "chicken",
        "bee"
    ],
    "scores": [
        0.9732264876365662,
        0.9170098304748535,
        0.9117752909660339,
        0.8852106332778931,
        0.8845524191856384,
        0.6747493743896484,
        0.5681712031364441,
        0.5672103762626648,
        0.426961749792099,
        0.3671357333660126,
        0.22888889908790588
    ]
}