{
    "bboxes": [
        [
            0.0006785168647766113,
            0.4500880940755208,
            0.20051833089192708,
            0.8135962727864583
        ],
        [
            0.2850047200520833,
            0.180510986328125,
            0.755170654296875,
            0.73564013671875
        ],
        [
            0.46573710123697915,
            0.038197237650553384,
            0.5728522135416667,
            0.13348289998372395
        ],
        [
            0.0007006376584370931,
            0.8082928873697917,
            0.21377408854166666,
            0.9060594075520834
        ],
        [
            0.3725535888671875,
            0.8079916178385417,
            0.8408817545572916,
            0.9032747395833334
        ],
        [
            0.0006601363023122152,
            0.13056592814127604,
            0.2850855509440104,
            0.7211881510416667
        ],
        [
            0.6403271891276041,
            0.07671286519368489,
            0.8264818522135416,
            0.1587356262207031
        ],
        [
            0.18679231770833332,
            0.0761655527750651,
            0.39834720865885415,
            0.145069091796875
        ],
        [
            0.00234442933400472,
            0.7088333333333333,
            0.9942484537760417,
            0.9082074381510417
        ],
        [
            0.0005683600505193074,
            0.13010638427734375,
            0.15179114786783854,
            0.30578558349609375
        ],
        [
            0.0015302597681681315,
            0.0005804746945699056,
            0.9984012044270834,
            0.3523913167317708
        ],
        [
            0.6403271891276041,
            0.07671286519368489,
            0.8264818522135416,
            0.1587356262207031
        ]
    ],
    "labels": [
        "grass",
        "sun",
        "road",
        "house",
        "house",
        "sun",
        "fence",
        "fence",
        "tree",
        "sun",
        "fence",
        "road"
    ],
    "scores": [
        0.7636421918869019,
        0.6502680778503418,
        0.6135901212692261,
        0.5756492018699646,
        0.5339141488075256,
        0.49518275260925293,
        0.45680373907089233,
        0.39881521463394165,
        0.3006051480770111,
        0.2679234445095062,
        0.21294112503528595,
        0.209707111120224
    ]
}