{
    "matched_indices": [
        5,
        10,
        7,
        3,
        1,
        0,
        4,
        2,
        2,
        2,
        5,
        5,
        5,
        9,
        0,
        0
    ],
    "iou_matrix": [
        [
            0.0,
            0.0,
            0.0,
            0.035066877244230306,
            0.0,
            0.9855632534131313,
            0.0,
            0.0,
            0.0,
            0.0,
            0.0,
            0.0,
            0.0,
            0.0,
            0.0,
            0.0
        ],
        [
            0.0,
            0.060070201428173556,
            0.0,
            0.03616631510786614,
            0.9768679498478682,
            0.0,
            0.0,
            0.0,
            0.0,
            0.0,
            0.0,
            0.0,
            0.0,
            0.0,
            0.0,
            0.0
        ],
        [
            0.0,
            0.0,
            0.0,
            0.0,
            0.0006724049730461098,
            0.0007808342029251167,
            0.0,
            0.29819103242776634,
            0.297890966360645,
            0.33638736623620824,
            0.0,
            0.0,
            0.0,
            0.0,
            0.0,
            0.0
        ],
        [
            0.022079933850003806,
            0.04705754765089713,
            0.014391091154751184,
            0.9866844758261764,
            0.03779354781968903,
            0.0373382437952676,
            0.025229478866094838,
            0.0,
            0.0,
            0.0,
            0.0,
            0.0008235509692989603,
            0.0,
            0.0,
            0.0,
            0.0
        ],
        [
            0.0,
            0.0,
            0.0,
            0.023504985131298377,
            0.0,
            0.0,
            0.9633900431335948,
            0.0,
            0.0,
            0.0,
            0.0,
            0.0,
            0.0,
            0.0,
            0.0,
            0.0
        ],
        [
            0.8425900054002594,
            0.0,
            0.0,
            0.02249718073385285,
            0.0,
            0.0,
            0.0,
            0.0,
            0.0,
            0.0,
            0.07943493866817065,
            0.11421698385360121,
            0.09415630004197093,
            0.0,
            0.0,
            0.0
        ],
        [
            0.01823479534235839,
            0.13163295747758605,
            0.05589683446718826,
            0.759790723860025,
            0.03307789736089533,
            0.03349150780254648,
            0.021902379577708134,
            0.0,
            0.0,
            0.0,
            0.0,
            0.0007386828458347197,
            0.0,
            0.0,
            0.0,
            0.0
        ],
        [
            0.0,
            0.0,
            0.9855852027426867,
            0.015005307416503893,
            0.0,
            0.0,
            0.0,
            0.0,
            0.0,
            0.0,
            0.0,
            0.0,
            0.0,
            0.0,
            0.0,
            0.0
        ],
        [
            0.0,
            0.0,
            0.9855852027426867,
            0.015005307416503893,
            0.0,
            0.0,
            0.0,
            0.0,
            0.0,
            0.0,
            0.0,
            0.0,
            0.0,
            0.0,
            0.0,
            0.0
        ],
        [
            0.0,
            0.0,
            0.0,
            0.0,
            0.0,
            0.0,
            0.0,
            0.0,
            0.0,
            0.0,
            0.0,
            0.0,
            0.0,
            0.95664252933318,
            0.0,
            0.0
        ],
        [
            0.0,
            0.7801843733634852,
            0.0,
            0.019835660484543306,
            0.016294251135763903,
            0.0,
            0.0,
            0.0,
            0.0,
            0.0,
            0.0,
            0.0,
            0.0,
            0.0,
            0.0,
            0.0
        ],
        [
            0.0,
            0.028548806259055096,
            0.0,
            0.09907026101395548,
            0.29909706151384935,
            0.34253159183762144,
            0.19365275280690958,
            0.0,
            0.0,
            0.0,
            0.0,
            0.0,
            0.0,
            0.0,
            0.0,
            0.0
        ]
    ],
    "num_matches": 8,
    "num_GT_boxes": 16,
    "used_labels": [
        "airplane",
        "apple",
        "balloon",
        "banana",
        "basket",
        "bee",
        "bench",
        "bicycle",
        "bird",
        "bottle",
        "bucket",
        "bus",
        "butterfly",
        "car",
        "cat",
        "chair",
        "chicken",
        "cloud",
        "cow",
        "cup",
        "dinnerware",
        "dog",
        "duck",
        "fence",
        "flower",
        "grape",
        "grass",
        "horse",
        "house",
        "moon",
        "mountain",
        "people",
        "picnic rug",
        "pig",
        "rabbit",
        "road",
        "sheep",
        "sofa",
        "star",
        "street lamp",
        "sun",
        "table",
        "tree",
        "truck",
        "umbrella",
        "others"
    ]
}