{
    "bboxes": [
        [
            0.46668701171875,
            0.3584259033203125,
            0.7308911946614584,
            0.6247872314453125
        ],
        [
            0.727620849609375,
            0.3529779052734375,
            0.9766078287760417,
            0.9245362141927084
        ],
        [
            0.03955957285563151,
            0.05251416524251302,
            0.5050777994791666,
            0.7704886881510417
        ],
        [
            0.3991405436197917,
            0.6654723714192708,
            0.6651163736979167,
            0.9308285319010416
        ],
        [
            0.3992473551432292,
            0.6176909993489583,
            0.665259765625,
            0.9308441569010417
        ],
        [
            0.5331283772786458,
            0.04088821665445964,
            0.717484130859375,
            0.1946045125325521
        ],
        [
            0.03960862477620443,
            0.051302637736002604,
            0.50489306640625,
            0.9654771321614584
        ],
        [
            0.7071513671875,
            0.1858228556315104,
            0.917603759765625,
            0.4498084716796875
        ]
    ],
    "labels": [
        "tree",
        "dog",
        "grass",
        "house",
        "house",
        "people",
        "grass",
        "road"
    ],
    "scores": [
        0.966231107711792,
        0.887885570526123,
        0.6823499202728271,
        0.5378654599189758,
        0.28683003783226013,
        0.24158607423305511,
        0.22752319276332855,
        0.22029495239257812
    ]
}