{
    "bboxes": [
        [
            0.41039497884114584,
            0.13867967732747397,
            0.6389475504557292,
            0.7646604817708333
        ],
        [
            0.6400899251302083,
            0.07825960795084635,
            0.8098605143229166,
            0.25066935221354164
        ],
        [
            0.0009488462607065836,
            0.011507987976074219,
            0.3581083170572917,
            0.6911521809895833
        ],
        [
            0.22174397786458333,
            0.7983489583333333,
            0.47853426106770836,
            0.9976744791666666
        ],
        [
            0.0013373494148254395,
            0.7981305338541667,
            0.2314124959309896,
            0.9969351399739583
        ],
        [
            0.48028401692708333,
            0.810839111328125,
            0.6906842447916667,
            0.997609619140625
        ],
        [
            0.6849971516927084,
            0.7582828776041667,
            0.998465576171875,
            0.9974210611979166
        ],
        [
            0.8283531901041666,
            0.18561977132161459,
            0.99878173828125,
            0.7033955891927083
        ],
        [
            0.21302347819010417,
            0.5312421468098958,
            0.42355533854166666,
            0.7026233723958333
        ],
        [
            0.8281991373697917,
            0.18545792643229167,
            0.99868115234375,
            0.5925860188802083
        ],
        [
            0.5734691162109375,
            0.5103489176432292,
            0.9299341634114583,
            0.7091051432291666
        ],
        [
            0.7108994954427084,
            0.6096744384765626,
            0.9276537272135417,
            0.7022423502604167
        ],
        [
            0.5742863362630208,
            0.50987890625,
            0.989848876953125,
            0.70965673828125
        ]
    ],
    "labels": [
        "fence",
        "road",
        "grass",
        "grass",
        "grass",
        "grass",
        "grass",
        "grass",
        "grass",
        "grass",
        "tree",
        "grass",
        "tree"
    ],
    "scores": [
        0.8487565517425537,
        0.7252874374389648,
        0.5674864649772644,
        0.5462055802345276,
        0.5443915724754333,
        0.5410187840461731,
        0.5225793719291687,
        0.4788700044155121,
        0.46062684059143066,
        0.30365151166915894,
        0.29161974787712097,
        0.2393263876438141,
        0.20655415952205658
    ]
}