{
    "mean_iou": 0.7054525681698596,
    "mean_dice": 0.7669433377720962,
    "missed_matches": 7,
    "total_matches": 15,
    "success_rate": 0.5333333333333333,
    "time": "2024-09-24 01:40:07"
}