{
    "matched_indices": [
        1,
        4,
        16,
        15,
        11,
        3,
        5,
        0,
        6,
        7,
        2
    ],
    "iou_matrix": [
        [
            0.0,
            0.14905719488093788,
            0.0,
            0.11917788614436639,
            0.0,
            0.0,
            0.0,
            0.894523998427896,
            0.0,
            0.0,
            0.005813278860599634
        ],
        [
            0.971676110479555,
            0.0,
            0.08160597343185735,
            0.02040245802070498,
            0.0,
            0.0,
            0.0013039592927922446,
            0.0,
            0.0003224840440513088,
            0.0,
            0.0470587678129942
        ],
        [
            0.049652660638771606,
            0.016918992680382064,
            0.059632911400614115,
            0.023256049837111038,
            0.00348830702312335,
            0.0,
            0.0,
            0.00546705268604983,
            0.02760089434946567,
            0.0,
            0.9786592350448245
        ],
        [
            0.0,
            0.0,
            0.0,
            0.0,
            0.0,
            0.9569441948087333,
            0.0,
            0.0,
            0.0,
            0.0,
            0.0
        ],
        [
            0.0,
            0.9748739100818435,
            0.0,
            0.12369516374647288,
            0.0,
            0.0,
            0.0,
            0.13398610595186383,
            0.0,
            0.0,
            0.016374678208602885
        ],
        [
            0.0,
            0.0,
            0.0,
            0.0,
            0.0,
            0.0,
            0.936636619614105,
            0.0,
            0.009374931971840588,
            0.0,
            0.0
        ],
        [
            0.0,
            0.0,
            0.2576865989450084,
            0.0,
            0.0,
            0.0,
            0.0,
            0.0,
            0.8877017366464849,
            0.0,
            0.012704727004224942
        ],
        [
            0.0,
            0.0,
            0.0,
            0.0,
            0.5536047617638575,
            0.0,
            0.0,
            0.0,
            0.0,
            0.937023137883569,
            0.0
        ],
        [
            0.40465553882101346,
            0.35654503876221844,
            0.045716065115125215,
            0.11162515332429546,
            0.0,
            0.0,
            0.01990656215643647,
            0.049246391172483334,
            0.0017348618763011778,
            0.0,
            0.08654057596121864
        ],
        [
            0.039574412132105566,
            0.01403413512990385,
            0.11266037884458453,
            0.018376430730759553,
            0.004137260505774481,
            0.0,
            0.0,
            0.004376356924500318,
            0.11239446638456291,
            0.0,
            0.7380514873531674
        ],
        [
            0.10591914376840501,
            0.0,
            0.3017782627484805,
            0.0,
            0.0,
            0.0,
            0.04858923672394713,
            0.0,
            0.7179346679048055,
            0.0,
            0.07094839259409762
        ],
        [
            0.0,
            0.0,
            0.0,
            0.0,
            0.8695682800624611,
            0.0,
            0.0,
            0.0,
            0.0,
            0.5914999789257842,
            0.0
        ],
        [
            0.04077228906297609,
            0.049735948136415666,
            0.0,
            0.0,
            0.21755632623439938,
            0.07416734727243553,
            0.018861523659800407,
            0.001669398057326243,
            0.08492805479861361,
            0.09767723465230548,
            0.0
        ],
        [
            0.056164847099863593,
            0.06344327604660843,
            0.0,
            0.0059507525951892765,
            0.23291612026749783,
            0.06713615374218805,
            0.017073418408573675,
            0.006077865111344979,
            0.09604761594781383,
            0.11050772820319768,
            0.0
        ],
        [
            0.025885629105518133,
            0.008430818370688634,
            0.07347670893516162,
            0.011303294461858094,
            0.17540845102940547,
            0.0,
            0.0,
            0.002585792674483977,
            0.07766645032500133,
            0.1792796889363956,
            0.4919815424006404
        ],
        [
            0.018758152007379927,
            0.11460863733010894,
            0.0,
            0.9248782624790334,
            0.0,
            0.0,
            0.0,
            0.08769622278294634,
            0.0,
            0.0,
            0.020910901685940276
        ],
        [
            0.10190751435461999,
            0.0,
            0.6643741727996264,
            0.0,
            0.0,
            0.0,
            0.0,
            0.0,
            0.1527722198430626,
            0.0,
            0.06279472871813431
        ]
    ],
    "num_matches": 11,
    "num_GT_boxes": 11,
    "used_labels": [
        "road",
        "cloud",
        "tree",
        "house"
    ]
}