{
    "bboxes": [
        [
            0.07330430603027344,
            0.3184990234375,
            0.5433614501953125,
            0.745415771484375
        ],
        [
            0.5387315266927083,
            0.29394254557291666,
            0.998875244140625,
            0.722848876953125
        ],
        [
            0.37301753743489585,
            0.5577876790364583,
            0.5358065185546875,
            0.8406355794270833
        ],
        [
            0.5995289306640625,
            0.77146240234375,
            0.7975764973958334,
            0.9437537434895833
        ],
        [
            0.8264117024739583,
            0.6382897135416666,
            0.999485595703125,
            0.7872339680989583
        ],
        [
            0.6039986979166667,
            0.037986595153808596,
            0.9839584147135416,
            0.16849213663736978
        ],
        [
            0.0009156464735666911,
            0.0005802809794743856,
            0.36659940592447915,
            0.1281872049967448
        ],
        [
            0.6793113199869791,
            0.70472119140625,
            0.7985732421875,
            0.8135101725260416
        ],
        [
            0.6793412272135416,
            0.7050338541666666,
            0.7984874674479167,
            0.8144287923177084
        ],
        [
            0.33571822102864585,
            0.000364646315574646,
            0.46554093424479165,
            0.13044235229492188
        ]
    ],
    "labels": [
        "tree",
        "tree",
        "cloud",
        "house",
        "sun",
        "cat",
        "cat",
        "dog",
        "house",
        "people"
    ],
    "scores": [
        0.965665876865387,
        0.9412206411361694,
        0.8098979592323303,
        0.7858266234397888,
        0.7234808206558228,
        0.6605531573295593,
        0.39748960733413696,
        0.36945196986198425,
        0.3681687116622925,
        0.35020580887794495
    ]
}