{
    "bboxes": [
        [
            0.4145976969401042,
            0.5049184163411459,
            0.5451956380208334,
            0.6373878580729166
        ],
        [
            0.2658370564778646,
            0.010921354929606119,
            0.4917067057291667,
            0.1309219665527344
        ],
        [
            0.6236643880208333,
            0.007038622538248698,
            0.9983904622395834,
            0.7828326009114583
        ],
        [
            0.011621481577555338,
            0.02451007588704427,
            0.2122028605143229,
            0.15878038533528646
        ],
        [
            0.1993756103515625,
            0.370719970703125,
            0.41080765787760415,
            0.6570810546875
        ],
        [
            0.6007356363932291,
            0.517521728515625,
            0.8103317057291667,
            0.8084656575520833
        ],
        [
            0.6042191569010417,
            0.5171918538411459,
            0.7776383463541666,
            0.6697366129557292
        ],
        [
            0.5115917561848958,
            0.0013587474822998047,
            0.9994356282552084,
            0.7821923014322917
        ],
        [
            0.6042419840494792,
            0.5174261474609375,
            0.77915087890625,
            0.7042215983072917
        ]
    ],
    "labels": [
        "rabbit",
        "grass",
        "cloud",
        "grass",
        "tree",
        "tree",
        "rabbit",
        "cloud",
        "rabbit"
    ],
    "scores": [
        0.7612342834472656,
        0.6262500286102295,
        0.6099671125411987,
        0.5794367790222168,
        0.3347747027873993,
        0.3002760708332062,
        0.24714228510856628,
        0.2131214141845703,
        0.20024773478507996
    ]
}