{
    "bboxes": [
        [
            0.49241145833333333,
            0.46611592610677083,
            0.78475390625,
            0.87697705078125
        ],
        [
            0.0914210917154948,
            0.33226847330729165,
            0.39738448079427086,
            0.8769659830729166
        ],
        [
            0.7052649739583333,
            0.14524746704101563,
            0.957537353515625,
            0.25159527587890623
        ],
        [
            0.14548142496744793,
            0.2118058064778646,
            0.3583303629557292,
            0.304590576171875
        ],
        [
            0.33343988037109373,
            0.7595008951822917,
            0.54020361328125,
            0.8763341471354167
        ]
    ],
    "labels": [
        "tree",
        "mountain",
        "chicken",
        "chicken",
        "duck"
    ],
    "scores": [
        0.8805740475654602,
        0.528579592704773,
        0.4519912004470825,
        0.32094672322273254,
        0.2771684527397156
    ]
}