{
    "bboxes": [
        [
            0.037071851094563804,
            0.6554958902994792,
            0.30600673421223956,
            0.906891845703125
        ],
        [
            0.0007571130593617757,
            0.009964063008626301,
            0.48051155598958334,
            0.34312870279947916
        ],
        [
            0.4288072509765625,
            0.5725212809244792,
            0.7842477213541666,
            0.9440635579427084
        ],
        [
            0.08920725504557292,
            0.3835140380859375,
            0.3904618326822917,
            0.7386534016927083
        ],
        [
            0.492998291015625,
            0.013123004913330079,
            0.738856201171875,
            0.32320383707682293
        ],
        [
            0.691163330078125,
            0.39813863118489584,
            0.972507568359375,
            0.77155810546875
        ],
        [
            0.7983372395833334,
            0.39813175455729166,
            0.9723360188802084,
            0.7705155436197917
        ],
        [
            0.3589495849609375,
            0.6623687337239583,
            0.998525390625,
            0.8802265625
        ],
        [
            0.5782401936848959,
            0.43958036295572916,
            0.8200352376302084,
            0.7012408040364584
        ],
        [
            0.3375009765625,
            0.5811306559244792,
            0.9976099446614584,
            0.8821219075520833
        ],
        [
            0.2793598429361979,
            0.3208868204752604,
            0.9892704264322917,
            0.8733326822916667
        ],
        [
            0.42447119140625,
            0.5742020263671875,
            0.787583740234375,
            0.9417539876302083
        ],
        [
            0.4913743896484375,
            0.013666093190511068,
            0.818605224609375,
            0.6961597493489583
        ],
        [
            0.018058060963948568,
            0.32636128743489584,
            0.9941797688802083,
            0.8814934895833333
        ]
    ],
    "labels": [
        "chair",
        "picnic rug",
        "dog",
        "sofa",
        "dog",
        "sofa",
        "sofa",
        "people",
        "sofa",
        "people",
        "people",
        "people",
        "dog",
        "people"
    ],
    "scores": [
        0.8766521215438843,
        0.8034663200378418,
        0.7022919058799744,
        0.6456453800201416,
        0.5551515221595764,
        0.44864946603775024,
        0.322345495223999,
        0.3164523243904114,
        0.27412593364715576,
        0.2569759786128998,
        0.22575679421424866,
        0.22474530339241028,
        0.21216316521167755,
        0.2062554508447647
    ]
}