{
    "matched_indices": [
        14,
        1,
        8,
        2,
        3,
        4,
        9,
        7,
        12,
        5,
        13,
        16,
        6,
        0,
        13
    ],
    "iou_matrix": [
        [
            0.0,
            0.0,
            0.01177907158314588,
            0.0,
            0.0,
            0.0,
            0.0,
            0.0,
            0.0,
            0.0,
            0.0,
            0.0,
            0.0,
            0.9820343067482517,
            0.04826157683836972
        ],
        [
            0.009765041222142806,
            0.9729779791543521,
            0.07382078128734293,
            0.0,
            0.0,
            0.0,
            0.0,
            0.0,
            0.0,
            0.08076655814383311,
            0.0,
            0.0,
            0.0,
            0.0,
            0.1393002118626062
        ],
        [
            0.0,
            0.0,
            0.0,
            0.9697102475876443,
            0.0023965592459896713,
            0.0,
            0.0,
            0.0,
            0.0,
            0.0,
            0.0,
            0.0,
            0.022380176597539145,
            0.0,
            0.0018352221550225842
        ],
        [
            0.0,
            0.0,
            0.025997845711034005,
            0.0,
            0.881880411969476,
            0.0,
            0.0,
            0.0,
            0.0,
            0.0,
            0.0,
            0.0,
            0.0,
            0.0,
            0.0469931734886747
        ],
        [
            0.0,
            0.0,
            0.0,
            0.0,
            0.0,
            0.8863222924499767,
            0.014706917929554279,
            0.0,
            0.0,
            0.0,
            0.0,
            0.0,
            0.0,
            0.0,
            0.041718696230583635
        ],
        [
            0.0,
            0.07997065994891157,
            0.0,
            0.0,
            0.0,
            0.0,
            0.0,
            0.0,
            0.0,
            0.9844108900643895,
            0.0,
            0.0,
            0.0,
            0.0,
            0.0029394589916027693
        ],
        [
            0.0,
            0.0,
            0.0,
            0.02117923271229133,
            0.0,
            0.0,
            0.0,
            0.0,
            0.0,
            0.0,
            0.0,
            0.0,
            0.949614528036181,
            0.0,
            0.014139073517767801
        ],
        [
            0.0,
            0.0,
            0.08208108605052461,
            0.0,
            0.0,
            0.0,
            0.0,
            0.9630701546529419,
            0.0,
            0.0,
            0.0,
            0.0,
            0.0,
            0.0,
            0.024113739908794188
        ],
        [
            0.0,
            0.06692588553127653,
            0.8889943601055744,
            0.0,
            0.02694537260752512,
            0.0,
            0.0,
            0.07057985376073923,
            0.07443250599885473,
            0.0,
            0.0035731571197649002,
            0.0,
            0.0,
            0.026534715267322227,
            0.31484520127213844
        ],
        [
            0.0,
            0.0,
            0.0,
            0.0,
            0.0,
            0.039053841493424356,
            0.9803129249397764,
            0.0,
            0.0,
            0.0,
            0.0,
            0.044302210629834034,
            0.0,
            0.0,
            0.12181613793453891
        ],
        [
            0.008578166689446743,
            0.11617154623021844,
            0.14159042449812903,
            0.02541742868486032,
            0.03797231337453517,
            0.047069846787184205,
            0.05852395891952669,
            0.011241386938586345,
            0.012388467238442079,
            0.028457078728516442,
            0.010094306638730592,
            0.007404601108034352,
            0.006922036292232968,
            0.11470802998557494,
            0.4818995719343578
        ],
        [
            0.0,
            0.024778097379500964,
            0.0,
            0.0,
            0.0,
            0.0,
            0.0,
            0.0,
            0.0,
            0.0,
            0.0,
            0.0,
            0.0,
            0.0,
            0.0
        ],
        [
            0.0,
            0.0,
            0.0594349043523961,
            0.0,
            0.0,
            0.0,
            0.0,
            0.0,
            0.9633841624845908,
            0.0,
            0.0,
            0.0,
            0.0,
            0.0,
            0.026540696951510186
        ],
        [
            0.010210875040804505,
            0.08343627580163196,
            0.16761433368858253,
            0.0028095095318871376,
            0.03010814052830476,
            0.027986993561925667,
            0.06966934736487444,
            0.01328528666199397,
            0.014640928158115785,
            0.0036294607882336478,
            0.011929645165872131,
            0.008750899588758866,
            0.008180595235217959,
            0.13556414961218333,
            0.5704665023971408
        ],
        [
            0.9380628295668965,
            0.010236781388663371,
            0.0,
            0.0,
            0.0,
            0.0,
            0.0,
            0.0,
            0.0,
            0.0,
            0.0,
            0.0,
            0.0,
            0.0,
            0.015809003656946898
        ],
        [
            0.0,
            0.08374976546600806,
            0.646516042618421,
            0.0,
            0.03773204724509774,
            0.0,
            0.0,
            0.0013110408666033584,
            0.0,
            0.0,
            0.004543038006791738,
            0.0,
            0.0,
            0.0,
            0.18640923421999714
        ],
        [
            0.0,
            0.0,
            0.0,
            0.0,
            0.0,
            0.0,
            0.045436715311520125,
            0.0,
            0.0,
            0.0,
            0.0,
            0.9458716920454547,
            0.0,
            0.0,
            0.016172309321959028
        ]
    ],
    "true_pos": 14,
    "false_pos": 3,
    "unmatched": 1,
    "num_GT_boxes": 15,
    "used_labels": [
        "house",
        "fence",
        "grass",
        "tree",
        "car",
        "flower",
        "road",
        "sun"
    ]
}