{
    "bboxes": [
        [
            0.22846756998697917,
            0.31944136555989583,
            0.7525206705729167,
            0.6840055338541666
        ]
    ],
    "labels": [
        "horse"
    ],
    "scores": [
        0.9336904287338257
    ]
}