{
    "bboxes": [
        [
            0.24030403645833334,
            0.3449966227213542,
            0.8907096354166667,
            0.8374852701822917
        ],
        [
            0.7614856770833334,
            0.10811886596679687,
            0.985141357421875,
            0.25221368408203126
        ],
        [
            0.0,
            0.302309814453125,
            0.999426513671875,
            0.44015071614583334
        ]
    ],
    "labels": [
        "cloud",
        "horse",
        "duck"
    ],
    "scores": [
        0.9913434982299805,
        0.9654551148414612,
        0.5190014243125916
    ]
}