{
    "mean_iou": 0.9090069021296081,
    "mean_dice": 0.9449356144550224,
    "missed_matches": 2,
    "total_matches": 9,
    "success_rate": 0.7777777777777778,
    "time": "2024-09-27 00:34:23"
}