{
    "bboxes": [
        [
            0.3613573404947917,
            0.40284322102864584,
            0.49119820149739585,
            0.6753721923828125
        ],
        [
            0.13207816569010417,
            0.6270166422526041,
            0.35790283203125,
            0.8910723470052083
        ],
        [
            0.6054299723307291,
            0.41382405598958333,
            0.8222051595052083,
            0.7019593912760417
        ],
        [
            0.15528818766276042,
            0.057754063924153644,
            0.76993701171875,
            0.5589655354817709
        ],
        [
            0.0006942226886749267,
            0.7449491373697916,
            0.11784878540039062,
            0.81350927734375
        ],
        [
            0.7960961100260416,
            0.5616489664713542,
            0.9913680826822917,
            0.94289794921875
        ],
        [
            0.05050796508789063,
            0.19213724772135415,
            0.21198866780598957,
            0.6568370361328125
        ],
        [
            0.7547230631510417,
            0.19094559733072916,
            0.9290733235677083,
            0.6434386800130208
        ],
        [
            0.9040105794270833,
            0.10622750854492187,
            0.9991183268229167,
            0.6240995279947916
        ],
        [
            0.35923514811197915,
            0.6912342936197917,
            0.5717088623046875,
            0.8904439290364583
        ],
        [
            0.35919384765625,
            0.7360349934895833,
            0.571678955078125,
            0.8905543619791667
        ],
        [
            0.0016399919191996256,
            0.0012709348996480306,
            0.9992645670572917,
            0.34916845703125
        ],
        [
            0.013539432525634765,
            0.051273061116536456,
            0.21951554361979167,
            0.17009928385416667
        ]
    ],
    "labels": [
        "dog",
        "dog",
        "dog",
        "tree",
        "cloud",
        "dog",
        "grass",
        "grass",
        "grass",
        "house",
        "house",
        "people",
        "people"
    ],
    "scores": [
        0.8489053845405579,
        0.8470426201820374,
        0.8448644280433655,
        0.841648280620575,
        0.8305025100708008,
        0.8284836411476135,
        0.820659875869751,
        0.7426276803016663,
        0.5201030969619751,
        0.4455677270889282,
        0.41341015696525574,
        0.27470457553863525,
        0.2376076877117157
    ]
}