{
    "bboxes": [
        [
            0.7598014322916666,
            0.77233447265625,
            0.9182237955729167,
            0.9169651692708334
        ],
        [
            0.15947373453776043,
            0.8269798990885416,
            0.37131144205729166,
            0.9839583333333334
        ],
        [
            0.0010178386370340983,
            0.3584088134765625,
            0.26208622233072915,
            0.8230455729166667
        ],
        [
            0.5606144612630208,
            0.5864792887369792,
            0.8247880045572916,
            0.8750185546875
        ],
        [
            0.14946104939778646,
            0.5855535481770834,
            0.4118316650390625,
            0.8347954915364584
        ],
        [
            0.45634916178385415,
            0.37893461100260417,
            0.6811759440104167,
            0.8169019368489583
        ]
    ],
    "labels": [
        "truck",
        "truck",
        "horse",
        "tree",
        "tree",
        "horse"
    ],
    "scores": [
        0.9673818349838257,
        0.9542914032936096,
        0.811602771282196,
        0.4111318588256836,
        0.40642470121383667,
        0.40203768014907837
    ]
}