{
    "matched_indices": [
        2,
        0,
        1,
        1,
        2,
        1,
        0
    ],
    "iou_matrix": [
        [
            0.012699221562134053,
            0.9926968388999946,
            0.0,
            0.0,
            0.0,
            0.0,
            0.0
        ],
        [
            0.0,
            0.0,
            0.9180777061322388,
            0.3394796339188929,
            0.0,
            0.2035136225063544,
            0.0
        ],
        [
            0.9354887637678772,
            0.012903047583464585,
            0.0,
            0.0,
            0.045998599362989764,
            0.0,
            0.0
        ]
    ],
    "num_matches": 3,
    "num_GT_boxes": 7,
    "used_labels": [
        "airplane",
        "apple",
        "balloon",
        "banana",
        "basket",
        "bee",
        "bench",
        "bicycle",
        "bird",
        "bottle",
        "bucket",
        "bus",
        "butterfly",
        "car",
        "cat",
        "chair",
        "chicken",
        "cloud",
        "cow",
        "cup",
        "dinnerware",
        "dog",
        "duck",
        "fence",
        "flower",
        "grape",
        "grass",
        "horse",
        "house",
        "moon",
        "mountain",
        "people",
        "picnic rug",
        "pig",
        "rabbit",
        "road",
        "sheep",
        "sofa",
        "star",
        "street lamp",
        "sun",
        "table",
        "tree",
        "truck",
        "umbrella",
        "others"
    ]
}