{
    "bboxes": [
        [
            0.000360339879989624,
            0.2891932373046875,
            0.5607126871744792,
            0.8952398274739584
        ],
        [
            0.42724560546875,
            0.6379893391927083,
            0.6520496012369792,
            0.850771484375
        ],
        [
            0.5902838541666666,
            0.2163211873372396,
            0.9996025390625,
            0.644259765625
        ],
        [
            0.4129501953125,
            0.09192904663085938,
            0.6374765625,
            0.31526702880859375
        ],
        [
            0.6539984537760417,
            0.387955078125,
            0.9566494954427084,
            0.931232666015625
        ],
        [
            0.1727330525716146,
            0.3998974609375,
            0.35288142903645836,
            0.5634783121744792
        ]
    ],
    "labels": [
        "flower",
        "sofa",
        "flower",
        "cat",
        "dog",
        "people"
    ],
    "scores": [
        0.9492323398590088,
        0.9220572710037231,
        0.8947052359580994,
        0.874106228351593,
        0.8211275935173035,
        0.7170148491859436
    ]
}