{
    "bboxes": [
        [
            0.2965101521809896,
            0.5085712483723959,
            0.487156494140625,
            0.942519287109375
        ],
        [
            0.024452321370442707,
            0.6694341634114583,
            0.15577881876627603,
            0.9273878580729167
        ],
        [
            0.6271099039713541,
            0.43786946614583333,
            0.706123046875,
            0.717431640625
        ],
        [
            0.6271099039713541,
            0.43786946614583333,
            0.706123046875,
            0.717431640625
        ],
        [
            0.49321842447916664,
            0.3043798624674479,
            0.6265565592447917,
            0.46255765787760417
        ],
        [
            0.25417722574869794,
            0.29150311279296875,
            0.4894884033203125,
            0.5424761962890625
        ],
        [
            0.6229433186848958,
            0.275171630859375,
            0.7372786458333334,
            0.43463411458333334
        ],
        [
            0.12028885904947917,
            0.34484098307291666,
            0.3129387613932292,
            0.56981689453125
        ],
        [
            0.0005071460803349813,
            0.346372802734375,
            0.10529921468098959,
            0.5318500569661458
        ],
        [
            0.7326891276041667,
            0.0007238388061523438,
            0.9993777669270834,
            0.834529541015625
        ]
    ],
    "labels": [
        "mountain",
        "mountain",
        "table",
        "star",
        "tree",
        "tree",
        "tree",
        "tree",
        "tree",
        "tree"
    ],
    "scores": [
        0.6170448660850525,
        0.488227903842926,
        0.36161500215530396,
        0.3604072034358978,
        0.30125367641448975,
        0.28286492824554443,
        0.27823373675346375,
        0.26191121339797974,
        0.21848924458026886,
        0.20987087488174438
    ]
}