{
    "mean_iou": 0.9401629120602679,
    "mean_dice": 0.968437038230362,
    "missed_matches": 3,
    "total_matches": 8,
    "success_rate": 0.625,
    "time": "2024-09-27 00:32:22"
}