{
    "bboxes": [
        [
            0.6137845458984375,
            0.05324940999348959,
            0.8607791341145833,
            0.22001668294270835
        ],
        [
            0.30739617919921874,
            0.1716366170247396,
            0.5425263264973958,
            0.2744262288411458
        ],
        [
            0.05299663289388021,
            0.06508919779459635,
            0.23713179524739583,
            0.14383955891927083
        ],
        [
            0.09347724405924479,
            0.34492281087239585,
            0.23869167073567707,
            0.4759176839192708
        ],
        [
            0.052866073608398435,
            0.5462239176432292,
            0.2242580769856771,
            0.6630704752604166
        ],
        [
            0.02546544138590495,
            0.45153068033854166,
            0.15172007242838542,
            0.5833135579427083
        ],
        [
            0.79906298828125,
            0.4679326578776042,
            0.9568206380208333,
            0.5574893798828126
        ],
        [
            0.7746819661458333,
            0.3851888834635417,
            0.9580646158854167,
            0.5014418131510416
        ],
        [
            0.6472239176432292,
            0.3706258138020833,
            0.7999718424479166,
            0.5045409342447916
        ],
        [
            0.33581266276041666,
            0.03882830301920573,
            0.5176183675130208,
            0.1665800984700521
        ],
        [
            0.6462575276692708,
            0.37076481119791665,
            0.7981368815104166,
            0.6515899251302083
        ],
        [
            0.17652506510416666,
            0.6011884358723958,
            0.46622904459635417,
            0.9420804036458333
        ]
    ],
    "labels": [
        "others",
        "others",
        "others",
        "car",
        "car",
        "car",
        "car",
        "car",
        "car",
        "mountain",
        "car",
        "sun"
    ],
    "scores": [
        0.9909538626670837,
        0.9892230033874512,
        0.9888430833816528,
        0.9751244187355042,
        0.9660071134567261,
        0.9619345664978027,
        0.9431080222129822,
        0.8176888823509216,
        0.622246265411377,
        0.4748806953430176,
        0.35916441679000854,
        0.33497196435928345
    ]
}