{
    "matched_indices": [
        11,
        10,
        9,
        16,
        12,
        6,
        8,
        0,
        1,
        2,
        5,
        4,
        3,
        8,
        1,
        3,
        7
    ],
    "iou_matrix": [
        [
            0.0,
            0.0,
            0.0,
            0.0,
            0.027097144643493602,
            0.0,
            0.0,
            0.9811158610478102,
            0.0,
            0.0,
            0.16507505663099134,
            0.09222153755615234,
            0.0,
            0.0,
            0.0,
            0.0,
            0.0
        ],
        [
            0.0,
            0.0,
            0.0,
            0.0,
            0.12314521904726235,
            0.0,
            0.0027187565865633033,
            0.0,
            0.9222105889510176,
            0.0,
            0.0,
            0.0,
            0.13580224346721873,
            0.0,
            0.009236710197677061,
            0.0,
            0.0
        ],
        [
            0.0,
            0.0,
            0.0,
            0.0,
            0.0,
            0.0,
            0.0,
            0.0,
            0.0,
            0.9608409145311413,
            0.0,
            0.0,
            0.0,
            0.0,
            0.0,
            0.0,
            0.16745196569924678
        ],
        [
            0.0,
            0.0,
            0.0,
            0.0,
            0.021110396213375484,
            0.0,
            0.0,
            0.0,
            0.16392024315275242,
            0.0,
            0.0,
            0.0,
            0.9797631568348364,
            0.0,
            0.0,
            0.009052348540968206,
            0.003851542748205169
        ],
        [
            0.0,
            0.0,
            0.0,
            0.0,
            0.0,
            0.0,
            0.0,
            0.09968649451612517,
            0.0,
            0.0,
            0.14721955798122158,
            0.9590251798665647,
            0.0,
            0.0,
            0.0,
            0.0,
            0.1715138239261618
        ],
        [
            0.0,
            0.0,
            0.0,
            0.0,
            0.020869053012059054,
            0.0,
            0.06972737264858454,
            0.1340827561163328,
            0.0,
            0.0,
            0.896730271930454,
            0.11830016115454996,
            0.0,
            0.009512784477779883,
            0.0,
            0.0,
            0.0
        ],
        [
            0.011846061260816651,
            0.0,
            0.0,
            0.0,
            0.0,
            0.9893720952965798,
            0.0,
            0.0,
            0.0,
            0.0,
            0.0,
            0.0,
            0.0,
            0.0,
            0.0,
            0.0,
            0.0
        ],
        [
            0.0,
            0.0,
            0.0,
            0.0,
            0.0,
            0.0,
            0.0,
            0.0,
            0.0027876725917863345,
            0.24900981249415194,
            0.0028345905205389202,
            0.08210749388652665,
            0.00848281136706905,
            0.0,
            0.0027006509156071033,
            0.0,
            0.4196645373234772
        ],
        [
            0.0,
            0.0,
            0.0,
            0.0,
            0.0763087335528798,
            0.0,
            0.8638789172182312,
            0.0,
            0.0029334127613768876,
            0.0,
            0.07074173540086935,
            0.0,
            0.0,
            0.11262898228458923,
            0.0,
            0.0,
            0.0
        ],
        [
            0.0,
            0.0,
            0.9391825942412543,
            0.0,
            0.0,
            0.0,
            0.0,
            0.0,
            0.0,
            0.0,
            0.0,
            0.0,
            0.0,
            0.0,
            0.0,
            0.0,
            0.0
        ],
        [
            0.0,
            0.9394364380356234,
            0.0,
            0.0,
            0.0,
            0.0,
            0.0,
            0.0,
            0.0,
            0.0,
            0.0,
            0.0,
            0.0,
            0.0,
            0.0,
            0.0,
            0.0
        ],
        [
            0.9573107803976836,
            0.0,
            0.0,
            0.0,
            0.0,
            0.013323394067952991,
            0.0,
            0.0,
            0.0,
            0.0,
            0.0,
            0.0,
            0.0,
            0.0,
            0.0,
            0.0,
            0.0
        ],
        [
            0.0,
            0.0,
            0.0,
            0.0,
            0.46162034788333817,
            0.0,
            0.06813996970695389,
            0.12097128952259707,
            0.23155841429725185,
            0.0,
            0.15272751830868964,
            0.03987287626906743,
            0.15573653636021428,
            0.008631062829547483,
            0.006359256162754457,
            0.00423292950392281,
            0.004695718593457724
        ],
        [
            0.0,
            0.0,
            0.0,
            0.0,
            0.460564549164496,
            0.0,
            0.06801877795441219,
            0.12205061317183309,
            0.23114657128990757,
            0.0,
            0.15245588162195825,
            0.039331692330317324,
            0.1548509663734314,
            0.008615711874225534,
            0.006194000217142569,
            0.004186908445494216,
            0.0031065774656265505
        ],
        [
            0.0,
            0.9394364380356234,
            0.0,
            0.0,
            0.0,
            0.0,
            0.0,
            0.0,
            0.0,
            0.0,
            0.0,
            0.0,
            0.0,
            0.0,
            0.0,
            0.0,
            0.0
        ],
        [
            0.02746289605799007,
            0.031145519302168665,
            0.0123731840331173,
            0.007575418795786101,
            0.3769509306914217,
            0.08694151529341006,
            0.04504288746490226,
            0.030233898821246344,
            0.0813005219138414,
            0.0,
            0.030887078872936936,
            0.0,
            0.03079684805677857,
            0.0,
            0.0,
            0.00015581270025047056,
            0.0
        ],
        [
            0.0,
            0.0,
            0.0,
            0.9283359229483598,
            0.0,
            0.0,
            0.0,
            0.0,
            0.0,
            0.0,
            0.0,
            0.0,
            0.0,
            0.0,
            0.0,
            0.0,
            0.0
        ],
        [
            0.0,
            0.0,
            0.0,
            0.0,
            0.13762253565079188,
            0.0,
            0.2517166748021004,
            0.09511837564768473,
            0.001727054478628709,
            0.0,
            0.5049707172397008,
            0.07838720199679633,
            0.0,
            0.031937507843659875,
            0.009204885692895837,
            0.0,
            0.0
        ]
    ],
    "true_pos": 12,
    "false_pos": 6,
    "unmatched": 5,
    "num_GT_boxes": 17,
    "used_labels": [
        "house",
        "cloud",
        "grass",
        "tree",
        "truck",
        "road",
        "sun",
        "mountain"
    ]
}