{
    "matched_indices": [
        2,
        1,
        0,
        0,
        4,
        4,
        3,
        4
    ],
    "iou_matrix": [
        [
            0.022392368718892015,
            0.14312980174984014,
            0.0357784477581145,
            0.9702483921861708,
            0.17989187611204374,
            0.0,
            0.0,
            0.20765281663535962
        ],
        [
            0.08601088809395073,
            0.9709966827951257,
            0.0,
            0.13721094769268757,
            0.1685401606533224,
            0.0,
            0.0,
            0.002579286243445808
        ],
        [
            0.9942911225015826,
            0.08570432993912293,
            0.020141112364187426,
            0.02014738885933213,
            0.01755867298507289,
            0.00040415255749151147,
            0.019080717089070946,
            0.0
        ],
        [
            0.019436605318913797,
            0.0,
            0.0,
            0.0,
            0.0,
            0.0,
            0.9846316586940462,
            0.0
        ],
        [
            0.01613463687932315,
            0.15493141418371006,
            0.0,
            0.1528287163169926,
            0.8912175168077271,
            0.3647210041720566,
            0.0,
            0.36630233838647897
        ]
    ],
    "num_matches": 5,
    "num_matches_with_correct_class": 0,
    "num_GT_boxes": 8,
    "used_labels": [
        "sheep",
        "tree",
        "road",
        "cloud",
        "grass"
    ],
    "map_score": 0.0
}