{
    "bboxes": [
        [
            0.5058023681640625,
            0.838481201171875,
            0.6242580159505209,
            0.9412473958333333
        ],
        [
            0.36062992350260414,
            0.6402200113932291,
            0.48852388509114586,
            0.7835228678385416
        ],
        [
            0.05226140340169271,
            0.8515327962239584,
            0.19840287272135418,
            0.9437539876302083
        ],
        [
            0.4966893310546875,
            0.6134890543619792,
            0.6471325276692709,
            0.7796245930989584
        ],
        [
            0.02917736562093099,
            0.8152643229166666,
            0.998592041015625,
            0.9808754069010417
        ],
        [
            0.10782045491536459,
            0.6136333414713542,
            0.23265179443359374,
            0.7797994791666667
        ],
        [
            0.7660693359375,
            0.6266502685546875,
            0.9314488932291667,
            0.78377294921875
        ],
        [
            0.02917736562093099,
            0.8152643229166666,
            0.998592041015625,
            0.9808754069010417
        ],
        [
            0.7458948567708333,
            0.5984722493489584,
            0.93115478515625,
            0.7841602376302084
        ],
        [
            0.22519099934895834,
            0.665830810546875,
            0.35671826171875,
            0.7817783203125
        ],
        [
            0.22519099934895834,
            0.665830810546875,
            0.35671826171875,
            0.7817783203125
        ]
    ],
    "labels": [
        "house",
        "street lamp",
        "house",
        "street lamp",
        "house",
        "street lamp",
        "street lamp",
        "bus",
        "street lamp",
        "street lamp",
        "bus"
    ],
    "scores": [
        0.3488568961620331,
        0.3479127585887909,
        0.3343575596809387,
        0.32704469561576843,
        0.325123131275177,
        0.324398398399353,
        0.2899765372276306,
        0.26117491722106934,
        0.24532672762870789,
        0.24161525070667267,
        0.22665347158908844
    ]
}