{
    "matched_indices": [
        14,
        9,
        10,
        4,
        11,
        0,
        1,
        12,
        14,
        7,
        8,
        6,
        2,
        3,
        5
    ],
    "iou_matrix": [
        [
            0.0,
            0.06409211949526741,
            0.0,
            0.0,
            0.042429093357899614,
            0.9834364627242479,
            0.0,
            0.0,
            0.0,
            0.0,
            0.0,
            0.07042415829089729,
            0.012700451467059075,
            0.0,
            0.0
        ],
        [
            0.0,
            0.04969497462270907,
            0.0,
            0.0,
            0.0,
            0.0,
            0.9606803128743907,
            0.0,
            0.0,
            0.0,
            0.0,
            0.0,
            0.04287654189740976,
            0.00713216628499161,
            0.0
        ],
        [
            0.0,
            0.0,
            0.0,
            0.0,
            0.0,
            0.013950881965690824,
            0.054648714195420535,
            0.0,
            0.0,
            0.0,
            0.0,
            0.06035625615761372,
            0.9546546015076047,
            0.0576200531402352,
            0.0
        ],
        [
            0.0,
            0.0,
            0.0,
            0.0,
            0.0,
            0.0,
            0.01010604293068207,
            0.009334550992027325,
            0.0,
            0.0,
            0.0,
            0.0,
            0.0662136595216039,
            0.961857501911796,
            0.07220300064724816
        ],
        [
            0.0,
            0.0,
            0.0,
            0.9704398195700767,
            0.0,
            0.0,
            0.0,
            0.0,
            0.0,
            0.0,
            0.0,
            0.0,
            0.0,
            0.0,
            0.0
        ],
        [
            0.0,
            0.0,
            0.0,
            0.0,
            0.0,
            0.0,
            0.0,
            0.004597497320223297,
            0.0,
            0.0,
            0.0,
            0.0,
            0.0,
            0.07744213509023946,
            0.9713353606837888
        ],
        [
            0.0,
            0.0,
            0.0,
            0.0,
            0.08176715221771652,
            0.06673424352501246,
            0.0,
            0.0,
            0.0,
            0.0,
            0.05415022279186786,
            0.959438457958575,
            0.05308541650796064,
            0.0,
            0.0
        ],
        [
            0.0,
            0.0,
            0.0,
            0.0,
            0.0,
            0.0,
            0.0,
            0.0,
            0.01041784666536851,
            0.967711808972855,
            0.1479712350986082,
            0.0,
            0.0,
            0.0,
            0.0
        ],
        [
            0.0,
            0.0,
            0.0,
            0.0,
            0.08245737628657936,
            0.0,
            0.0,
            0.0,
            0.00300568667906312,
            0.1546024060385021,
            0.9700794222647801,
            0.06149022949343656,
            0.0,
            0.0,
            0.0
        ],
        [
            0.040121752383576764,
            0.9556888473650107,
            0.006092952055227747,
            0.0,
            0.07476695722311034,
            0.05990986822599008,
            0.04664887422365704,
            0.08771229895723887,
            0.12846326429778243,
            0.0,
            0.0,
            0.0,
            0.0,
            0.0,
            0.0
        ],
        [
            0.0,
            0.005485820083596084,
            0.957517667760347,
            0.0,
            0.0,
            0.0,
            0.0,
            0.0,
            0.0,
            0.0,
            0.0,
            0.0,
            0.0,
            0.0,
            0.0
        ],
        [
            0.0,
            0.08011329008838662,
            0.0,
            0.0,
            0.9852709559120248,
            0.04071974057963115,
            0.0,
            0.0,
            0.08800602581274672,
            0.0,
            0.07849508077282806,
            0.08075916548171476,
            0.0,
            0.0,
            0.0
        ],
        [
            0.0,
            0.09478159605220514,
            0.0,
            0.0,
            0.0,
            0.0,
            0.0,
            0.9780919830719698,
            0.0,
            0.0,
            0.0,
            0.0,
            0.0,
            0.006682037460133214,
            0.0033016678983628536
        ],
        [
            0.04031453341802927,
            0.12476842338852011,
            0.0,
            0.0,
            0.0991281088560501,
            0.0,
            0.0,
            0.0,
            0.9149815274391172,
            0.05198065577385401,
            0.05379273096943856,
            0.0,
            0.0,
            0.0,
            0.0
        ],
        [
            0.04332737906325744,
            0.12803923511428392,
            0.0,
            0.0,
            0.08961165232480729,
            0.0,
            0.0,
            0.0,
            0.9880784074178768,
            0.014058970800605584,
            0.0074769997523144284,
            0.0,
            0.0,
            0.0,
            0.0
        ]
    ],
    "num_matches": 14,
    "num_GT_boxes": 15,
    "used_labels": [
        "airplane",
        "apple",
        "balloon",
        "banana",
        "basket",
        "bee",
        "bench",
        "bicycle",
        "bird",
        "bottle",
        "bucket",
        "bus",
        "butterfly",
        "car",
        "cat",
        "chair",
        "chicken",
        "cloud",
        "cow",
        "cup",
        "dinnerware",
        "dog",
        "duck",
        "fence",
        "flower",
        "grape",
        "grass",
        "horse",
        "house",
        "moon",
        "mountain",
        "people",
        "picnic rug",
        "pig",
        "rabbit",
        "road",
        "sheep",
        "sofa",
        "star",
        "street lamp",
        "sun",
        "table",
        "tree",
        "truck",
        "umbrella",
        "others"
    ]
}