{
    "matched_indices": [
        5,
        4,
        0,
        2,
        6,
        3,
        1,
        7,
        0,
        0
    ],
    "iou_matrix": [
        [
            0.0,
            0.0,
            0.9515165728015419,
            0.0,
            0.06450410640125893,
            0.0,
            0.0,
            0.0,
            0.12163291600744044,
            0.11599282488229491
        ],
        [
            0.0,
            0.0,
            0.0,
            0.005859554461716189,
            0.016482430344251255,
            0.013197569866672716,
            0.9892881999317727,
            0.0,
            0.0,
            0.0
        ],
        [
            0.0,
            0.15640996764391166,
            0.0,
            0.9786164917393422,
            0.0,
            0.0072317492449466576,
            0.004216305485032892,
            0.0,
            0.0,
            0.0
        ],
        [
            0.0,
            0.0,
            0.0,
            0.01126558819881333,
            0.0,
            0.9823713370518259,
            0.010926786534944617,
            0.0,
            0.0,
            0.0
        ],
        [
            0.0,
            0.9719207376164138,
            0.0,
            0.158693313619519,
            0.0,
            0.0,
            0.0,
            0.0,
            0.0,
            0.0
        ],
        [
            0.9838876950825096,
            0.0,
            0.0,
            0.0,
            0.0,
            0.0,
            0.0,
            0.11812502157764612,
            0.0,
            0.0
        ],
        [
            0.0,
            0.0,
            0.06309157911296133,
            0.0,
            0.986219845628811,
            0.0,
            0.012442647470316356,
            0.0,
            0.0,
            0.0
        ],
        [
            0.1193587124461103,
            0.0,
            0.0,
            0.0,
            0.0,
            0.0,
            0.0,
            0.9641250340655609,
            0.0,
            0.0
        ],
        [
            0.502079744602888,
            0.0,
            0.0,
            0.0,
            0.0,
            0.0,
            0.0,
            0.3290835004803338,
            0.0,
            0.0
        ],
        [
            0.0,
            0.0,
            0.05728495603699692,
            0.0,
            0.6138048712375643,
            0.0,
            0.0,
            0.0,
            0.0,
            0.0
        ]
    ],
    "true_pos": 8,
    "false_pos": 2,
    "unmatched": 2,
    "num_GT_boxes": 10,
    "used_labels": [
        "tree",
        "house",
        "dog",
        "fence",
        "people",
        "cloud",
        "sun",
        "bench",
        "grass"
    ]
}