{
    "matched_indices": [
        0,
        1,
        0,
        0,
        0,
        0,
        1,
        0,
        1,
        1,
        0,
        0
    ],
    "iou_matrix": [
        [
            0.24528548666222202,
            0.0,
            0.9895429125476534,
            0.0,
            0.02325464333629665,
            0.09178067678742907,
            0.0,
            0.06772781911748217,
            0.0,
            0.0,
            0.0,
            0.05805241638641332
        ],
        [
            0.08285692693242543,
            0.9911293696095355,
            0.0,
            0.0,
            0.0,
            0.0,
            0.018152040055687966,
            0.0,
            0.033340481734937075,
            0.03241435724229997,
            0.0,
            0.0
        ]
    ],
    "num_matches": 2,
    "num_GT_boxes": 12,
    "used_labels": [
        "people",
        "flower",
        "bucket",
        "fence",
        "butterfly",
        "sun"
    ]
}