{
    "bboxes": [
        [
            0.00019079444805781046,
            0.04020860544840495,
            0.543774658203125,
            0.80402197265625
        ]
    ],
    "labels": [
        "tree"
    ],
    "scores": [
        0.8787704110145569
    ]
}