{
    "bboxes": [
        [
            0.0035661455790201822,
            0.7558570149739583,
            0.995380859375,
            0.9976026204427083
        ],
        [
            0.6795333658854167,
            0.570856689453125,
            0.893582275390625,
            0.7829032389322916
        ],
        [
            0.4358170979817708,
            0.12970640055338542,
            0.998034423828125,
            0.6218746744791667
        ],
        [
            0.3737478841145833,
            0.506607666015625,
            0.5370298665364583,
            0.7833247884114584
        ],
        [
            0.7982532552083333,
            0.0009595527648925781,
            0.9723199055989583,
            0.14605858357747395
        ],
        [
            0.0011817663510640462,
            0.43781461588541665,
            0.3184505004882813,
            0.6593385009765625
        ],
        [
            0.170420166015625,
            0.11429439290364583,
            0.5228413492838542,
            0.5852652587890625
        ],
        [
            0.001300737222035726,
            0.43793758138020833,
            0.31840966796875,
            0.7172967936197917
        ],
        [
            0.07925033060709635,
            0.6299489339192709,
            0.173385009765625,
            0.7190445963541666
        ],
        [
            0.23922438557942707,
            0.525646240234375,
            0.3794127197265625,
            0.6259228108723959
        ],
        [
            0.02614258066813151,
            0.013011212666829428,
            0.37022676595052084,
            0.13178244018554688
        ],
        [
            0.003342061996459961,
            0.0018360613187154134,
            0.997515380859375,
            0.4980748291015625
        ],
        [
            0.1710954793294271,
            0.11557110595703125,
            0.5059030354817708,
            0.27779276529947916
        ],
        [
            0.0790780741373698,
            0.6305391031901042,
            0.17358343505859375,
            0.719016845703125
        ]
    ],
    "labels": [
        "bench",
        "house",
        "sun",
        "fence",
        "tree",
        "dog",
        "grass",
        "dog",
        "grass",
        "grass",
        "people",
        "people",
        "tree",
        "cloud"
    ],
    "scores": [
        0.8743392825126648,
        0.8591601848602295,
        0.8383299112319946,
        0.6104625463485718,
        0.5958528518676758,
        0.4776051938533783,
        0.37989431619644165,
        0.3512859642505646,
        0.3439996838569641,
        0.3398175835609436,
        0.2885737121105194,
        0.27189505100250244,
        0.24342498183250427,
        0.2083137333393097
    ]
}