{
    "matched_indices": [
        9,
        2,
        1,
        0,
        5,
        6,
        7,
        4,
        10,
        10,
        0,
        10,
        0,
        3,
        7
    ],
    "iou_matrix": [
        [
            0.0,
            0.01791743237604528,
            0.03108867949874304,
            0.9916558877983208,
            0.0,
            0.0,
            0.003003512788838214,
            0.011093600404479377,
            0.0,
            0.0,
            0.006106148789677605,
            0.0,
            0.0,
            0.00023976971146798509,
            0.09597098590324475
        ],
        [
            0.2526566711323065,
            0.0,
            0.9688162276718134,
            0.032085944323274385,
            0.0,
            0.0,
            0.06110255782217713,
            0.0,
            0.0,
            0.0,
            0.0,
            0.0,
            0.0,
            0.0,
            0.0063047348774107614
        ],
        [
            0.0,
            0.9831449238666885,
            0.0,
            0.01659867313000339,
            0.06897641055043634,
            0.1406423610189906,
            0.0,
            0.0,
            0.0,
            0.0,
            0.0,
            0.0,
            0.0,
            0.0,
            0.0
        ],
        [
            0.0,
            0.0,
            0.0,
            5.0385448682414945e-05,
            0.0,
            0.0,
            0.0,
            0.0,
            0.0,
            0.0,
            0.001536720019730557,
            0.0,
            0.0,
            0.928865373309818,
            0.02661926086131571
        ],
        [
            0.0,
            0.0,
            0.0,
            0.012416912363017682,
            0.0,
            0.0,
            0.0,
            0.9005966452774958,
            0.0,
            0.0,
            0.0,
            0.0,
            0.0,
            0.0,
            0.12523967967516358
        ],
        [
            0.0,
            0.07305503148493599,
            0.0,
            0.0,
            0.9425516263882159,
            0.0,
            0.0,
            0.0,
            0.0,
            0.0,
            0.0,
            0.0,
            0.0,
            0.0,
            0.0
        ],
        [
            0.0,
            0.14507146473497678,
            0.0,
            0.0,
            0.0,
            0.9296476964769647,
            0.0,
            0.0,
            0.0,
            0.0,
            0.0,
            0.0,
            0.0,
            0.0,
            0.0
        ],
        [
            0.0,
            0.0,
            0.06767418066458233,
            0.006455805681062516,
            0.0,
            0.0,
            0.9065379676276764,
            0.0,
            0.0,
            0.0,
            0.0,
            0.13203370848301382,
            0.0,
            0.0,
            0.20807396920059157
        ],
        [
            0.0,
            0.0,
            0.07125222710363352,
            0.006082438669199649,
            0.0,
            0.0,
            0.7808696412693324,
            0.0,
            0.0,
            0.0,
            0.0,
            0.08754442705964098,
            0.0,
            0.0,
            0.1612447746650871
        ],
        [
            0.9257870709842229,
            0.0,
            0.21435666858367752,
            0.0,
            0.0,
            0.0,
            0.0,
            0.0,
            0.0,
            0.003708281829419122,
            0.0,
            0.0,
            0.0,
            0.0,
            0.0
        ],
        [
            0.0,
            0.0,
            0.0,
            0.0,
            0.0,
            0.0,
            0.1361194186734431,
            0.0,
            0.05547830528675613,
            0.0837589124910567,
            0.0,
            0.9611233865784906,
            0.0,
            0.0,
            0.1771866597283421
        ],
        [
            0.0,
            0.0,
            0.0,
            0.0,
            0.0,
            0.0,
            0.13728765806996918,
            0.0,
            0.05533697528942226,
            0.08355651615530395,
            0.0,
            0.9585995362666642,
            0.0,
            0.0,
            0.17823724872291116
        ]
    ],
    "num_matches": 10,
    "num_GT_boxes": 15,
    "used_labels": [
        "house",
        "sun",
        "flower",
        "dog",
        "cloud",
        "people",
        "tree",
        "road",
        "fence",
        "grass",
        "cat"
    ]
}