{
    "matched_indices": [
        6,
        6,
        1,
        2,
        0,
        4,
        3,
        5,
        4,
        3,
        5,
        2,
        5,
        0
    ],
    "iou_matrix": [
        [
            0.0,
            0.0,
            0.037345908344765595,
            0.04066962964261836,
            0.9963429386099338,
            0.010156993665612889,
            0.1259486772447026,
            0.0,
            0.0,
            0.0,
            0.0,
            0.0,
            0.0,
            0.0
        ],
        [
            0.0,
            0.0793327996506217,
            0.9907626103996365,
            0.0,
            0.03570779525883189,
            0.0,
            0.0,
            0.0,
            0.0,
            0.0,
            0.0,
            0.0,
            0.0,
            0.0
        ],
        [
            0.0,
            0.0,
            0.0,
            0.9846126604837284,
            0.04030989952406219,
            0.0,
            0.042028840908841694,
            0.0,
            0.0,
            0.0,
            0.0,
            0.07078398642284996,
            0.0,
            0.0
        ],
        [
            0.0,
            0.0,
            0.0,
            0.053741765636956824,
            0.12438810518506012,
            0.11240881930437781,
            0.9471680520537724,
            0.0,
            0.0,
            0.10634831210298853,
            0.0,
            0.0,
            0.0,
            0.0
        ],
        [
            0.0,
            0.0,
            0.0,
            0.0,
            0.009795778857729373,
            0.988283515443127,
            0.11523878896527587,
            0.0,
            0.13726419296578748,
            0.0,
            0.0,
            0.0,
            0.0,
            0.0
        ],
        [
            0.0,
            0.0,
            0.0,
            0.0,
            0.0,
            0.0,
            0.0,
            0.9770418837643833,
            0.0,
            0.0,
            0.24258556009667623,
            0.0,
            0.027720580545326983,
            0.0
        ],
        [
            0.9822157414908819,
            0.09216348324141554,
            0.0,
            0.0,
            0.0,
            0.0,
            0.0,
            0.0,
            0.0,
            0.0,
            0.0,
            0.0,
            0.0,
            0.0
        ]
    ],
    "true_pos": 7,
    "false_pos": 0,
    "unmatched": 7,
    "num_GT_boxes": 14,
    "used_labels": [
        "house",
        "dog",
        "people",
        "cloud",
        "cat",
        "sun",
        "bench",
        "grass",
        "flower"
    ]
}