{
    "matched_indices": [
        10,
        0,
        5,
        1,
        7,
        6,
        8,
        11,
        11,
        11,
        9,
        9,
        9,
        2,
        3,
        4
    ],
    "iou_matrix": [
        [
            0.020263842437755482,
            0.13463512368035754,
            0.05511097914037561,
            0.7511805032092226,
            0.03413826236472136,
            0.03482345633480211,
            0.022598825953912452,
            0.0,
            0.0,
            0.0,
            0.0,
            0.00124963332394004,
            0.0,
            0.0,
            0.0,
            0.0
        ],
        [
            0.024419526241493968,
            0.03364956684913416,
            0.0038712737569959123,
            0.9496032166042834,
            0.0368755695616651,
            0.03851239015121527,
            0.026092456907912082,
            0.0,
            0.0,
            0.0,
            0.0,
            0.001191469113252163,
            0.0,
            0.0,
            0.0,
            0.0
        ],
        [
            0.0,
            0.0,
            0.0,
            0.0,
            0.0,
            0.0,
            0.0,
            0.0,
            0.0,
            0.0,
            0.0,
            0.0,
            0.0,
            0.78848807411788,
            0.0,
            0.0
        ],
        [
            0.0,
            0.0,
            0.0,
            0.0,
            0.0,
            0.0,
            0.0,
            0.0,
            0.0,
            0.0,
            0.0,
            0.0,
            0.0,
            0.0,
            0.7524985302763056,
            0.0
        ],
        [
            0.0,
            0.0,
            0.0,
            0.0,
            0.0,
            0.0,
            0.0,
            0.0,
            0.0,
            0.0,
            0.0,
            0.0,
            0.0,
            0.0,
            0.0,
            0.7855845239848782
        ],
        [
            0.0,
            0.004803310589452426,
            0.8705440900562853,
            0.020867748301202766,
            0.0,
            0.0,
            0.0,
            0.0,
            0.0,
            0.0,
            0.0,
            0.0,
            0.0,
            0.0,
            0.0,
            0.0
        ],
        [
            2.875377494541535e-05,
            0.0,
            0.0,
            0.036365246009274606,
            0.0,
            0.949331056077427,
            0.0,
            0.0,
            0.000300669433799285,
            0.0042926002089414455,
            0.0,
            0.0,
            0.0,
            0.0,
            0.0,
            0.0
        ],
        [
            0.0,
            0.06107074875186516,
            0.0,
            0.038012576385423005,
            0.9380809380809384,
            0.0,
            0.0,
            0.0023522710024475417,
            0.0,
            0.0003018154136031968,
            0.0,
            0.0,
            0.0,
            0.0,
            0.0,
            0.0
        ],
        [
            0.0,
            0.0,
            0.0,
            0.025320215981966532,
            0.0,
            0.0,
            0.9479409479409482,
            0.0,
            0.0,
            0.0001836391631704393,
            0.0,
            0.0,
            0.0,
            0.0,
            0.0,
            0.0
        ],
        [
            0.826659330708436,
            0.0,
            0.0,
            0.028483422513027636,
            0.0,
            0.0,
            0.0,
            0.0,
            0.0,
            0.0,
            0.07731810110385925,
            0.1147602304181939,
            0.09488458816014358,
            0.0,
            0.0,
            0.0
        ],
        [
            0.9445167225179055,
            0.0,
            0.0,
            0.028984565402141876,
            0.0,
            0.0,
            0.0,
            0.0,
            0.0,
            0.0,
            0.059513540190063746,
            0.050662011482241795,
            0.03515798842901645,
            0.0,
            0.0,
            0.0
        ],
        [
            0.0,
            0.0,
            0.0,
            0.0,
            0.0001131198352188154,
            0.000131325762117642,
            0.0,
            0.2995981512022908,
            0.2983221263513781,
            0.33814702966175453,
            0.0,
            0.0,
            0.0,
            0.0,
            0.0,
            0.0
        ]
    ],
    "num_matches": 9,
    "num_GT_boxes": 16,
    "used_labels": [
        "house",
        "flower",
        "cloud",
        "people",
        "tree",
        "fence",
        "grass"
    ]
}