{
    "matched_indices": [
        8,
        0,
        3,
        8,
        10,
        4,
        11,
        1,
        13,
        13,
        13,
        13,
        13,
        13,
        5
    ],
    "iou_matrix": [
        [
            0.0,
            0.27500866485937314,
            0.0,
            0.12760780765668542,
            0.0,
            0.300069454675981,
            0.3246644331931733,
            0.32565573407022785,
            0.0,
            0.0,
            0.0,
            0.0,
            0.0,
            0.0,
            0.0336852179054214
        ],
        [
            0.0,
            0.14105847294828644,
            0.0,
            0.0071030832095784514,
            0.0,
            0.0,
            0.0936778945011278,
            0.9500397659365775,
            0.0,
            0.0,
            0.0,
            0.0,
            0.0,
            0.0,
            0.011641078678462403
        ],
        [
            0.0,
            0.2743239599735429,
            0.0,
            0.12740034400780983,
            0.0,
            0.3002683120092149,
            0.32487958972568476,
            0.32587154754214376,
            0.0,
            0.0,
            0.0,
            0.0,
            0.0,
            0.0,
            0.033744981572123335
        ],
        [
            0.05899909623506441,
            0.0,
            0.5057746898366254,
            0.0,
            0.8560691886755649,
            0.0,
            0.0,
            0.0,
            0.0,
            0.0,
            0.0,
            0.0,
            0.0,
            0.0,
            0.10243949342414571
        ],
        [
            0.0,
            0.0762769667414479,
            0.0,
            0.061435545482007525,
            0.0,
            0.944134461721423,
            0.05848580735068129,
            0.0,
            0.0,
            0.0,
            0.0,
            0.0,
            0.0,
            0.0,
            0.013484188304250553
        ],
        [
            0.0,
            0.0,
            0.07868588814088916,
            0.0,
            0.058416107254249096,
            0.010351990096551853,
            0.010133466394039774,
            0.009011530021969938,
            0.0048232337218899485,
            0.004823233721889948,
            0.0034451669442071013,
            0.0034451669442071174,
            0.0034451669442071135,
            0.0025176219976898026,
            0.9296832832881424
        ],
        [
            0.0,
            0.14157256163314555,
            0.0,
            0.007324121174147391,
            0.0,
            0.0,
            0.09516860640932691,
            0.9468388752597197,
            0.0,
            0.0,
            0.0,
            0.0,
            0.0,
            0.0,
            0.011693078761973548
        ],
        [
            0.0,
            0.07632224596400546,
            0.0,
            0.061619729805324375,
            0.0,
            0.9415566013290627,
            0.05873054942022866,
            0.0,
            0.0,
            0.0,
            0.0,
            0.0,
            0.0,
            0.0,
            0.013508129787462467
        ],
        [
            0.1447402820128383,
            0.10325142506493222,
            0.0,
            0.9776888085360251,
            0.0,
            0.055112846860321904,
            0.058439240013639177,
            0.0049931474341439195,
            0.0,
            0.0,
            0.0,
            0.0,
            0.0,
            0.0,
            0.0
        ],
        [
            0.0,
            0.0944576934284449,
            0.0,
            0.054086315042060164,
            0.0,
            0.040310625237128826,
            0.820968454182221,
            0.0,
            0.0,
            0.0,
            0.0,
            0.0,
            0.0,
            0.0,
            0.01065089470041003
        ],
        [
            0.0667770478044343,
            0.0,
            0.45103077409006537,
            0.0,
            0.9807487635428139,
            0.0,
            0.0,
            0.0,
            0.0,
            0.0,
            0.0,
            0.0,
            0.0,
            0.0,
            0.058765653247009254
        ],
        [
            0.0,
            0.09443851116140232,
            0.0,
            0.054100133789365366,
            0.0,
            0.041791004589428075,
            0.822373379636215,
            0.0,
            0.0,
            0.0,
            0.0,
            0.0,
            0.0,
            0.0,
            0.01061516914165568
        ],
        [
            0.045312399347912605,
            0.06608283602300856,
            0.11376070697733437,
            0.17760429383821416,
            0.19259337801340937,
            0.02036022116250585,
            0.022029032147075547,
            0.022096293591987393,
            0.001985121563344321,
            0.001985121563344321,
            0.0014179439738173701,
            0.0014179439738173768,
            0.0014179439738173753,
            0.001036189827020385,
            0.39647167809445344
        ],
        [
            0.0,
            0.0,
            0.0788439565934516,
            0.0,
            0.05817932329889051,
            0.01019374415030283,
            0.009968828247176565,
            0.008865279258423994,
            0.004825657167920284,
            0.004825657167920284,
            0.0034468979770859126,
            0.0034468979770859286,
            0.0034468979770859247,
            0.0025188869832550877,
            0.9272624225977194
        ]
    ],
    "true_pos": 6,
    "false_pos": 8,
    "unmatched": 9,
    "num_GT_boxes": 15,
    "used_labels": [
        "people",
        "grass",
        "tree",
        "mountain",
        "others"
    ]
}