{
    "matched_indices": [
        6,
        11,
        2,
        0,
        10,
        3,
        5,
        4,
        17,
        18,
        9,
        12,
        8,
        14
    ],
    "iou_matrix": [
        [
            0.0,
            0.0,
            0.02337302129027813,
            0.9692885031915294,
            0.0,
            0.0,
            0.0,
            0.0,
            0.0,
            0.0,
            0.0,
            0.0,
            0.0,
            0.020443447533797128
        ],
        [
            0.09733405644194498,
            0.0,
            0.0,
            0.0,
            0.0,
            0.0,
            0.8182618494339334,
            0.0,
            0.0,
            0.0,
            0.0,
            0.0,
            0.0,
            0.17347880306458272
        ],
        [
            0.0683321014588091,
            0.0,
            0.9398506829319913,
            0.022739489048521182,
            0.0,
            0.0,
            0.0,
            0.0,
            0.0,
            0.0,
            0.0,
            0.0,
            0.0,
            0.05093758327988036
        ],
        [
            0.0,
            0.0,
            0.0,
            0.0,
            0.0,
            0.9452133179030728,
            0.0,
            0.0,
            0.0,
            0.0,
            0.0,
            0.0,
            0.0,
            0.0219226889606786
        ],
        [
            0.0,
            0.0,
            0.0,
            0.0,
            0.0,
            0.0,
            0.0,
            0.9489230005995212,
            0.0,
            0.0,
            0.0,
            0.0,
            0.015620711147730483,
            0.0
        ],
        [
            0.09108410673359263,
            0.0,
            0.0,
            0.0,
            0.0,
            0.0,
            0.9381797906064527,
            0.0,
            0.0,
            0.0,
            0.0,
            0.0,
            0.0,
            0.17369845610445725
        ],
        [
            0.9627777288459018,
            0.0,
            0.05909775079903397,
            0.0,
            0.0,
            0.0,
            0.08681129645865455,
            0.0,
            0.01704996865642416,
            0.1001692810407003,
            0.0,
            0.0,
            0.0,
            0.40377823681541897
        ],
        [
            0.4413695138607022,
            0.03198282207332293,
            0.028282082791135005,
            0.0,
            0.0,
            0.0,
            0.04755248967670761,
            0.0,
            0.009620716806264458,
            0.045191618662485555,
            0.05358089546537633,
            0.07940467755822524,
            0.0,
            0.43287557896248535
        ],
        [
            0.0,
            0.0,
            0.0,
            0.0,
            0.003114283919769932,
            0.0,
            0.0,
            0.013209508584852876,
            0.0,
            0.0,
            0.0,
            0.0,
            0.9803687664495356,
            0.010798097381198645
        ],
        [
            0.0,
            0.11398774074412325,
            0.0,
            0.0,
            0.0,
            0.0,
            0.0,
            0.0,
            0.0,
            0.0,
            0.9414020756259224,
            0.10930089814138565,
            0.0,
            0.0
        ],
        [
            0.0,
            0.0,
            0.0,
            0.0,
            0.9387354851142227,
            0.0,
            0.0,
            0.0,
            0.0,
            0.0,
            0.0,
            0.0,
            0.0034928989746404113,
            0.01662447572847383
        ],
        [
            0.0,
            0.16147798986923584,
            0.0,
            0.0,
            0.0,
            0.0,
            0.0,
            0.0,
            0.0,
            0.0,
            0.24995286460901597,
            0.3704198380159386,
            0.0,
            0.014968957687307985
        ],
        [
            0.0,
            0.021690506193439575,
            0.0,
            0.0,
            0.0,
            0.0,
            0.0,
            0.0,
            0.0,
            0.0,
            0.1101978990828062,
            0.965578674640655,
            0.0,
            0.009623702697834597
        ],
        [
            0.39864347737286354,
            0.03011975742922027,
            0.029226165482970187,
            0.0,
            0.0,
            0.0,
            0.048302047075175526,
            0.0,
            0.020207104361662967,
            0.04056470086140222,
            0.0480950463994624,
            0.07127487546312082,
            0.0,
            0.4281698902086241
        ],
        [
            0.23348161572939952,
            0.017546234543118776,
            0.02735205184267764,
            0.011616000782557196,
            0.009075000611372803,
            0.014520000978196494,
            0.12342000831467012,
            0.006534000440188416,
            0.017479131550916013,
            0.023758351600573997,
            0.02816880189770119,
            0.041745002812314906,
            0.021221564871987435,
            0.5627269501419221
        ],
        [
            0.43494982654130376,
            0.03272466826881576,
            0.027619146890426008,
            0.0,
            0.0,
            0.0,
            0.04666221731716627,
            0.0,
            0.009460668934913059,
            0.044863768281781374,
            0.05319218363126412,
            0.07882862264942492,
            0.0,
            0.4312290930335064
        ],
        [
            0.8123574873869787,
            0.0,
            0.06972021050701538,
            0.0,
            0.0,
            0.0,
            0.047195125181844426,
            0.0,
            0.02012394364335479,
            0.12128351786391532,
            0.0,
            0.0,
            0.0,
            0.32650771889156094
        ],
        [
            0.12922849072660125,
            0.0,
            0.053238423470575245,
            0.02260954945001205,
            0.017663710507821905,
            0.028261936812515064,
            0.23007671123507614,
            0.012717871565631766,
            0.03434652315868641,
            0.028227584349095544,
            0.0,
            0.0,
            0.04166230878435545,
            0.4090864447006539
        ],
        [
            0.10030000538569964,
            0.0,
            0.0,
            0.0,
            0.0,
            0.0,
            0.0,
            0.0,
            0.026602922223198044,
            0.9744831592809209,
            0.0,
            0.0,
            0.0,
            0.04133856431121493
        ],
        [
            0.0,
            0.0,
            0.0,
            0.0,
            0.003114283919769932,
            0.0,
            0.0,
            0.013209508584852876,
            0.0,
            0.0,
            0.0,
            0.0,
            0.9803687664495356,
            0.010798097381198645
        ],
        [
            0.10173180536338267,
            0.09192252954387656,
            0.0,
            0.0,
            0.0,
            0.0,
            0.0,
            0.0,
            0.0,
            0.0,
            0.1435362359183701,
            0.21271478261098659,
            0.0,
            0.14002145869712398
        ],
        [
            0.09760812838518478,
            0.0,
            0.0,
            0.0,
            0.0,
            0.0,
            0.8154125454475629,
            0.0,
            0.0,
            0.0,
            0.0,
            0.0,
            0.0,
            0.1738342106849245
        ]
    ],
    "num_matches": 11,
    "num_matches_with_correct_class": -1,
    "num_GT_boxes": 14,