{
    "matched_indices": [
        11,
        1,
        6,
        13,
        14,
        15,
        4,
        12,
        3,
        2,
        10,
        7,
        8,
        0
    ],
    "iou_matrix": [
        [
            0.0,
            0.0,
            0.0,
            0.0,
            0.0,
            0.0,
            0.0,
            0.0,
            0.0,
            0.0,
            0.0,
            0.0,
            0.0,
            0.9777058267580014
        ],
        [
            0.0,
            0.9674325320710123,
            0.0,
            0.0,
            0.0,
            0.0,
            0.0,
            0.0,
            0.0,
            0.0,
            0.0,
            0.0,
            0.0,
            0.0
        ],
        [
            0.0,
            0.0,
            0.01085362177001701,
            0.0,
            0.0,
            0.05696136299119039,
            0.0,
            0.0,
            0.0,
            0.9606025382438432,
            0.005417722307351036,
            0.019011771779055275,
            0.0,
            0.0
        ],
        [
            0.0,
            0.0,
            0.0,
            0.0,
            0.0,
            0.041973468329446484,
            0.0,
            0.030538883806033697,
            0.879610583153792,
            0.0,
            0.0,
            0.0,
            0.0,
            0.0
        ],
        [
            0.0,
            0.0,
            0.0,
            0.0,
            0.20098850924066575,
            0.0,
            0.4689731882282196,
            0.0,
            0.0,
            0.0,
            0.0,
            0.0,
            0.2548270545269104,
            0.0
        ],
        [
            0.255288893365801,
            0.0,
            0.0,
            0.48097907445730576,
            0.0,
            0.0,
            0.0,
            0.0,
            0.0,
            0.04120945939702015,
            0.19424154930006565,
            0.1387439637857612,
            0.0,
            0.0
        ],
        [
            0.0,
            0.0,
            0.9446782416196676,
            0.0,
            0.0,
            0.0,
            0.0,
            0.0,
            0.0,
            0.010874503502168571,
            0.0,
            0.0,
            0.0,
            0.0
        ],
        [
            0.0,
            0.0,
            0.0,
            0.0,
            0.0,
            0.0,
            0.0,
            0.0,
            0.0,
            0.019400184335810925,
            0.0009162361373797484,
            0.9473800323382078,
            0.0,
            0.0
        ],
        [
            0.0,
            0.0,
            0.0,
            0.0,
            0.0,
            0.0,
            0.06992814518434087,
            0.0,
            0.0,
            0.0,
            0.0,
            0.0,
            0.9594707103443278,
            0.0
        ],
        [
            0.0,
            0.0,
            0.0,
            0.0,
            0.0,
            0.07900636524788372,
            0.0,
            0.07219188571278347,
            0.6533354364510987,
            0.0,
            0.0,
            0.0,
            0.0,
            0.0
        ],
        [
            0.0372023639507991,
            0.0,
            0.0,
            0.08822993896696264,
            0.0,
            0.0,
            0.0,
            0.0,
            0.0,
            0.0060855795860377026,
            0.9458208213607778,
            0.0,
            0.0,
            0.0
        ],
        [
            0.8074298018796022,
            0.0,
            0.0,
            0.24540634099234743,
            0.0,
            0.0,
            0.0,
            0.0,
            0.0,
            0.0,
            0.045641822255477214,
            0.012052562630890017,
            0.0,
            0.0
        ],
        [
            0.0,
            0.0,
            0.0,
            0.0,
            0.0,
            0.00014451115275450102,
            0.0,
            0.9441258817289545,
            0.009969064126569631,
            0.0,
            0.0,
            0.0,
            0.0,
            0.0
        ],
        [
            0.31169312339503863,
            0.0,
            0.0,
            0.9575479288239318,
            0.0,
            0.0,
            0.0,
            0.0,
            0.0,
            0.0,
            0.08301435783411239,
            0.0,
            0.0,
            0.0
        ],
        [
            0.0,
            0.0,
            0.0,
            0.0,
            0.8264248917226713,
            0.0,
            0.11183649887936128,
            0.0,
            0.0,
            0.0,
            0.0,
            0.0,
            0.0,
            0.0
        ],
        [
            0.0,
            0.0,
            0.0,
            0.0,
            0.0,
            0.9322780706476769,
            0.0,
            0.0009850543303482433,
            0.028729090929392888,
            0.09010757352738985,
            0.0,
            0.0,
            0.0,
            0.0
        ],
        [
            0.2551464505021631,
            0.0,
            0.0,
            0.4807107038446547,
            0.0,
            0.0,
            0.0,
            0.0,
            0.0,
            0.04100501208368739,
            0.19413316886034118,
            0.13866654918595803,
            0.0,
            0.0
        ],
        [
            0.0,
            0.0,
            0.0,
            0.0,
            0.0,
            6.245699491933339e-05,
            0.0,
            0.764754831040652,
            0.0,
            0.0,
            0.0,
            0.0,
            0.0,
            0.0
        ],
        [
            0.0,
            0.0,
            0.0,
            0.0,
            0.200026343125775,
            0.0,
            0.4667281339601412,
            0.0,
            0.0,
            0.0,
            0.0,
            0.0,
            0.25444003329065684,
            0.0
        ],
        [
            0.009951354989483645,
            0.04759343690622609,
            0.020191155051126213,
            0.018748929690331487,
            0.0059491796132782595,
            0.09186975548262429,
            0.013881419097649257,
            0.006219596868427275,
            0.05624678907099444,
            0.23219828308795143,
            0.007571683144172326,
            0.005408345102980235,
            0.007571683144172333,
            0.03731657161524723
        ]
    ],
    "num_matches": 13,
    "num_matches_with_correct_class": 1,
    "num_GT_boxes": 14,
    "used_labels": [
        "flower",
        "tree",
        "people",
        "butterfly",
        "cloud",
        "grass"
    ],
    "map_score": 0.007213578559458256
}