{
    "bboxes": [
        [
            0.59622021484375,
            0.23605375162760417,
            0.9984267578125,
            0.5862078450520833
        ],
        [
            0.43686865234375,
            0.04820816040039062,
            0.5879932454427084,
            0.1746646728515625
        ],
        [
            0.717624267578125,
            0.06399464416503907,
            0.7854178873697917,
            0.12071180216471354
        ],
        [
            0.1835153605143229,
            0.26184029134114584,
            0.5393288981119791,
            0.9943794759114584
        ],
        [
            0.637718505859375,
            0.19680308024088541,
            0.6923121744791667,
            0.24016941324869792
        ],
        [
            0.2907148234049479,
            0.118203857421875,
            0.3328282470703125,
            0.15984158325195313
        ],
        [
            0.11789121500651041,
            0.06436597188313802,
            0.17254679361979167,
            0.13378026326497397
        ],
        [
            0.112183349609375,
            0.2299874267578125,
            0.1542144775390625,
            0.2698705240885417
        ],
        [
            0.18432810465494792,
            0.26224027506510417,
            0.5388201090494792,
            0.9943800455729167
        ],
        [
            0.004168986956278483,
            0.5812272135416666,
            0.99681591796875,
            0.9970093587239583
        ],
        [
            0.18405609130859374,
            0.262219482421875,
            0.5387440592447916,
            0.994169677734375
        ],
        [
            0.06568252563476562,
            0.4535710856119792,
            0.23565096028645832,
            0.6405814615885417
        ],
        [
            0.18405609130859374,
            0.262219482421875,
            0.5387440592447916,
            0.994169677734375
        ],
        [
            0.019861518859863283,
            0.23215486653645834,
            0.9928343912760417,
            0.9911175944010416
        ]
    ],
    "labels": [
        "star",
        "people",
        "others",
        "road",
        "others",
        "others",
        "others",
        "others",
        "moon",
        "tree",
        "house",
        "star",
        "road",
        "road"
    ],
    "scores": [
        0.759458065032959,
        0.6098159551620483,
        0.5049267411231995,
        0.49916139245033264,
        0.47376519441604614,
        0.44519102573394775,
        0.4273684322834015,
        0.41251879930496216,
        0.3760145902633667,
        0.34426167607307434,
        0.27016547322273254,
        0.25318631529808044,
        0.25031593441963196,
        0.21029992401599884
    ],
    "model_info": {
        "model_config": "/mnt/sda/miatang/projects/stroke-label/extern/mmdetection/ours_weights/base_cat_full_ft_allclass_val/intersect_full_ft_all_class_val.py",
        "weights": "/mnt/sda/miatang/projects/stroke-label/extern/mmdetection/groundingdino_swint_ogc_mmdet-822d7e9d.pth",
        "device": "cuda:0",
        "score_threshold": 0.2
    }
}