{
    "matched_indices": [
        10,
        7,
        1,
        0,
        25,
        16,
        12
    ],
    "iou_matrix": [
        [
            0.049805246467266605,
            0.0,
            0.0,
            0.9482852565031794,
            0.0,
            0.0,
            0.0
        ],
        [
            0.04894977379956436,
            0.0,
            0.9634363093775788,
            0.0,
            0.0,
            0.0,
            0.0
        ],
        [
            0.04618023235326362,
            0.0,
            0.0,
            0.0,
            0.9703738341281013,
            0.0,
            0.0
        ],
        [
            0.049805246467266605,
            0.0,
            0.0,
            0.9482852565031794,
            0.0,
            0.0,
            0.0
        ],
        [
            0.04894977379956436,
            0.0,
            0.9634363093775788,
            0.0,
            0.0,
            0.0,
            0.0
        ],
        [
            0.04618023235326362,
            0.0,
            0.0,
            0.0,
            0.9703738341281013,
            0.0,
            0.0
        ],
        [
            0.049805246467266605,
            0.0,
            0.0,
            0.9482852565031794,
            0.0,
            0.0,
            0.0
        ],
        [
            0.07124629140542917,
            0.9914448483179041,
            0.0,
            0.0,
            0.0,
            0.0,
            0.0
        ],
        [
            0.04894977379956436,
            0.0,
            0.9634363093775788,
            0.0,
            0.0,
            0.0,
            0.0
        ],
        [
            0.04618023235326362,
            0.0,
            0.0,
            0.0,
            0.9703738341281013,
            0.0,
            0.0
        ],
        [
            0.9254640555915531,
            0.07302324559618266,
            0.03907730979782343,
            0.03907730979782346,
            0.03791192188723577,
            0.0,
            0.0
        ],
        [
            0.04618023235326362,
            0.0,
            0.0,
            0.0,
            0.9703738341281013,
            0.0,
            0.0
        ],
        [
            0.0,
            0.0,
            0.0,
            0.0,
            0.0,
            0.0,
            0.9703250938740954
        ],
        [
            0.07124629140542917,
            0.9914448483179041,
            0.0,
            0.0,
            0.0,
            0.0,
            0.0
        ],
        [
            0.07124629140542917,
            0.9914448483179041,
            0.0,
            0.0,
            0.0,
            0.0,
            0.0
        ],
        [
            0.049805246467266605,
            0.0,
            0.0,
            0.9482852565031794,
            0.0,
            0.0,
            0.0
        ],
        [
            0.0,
            0.0,
            0.0,
            0.0,
            0.0,
            0.9657049097276751,
            0.0
        ],
        [
            0.04618023235326362,
            0.0,
            0.0,
            0.0,
            0.9703738341281013,
            0.0,
            0.0
        ],
        [
            0.04894977379956436,
            0.0,
            0.9634363093775788,
            0.0,
            0.0,
            0.0,
            0.0
        ],
        [
            0.04618023235326362,
            0.0,
            0.0,
            0.0,
            0.9703738341281013,
            0.0,
            0.0
        ],
        [
            0.049805246467266605,
            0.0,
            0.0,
            0.9482852565031794,
            0.0,
            0.0,
            0.0
        ],
        [
            0.04894977379956436,
            0.0,
            0.9634363093775788,
            0.0,
            0.0,
            0.0,
            0.0
        ],
        [
            0.04940645833276913,
            0.0,
            0.953691849871156,
            0.0,
            0.0,
            0.0,
            0.0
        ],
        [
            0.049805246467266605,
            0.0,
            0.0,
            0.9482852565031794,
            0.0,
            0.0,
            0.0
        ],
        [
            0.04940645833276913,
            0.0,
            0.953691849871156,
            0.0,
            0.0,
            0.0,
            0.0
        ],
        [
            0.04581981570701165,
            0.0,
            0.0,
            0.0,
            0.9706186782775785,
            0.0,
            0.0
        ],
        [
            0.04894977379956436,
            0.0,
            0.9634363093775788,
            0.0,
            0.0,
            0.0,
            0.0
        ],
        [
            0.04894977379956436,
            0.0,
            0.9634363093775788,
            0.0,
            0.0,
            0.0,
            0.0
        ],
        [
            0.0494659383531035,
            0.0,
            0.9519727171462065,
            0.0,
            0.0,
            0.0,
            0.0
        ]
    ],
    "num_matches": 7,
    "num_GT_boxes": 7,
    "used_labels": [
        "airplane",
        "apple",
        "balloon",
        "banana",
        "basket",
        "bee",
        "bench",
        "bicycle",
        "bird",
        "bottle",
        "bucket",
        "bus",
        "butterfly",
        "car",
        "cat",
        "chair",
        "chicken",
        "cloud",
        "cow",
        "cup",
        "dinnerware",
        "dog",
        "duck",
        "fence",
        "flower",
        "grape",
        "grass",
        "horse",
        "house",
        "moon",
        "mountain",
        "people",
        "picnic rug",
        "pig",
        "rabbit",
        "road",
        "sheep",
        "sofa",
        "star",
        "street lamp",
        "sun",
        "table",
        "tree",
        "truck",
        "umbrella",
        "others"
    ]
}