{
    "matched_indices": [
        11,
        10,
        7,
        4,
        3,
        0,
        5,
        9,
        2,
        6,
        1,
        8
    ],
    "iou_matrix": [
        [
            0.0,
            0.0,
            0.0,
            0.034267979720774285,
            0.11273667208279045,
            0.8958368952197258,
            0.0,
            0.0,
            0.0,
            0.0,
            0.0,
            0.0
        ],
        [
            0.0,
            0.0,
            0.0,
            0.0,
            0.05724942083835817,
            0.0,
            0.0,
            0.0,
            0.0,
            0.0,
            0.9795924742206583,
            0.0
        ],
        [
            0.0,
            0.0038736167226485997,
            0.0,
            0.0,
            0.0,
            0.0,
            0.0,
            0.0,
            0.9534352833068297,
            0.0,
            0.0,
            0.0
        ],
        [
            0.0,
            0.0,
            0.0,
            0.07521942929726763,
            0.9919112666093977,
            0.1237053834305454,
            0.0,
            0.0031655049427547484,
            0.0,
            0.0,
            0.056429178420648894,
            0.0
        ],
        [
            0.011025429873890037,
            0.03607282494593024,
            0.16036035998582612,
            0.9901059758844494,
            0.07399447401231668,
            0.03265707973345739,
            0.0,
            0.0,
            0.0,
            0.0,
            0.0,
            0.0
        ],
        [
            0.0,
            0.0,
            0.0,
            0.0,
            0.0,
            0.0,
            0.9431008614343246,
            0.0,
            0.0,
            0.0,
            0.0,
            0.0
        ],
        [
            0.0,
            0.0,
            0.0,
            0.0,
            0.0,
            4.525980219531156e-05,
            0.0,
            0.0,
            0.0,
            0.9100683820460971,
            0.0,
            0.0
        ],
        [
            0.07100917021856612,
            0.11324287078626351,
            0.9888209377386763,
            0.1610596618997509,
            0.0,
            0.0,
            0.0,
            0.0,
            0.0,
            0.0,
            0.0,
            0.0
        ],
        [
            0.0,
            0.0,
            0.0,
            0.0,
            0.0,
            0.0,
            0.0,
            0.0,
            0.0,
            0.0,
            0.0,
            0.9560467553297839
        ],
        [
            0.0,
            0.0,
            0.0,
            0.0,
            0.002780772482701104,
            0.0,
            0.0,
            0.9334195073129523,
            0.0,
            0.0,
            0.0,
            0.0
        ],
        [
            0.358857323940152,
            0.9882217870245001,
            0.11265123325836243,
            0.035532902545436076,
            0.0,
            0.0,
            0.0,
            0.0,
            0.003482938893525381,
            0.0,
            0.0,
            0.0
        ],
        [
            0.9735349815708093,
            0.348665613721883,
            0.06419898693638566,
            0.005677235883798072,
            0.0,
            0.0,
            0.0,
            0.0,
            0.0,
            0.0,
            0.0,
            0.0
        ]
    ],
    "num_matches": 12,
    "num_GT_boxes": 12,
    "used_labels": [
        "airplane",
        "apple",
        "balloon",
        "banana",
        "basket",
        "bee",
        "bench",
        "bicycle",
        "bird",
        "bottle",
        "bucket",
        "bus",
        "butterfly",
        "car",
        "cat",
        "chair",
        "chicken",
        "cloud",
        "cow",
        "cup",
        "dinnerware",
        "dog",
        "duck",
        "fence",
        "flower",
        "grape",
        "grass",
        "horse",
        "house",
        "moon",
        "mountain",
        "people",
        "picnic rug",
        "pig",
        "rabbit",
        "road",
        "sheep",
        "sofa",
        "star",
        "street lamp",
        "sun",
        "table",
        "tree",
        "truck",
        "umbrella",
        "others"
    ]
}