{
    "matched_indices": [
        2,
        0,
        0,
        0,
        0,
        2,
        0,
        2,
        0,
        0,
        1,
        0
    ],
    "iou_matrix": [
        [
            0.0,
            0.0,
            0.9934047639945066,
            0.0,
            0.0,
            0.0,
            0.0,
            0.0,
            0.04568390319429472,
            0.0,
            0.0,
            0.010461791116764627
        ],
        [
            0.0,
            0.0,
            0.0,
            0.0,
            0.0,
            0.0,
            0.0,
            0.0,
            0.0,
            0.0,
            0.9549016887028263,
            0.0
        ],
        [
            0.991658298002155,
            0.0,
            0.0,
            0.0,
            0.0,
            0.0026018734723306652,
            0.0,
            0.008696824969460953,
            0.0,
            0.0,
            0.0,
            0.0
        ]
    ],
    "num_matches": 3,
    "num_GT_boxes": 12,
    "used_labels": [
        "airplane",
        "apple",
        "balloon",
        "banana",
        "basket",
        "bee",
        "bench",
        "bicycle",
        "bird",
        "bottle",
        "bucket",
        "bus",
        "butterfly",
        "car",
        "cat",
        "chair",
        "chicken",
        "cloud",
        "cow",
        "cup",
        "dinnerware",
        "dog",
        "duck",
        "fence",
        "flower",
        "grape",
        "grass",
        "horse",
        "house",
        "moon",
        "mountain",
        "people",
        "picnic rug",
        "pig",
        "rabbit",
        "road",
        "sheep",
        "sofa",
        "star",
        "street lamp",
        "sun",
        "table",
        "tree",
        "truck",
        "umbrella",
        "others"
    ]
}