{
    "matched_indices": [
        6,
        7,
        0,
        1,
        0,
        4,
        3,
        6,
        5,
        1,
        2
    ],
    "iou_matrix": [
        [
            0.018710478331986486,
            0.0,
            0.01676861494416663,
            2.324155104976208e-05,
            0.9942871526029137,
            0.0,
            0.0,
            0.026402749401374836,
            0.008681882455611889,
            6.425167056150332e-05,
            0.0
        ],
        [
            0.005524496615117904,
            0.0006665601635853506,
            0.0,
            0.27920437834898276,
            0.0,
            0.0,
            0.0,
            0.0,
            0.0,
            0.9386130478218545,
            0.0
        ],
        [
            0.0,
            0.0,
            0.0,
            0.0,
            0.0,
            0.0,
            0.0,
            0.0,
            0.0,
            0.0,
            0.9016601268346762
        ],
        [
            0.0,
            0.0,
            0.0,
            0.0,
            0.0,
            0.0,
            0.9890815061241782,
            0.0,
            0.0,
            0.0,
            0.0
        ],
        [
            0.0,
            0.0,
            0.0,
            0.0,
            0.0,
            0.9698891437452192,
            0.0,
            0.0,
            0.0,
            0.0,
            0.0
        ],
        [
            0.0,
            0.0005439825189477162,
            0.0,
            0.0,
            0.008140604985560703,
            0.0,
            0.0,
            0.0,
            0.9739141181874291,
            0.0,
            0.0
        ],
        [
            0.8752655989984801,
            0.08769936037913266,
            0.0,
            0.013272250255584253,
            0.012613572170403103,
            0.0,
            0.0,
            0.032430172947762216,
            0.0,
            0.009951829587128296,
            0.0
        ],
        [
            0.05856534820643573,
            0.23443742730559083,
            0.01275907763416999,
            0.2747892374670069,
            0.19122806572163212,
            0.0,
            0.025803620353691444,
            0.02295013645244944,
            0.02295013645244941,
            0.12390244040894047,
            0.019800140646103484
        ]
    ],
    "num_matches": 7,
    "num_matches_with_correct_class": 0,
    "num_GT_boxes": 11,
    "used_labels": [
        "cloud",
        "car",
        "tree",
        "people",
        "bird",
        "mountain",
        "grass"
    ],
    "map_score": 0.0
}