{
    "bboxes": [
        [
            0.47952571614583334,
            0.42097969563802085,
            0.6244079182942708,
            0.8377701822916667
        ],
        [
            0.813062255859375,
            0.3323525797526042,
            0.9713535970052083,
            0.8501920572916667
        ],
        [
            0.2797612101236979,
            0.34510172526041666,
            0.42430485026041664,
            0.796908203125
        ],
        [
            0.812515380859375,
            0.09224850463867187,
            0.9566280924479167,
            0.304524169921875
        ],
        [
            0.03892956034342448,
            0.06521410115559896,
            0.14416310628255208,
            0.29132470703125
        ],
        [
            0.5460219319661458,
            0.10498740641276041,
            0.8109325358072916,
            0.36882316080729166
        ],
        [
            0.4122663981119792,
            0.13213260904947915,
            0.491878662109375,
            0.3569581705729167
        ],
        [
            0.025141026814778644,
            0.27067268880208334,
            0.9992023111979167,
            0.9836473795572916
        ],
        [
            0.1741177978515625,
            0.095357666015625,
            0.4332445882161458,
            0.3538837890625
        ],
        [
            0.18526590983072916,
            0.1666171162923177,
            0.2888325602213542,
            0.9029444986979167
        ],
        [
            0.18526590983072916,
            0.1666171162923177,
            0.2888325602213542,
            0.9029444986979167
        ],
        [
            0.1841224365234375,
            0.14554091389973958,
            0.3772375081380208,
            0.90198876953125
        ],
        [
            0.1841224365234375,
            0.14554091389973958,
            0.3772375081380208,
            0.90198876953125
        ]
    ],
    "labels": [
        "people",
        "people",
        "people",
        "tree",
        "tree",
        "street lamp",
        "tree",
        "road",
        "street lamp",
        "road",
        "house",
        "road",
        "house"
    ],
    "scores": [
        0.9828636050224304,
        0.9760087728500366,
        0.9651795625686646,
        0.9555334448814392,
        0.9526577591896057,
        0.937990128993988,
        0.9027834534645081,
        0.9015896916389465,
        0.8766404986381531,
        0.5001015663146973,
        0.49828535318374634,
        0.294181227684021,
        0.2921423017978668
    ]
}