{
    "bboxes": [
        [
            0.5390340576171875,
            0.453445068359375,
            0.8837339680989583,
            0.661030029296875
        ],
        [
            0.0005935132106145223,
            0.4969199625651042,
            0.16618265787760417,
            0.72861328125
        ],
        [
            0.6664124755859375,
            0.5991630859375,
            0.9313919270833333,
            0.8636805013020833
        ],
        [
            0.05201240030924479,
            0.03774206288655599,
            0.318325439453125,
            0.29136311848958335
        ],
        [
            0.24027294921875,
            0.6565771077473959,
            0.5046269124348959,
            0.9174176432291666
        ],
        [
            0.10734276326497395,
            0.625770751953125,
            0.2998473714192708,
            0.75763525390625
        ],
        [
            0.0032812579472859702,
            0.6502940673828125,
            0.10056254069010416,
            0.7704029947916666
        ],
        [
            0.0032812579472859702,
            0.6502940673828125,
            0.10056254069010416,
            0.7704029947916666
        ],
        [
            0.51464013671875,
            0.5871282958984375,
            0.6627090250651042,
            0.7178601888020834
        ]
    ],
    "labels": [
        "house",
        "house",
        "moon",
        "moon",
        "moon",
        "moon",
        "tree",
        "street lamp",
        "moon"
    ],
    "scores": [
        0.9464062452316284,
        0.9234967827796936,
        0.9101591110229492,
        0.8797082304954529,
        0.859575629234314,
        0.8543230295181274,
        0.7206459045410156,
        0.7103074789047241,
        0.6619105339050293
    ]
}