{
    "bboxes": [
        [
            0.3265313924153646,
            0.06504767862955729,
            0.5705150960286458,
            0.32970648193359375
        ],
        [
            0.6787552897135417,
            0.1457006327311198,
            0.8118753255208333,
            0.2643558146158854
        ],
        [
            0.01566794459025065,
            0.7312837727864583,
            0.9991455891927083,
            0.993512939453125
        ],
        [
            0.13415660603841145,
            0.8837032877604166,
            0.18112241617838543,
            0.9303197428385417
        ],
        [
            0.01326974105834961,
            0.8253633626302084,
            0.051627904256184895,
            0.862985107421875
        ],
        [
            0.013000125885009766,
            0.8790667317708334,
            0.06527568054199219,
            0.9302115885416666
        ],
        [
            0.3260564575195313,
            0.0651195322672526,
            0.5709543050130208,
            0.28045562744140623
        ]
    ],
    "labels": [
        "tree",
        "flower",
        "grass",
        "flower",
        "flower",
        "flower",
        "tree"
    ],
    "scores": [
        0.4387753903865814,
        0.37136682868003845,
        0.3339802622795105,
        0.32181912660598755,
        0.3112492263317108,
        0.2540651559829712,
        0.2189992517232895
    ]
}