{
    "matched_indices": [
        0,
        0,
        0,
        2,
        2,
        3,
        3,
        1,
        0,
        0,
        3,
        3,
        0,
        3,
        1,
        0,
        0,
        0,
        0,
        0,
        0,
        0,
        0,
        0,
        2
    ],
    "iou_matrix": [
        [
            0.0,
            0.0,
            0.0,
            0.0,
            0.0,
            0.0,
            0.06814916088684989,
            0.0,
            0.9961013076713874,
            0.0,
            0.0,
            0.0,
            0.06009819770442378,
            0.0,
            0.0,
            0.02163625105934566,
            0.0,
            0.0,
            0.0,
            0.0,
            1.5860002805117806e-05,
            0.0,
            0.0,
            0.1855204812152533,
            0.0
        ],
        [
            0.0,
            0.0,
            0.0,
            0.0,
            0.05367478153534139,
            0.0,
            0.0398328128360508,
            0.990762872846829,
            0.0,
            0.0,
            0.0371958552184914,
            0.0,
            0.0,
            0.0,
            0.02370527808919259,
            0.0,
            0.0,
            0.0,
            0.0,
            0.0,
            0.0,
            0.0,
            0.0,
            0.04504320382855116,
            0.15388623718421593
        ],
        [
            0.0,
            0.0,
            0.0,
            0.9872674662172625,
            0.06351387301924524,
            0.0,
            0.018555813118037008,
            0.0,
            0.0,
            0.0,
            0.0,
            0.0,
            0.0,
            0.0,
            0.0,
            0.0,
            0.0,
            0.0,
            0.0,
            0.0,
            0.0,
            0.0,
            0.0,
            0.0,
            0.22038163416588852
        ],
        [
            0.0,
            0.0,
            0.0,
            0.023807549246413956,
            0.018694146342545324,
            0.005029784592438001,
            0.9678183798314817,
            0.05390116045304943,
            0.06748134623764952,
            0.0,
            0.058364646057325165,
            0.01582740966249904,
            0.0,
            0.10911651914435672,
            0.0,
            0.0,
            0.0,
            0.0,
            0.0,
            0.0,
            0.0,
            0.0,
            0.0,
            0.12244679274615765,
            0.09605282439424898
        ]
    ],
    "num_matches": 4,
    "num_GT_boxes": 25,
    "used_labels": [
        "airplane",
        "apple",
        "balloon",
        "banana",
        "basket",
        "bee",
        "bench",
        "bicycle",
        "bird",
        "bottle",
        "bucket",
        "bus",
        "butterfly",
        "car",
        "cat",
        "chair",
        "chicken",
        "cloud",
        "cow",
        "cup",
        "dinnerware",
        "dog",
        "duck",
        "fence",
        "flower",
        "grape",
        "grass",
        "horse",
        "house",
        "moon",
        "mountain",
        "people",
        "picnic rug",
        "pig",
        "rabbit",
        "road",
        "sheep",
        "sofa",
        "star",
        "street lamp",
        "sun",
        "table",
        "tree",
        "truck",
        "umbrella",
        "others"
    ]
}