{
    "mean_iou": 0.24010210643025467,
    "mean_dice": 0.29413590720400323,
    "missed_matches": 15,
    "total_matches": 17,
    "success_rate": 0.11764705882352941,
    "time": "2024-09-27 00:25:13"
}