{
    "matched_indices": [
        9,
        8,
        0,
        1,
        1,
        2,
        2,
        4,
        5,
        3,
        1
    ],
    "iou_matrix": [
        [
            0.00015102450617498583,
            0.1319158918241808,
            0.9875762107354693,
            0.010059421290111588,
            0.017759971847865094,
            0.0,
            0.0,
            0.0,
            0.0,
            0.0,
            0.033466526592989605
        ],
        [
            0.0035745691380207533,
            0.0036235321807434285,
            0.13593806084365126,
            0.195402953055616,
            0.22370210609808455,
            0.05244125350924776,
            0.19580756202547198,
            0.0,
            0.0,
            0.0,
            0.10648224364083514
        ],
        [
            0.11276425857522625,
            0.0,
            0.0,
            0.0,
            0.12146190591605809,
            0.05798555043663333,
            0.9489865790596622,
            0.0,
            0.0,
            0.0,
            0.0
        ],
        [
            0.0,
            0.0,
            0.0,
            0.0,
            0.0,
            0.0,
            0.0,
            0.0,
            0.0,
            0.9729077480256856,
            0.0
        ],
        [
            0.0,
            0.0,
            0.0,
            0.0,
            0.0,
            0.0,
            0.0,
            0.9759625417062336,
            0.0,
            0.0,
            0.0
        ],
        [
            0.0,
            0.0,
            0.0,
            0.0,
            0.0,
            0.0,
            0.0,
            0.0,
            0.9418703634348932,
            0.0,
            0.0
        ],
        [
            0.5987111829398047,
            0.0,
            0.0,
            0.0,
            0.013218771525347082,
            0.0,
            0.19161945909460715,
            0.0,
            0.0,
            0.0,
            0.0
        ],
        [
            0.0,
            0.5860526372062086,
            0.02377086447270866,
            0.009875502425720786,
            0.0,
            0.0,
            0.0,
            0.0,
            0.0,
            0.0,
            0.0
        ],
        [
            0.0,
            0.9829840885430977,
            0.12660723820772288,
            0.005212198407804037,
            0.0,
            0.0,
            0.0,
            0.0,
            0.0,
            0.0,
            0.0
        ],
        [
            0.9648876599927514,
            0.0,
            0.0,
            0.0,
            0.012696014871312278,
            0.00013517147497776657,
            0.13223197876145337,
            0.0,
            0.0,
            0.0,
            0.0
        ],
        [
            0.7883260053067466,
            0.0,
            0.0,
            0.0,
            0.10183795199889434,
            0.0023224296336459282,
            0.24693501229437537,
            0.0,
            0.0,
            0.0,
            0.0
        ]
    ],
    "true_pos": 7,
    "false_pos": 4,
    "unmatched": 4,
    "num_GT_boxes": 11,
    "used_labels": [
        "tree",
        "car",
        "house",
        "fence",
        "cloud",
        "road"
    ]
}