{
    "matched_indices": [
        7,
        1,
        4,
        3,
        6,
        5,
        5,
        0,
        2
    ],
    "iou_matrix": [
        [
            0.09848696810836018,
            0.038891710942968505,
            0.0,
            0.0,
            0.0,
            0.0,
            0.0,
            0.9772919644227193,
            0.0
        ],
        [
            0.19799140487281847,
            0.9940371467036959,
            0.10752098326981746,
            0.1664369861124809,
            0.05243509174338914,
            0.040700135128196,
            0.04625015355476819,
            0.039281797085849786,
            0.015416717851589422
        ],
        [
            0.045123860206756315,
            0.014832206896031591,
            0.0,
            0.0,
            0.0,
            0.000379735955339343,
            0.0,
            0.0,
            0.9614493992579316
        ],
        [
            0.004802242176168037,
            0.16552083171368562,
            0.0,
            0.9885923002481496,
            0.0,
            0.0,
            0.0,
            0.0,
            0.0
        ],
        [
            0.0,
            0.1071378788967341,
            0.990248955537118,
            0.0,
            0.0,
            0.0,
            0.0,
            0.0,
            0.0
        ],
        [
            0.04044098380573189,
            0.07654104332898284,
            0.0,
            0.0,
            0.0,
            0.5138012501138808,
            0.5864932849512448,
            0.0,
            0.0
        ],
        [
            0.0,
            0.053037970223064945,
            0.0,
            0.0,
            0.9893185621157718,
            0.0,
            0.0,
            0.0,
            0.0
        ],
        [
            0.948439849263564,
            0.18480844488888873,
            0.0,
            0.0,
            0.0,
            0.040382605470531935,
            0.0,
            0.10275405182209335,
            0.04853065867043803
        ],
        [
            0.31103185136941935,
            0.01753354927138149,
            0.0,
            0.0,
            0.0,
            0.0,
            0.0,
            0.0,
            0.0
        ],
        [
            0.7428275198415616,
            0.23331156505959882,
            0.0,
            0.0,
            0.0,
            0.08284419790175586,
            0.028610167998278455,
            0.08124816116050297,
            0.037486202227044234
        ]
    ],
    "true_pos": 8,
    "false_pos": 2,
    "unmatched": 1,
    "num_GT_boxes": 9,
    "used_labels": [
        "table",
        "apple",
        "dog",
        "people",
        "cup",
        "grape",
        "chair"
    ]
}