{
    "mean_iou": 0.650291659655143,
    "mean_dice": 0.7287984108516495,
    "missed_matches": 8,
    "total_matches": 10,
    "success_rate": 0.2,
    "time": "2024-09-27 00:01:22"
}