{
    "bboxes": [
        [
            0.5187798258463542,
            0.51703515625,
            0.9341398111979167,
            0.8671200358072917
        ],
        [
            0.3181282552083333,
            0.18325360107421876,
            0.6668759765625,
            0.8931665852864583
        ],
        [
            0.024857785542805988,
            0.0002009719411532084,
            0.291978759765625,
            0.2103128865559896
        ],
        [
            0.038587628682454425,
            0.6231123046875,
            0.2527645263671875,
            0.862113037109375
        ],
        [
            0.038698656717936195,
            0.23819022623697916,
            0.30491339111328125,
            0.5558740234375
        ],
        [
            0.5185221354166667,
            0.02400953165690104,
            0.9804579264322917,
            0.18331878662109374
        ],
        [
            0.004519283612569173,
            0.00218614927927653,
            0.9951698404947916,
            0.99540380859375
        ],
        [
            0.74325439453125,
            0.2251722412109375,
            0.9156756184895833,
            0.366873046875
        ],
        [
            0.04011778259277344,
            0.6234705810546874,
            0.20516090901692707,
            0.7846868489583333
        ],
        [
            0.2791675211588542,
            0.8919029134114583,
            0.41117069498697917,
            0.985040283203125
        ]
    ],
    "labels": [
        "sun",
        "dog",
        "cat",
        "cloud",
        "flower",
        "grass",
        "grass",
        "cloud",
        "cloud",
        "cloud"
    ],
    "scores": [
        0.7550795674324036,
        0.6617187857627869,
        0.6409900784492493,
        0.5675001740455627,
        0.49289825558662415,
        0.45441052317619324,
        0.2627606987953186,
        0.2455906718969345,
        0.22761622071266174,
        0.21229135990142822
    ]
}