{
    "bboxes": [
        [
            0.666755859375,
            0.7322390950520833,
            0.9430747884114583,
            0.9331044108072917
        ],
        [
            0.00030028818051020304,
            0.41460270182291664,
            0.3939872639973958,
            0.8557632649739584
        ],
        [
            0.5522723388671875,
            0.3416572265625,
            0.998980224609375,
            0.8228153483072916
        ],
        [
            0.4811024983723958,
            0.7727285970052084,
            0.7255437825520833,
            0.9840198567708334
        ],
        [
            0.4811024983723958,
            0.7727285970052084,
            0.7255437825520833,
            0.9840198567708334
        ],
        [
            0.38484781901041665,
            0.7719957682291667,
            0.517739501953125,
            0.9440146484375
        ],
        [
            0.666755859375,
            0.7322390950520833,
            0.9430747884114583,
            0.9331044108072917
        ]
    ],
    "labels": [
        "house",
        "cloud",
        "cloud",
        "grass",
        "people",
        "dog",
        "bench"
    ],
    "scores": [
        0.6668939590454102,
        0.534171462059021,
        0.4834972620010376,
        0.39223888516426086,
        0.3173128068447113,
        0.22789865732192993,
        0.21112897992134094
    ]
}