{
    "bboxes": [
        [
            0.05353561909993489,
            0.38459720865885416,
            0.4121739095052083,
            0.7296946614583333
        ],
        [
            0.5865093180338542,
            0.278558349609375,
            0.6647218017578125,
            0.3308687133789063
        ],
        [
            0.6523939208984375,
            0.2516597900390625,
            0.7449156901041667,
            0.30402217610677085
        ],
        [
            0.38527876790364585,
            0.7338435872395833,
            0.5641868082682292,
            0.9037461751302084
        ],
        [
            0.7868214518229166,
            0.09924727376302084,
            0.9988291015625,
            0.6698267008463542
        ],
        [
            0.41292488606770833,
            0.30667451985677086,
            0.5988723551432291,
            0.6208614501953125
        ],
        [
            0.6658185221354167,
            0.371375,
            0.915627685546875,
            0.6612373046875
        ],
        [
            0.8936290690104167,
            0.8114755859375,
            0.958826171875,
            0.8911185709635416
        ],
        [
            0.0009053348700205485,
            0.0913770751953125,
            0.27631695556640623,
            0.5605180257161458
        ]
    ],
    "labels": [
        "cloud",
        "bird",
        "bird",
        "grass",
        "flower",
        "flower",
        "flower",
        "duck",
        "flower"
    ],
    "scores": [
        0.9493298530578613,
        0.7079418301582336,
        0.6995797753334045,
        0.5472034811973572,
        0.4273523986339569,
        0.3892388641834259,
        0.33385565876960754,
        0.22362197935581207,
        0.2004423886537552
    ]
}