{
    "bboxes": [
        [
            0.2661295979817708,
            0.23892824300130208,
            0.4245140380859375,
            0.3447102457682292
        ],
        [
            0.3323772989908854,
            0.5451381022135416,
            0.4387361653645833,
            0.650804931640625
        ],
        [
            0.7717189127604167,
            0.8647205403645833,
            0.9175535481770833,
            0.9570104166666666
        ],
        [
            0.5173095703125,
            0.8390526529947917,
            0.6392438557942708,
            0.9754923502604167
        ],
        [
            0.07957746887207032,
            0.8500811360677083,
            0.2458427530924479,
            0.9341610514322917
        ],
        [
            0.6536619059244791,
            0.31925272623697915,
            0.9035679524739584,
            0.9075275065104167
        ],
        [
            0.3994410807291667,
            0.31897690836588544,
            0.6617216796875,
            0.9362472330729167
        ],
        [
            0.010002255121866862,
            0.8397316080729167,
            0.9104175618489583,
            0.998484619140625
        ],
        [
            0.038288681030273435,
            0.2794206339518229,
            0.3028394368489583,
            0.9846810709635416
        ],
        [
            0.038473737080891926,
            0.2788491414388021,
            0.3034926961263021,
            0.8556444498697917
        ],
        [
            0.39958426920572915,
            0.31887933349609376,
            0.5928898111979166,
            0.9383260091145833
        ]
    ],
    "labels": [
        "road",
        "road",
        "grass",
        "grass",
        "grass",
        "flower",
        "flower",
        "bird",
        "flower",
        "flower",
        "flower"
    ],
    "scores": [
        0.9816395044326782,
        0.9790533185005188,
        0.8296464085578918,
        0.7591676115989685,
        0.7085124254226685,
        0.47532448172569275,
        0.4045411944389343,
        0.39007535576820374,
        0.37346646189689636,
        0.3161841928958893,
        0.22704337537288666
    ]
}