{
    "bboxes": [
        [
            0.759513916015625,
            0.7718597005208333,
            0.9180177408854167,
            0.9169112141927084
        ],
        [
            0.15960856119791667,
            0.8274368489583334,
            0.37081392415364584,
            0.984066650390625
        ],
        [
            0.0008703320821126302,
            0.3588507080078125,
            0.26029638671875,
            0.8228348795572916
        ],
        [
            0.5612583821614583,
            0.5858797200520833,
            0.8253924153645833,
            0.8691934407552083
        ],
        [
            0.14930101521809896,
            0.5860709228515625,
            0.4118860270182292,
            0.8347403157552084
        ]
    ],
    "labels": [
        "truck",
        "truck",
        "horse",
        "tree",
        "tree"
    ],
    "scores": [
        0.9601585865020752,
        0.9395135045051575,
        0.8457936644554138,
        0.6608124375343323,
        0.45428919792175293
    ]
}