{
    "bboxes": [
        [
            0.07905550130208333,
            0.7456346842447916,
            0.21095345052083334,
            0.8601870930989584
        ],
        [
            0.3588023681640625,
            0.5319830322265625,
            0.524222900390625,
            0.705206787109375
        ],
        [
            0.024886367797851562,
            0.47697062174479166,
            0.2923148193359375,
            0.7453121744791666
        ],
        [
            0.7038048502604166,
            0.42337471516927083,
            0.9718727213541667,
            0.69145263671875
        ],
        [
            0.0010265111128489176,
            0.1039930419921875,
            0.9479327799479167,
            0.355246826171875
        ],
        [
            0.34447021484375,
            0.6446474202473959,
            0.692919921875,
            0.944271728515625
        ],
        [
            0.0015096068382263184,
            0.0013500153223673502,
            0.9983899739583333,
            0.9978546549479167
        ],
        [
            0.6946685384114584,
            0.19906890869140625,
            0.9458949381510416,
            0.35687845865885415
        ],
        [
            0.0018140076001485188,
            0.0017945764859517415,
            0.9978385416666666,
            0.997632568359375
        ],
        [
            0.4553975016276042,
            0.15970562744140626,
            0.7217980143229167,
            0.341816650390625
        ],
        [
            0.3302265421549479,
            0.6409853108723959,
            0.743008544921875,
            0.996798828125
        ],
        [
            0.3577784423828125,
            0.5324151611328125,
            0.5766814371744792,
            0.712920166015625
        ],
        [
            0.0004930197795232137,
            0.14739706420898438,
            0.27940712483723956,
            0.3291059773763021
        ]
    ],
    "labels": [
        "rabbit",
        "rabbit",
        "grass",
        "grass",
        "flower",
        "grass",
        "flower",
        "flower",
        "cloud",
        "flower",
        "grass",
        "rabbit",
        "flower"
    ],
    "scores": [
        0.5521717071533203,
        0.52226322889328,
        0.4004051387310028,
        0.39248189330101013,
        0.356242835521698,
        0.3385961949825287,
        0.29432907700538635,
        0.26521584391593933,
        0.2616855502128601,
        0.24914291501045227,
        0.23757335543632507,
        0.22117610275745392,
        0.208149254322052
    ]
}