{
    "matched_indices": [
        7,
        4,
        7,
        0,
        7,
        5,
        1,
        3,
        7,
        0,
        7,
        0,
        7,
        7,
        7,
        7
    ],
    "iou_matrix": [
        [
            0.0,
            0.0446622209261754,
            0.12911751240596775,
            0.9455251353639086,
            0.0,
            0.0,
            0.09827922689786252,
            0.0,
            0.0,
            0.0,
            0.0,
            0.0,
            0.0018306485585051152,
            0.0,
            0.0,
            0.05180682698072268
        ],
        [
            0.0,
            0.03006248609063571,
            0.030723121559903938,
            0.10692735663561097,
            0.0,
            0.009010326127376013,
            0.8994950432781997,
            0.0,
            0.0,
            0.0,
            0.0,
            0.0,
            0.0,
            0.0016746954366136393,
            0.0,
            0.0
        ],
        [
            0.0,
            0.030795394680438307,
            0.0212737187275952,
            0.12215920718595627,
            0.0,
            0.007194137653847509,
            0.5781655812826008,
            0.0,
            0.0,
            0.0,
            0.0,
            0.0,
            0.0,
            0.0,
            0.0,
            0.0
        ],
        [
            0.02338518028056195,
            0.0,
            0.0,
            0.0,
            0.0,
            0.0,
            0.0,
            0.8117596395386999,
            0.0,
            0.0,
            0.0,
            0.0,
            0.0,
            0.0,
            0.0,
            0.05879049087097797
        ],
        [
            0.011487807728819197,
            0.9626775449185223,
            0.0,
            0.050272052376723865,
            0.0,
            0.292708381693352,
            0.03026016737669666,
            0.0,
            0.0,
            0.0,
            0.0,
            0.0,
            0.0,
            0.0,
            0.0,
            0.16862321143285208
        ],
        [
            0.0,
            0.30618682779853573,
            0.0,
            0.0,
            0.0,
            0.9712997714052184,
            0.008392539361482008,
            0.0,
            0.0,
            0.0,
            0.0,
            0.0,
            0.0,
            0.0,
            0.0,
            0.09884063702567147
        ],
        [
            0.0,
            0.021482646932446205,
            0.006212990470804406,
            0.06686416283719832,
            0.0,
            0.0,
            0.17826316738524284,
            0.0,
            0.0,
            0.0,
            0.0,
            0.0,
            0.0,
            0.0,
            0.0,
            0.0
        ],
        [
            0.18179430653578363,
            0.2256149849089351,
            0.19781811697493779,
            0.10574697980529497,
            0.12209777332140777,
            0.07543527232753193,
            0.05847600185545199,
            0.017772601647948714,
            0.06535748038441884,
            0.0,
            0.0005784261719144882,
            0.0,
            0.01089206586710002,
            0.012363795789313181,
            0.010663560988769232,
            0.2602303907024637
        ]
    ],
    "num_matches": 5,
    "num_GT_boxes": 16,
    "used_labels": [
        "others",
        "basket",
        "mountain",
        "cat",
        "tree",
        "picnic rug",
        "grass",
        "duck"
    ]
}