{
    "mean_iou": 0.5784118205429426,
    "mean_dice": 0.6253397070863127,
    "missed_matches": 8,
    "total_matches": 12,
    "success_rate": 0.3333333333333333,
    "time": "2024-09-27 00:25:56"
}