{
    "matched_indices": [
        7,
        0,
        20,
        3,
        2,
        4,
        11,
        18,
        5,
        1,
        8,
        9,
        19,
        12,
        14,
        6
    ],
    "iou_matrix": [
        [
            0.01808015202636848,
            0.9633734632065524,
            0.0,
            0.0,
            0.013417437609840946,
            0.0,
            0.0,
            0.0,
            0.0,
            0.0,
            0.0,
            0.0,
            0.010909244686650147,
            0.0,
            0.0,
            0.04317722345462072
        ],
        [
            0.0,
            0.0,
            0.0,
            0.0,
            0.0,
            0.0,
            0.0,
            0.0,
            0.0,
            0.9872720627729838,
            0.0,
            0.0,
            0.0,
            0.0,
            0.0,
            0.0
        ],
        [
            0.0,
            0.012148831425474455,
            0.0,
            0.05853737628084564,
            0.9433371629742655,
            0.0,
            0.0,
            0.0,
            0.0,
            0.0,
            0.0,
            0.0,
            0.04067803628739764,
            0.0,
            0.0,
            0.028859084864080037
        ],
        [
            0.0,
            0.0,
            0.0,
            0.9845229643235163,
            0.06340589204344717,
            0.11151699443100895,
            0.0,
            0.0,
            0.0,
            0.0,
            0.0,
            0.0,
            0.0,
            0.0,
            0.0,
            0.0
        ],
        [
            0.0,
            0.0,
            0.0,
            0.10554471169276061,
            0.0,
            0.9584881317003637,
            0.0,
            0.0,
            0.003287114898454633,
            0.0,
            0.0,
            0.0,
            0.0,
            0.0,
            0.0,
            0.0
        ],
        [
            0.0,
            0.0,
            0.0,
            0.0037039399553355787,
            0.0,
            0.0067709592530805895,
            0.0,
            0.0,
            0.9400938609015135,
            0.0,
            0.0,
            0.0,
            0.0,
            0.06908730887601988,
            0.04095445859411214,
            0.000414348063883074
        ],
        [
            0.0,
            0.011447699084001593,
            0.0,
            0.0,
            0.009921628574157628,
            0.0,
            0.0,
            0.0,
            0.04458749900855282,
            0.0,
            0.13898061110699209,
            0.16397484968460677,
            0.027794377584803014,
            0.010643480091305158,
            0.4423577384576713,
            0.11970020490876317
        ],
        [
            0.948822773707689,
            0.017535774627748704,
            0.0,
            0.0,
            0.0,
            0.0,
            0.03903661006326056,
            0.0,
            0.0,
            0.0,
            0.0,
            0.0,
            0.0,
            0.0,
            0.0,
            0.0
        ],
        [
            0.0,
            0.0,
            0.0,
            0.0,
            0.0,
            0.0,
            0.0,
            0.0,
            0.0,
            0.0,
            0.9648721700147888,
            0.0,
            0.0,
            0.0,
            0.0,
            0.0
        ],
        [
            0.0,
            0.0,
            0.0,
            0.0,
            0.0,
            0.0,
            0.0,
            0.0,
            0.0,
            0.0,
            0.0,
            0.9870686020276871,
            0.0,
            0.0,
            0.0,
            0.0272820570846934
        ],
        [
            0.0,
            0.0,
            0.0,
            0.003818336428350377,
            0.0,
            0.004352062918626337,
            0.0,
            0.0,
            0.7173464874671789,
            0.0,
            0.0,
            0.0,
            0.0,
            0.03416846851617095,
            0.0434389149794077,
            0.0004153141864817104
        ],
        [
            0.044815348372660074,
            0.0,
            0.0,
            0.0,
            0.0,
            0.0,
            0.9360137023668609,
            0.0,
            0.0,
            0.0,
            0.0,
            0.0,
            0.0,
            0.0,
            0.0,
            0.0
        ],
        [
            0.0,
            0.0,
            0.0,
            0.004396528207223397,
            0.0,
            0.007918676598238899,
            0.0,
            0.0,
            0.6871505277848393,
            0.0,
            0.0,
            0.0,
            0.0,
            0.18290687872162303,
            0.11991266480170587,
            0.0005224973579210331
        ],
        [
            0.0,
            0.0,
            0.0,
            0.0,
            0.0,
            0.0,
            0.0,
            0.0,
            0.0,
            0.0,
            0.0,
            0.9868305756198184,
            0.0,
            0.0,
            0.0,
            0.02685715840227426
        ],
        [
            0.0,
            0.0,
            0.0,
            0.0,
            0.0,
            0.0,
            0.0,
            0.0,
            0.05155355282968145,
            0.0,
            0.0,
            0.0,
            0.030643697031604886,
            0.019402504897759333,
            0.9217274255247057,
            0.039510552752580815
        ],
        [
            0.0,
            0.018676021078872077,
            0.0,
            0.0,
            0.015430733574045077,
            0.0,
            0.0,
            0.0,
            0.07708111979834437,
            0.0,
            0.11393531486301861,
            0.13511821308418032,
            0.026482138469285998,
            0.07744203869910452,
            0.3650754148688852,
            0.10092795255722439
        ],
        [
            0.044815348372660074,
            0.0,
            0.0,
            0.0,
            0.0,
            0.0,
            0.9360137023668609,
            0.0,
            0.0,
            0.0,
            0.0,
            0.0,
            0.0,
            0.0,
            0.0,
            0.0
        ],
        [
            0.0,
            0.010968743768431903,
            0.0,
            0.0,
            0.009515723856877977,
            0.0,
            0.0,
            0.0,
            0.04426483706439917,
            0.0,
            0.13971835602501873,
            0.16472026474195978,
            0.027680942934836535,
            0.010441214794004559,
            0.4428609312661663,
            0.11839322225701356
        ],
        [
            0.0,
            0.0,
            0.0,
            0.0,
            0.0,
            0.0,
            0.0,
            0.9339845750039815,
            0.0,
            0.0,
            0.0,
            0.0,
            0.0,
            0.0,
            0.0,
            0.0
        ],
        [
            0.0,
            0.009169211623157942,
            0.0,
            0.0,
            0.041185835116236344,
            0.0,
            0.0,
            0.0,
            0.0,
            0.0,
            0.0,
            0.0004429774195603196,
            0.9678022055620761,
            0.0,
            0.019777982451601676,
            0.11251451690682404
        ],
        [
            0.05831515207400211,
            0.09632538446457817,
            0.016436806674185893,
            0.10982715873833215,
            0.0,
            0.04450779942672643,
            0.012273703440542757,
            0.01986114139797462,
            0.0,
            0.052316224946772225,
            0.0,
            0.0,
            0.0,
            0.0,
            0.0,
            0.0
        ],
        [
            0.049080905985374935,
            0.14990919778322073,
