{
    "matched_indices": [
        3,
        5,
        5,
        5,
        5,
        5,
        5,
        5,
        5,
        0,
        1,
        2,
        5,
        5,
        0,
        0,
        4,
        0,
        0
    ],
    "iou_matrix": [
        [
            0.0,
            0.0,
            0.0,
            0.0,
            0.0,
            0.0,
            0.0,
            0.005889888820083394,
            0.0,
            0.0,
            0.0,
            0.0,
            0.0,
            0.0,
            0.0,
            0.0,
            0.0,
            0.9565422421672108,
            0.05629526072203889
        ],
        [
            0.0,
            0.0,
            0.0,
            0.0,
            0.06238129354274388,
            0.0,
            0.021350153596310414,
            0.0,
            0.16764843839274968,
            0.0,
            0.9291949209560838,
            0.08472147140201773,
            0.0,
            0.0,
            0.0,
            0.0,
            0.0,
            0.0,
            0.0
        ],
        [
            0.0,
            0.0,
            0.0,
            0.0,
            0.02828803627390159,
            0.0,
            0.0,
            0.0,
            0.0845867143589778,
            0.0,
            0.4736529571576923,
            0.11254616872925487,
            0.0,
            0.0,
            0.0,
            0.0,
            0.0,
            0.0,
            0.0
        ],
        [
            0.9031259746524767,
            0.0,
            0.0,
            0.0,
            0.0,
            0.0,
            0.0,
            0.0,
            0.0,
            0.0,
            0.0,
            0.0,
            0.0,
            0.0,
            0.0,
            0.0,
            0.0,
            0.0,
            0.0
        ],
        [
            0.0,
            0.0,
            0.0,
            0.0,
            0.0,
            0.007738461302030236,
            0.0,
            0.13126376046455074,
            0.0,
            0.0,
            0.0,
            0.0,
            0.0,
            0.0,
            0.0,
            0.0,
            0.9014685278082583,
            0.0,
            0.0
        ],
        [
            0.03155124210167662,
            0.06531568723387997,
            0.10173986322104542,
            0.04895331431254511,
            0.0860860148358477,
            0.07173605955188062,
            0.12301089237511327,
            0.19400074453589436,
            0.16837555475251562,
            0.0,
            0.037274097192293215,
            0.01784059352793522,
            0.006371640545691153,
            0.005224745247466741,
            0.0,
            0.0,
            0.014471244181524918,
            0.04141566354699246,
            0.00902537308061991
        ]
    ],
    "num_matches": 4,
    "num_GT_boxes": 19,
    "used_labels": [
        "others",
        "basket",
        "table",
        "tree",
        "cat",
        "banana",
        "dog",
        "flower",
        "chair",
        "people",
        "sun",
        "apple",
        "cloud"
    ]
}