{
    "matched_indices": [
        3,
        2,
        0,
        0,
        0,
        2,
        2,
        0,
        0,
        0,
        0,
        0,
        1,
        0,
        2
    ],
    "iou_matrix": [
        [
            0.0,
            0.0,
            0.0,
            0.0,
            0.0,
            0.0,
            0.0,
            0.0,
            0.0,
            0.0,
            0.0,
            0.0,
            0.0,
            0.9866818768827695,
            0.0
        ],
        [
            0.0,
            0.0,
            0.0,
            0.0,
            0.0,
            0.0,
            0.041471564043756966,
            0.0,
            0.0,
            0.0,
            0.0,
            0.0,
            0.9882040481587135,
            0.0,
            0.0
        ],
        [
            0.023718239691157047,
            0.02479834527069864,
            0.0,
            0.0,
            0.0,
            0.006464390831695436,
            0.7187097067341335,
            0.0,
            0.0,
            0.0,
            0.0,
            0.0,
            0.0548215870260397,
            0.0,
            0.1771353524970003
        ],
        [
            0.02637448365419276,
            0.0,
            0.0,
            0.0,
            0.0,
            0.0,
            0.10994880610831423,
            0.0,
            0.0,
            0.0,
            0.0,
            0.0,
            0.0,
            0.0,
            0.0
        ]
    ],
    "num_matches": 3,
    "num_GT_boxes": 15,
    "used_labels": [
        "airplane",
        "apple",
        "balloon",
        "banana",
        "basket",
        "bee",
        "bench",
        "bicycle",
        "bird",
        "bottle",
        "bucket",
        "bus",
        "butterfly",
        "car",
        "cat",
        "chair",
        "chicken",
        "cloud",
        "cow",
        "cup",
        "dinnerware",
        "dog",
        "duck",
        "fence",
        "flower",
        "grape",
        "grass",
        "horse",
        "house",
        "moon",
        "mountain",
        "people",
        "picnic rug",
        "pig",
        "rabbit",
        "road",
        "sheep",
        "sofa",
        "star",
        "street lamp",
        "sun",
        "table",
        "tree",
        "truck",
        "umbrella",
        "others"
    ]
}