{
    "bboxes": [
        [
            0.5802629801432292,
            0.7052972819010417,
            0.8624593912760417,
            0.9853505859375
        ],
        [
            0.09331003824869792,
            0.10541868082682292,
            0.5444525146484375,
            0.7167123209635416
        ]
    ],
    "labels": [
        "butterfly",
        "tree"
    ],
    "scores": [
        0.9785601496696472,
        0.7072519659996033
    ]
}