{
    "matched_indices": [
        7,
        6,
        5,
        2,
        4,
        3,
        8,
        0,
        1,
        4,
        4,
        2,
        1,
        0,
        4,
        0
    ],
    "iou_matrix": [
        [
            0.04177564569430684,
            0.0648346277131539,
            0.0,
            0.11335667379240334,
            0.0,
            0.0,
            0.0,
            0.9910780246842915,
            0.0,
            0.0,
            0.0,
            0.0,
            0.09075751346442726,
            0.0,
            0.0,
            0.04638624404795047
        ],
        [
            0.0,
            0.0,
            0.0,
            0.0,
            0.0,
            0.0,
            0.0,
            0.09253015249149689,
            0.06480215842448003,
            0.0,
            0.0,
            0.0,
            0.9839732536710667,
            0.0,
            0.0,
            0.0
        ],
        [
            0.09935556956886807,
            0.0,
            0.0,
            0.8691333897619979,
            0.0,
            0.3281300321210559,
            0.0,
            0.10638480172974944,
            0.0,
            0.0,
            0.0,
            0.04911260027465343,
            0.0,
            0.0,
            0.0,
            0.02653947776040222
        ],
        [
            0.0,
            0.0,
            0.13797336113321212,
            0.18191502382521002,
            0.0,
            0.8541365861303388,
            0.025692416857515322,
            0.0,
            0.0,
            0.0,
            0.0,
            0.018808903693189542,
            0.0,
            0.0,
            0.0,
            0.028727982490429158
        ],
        [
            0.0,
            0.03890050032812865,
            0.0,
            0.0,
            0.9723914738259305,
            0.0,
            0.0,
            0.0,
            0.0,
            0.021310206092461426,
            0.025781789165764565,
            0.0,
            0.0,
            0.0,
            0.013207967033709312,
            0.021003646285416185
        ],
        [
            0.0,
            0.0,
            0.7496320326017852,
            0.0,
            0.0,
            0.041385904303486036,
            0.002051555482271051,
            0.0,
            0.0,
            0.0,
            0.0,
            0.0,
            0.0,
            0.0,
            0.0,
            0.0
        ],
        [
            0.014853814088989654,
            0.8372182304596437,
            0.0,
            0.0,
            0.031115914953511143,
            0.0,
            0.0,
            0.04996216496158531,
            0.0,
            0.0,
            0.008928004210391227,
            0.0,
            0.0,
            0.0,
            0.0,
            0.0328614746056526
        ],
        [
            0.9687432106389491,
            0.07084003411784044,
            0.0,
            0.10005905021153844,
            0.0,
            0.0,
            0.0,
            0.03619669000178237,
            0.0,
            0.0,
            0.0,
            0.0,
            0.0,
            0.0,
            0.0,
            0.0
        ],
        [
            0.0,
            0.0,
            0.006003617205375537,
            0.0,
            0.0,
            0.023448611500469712,
            0.9876296952659237,
            0.0,
            0.03359611659028071,
            0.0,
            0.0,
            0.014973632833540054,
            0.0,
            0.0,
            0.0,
            0.019711793675110258
        ]
    ],
    "true_pos": 9,
    "false_pos": 0,
    "unmatched": 7,
    "num_GT_boxes": 16,
    "used_labels": [
        "tree",
        "cow",
        "sheep",
        "grass",
        "others"
    ]
}