{
    "bboxes": [
        [
            0.5180013020833333,
            0.7046064453125,
            0.7055895182291667,
            0.8263353678385417
        ],
        [
            0.2237527872721354,
            0.3709605712890625,
            0.33323415120442706,
            0.4662628580729167
        ],
        [
            0.7188232421875,
            0.6765313313802084,
            0.8555575358072917,
            0.775507080078125
        ],
        [
            0.42421988932291665,
            0.8118111165364583,
            0.5737528889973958,
            0.91992578125
        ],
        [
            0.7300974934895833,
            0.7742919108072917,
            0.8937054036458333,
            0.9462354329427083
        ],
        [
            0.4238912353515625,
            0.8117161458333333,
            0.5739235432942709,
            0.9200017903645833
        ],
        [
            0.040809923807779945,
            0.2502286580403646,
            0.60240234375,
            0.7625690104166667
        ],
        [
            0.8094554850260417,
            0.5707550862630208,
            0.9450748697916667,
            0.7994181315104166
        ],
        [
            0.0024017093976338704,
            0.0014609098434448242,
            0.996999267578125,
            0.993107666015625
        ],
        [
            0.4913633219401042,
            0.16853592936197917,
            0.892731689453125,
            0.5594947102864584
        ],
        [
            0.7298513997395834,
            0.7746224772135417,
            0.8937850748697916,
            0.9459735514322917
        ],
        [
            0.71996923828125,
            0.5709638264973959,
            0.9453834635416667,
            0.9457305501302083
        ],
        [
            0.8250108235677084,
            0.7015496419270834,
            0.94529296875,
            0.7979789225260416
        ],
        [
            0.7191201171875,
            0.5708942057291667,
            0.94566357421875,
            0.79968701171875
        ]
    ],
    "labels": [
        "flower",
        "tree",
        "grass",
        "dog",
        "dog",
        "cloud",
        "bird",
        "dog",
        "bird",
        "bird",
        "cloud",
        "dog",
        "grass",
        "grass"
    ],
    "scores": [
        0.6188287138938904,
        0.5305840373039246,
        0.5196462273597717,
        0.45223772525787354,
        0.43142789602279663,
        0.4130996763706207,
        0.39097657799720764,
        0.3665502369403839,
        0.3136923909187317,
        0.30632635951042175,
        0.3036840856075287,
        0.29179394245147705,
        0.2784568667411804,
        0.22824588418006897
    ]
}