{
    "bboxes": [
        [
            0.09285642496744792,
            0.5985716552734375,
            0.2775892537434896,
            0.7704305013020833
        ],
        [
            0.6853064778645833,
            0.12918659464518228,
            0.7786131998697917,
            0.2185049845377604
        ],
        [
            0.6000147705078125,
            0.4924674072265625,
            0.7176438802083334,
            0.6229892171223959
        ],
        [
            0.05253569539388021,
            0.06523121643066407,
            0.2653941446940104,
            0.26273905436197914
        ],
        [
            0.7430797526041667,
            0.0006422102053960164,
            0.9984022623697917,
            0.6617895100911458
        ],
        [
            0.4654327392578125,
            0.22482718912760416,
            0.5574510091145833,
            0.3026456298828125
        ],
        [
            0.7449111328125,
            0.0030330419540405273,
            0.9988072102864584,
            0.9264501953125
        ]
    ],
    "labels": [
        "tree",
        "cow",
        "grass",
        "cloud",
        "flower",
        "cloud",
        "flower"
    ],
    "scores": [
        0.9618934392929077,
        0.8798141479492188,
        0.5732297301292419,
        0.5368878245353699,
        0.4629805386066437,
        0.3659525513648987,
        0.22287103533744812
    ]
}