{
    "matched_indices": [
        1,
        18,
        17,
        2,
        2,
        16,
        21,
        7,
        17,
        5,
        9,
        9,
        13,
        14,
        0,
        12,
        23
    ],
    "iou_matrix": [
        [
            0.0,
            0.0,
            0.0,
            0.0,
            0.0,
            0.0,
            0.0,
            0.0,
            0.0,
            0.0,
            0.0,
            0.0,
            0.0,
            0.0,
            0.9787869224114569,
            0.0,
            0.0
        ],
        [
            0.9315433527590292,
            0.0,
            0.0,
            0.0,
            0.002360671092184313,
            0.09289593632600691,
            0.09334849381942495,
            0.11982808387342918,
            0.044137652141536296,
            0.1904718167622898,
            0.00928899874987821,
            0.006966749062408662,
            0.02709291302047815,
            0.027092913020478164,
            0.0,
            0.07522467797782233,
            0.057113332252682766
        ],
        [
            0.0,
            0.0,
            0.0,
            0.0736797654355437,
            0.9762105705486706,
            0.08858525197974976,
            0.015204120147109245,
            0.0024676538274195975,
            0.0,
            0.10177013478180404,
            0.0,
            0.0,
            0.0,
            0.0,
            0.0,
            0.0,
            0.0
        ],
        [
            0.8219952261930725,
            0.0,
            0.0,
            0.0,
            0.0,
            0.04898569572810743,
            0.07120583614593047,
            0.10189889110391162,
            0.02565690305870715,
            0.15033017130613338,
            0.011761350576942097,
            0.008821012932706578,
            0.03430393918274783,
            0.03430393918274785,
            0.0,
            0.04807759038104838,
            0.04246874710910858
        ],
        [
            0.0,
            0.0,
            0.0,
            0.0,
            0.0,
            0.0,
            0.0,
            0.0,
            0.0,
            0.0,
            0.0,
            0.0,
            0.0,
            0.0,
            0.9772993426386073,
            0.0,
            0.0
        ],
        [
            0.18509797978232875,
            0.0,
            0.11259123688788068,
            0.0370297668153374,
            0.10061691659342405,
            0.0,
            0.0,
            0.06198782385729003,
            0.26977933213845773,
            0.9875997775611779,
            0.0031840886258743214,
            0.0031955080500668644,
            0.0,
            0.04216025288712973,
            0.0,
            0.13923946672772908,
            0.0
        ],
        [
            0.08902048153809695,
            0.37723824363580194,
            0.0,
            0.0027394804711515825,
            0.0,
            0.3318422028781187,
            0.015758194138027537,
            0.0,
            0.0,
            0.0,
            0.0,
            0.0,
            0.0,
            0.0,
            0.0,
            0.0,
            0.5766938652146172
        ],
        [
            0.05372842664766187,
            0.0,
            0.0,
            0.0,
            0.0031776608752958997,
            0.0,
            0.004807203615363546,
            0.4546984098531489,
            0.0,
            0.017737612650313875,
            0.16536933630852832,
            0.12402700223139633,
            0.026040087189187492,
            0.0,
            0.0,
            0.0,
            0.0
        ],
        [
            0.0,
            0.0,
            0.0,
            0.0,
            0.0,
            0.0,
            0.0,
            0.0,
            0.0,
            0.0,
            0.0,
            0.0,
            0.0,
            0.0,
            0.9787869224114569,
            0.0,
            0.0
        ],
        [
            0.010126786999570545,
            0.0,
            0.0,
            0.0,
            0.0,
            0.0,
            0.0,
            0.07922182853023207,
            0.0,
            0.0036618764421830776,
            0.8926989386706937,
            0.6768633882788606,
            3.264070452422779e-05,
            0.0,
            0.0,
            0.0,
            0.0
        ],
        [
            0.26456017102365864,
            0.08101809674775448,
            0.06171517316050371,
            0.029424374654256295,
            0.19256789695193927,
            0.22860571190537976,
            0.06244495478409011,
            0.07452377612040054,
            0.1364824969646871,
            0.39497601343812255,
            0.005777036908558168,
            0.004332777681418629,
            0.016849690983294682,
            0.01684969098329469,
            0.0,
            0.0819758811968332,
            0.04808945277099503
        ],
        [
            0.18477673735509098,
            0.0,
            0.1123328449499313,
            0.03704299651891012,
            0.1000988259067224,
            0.0,
            0.0,
            0.06159246875201431,
            0.27046507807394216,
            0.9870818548963066,
            0.0030530106852543907,
            0.0030639852224630866,
            0.0,
            0.04226398476766915,
            0.0,
            0.13869597713163598,
            0.0
        ],
        [
            0.07182142518025615,
            0.0,
            0.26383214996013526,
            0.0007072859729129793,
            0.0,
            0.0,
            0.0,
            0.0,
            0.2083360131130548,
            0.14348488545349009,
            0.0,
            0.0,
            0.0,
            0.0,
            0.0,
            0.9743615255987083,
            0.0
        ],
        [
            0.02110475024932873,
            0.0,
            0.0,
            0.0,
            0.0,
            0.0,
            0.03549840648150161,
            0.08921565842660861,
            0.0,
            0.0,
            0.0,
            0.0,
            0.7158416790532642,
            0.0,
            0.0,
            0.0,
            0.0
        ],
        [
            0.02790560853123835,
            0.0,
            0.0,
            0.0,
            0.0,
            0.0,
            0.0,
            0.0781802316301757,
            0.0,
            0.04118971762874756,
            0.0,
            0.0,
            0.0,
            0.9434670255443981,
            0.0,
            0.0,
            0.0
        ],
        [
            0.0,
            0.0,
            0.0,
            0.0736797654355437,
            0.9762105705486706,
            0.08858525197974976,
            0.015204120147109245,
            0.0024676538274195975,
            0.0,
            0.10177013478180404,
            0.0,
            0.0,
            0.0,
            0.0,
            0.0,
            0.0,
            0.0
        ],
        [
            0.04128315633530939,
            0.17097031837091659,
            0.0,
            0.011729124409726902,
            0.0,
            0.593407066939753,
            0.03491068169433148,
            0.0,
            0.0,
            0.0,
            0.0,
            0.0,
            0.0,
            0.0,
            0.0,
            0.0,
            0.10090448052870989
        ],
        [
            0.016273143806758258,
            0.0,
            0.28509711056773657,
            0.027384058615928592,
            0.0,
            0.0,
            0.0,
            0.0,
            0.8202272052829496,
            0.2308347992599593,
            0.0,
            0.0,
            0.0,
            0.0,
            0.0,
            0.1651899606365913,
            0.0
        ],
        [
            0.0,
            0.7159934058996451,
            0.0,
            0.0,
            0.0,
            0.035195861653098806,
            0.0,
            0.0,
