{
    "matched_indices": [
        9,
        8,
        7,
        7,
        4,
        6,
        5,
        7,
        4,
        5,
        6,
        2,
        0,
        3,
        1,
        4
    ],
    "iou_matrix": [
        [
            0.0,
            0.0,
            0.0,
            0.006388531624688433,
            0.0,
            0.0,
            0.0,
            0.044794452198309395,
            0.09283530223346774,
            0.0,
            0.0,
            0.0,
            0.9017115225706807,
            0.0,
            0.0,
            0.07646550111505683
        ],
        [
            0.0,
            0.0,
            0.048495395102637236,
            0.0,
            0.0,
            0.0,
            0.0,
            0.09751886336515056,
            0.0,
            0.0,
            0.0,
            0.0,
            0.0,
            0.0,
            0.9488667127039971,
            0.056927542621778605
        ],
        [
            0.0,
            0.0,
            0.0,
            0.0,
            0.0,
            0.0,
            0.0,
            0.0,
            0.0,
            0.0742727156643149,
            0.027048292534453604,
            0.9265821968923239,
            0.0,
            0.0,
            0.0,
            0.07143140394297742
        ],
        [
            0.0,
            0.0,
            0.0,
            0.0,
            0.0,
            0.0,
            0.0,
            0.0,
            0.10812733975798086,
            0.0,
            0.13332459286577575,
            0.0,
            0.0,
            0.8598667752364212,
            0.0,
            0.06651807618702352
        ],
        [
            0.0,
            0.0,
            0.0,
            0.03403355652854921,
            0.09251523949799201,
            0.009287116264195896,
            0.0,
            0.0,
            0.9848419360052872,
            0.0,
            0.03978662662473968,
            0.0,
            0.08905972036992213,
            0.1351545484682306,
            0.0,
            0.16204810324277816
        ],
        [
            0.0,
            0.0,
            0.0,
            0.0,
            0.0,
            0.0,
            0.16578147983247926,
            0.0,
            0.0,
            0.8829741695232967,
            0.0,
            0.05308569637146929,
            0.0,
            0.0,
            0.0,
            0.10761954930014252
        ],
        [
            0.0,
            0.0,
            0.0,
            0.0,
            0.0,
            0.09455521941121298,
            0.026724266747063945,
            0.0,
            0.02548263378196516,
            0.0,
            0.9630375973350394,
            0.038891914975953255,
            0.0,
            0.12569188536652504,
            0.0,
            0.13459749706033303
        ],
        [
            0.0,
            0.0,
            0.11774078896570375,
            0.2096115797185406,
            0.014346118023474413,
            0.0,
            0.0,
            0.8453803140194869,
            0.0,
            0.0,
            0.0,
            0.0,
            0.07004609146196787,
            0.0,
            0.10090633027603126,
            0.1407528082537431
        ],
        [
            0.0520962869888709,
            0.01654823233764134,
            0.04321556017940227,
            0.04964891221312038,
            0.09130946865414104,
            0.07230658185308286,
            0.05319442918203137,
            0.017286174804725742,
            0.018851220203579936,
            0.029803265356946267,
            0.025219094362621174,
            0.0,
            0.0,
            0.0,
            0.0,
            0.0
        ],
        [
            0.9840604892610101,
            0.0,
            0.0,
            0.0,
            0.0,
            0.0,
            0.0,
            0.0,
            0.0,
            0.0,
            0.0,
            0.0,
            0.0,
            0.0,
            0.0,
            0.0
        ],
        [
            0.0,
            0.0,
            0.0,
            0.0,
            0.0,
            0.0,
            0.0,
            0.0,
            0.0,
            0.0,
            0.0,
            0.0,
            0.0,
            0.0,
            0.0,
            0.04869453228708347
        ]
    ],
    "num_matches": 9,
    "num_matches_with_correct_class": 0,
    "num_GT_boxes": 16,
    "used_labels": [
        "tree",
        "cloud",
        "road",
        "house"
    ],
    "map_score": 0.0
}