{
    "bboxes": [
        [
            0.29030936686197917,
            0.5565128173828126,
            0.6533233235677083,
            0.9054779459635417
        ],
        [
            0.013230144500732422,
            0.023924560546875,
            0.5394010823567709,
            0.6234415690104167
        ],
        [
            0.5566463216145834,
            0.01035427983601888,
            0.786394775390625,
            0.14815878295898438
        ],
        [
            0.0038214025497436523,
            0.013536511739095052,
            0.9969615071614584,
            0.9443339029947917
        ],
        [
            0.10467813110351562,
            0.6905870768229166,
            0.2530875651041667,
            0.7608136393229167
        ],
        [
            0.0031999050776163737,
            0.008671164194742838,
            0.9969916178385416,
            0.96667919921875
        ],
        [
            0.014029949188232423,
            0.024383379618326824,
            0.53768310546875,
            0.40218501790364586
        ],
        [
            0.4908472086588542,
            0.479116455078125,
            0.6258639322916667,
            0.561847900390625
        ],
        [
            0.012733399709065755,
            0.024055389404296874,
            0.540996337890625,
            0.6227610677083333
        ],
        [
            0.0005132034222284953,
            0.7704536946614583,
            0.09291891479492187,
            0.8652587890625
        ],
        [
            0.6769214274088542,
            0.3277966105143229,
            0.9988226725260416,
            0.930423828125
        ],
        [
            0.008023261388142904,
            0.016300498962402345,
            0.99530322265625,
            0.5990142415364583
        ]
    ],
    "labels": [
        "cloud",
        "car",
        "grass",
        "tree",
        "mountain",
        "mountain",
        "grass",
        "car",
        "tree",
        "car",
        "tree",
        "tree"
    ],
    "scores": [
        0.8307888507843018,
        0.6367639303207397,
        0.4958442747592926,
        0.28622931241989136,
        0.2495768666267395,
        0.24514858424663544,
        0.22887201607227325,
        0.22654475271701813,
        0.21462346613407135,
        0.21178698539733887,
        0.2094317525625229,
        0.20728005468845367
    ]
}