{
    "matched_indices": [
        3,
        1,
        2,
        5,
        0,
        1,
        3
    ],
    "iou_matrix": [
        [
            0.0,
            0.0,
            0.09131825080745064,
            0.0,
            0.9886820888654743,
            0.0,
            0.0
        ],
        [
            0.1161421007548193,
            0.9906336417167328,
            0.03855674292679756,
            0.4932575333200435,
            0.0,
            0.23431351032951514,
            0.0
        ],
        [
            0.10929495240985962,
            0.0,
            0.4260954730163845,
            0.0,
            0.029785126741545338,
            0.0,
            0.0
        ],
        [
            0.9502102273095077,
            0.0981046668570026,
            0.23453338469465354,
            0.10533697554938402,
            0.0,
            0.0,
            1.8055975469921133e-05
        ],
        [
            0.11774582636384255,
            0.49153237574887304,
            0.0,
            0.9918971575585582,
            0.0,
            0.092440888610527,
            0.0
        ],
        [
            0.11774311223470466,
            0.49249095274405835,
            0.0,
            0.9931438470319528,
            0.0,
            0.09263157262215321,
            0.0
        ]
    ],
    "num_matches": 4,
    "num_matches_with_correct_class": 0,
    "num_GT_boxes": 7,
    "used_labels": [
        "others",
        "street lamp",
        "bench",
        "bus",
        "dog",
        "people",
        "road"
    ],
    "map_score": 0.0
}