{
    "bboxes": [
        [
            0.6040476481119792,
            0.03867451731363932,
            0.983241943359375,
            0.1680318603515625
        ],
        [
            0.0005659907658894857,
            4.874169329802195e-05,
            0.3642284342447917,
            0.12681663004557292
        ],
        [
            0.320442138671875,
            0.8277340494791666,
            0.48738777669270833,
            0.8896835123697917
        ],
        [
            0.8402132161458333,
            0.7682032063802083,
            0.96937841796875,
            0.835039306640625
        ],
        [
            0.0763905029296875,
            0.3185435384114583,
            0.5415793050130209,
            0.7427278645833333
        ],
        [
            0.09657711791992188,
            0.707742919921875,
            0.20950325520833332,
            0.795213623046875
        ],
        [
            0.1989556884765625,
            0.7720293782552083,
            0.31965899658203123,
            0.9437010904947917
        ],
        [
            0.025913317362467447,
            0.7080006510416667,
            0.20934220377604168,
            0.7958328450520833
        ],
        [
            0.02536266326904297,
            0.7312919108072916,
            0.14414530436197917,
            0.850047119140625
        ],
        [
            0.1989556884765625,
            0.7720293782552083,
            0.31965899658203123,
            0.9437010904947917
        ],
        [
            0.02536266326904297,
            0.7312919108072916,
            0.14414530436197917,
            0.850047119140625
        ],
        [
            0.8406055501302083,
            0.720941162109375,
            0.9692353515625,
            0.8349276529947917
        ]
    ],
    "labels": [
        "sun",
        "sun",
        "dog",
        "dog",
        "grass",
        "dog",
        "cloud",
        "dog",
        "cloud",
        "house",
        "house",
        "dog"
    ],
    "scores": [
        0.9848219752311707,
        0.9788767695426941,
        0.8992339372634888,
        0.6656911373138428,
        0.5722702741622925,
        0.43669578433036804,
        0.3545073866844177,
        0.30313488841056824,
        0.2893984317779541,
        0.2527090311050415,
        0.23314009606838226,
        0.20365110039710999
    ]
}