{
    "matched_indices": [
        3,
        4,
        1,
        0,
        2,
        5,
        5,
        5,
        9,
        9,
        5,
        2,
        2,
        6,
        2,
        5,
        0,
        9,
        9,
        9,
        9,
        9,
        9
    ],
    "iou_matrix": [
        [
            0.0,
            0.0,
            0.002124432918686278,
            0.9809659393794962,
            0.0,
            0.0,
            0.0,
            0.0,
            0.0,
            0.0,
            0.0,
            0.0,
            0.0,
            0.13007503089941796,
            0.0,
            0.0,
            0.052469991789047085,
            0.0012443157819180596,
            0.0,
            0.0,
            0.0,
            0.0,
            0.0
        ],
        [
            0.0,
            0.0,
            0.8977404226810403,
            0.001391072912032315,
            0.0,
            0.0,
            0.0,
            0.0,
            0.0,
            0.0,
            0.0,
            0.0,
            0.14558492225936265,
            0.0,
            0.0,
            0.0,
            0.0,
            0.0,
            0.0,
            0.0,
            0.0,
            0.0,
            0.0
        ],
        [
            0.0,
            0.0,
            0.19450522732798442,
            0.015043523787009723,
            0.43688770140069627,
            0.0,
            0.0,
            0.0,
            0.0,
            0.0,
            0.0,
            0.0021082605481477913,
            0.5459770114942528,
            0.0,
            0.31001396732859654,
            0.0,
            0.0030733899793645918,
            0.0,
            0.0,
            0.0,
            0.0,
            0.0,
            0.0
        ],
        [
            0.8635311019686442,
            0.0,
            0.0,
            0.0,
            0.0,
            0.0,
            0.0,
            0.0,
            0.0,
            0.0,
            0.0,
            0.0,
            0.0,
            0.0,
            0.0,
            0.0,
            0.0,
            0.0,
            0.0,
            0.0,
            0.0,
            0.0,
            0.0
        ],
        [
            0.0,
            0.8649772579597141,
            0.0,
            0.0,
            0.0,
            0.0,
            0.0,
            0.0,
            0.0,
            0.0,
            0.0,
            0.0,
            0.0,
            0.0,
            0.0,
            0.0,
            0.0,
            0.0,
            0.0,
            0.0,
            0.0,
            0.0,
            0.0
        ],
        [
            0.0,
            0.0,
            0.0,
            0.09520056290448187,
            0.0,
            0.14227495382638725,
            0.2801158426588395,
            0.0031751646537638515,
            0.0,
            0.0,
            0.007784137367129975,
            0.0,
            0.0,
            0.5221777184394009,
            0.0,
            0.306262591460059,
            0.0,
            0.0,
            0.0,
            0.0,
            0.0,
            0.0,
            0.0
        ],
        [
            0.0,
            0.0,
            0.0,
            0.13090347020334278,
            0.0,
            0.0,
            0.025018225236571306,
            0.0,
            0.0,
            0.0,
            0.0,
            0.0,
            0.0,
            0.9622574955908297,
            0.0,
            0.27669412506600716,
            0.0,
            0.0,
            0.0,
            0.0,
            0.0,
            0.0,
            0.0
        ],
        [
            0.0,
            0.0,
            0.1936981516959181,
            0.01638421555855963,
            0.43507664335466995,
            0.0,
            0.0,
            0.0,
            0.0,
            0.0,
            0.0,
            0.002100376158275667,
            0.5437142860021784,
            0.0,
            0.30872876922751274,
            0.0,
            0.003081107457484966,
            0.0,
            0.0,
            0.0,
            0.0,
            0.0,
            0.0
        ],
        [
            0.0,
            0.0,
            0.0,
            0.01579276674841638,
            0.0,
            0.0,
            0.0,
            0.0013807269561431938,
            0.03343249359156601,
            0.04082906297023116,
            0.00576341012592635,
            0.0,
            0.0,
            0.0,
            0.0,
            0.0,
            0.01296739117503598,
            0.0637954108909861,
            0.04915384668714166,
            0.0738630807034242,
            0.048077700961322835,
            0.775918619245411,
            0.1086679317882208
        ],
        [
            0.0,
            0.0,
            0.0,
            0.015103971310688045,
            0.0,
            0.0,
            0.0,
            0.0009892006576478643,
            0.03354857863875895,
            0.04097083054998891,
            0.005462957210118512,
            0.0,
            0.0,
            0.0,
            0.0,
            0.0,
            0.01228342656390959,
            0.06401692273435758,
            0.0493244841452046,
            0.07411940704474368,
            0.04824463742299409,
            0.778612781117791,
            0.1090452509958188
        ]
    ],
    "num_matches": 6,
    "num_GT_boxes": 23,
    "used_labels": [
        "house",
        "sun",
        "others",
        "cloud",
        "tree",
        "road",
        "grass",
        "chicken"
    ]
}