{
    "bboxes": [
        [
            0.48638720703125,
            0.43731477864583335,
            0.7058634440104167,
            0.6134221598307291
        ],
        [
            0.2277120361328125,
            0.5023531901041667,
            0.42735693359375,
            0.90512353515625
        ],
        [
            0.023533409118652343,
            0.0004889480670293172,
            0.22694173177083332,
            0.09480269368489583
        ],
        [
            0.3842209879557292,
            0.8647549641927084,
            0.5468326009114584,
            0.9727998860677083
        ],
        [
            0.5046990559895833,
            0.7306800944010416,
            0.6788603515625,
            0.8273645833333333
        ],
        [
            0.82376708984375,
            0.7973734537760416,
            0.997810302734375,
            0.90681982421875
        ],
        [
            0.01039722506205241,
            0.7843512369791666,
            0.15951124064127603,
            0.866876220703125
        ],
        [
            0.8107088216145834,
            0.6242474365234375,
            0.933402587890625,
            0.7068560384114584
        ],
        [
            0.8730386555989583,
            0.46320987955729165,
            0.9959857584635416,
            0.6066881510416666
        ],
        [
            0.5702862955729167,
            0.5985061848958333,
            0.7063523763020834,
            0.6661959635416667
        ],
        [
            0.0024572312037150065,
            0.002906590461730957,
            0.997153564453125,
            0.9914080403645833
        ],
        [
            0.07711602274576823,
            0.58531982421875,
            0.2060443115234375,
            0.6659798177083334
        ],
        [
            0.002433806578318278,
            0.0033352076212565104,
            0.997019775390625,
            0.9916904296875
        ]
    ],
    "labels": [
        "grass",
        "tree",
        "people",
        "dog",
        "dog",
        "dog",
        "dog",
        "dog",
        "dog",
        "dog",
        "people",
        "dog",
        "cloud"
    ],
    "scores": [
        0.756354808807373,
        0.6551731824874878,
        0.441501647233963,
        0.42860302329063416,
        0.42481672763824463,
        0.4213108718395233,
        0.3721531331539154,
        0.35947495698928833,
        0.34255048632621765,
        0.3151259124279022,
        0.24869324266910553,
        0.24019789695739746,
        0.23136520385742188
    ]
}