{
    "matched_indices": [
        8,
        10,
        11,
        7,
        13,
        5,
        3,
        0,
        1,
        2,
        4,
        6,
        3,
        5,
        2,
        9
    ],
    "iou_matrix": [
        [
            0.0,
            0.0,
            0.13132221832358154,
            0.0,
            0.0,
            0.0,
            0.0,
            0.9816052646932938,
            0.0,
            0.09555569815771907,
            0.0,
            0.12368456219347594,
            0.0,
            0.0,
            0.0,
            0.0
        ],
        [
            0.0,
            0.0,
            0.01119253755981375,
            0.0,
            0.0,
            0.0,
            0.13968188364067208,
            0.0,
            0.9786975602209698,
            0.0,
            0.0,
            0.028776089218343112,
            0.0,
            0.0,
            0.0,
            0.0
        ],
        [
            0.0,
            0.0,
            0.0,
            0.0,
            0.0,
            0.0,
            0.0,
            0.09625419227366254,
            0.0,
            0.8773754955874304,
            0.0,
            0.12855050900280907,
            0.0,
            0.0,
            0.037385748671523805,
            0.0
        ],
        [
            0.0,
            0.0,
            0.15017736870536597,
            0.0,
            0.0,
            0.0,
            0.9546767178509302,
            0.0,
            0.14495767412236027,
            0.0,
            0.0,
            0.0,
            0.0328245856458168,
            0.0,
            0.0,
            0.0
        ],
        [
            0.0,
            0.0,
            0.0,
            0.0,
            0.0,
            0.2797655060477503,
            0.0,
            0.0,
            0.0,
            0.0,
            0.9284100974329251,
            0.0,
            0.0,
            0.0,
            0.0,
            0.0
        ],
        [
            0.0,
            0.0,
            0.07688852253842954,
            0.0,
            0.0,
            0.9772833236204891,
            0.0,
            0.0,
            0.0,
            0.0,
            0.29894878551028914,
            0.03805106185286708,
            0.0,
            0.02530994958747331,
            0.0,
            0.0
        ],
        [
            0.0,
            0.0,
            0.0,
            0.0,
            0.0,
            0.03524797854762459,
            0.0,
            0.12093220441998141,
            0.026535226236830713,
            0.14548886061398567,
            0.0,
            0.9776024478819657,
            0.0,
            0.01870380312625601,
            0.005750671936538032,
            0.024937128569870674
        ],
        [
            0.0,
            0.0,
            0.0,
            0.9762506762871151,
            0.0,
            0.0,
            0.0,
            0.0,
            0.0,
            0.0,
            0.0,
            0.0,
            0.0,
            0.0,
            0.0,
            0.0
        ],
        [
            0.9626140920419368,
            0.0,
            0.0,
            0.0,
            0.02073157535564966,
            0.0,
            0.0,
            0.0,
            0.0,
            0.0,
            0.0,
            0.0,
            0.0,
            0.0,
            0.0,
            0.0
        ],
        [
            0.0,
            0.0,
            0.0,
            0.0,
            0.0,
            0.0,
            0.0,
            0.0,
            0.0011273049842967365,
            0.00785052636826467,
            0.0012156714305222608,
            0.31269408440472113,
            0.0,
            0.0,
            0.0,
            0.03347169498975782
        ],
        [
            0.0,
            0.9566403482963485,
            0.0,
            0.0,
            0.116519383843488,
            0.0,
            0.0,
            0.0,
            0.0,
            0.0,
            0.0,
            0.0,
            0.0,
            0.0,
            0.0,
            0.0
        ],
        [
            0.0,
            0.008571057137213624,
            0.3692509097533256,
            0.0,
            0.008810044284868004,
            0.20854735785294992,
            0.14679260529581523,
            0.17340344891924503,
            0.08633688475596828,
            0.08622198681473471,
            0.08646578248343711,
            0.18148249159734844,
            0.009823109690049184,
            0.011836220224656014,
            0.01304524589943209,
            0.0
        ],
        [
            0.0,
            0.0,
            0.3674462895402821,
            0.0,
            0.0,
            0.281186551655442,
            0.0035405767968027645,
            0.23285744611823403,
            0.059127218272642564,
            0.09862290572122123,
            0.09974888216110293,
            0.18272830765205902,
            0.0,
            0.01341891916697664,
            0.01751800591659966,
            0.0
        ],
        [
            0.019800384096708055,
            0.10866380290687255,
            0.0,
            0.0,
            0.9820545346948416,
            0.0,
            0.0,
            0.0,
            0.0,
            0.0,
            0.0,
            0.0,
            0.0,
            0.0,
            0.0,
            0.0
        ],
        [
            0.0,
            0.0,
            0.13140043048827682,
            0.0,
            0.0,
            0.060125925842332686,
            0.0,
            0.20919380356207973,
            0.0282607363391963,
            0.1317818805944518,
            0.0,
            0.7787924762538345,
            0.0,
            0.014279208078192971,
            0.015737775834987727,
            0.019247001560248223
        ]
    ],
    "true_pos": 11,
    "false_pos": 4,
    "unmatched": 5,
    "num_GT_boxes": 16,
    "used_labels": [
        "tree",
        "car",
        "house",
        "cloud",
        "road",
        "mountain",
        "sun",
        "grass"
    ]
}