{
    "matched_indices": [
        4,
        7,
        3,
        14,
        5,
        7,
        1,
        10,
        5,
        8,
        8,
        11,
        11,
        8,
        5,
        8,
        11,
        11,
        15
    ],
    "iou_matrix": [
        [
            0.028868954006906117,
            0.0,
            0.5789331891044494,
            0.09071856054492175,
            0.04386073316011889,
            0.18546325964921087,
            0.0,
            0.0,
            0.04745325349464445,
            0.0,
            0.0,
            0.0,
            0.0,
            0.0,
            0.0006370081318601497,
            0.0,
            0.0,
            0.0,
            0.002087394876400412
        ],
        [
            0.0,
            0.0,
            0.0,
            0.0,
            0.0,
            0.012199982170604895,
            0.8722540850818723,
            0.0,
            0.020317633272452507,
            0.18997359757837487,
            0.10453770577436812,
            0.0,
            0.0,
            0.033977376298329254,
            0.0,
            0.0,
            0.0,
            0.0,
            0.0
        ],
        [
            0.03974509372841642,
            0.0,
            0.40361556655888076,
            0.10075772002692475,
            0.04447577634085334,
            0.04391569286020579,
            0.0,
            0.0,
            0.018314804108151474,
            0.0,
            0.0,
            0.0,
            0.0,
            0.0,
            0.00016254390153225864,
            0.0,
            0.0,
            0.0,
            0.0007121139917681127
        ],
        [
            0.02102705531402925,
            0.0,
            0.7765656685317961,
            0.07930283695026533,
            0.0362284894367077,
            0.3780708551751522,
            0.0,
            0.0,
            0.04571196312374577,
            0.0,
            0.0,
            0.0,
            0.0,
            0.0,
            0.0023276672718649106,
            0.0,
            0.0,
            0.0,
            0.009434866094938791
        ],
        [
            0.952409079737315,
            0.0,
            0.01757355455398084,
            0.0,
            0.0,
            0.007545108437093905,
            0.0,
            0.0,
            0.0,
            0.0,
            0.0,
            0.0,
            0.0,
            0.0,
            0.0,
            0.0,
            0.0,
            0.0,
            0.0
        ],
        [
            0.0,
            0.0,
            0.031400727477110486,
            0.0,
            0.2023377649540095,
            0.052823016184741264,
            0.02169003184529523,
            0.0,
            0.9786750759586289,
            0.0,
            0.023559308217803606,
            0.0,
            0.0,
            0.0,
            0.04902393130508184,
            0.0,
            0.0,
            0.0,
            0.0926362591933137
        ],
        [
            0.0470154254407571,
            0.0,
            0.34242664749585516,
            0.04371706067294183,
            0.05048107520319637,
            0.04513746491397133,
            0.0,
            0.0,
            0.019800941213705636,
            0.0,
            0.0,
            0.0,
            0.0,
            0.0,
            0.00012539500988892162,
            0.0,
            0.0,
            0.0,
            0.00043583972116591224
        ],
        [
            0.052954708865110514,
            0.06485445985396297,
            0.23314007376627374,
            0.0,
            0.0,
            0.6280482087063908,
            0.0,
            0.0,
            0.0,
            0.0,
            0.0,
            0.0,
            0.0,
            0.0,
            0.0,
            0.0,
            0.0,
            0.0,
            0.0
        ],
        [
            0.0,
            0.0,
            0.0,
            0.0,
            0.0,
            0.0,
            0.13911748954087227,
            0.0,
            0.01723845539241893,
            0.6167107670876408,
            0.5648695647458448,
            0.0,
            0.0,
            0.03631127803730736,
            0.0,
            0.03631127803730736,
            0.0,
            0.0,
            0.0
        ],
        [
            0.0,
            0.0,
            0.0,
            0.0,
            0.0,
            0.011839685330550244,
            0.6155652322429432,
            0.0,
            0.0175220416688542,
            0.44000496901220665,
            0.19847644751914822,
            0.0,
            0.0,
            0.026169236487294044,
            0.0,
            0.026169236487294044,
            0.0,
            0.0,
            0.0
        ],
        [
            0.0,
            0.0,
            0.0,
            0.06163154907183752,
            0.0,
            0.0,
            0.0,
            0.9042462486387723,
            0.0,
            0.0,
            0.0,
            0.11254178914219606,
            0.12718561221629385,
            0.0,
            0.0,
            0.0,
            0.0,
            0.0,
            0.19212476165587708
        ],
        [
            0.0,
            0.0,
            0.0,
            0.06253361123454647,
            0.0,
            0.0,
            0.0,
            0.43369197170896023,
            0.0,
            0.0,
            0.0,
            0.32714831065912575,
            0.3261442725171017,
            0.0,
            0.0,
            0.0,
            0.02087504023825793,
            0.04264637721804783,
            0.4608898363946525
        ],
        [
            0.9449270774877823,
            0.0,
            0.017755906160931038,
            0.0,
            0.0,
            0.007365124761583881,
            0.0,
            0.0,
            0.0,
            0.0,
            0.0,
            0.0,
            0.0,
            0.0,
            0.0,
            0.0,
            0.0,
            0.0,
            0.0
        ],
        [
            0.052954708865110514,
            0.06485445985396297,
            0.23314007376627374,
            0.0,
            0.0,
            0.6280482087063908,
            0.0,
            0.0,
            0.0,
            0.0,
            0.0,
            0.0,
            0.0,
            0.0,
            0.0,
            0.0,
            0.0,
            0.0,
            0.0
        ],
        [
            0.022088016816134103,
            0.015262682427297631,
            0.27704086525472826,
            0.2105240977552778,
            0.020860503622690887,
            0.24941052028204697,
            0.0609591399622801,
            0.05415499382837714,
            0.07220665843783622,
            0.04407227911552373,
            0.040805787849682196,
            0.04085091701120584,
            0.041284918330123294,
            0.002606660369605886,
            0.0036103329218918133,
            0.002606660369605886,
            0.0026066603696058848,
            0.005325241059790429,
            0.26688004729707254
        ],
        [
            0.0,
            0.0,
            0.0138247392491794,
            0.05820289829029898,
            0.06953539696298182,
            0.009109025583338242,
            0.0,
            0.10917533115678887,
            0.12173650075187717,
            0.0,
            0.0,
            0.188393696092103,
            0.05106984128359702,
            0.0,
            0.01664990685745498,
            0.0,
            0.012021232751082475,
            0.015893527982019554,
            0.7300295928075173
        ]
    ],
    "true_pos": 8,
    "false_pos": 8,
    "unmatched": 11,
    "num_GT_boxes": 19,
    "used_labels": [
        "fence",
        "cloud",
        "grass",
        "tree",
        "flower",
        "rabbit",
        "road",
        "sun"
    ]
}