{
    "bboxes": [
        [
            0.6795029296875,
            0.2247060546875,
            0.7610791015625,
            0.2872289835611979
        ],
        [
            0.04023965199788412,
            0.07892690022786458,
            0.21121110026041667,
            0.21067704264322917
        ],
        [
            0.6115601806640625,
            0.4144552001953125,
            0.9405983072916667,
            0.9990242513020834
        ],
        [
            0.4929630126953125,
            0.2818406778971354,
            0.998114013671875,
            0.997895263671875
        ],
        [
            0.0007721036275227865,
            0.6117851155598958,
            0.25270538330078124,
            0.8778050130208334
        ],
        [
            0.744824951171875,
            0.0001396015187104543,
            0.9973313802083333,
            0.13080379231770833
        ],
        [
            0.00044262778759002685,
            0.4506043701171875,
            0.11840101114908855,
            0.5709257405598959
        ],
        [
            0.35899495442708335,
            0.0781818339029948,
            0.5580118815104167,
            0.22356630452473958
        ],
        [
            0.0012841819922129313,
            0.7982295735677083,
            0.99839892578125,
            0.9979020182291667
        ]
    ],
    "labels": [
        "mountain",
        "mountain",
        "grass",
        "grass",
        "grass",
        "road",
        "road",
        "road",
        "bird"
    ],
    "scores": [
        0.9801193475723267,
        0.9764754772186279,
        0.6045566201210022,
        0.5722957253456116,
        0.5016147494316101,
        0.3758651614189148,
        0.36944642663002014,
        0.3019981384277344,
        0.26295334100723267
    ]
}