{
    "matched_indices": [
        7,
        0,
        3,
        0,
        6,
        4,
        6,
        1,
        3,
        3,
        2,
        2,
        0
    ],
    "iou_matrix": [
        [
            0.07087005446146635,
            0.017371941934458006,
            0.1302249182045694,
            0.9924054102856221,
            0.0,
            0.0,
            0.0,
            0.0,
            0.017144787871295596,
            0.0,
            0.004626126680148932,
            0.0,
            0.03740083797984944
        ],
        [
            0.0,
            0.0,
            0.0,
            0.0,
            0.0,
            0.0,
            0.0,
            0.9517533412686474,
            0.0,
            0.0,
            0.0,
            0.0,
            0.0
        ],
        [
            0.22552546904569915,
            0.009581989629941083,
            0.0,
            0.0,
            0.847714109885617,
            0.0,
            0.02676332544242666,
            0.0,
            0.0,
            0.0,
            0.019853158755678564,
            0.019498424566432696,
            0.0
        ],
        [
            0.19183796677114634,
            0.0,
            0.9179753889049916,
            0.1316737592636264,
            0.0,
            0.0,
            0.0,
            0.0,
            0.05016857171251317,
            0.04035948077114414,
            0.0,
            0.0,
            0.0
        ],
        [
            0.0,
            0.0,
            0.0,
            0.0,
            0.0,
            0.987416354050498,
            0.0,
            0.0,
            0.0,
            0.0,
            0.0,
            0.0,
            0.0
        ],
        [
            0.017685178501408622,
            0.0,
            0.0,
            0.0,
            0.038881418016185026,
            0.0,
            0.0,
            0.0,
            0.0,
            0.0,
            0.0,
            0.0,
            0.0
        ],
        [
            0.21109285645719286,
            0.008480807486108993,
            0.0,
            0.0,
            0.9635084877849934,
            0.0,
            0.032472491465348,
            0.0,
            0.0,
            0.0,
            0.017514365569376092,
            0.018270920113636752,
            0.0
        ],
        [
            0.5286798019608295,
            0.0,
            0.134305173324071,
            0.0344695455476555,
            0.21798848140912253,
            0.08711778014866942,
            0.031831066581888515,
            0.04364800439060118,
            0.0,
            0.0,
            0.0,
            0.0,
            0.0
        ]
    ],
    "true_pos": 6,
    "false_pos": 2,
    "unmatched": 7,
    "num_GT_boxes": 13,
    "used_labels": [
        "tree",
        "people",
        "cloud",
        "mountain",
        "sun",
        "grass"
    ]
}