{
    "matched_indices": [
        0,
        3,
        0,
        2,
        3,
        0,
        1,
        1,
        0,
        0,
        0,
        1,
        0,
        0
    ],
    "iou_matrix": [
        [
            0.030617619670766535,
            0.0,
            0.0,
            0.0,
            0.0,
            0.993862122638359,
            0.1438977349545376,
            0.0,
            0.0,
            0.0,
            0.0,
            0.03178607312367944,
            0.0,
            0.20121128406455774
        ],
        [
            0.0,
            0.0,
            0.0,
            0.0,
            0.0,
            0.1411948807185577,
            0.977777522679494,
            0.02671395308558606,
            0.0,
            0.0,
            0.0,
            0.033960120446310166,
            0.0,
            0.16163253705247654
        ],
        [
            0.0,
            0.06935572510425785,
            0.0,
            0.9398238604894892,
            0.07672439811566306,
            0.0,
            0.0,
            0.0,
            0.0,
            0.0,
            0.0,
            0.0,
            0.0,
            0.19937803966028356
        ],
        [
            0.0,
            0.9859143006603471,
            0.0,
            0.06332895853848854,
            0.22733133608541942,
            0.0,
            0.0,
            0.0,
            0.0,
            0.0,
            0.0,
            0.0,
            0.0,
            0.19723816826065002
        ]
    ],
    "num_matches": 4,
    "num_GT_boxes": 14,
    "used_labels": [
        "airplane",
        "apple",
        "balloon",
        "banana",
        "basket",
        "bee",
        "bench",
        "bicycle",
        "bird",
        "bottle",
        "bucket",
        "bus",
        "butterfly",
        "car",
        "cat",
        "chair",
        "chicken",
        "cloud",
        "cow",
        "cup",
        "dinnerware",
        "dog",
        "duck",
        "fence",
        "flower",
        "grape",
        "grass",
        "horse",
        "house",
        "moon",
        "mountain",
        "people",
        "picnic rug",
        "pig",
        "rabbit",
        "road",
        "sheep",
        "sofa",
        "star",
        "street lamp",
        "sun",
        "table",
        "tree",
        "truck",
        "umbrella",
        "others"
    ]
}