{
    "bboxes": [
        [
            0.42621700032552085,
            0.5985486246744791,
            0.6643915201822916,
            0.758268310546875
        ],
        [
            0.6543435465494791,
            0.599996337890625,
            0.9048866373697917,
            0.7843310546875
        ],
        [
            0.6397041829427084,
            0.4784700520833333,
            0.7581648763020833,
            0.5974359130859375
        ],
        [
            0.46566341145833334,
            0.46475675455729165,
            0.58554052734375,
            0.5829786376953126
        ],
        [
            0.09161453247070313,
            0.06434786987304687,
            0.26477655029296876,
            0.184073974609375
        ],
        [
            0.5327683512369792,
            0.06492879740397135,
            0.7306592610677083,
            0.2374635009765625
        ],
        [
            0.33206186930338544,
            0.11772459920247395,
            0.5046103922526042,
            0.22399489339192707
        ],
        [
            0.004150300979614258,
            0.16936365763346353,
            0.9977810872395834,
            0.4440612386067708
        ],
        [
            0.30590230305989585,
            0.491878173828125,
            0.43930777994791664,
            0.5698725179036458
        ],
        [
            0.0005597769816716512,
            0.5585062255859375,
            0.2614774983723958,
            0.9306101888020833
        ],
        [
            0.1720972900390625,
            0.8381133626302083,
            0.3442937825520833,
            0.943507080078125
        ],
        [
            0.33206186930338544,
            0.11772459920247395,
            0.5046103922526042,
            0.22399489339192707
        ]
    ],
    "labels": [
        "cloud",
        "cloud",
        "cloud",
        "cloud",
        "grass",
        "tree",
        "grass",
        "sun",
        "sheep",
        "sheep",
        "sheep",
        "tree"
    ],
    "scores": [
        0.9219203591346741,
        0.9111185073852539,
        0.8909304141998291,
        0.8395127654075623,
        0.6258769631385803,
        0.5504028797149658,
        0.5319761037826538,
        0.34464231133461,
        0.32259535789489746,
        0.2807576656341553,
        0.27833324670791626,
        0.2191465198993683
    ]
}