{
    "mean_iou": 0.9264947059894525,
    "mean_dice": 0.9390139812947454,
    "missed_matches": 2,
    "total_matches": 17,
    "success_rate": 0.8823529411764706,
    "time": "2024-09-27 00:35:12"
}