{
    "matched_indices": [
        3,
        8,
        6,
        0,
        5,
        1,
        10,
        2,
        7,
        4,
        0
    ],
    "iou_matrix": [
        [
            0.04430904610093609,
            0.05821045125886922,
            0.06771088224420967,
            0.9854403509617466,
            0.0,
            0.0,
            0.0,
            0.012035791691300559,
            0.0,
            0.0,
            6.478273244361162e-06
        ],
        [
            0.00684112214795119,
            0.020013683742158627,
            0.0,
            0.0,
            0.0,
            0.8106434042255088,
            0.11006686696433855,
            0.0,
            0.0,
            0.0,
            0.0
        ],
        [
            0.0,
            0.0,
            0.0,
            0.011545773570022736,
            0.0,
            0.0,
            0.0,
            0.9835835781764745,
            0.0,
            0.0,
            0.0
        ],
        [
            0.9340039421024899,
            0.12287464057362468,
            0.0,
            0.036009384446673606,
            0.0,
            0.006882427220151751,
            0.08249336631088522,
            0.0,
            0.0,
            0.0,
            0.0
        ],
        [
            0.0,
            0.0,
            0.0,
            0.0,
            0.0,
            0.0,
            0.0,
            0.0,
            0.0,
            0.9845925113139673,
            0.0
        ],
        [
            0.0,
            0.0,
            0.0,
            0.0,
            0.979635186440824,
            0.0,
            0.0,
            0.0,
            0.0,
            0.0,
            0.0
        ],
        [
            0.0,
            0.0,
            0.9774218876604512,
            0.06885720154128774,
            0.0,
            0.0,
            0.0,
            0.0,
            0.0,
            0.0,
            0.0
        ],
        [
            0.0,
            0.0,
            0.0,
            0.0,
            0.0,
            0.0,
            0.0,
            0.0,
            0.9841248347031017,
            0.0,
            0.0
        ],
        [
            0.17126097681855654,
            0.9753799498902622,
            0.0,
            0.055596529155602425,
            0.0,
            0.024749179088349015,
            0.035757141609603436,
            0.0,
            0.0,
            0.0,
            0.0
        ],
        [
            0.07983610791036573,
            0.03711552614976252,
            0.0,
            0.0,
            0.0,
            0.24775610083227986,
            0.8503261382283563,
            0.0,
            0.0,
            0.0,
            0.0
        ],
        [
            0.0869593107706476,
            0.037336475827734666,
            0.0,
            0.0,
            0.0,
            0.16094336082169075,
            0.9829342108869482,
            0.0,
            0.0,
            0.0,
            0.0
        ]
    ],
    "num_matches": 10,
    "num_GT_boxes": 11,
    "used_labels": [
        "airplane",
        "apple",
        "balloon",
        "banana",
        "basket",
        "bee",
        "bench",
        "bicycle",
        "bird",
        "bottle",
        "bucket",
        "bus",
        "butterfly",
        "car",
        "cat",
        "chair",
        "chicken",
        "cloud",
        "cow",
        "cup",
        "dinnerware",
        "dog",
        "duck",
        "fence",
        "flower",
        "grape",
        "grass",
        "horse",
        "house",
        "moon",
        "mountain",
        "people",
        "picnic rug",
        "pig",
        "rabbit",
        "road",
        "sheep",
        "sofa",
        "star",
        "street lamp",
        "sun",
        "table",
        "tree",
        "truck",
        "umbrella",
        "others"
    ]
}