{
    "matched_indices": [
        18,
        17,
        16,
        5,
        11,
        19,
        11,
        7,
        12,
        10,
        8,
        4,
        2,
        3,
        6,
        1,
        6,
        3,
        5,
        13,
        0,
        0,
        1,
        5
    ],
    "iou_matrix": [
        [
            0.0,
            0.0,
            0.0,
            0.06334549760502678,
            0.0,
            0.0,
            0.5665969196773978,
            0.17111059684312496,
            0.003420181674725005,
            0.09050627290782964,
            0.0,
            0.0,
            0.0,
            0.0,
            0.0,
            0.0,
            0.0,
            0.0,
            0.0,
            0.0,
            0.0,
            0.0007268444660285168,
            0.0,
            0.15519299779123363
        ],
        [
            0.0,
            0.0,
            0.0,
            0.007962824409963926,
            0.0,
            0.0,
            0.0,
            0.0,
            0.0,
            0.0,
            0.0,
            0.0,
            0.0,
            0.0,
            0.0,
            0.9758966134342361,
            0.0,
            0.0,
            0.0,
            0.0,
            0.0,
            0.0,
            0.06394144689065202,
            0.014643046382055743
        ],
        [
            0.0,
            0.0,
            0.0,
            0.049700393596609146,
            0.0,
            0.0,
            0.013629221891229622,
            0.04891785719588411,
            0.0,
            0.0,
            0.0,
            0.00013285850917800772,
            0.9741919123915218,
            0.0,
            0.0,
            0.0,
            0.0,
            0.0,
            0.0,
            0.0,
            0.0,
            0.0,
            0.0,
            0.026082348588347667
        ],
        [
            0.0,
            0.0,
            0.0,
            0.0,
            0.0,
            0.0,
            0.0,
            0.0,
            0.0,
            0.0,
            0.0,
            0.0,
            0.0,
            0.9819454858151735,
            0.0,
            0.0,
            0.0,
            0.04393864687822985,
            0.0,
            0.0,
            0.0,
            0.0,
            0.0,
            0.0476870663981341
        ],
        [
            0.0,
            0.0,
            0.0,
            0.09673321649493638,
            0.0,
            0.0,
            0.010887476738126742,
            0.0,
            0.0,
            0.0,
            0.0,
            0.9702091852028624,
            0.0,
            0.0,
            0.0,
            0.0,
            0.0,
            0.0,
            0.0,
            0.0,
            0.0,
            0.0,
            0.0,
            0.031280661740969905
        ],
        [
            0.0,
            0.0,
            0.0,
            0.46089145464546033,
            0.0,
            0.0,
            0.20667771316404274,
            0.5000231170204477,
            0.0638143030014329,
            0.12738199432905692,
            0.07300894418362307,
            0.04693432126090046,
            0.03911193438408378,
            0.0,
            0.0,
            0.017187280559910798,
            0.0,
            0.0,
            0.02304318818170444,
            0.033540546836048485,
            0.0,
            0.0,
            0.0,
            0.36362424377101066
        ],
        [
            0.0,
            0.0,
            0.0,
            0.0,
            0.0,
            0.0,
            0.0,
            0.0,
            0.0,
            0.0,
            0.0,
            0.0,
            0.0,
            0.0,
            0.9761182441165593,
            0.0,
            0.1385859112394626,
            0.0,
            0.0,
            0.0,
            0.0,
            0.0,
            0.0,
            0.07432409409072066
        ],
        [
            0.0,
            0.0,
            0.0,
            0.2899449712965313,
            0.0,
            0.0,
            0.17177639032930314,
            0.9477665009587504,
            0.12276099286970657,
            0.24565772639583178,
            0.05657243869386645,
            0.0,
            0.050403433948865595,
            0.0,
            0.0,
            0.0,
            0.0,
            0.0,
            0.0,
            0.0,
            0.0,
            0.0,
            0.0,
            0.1836900303837773
        ],
        [
            0.0,
            0.0,
            0.0,
            0.13869896686019959,
            0.0,
            0.0,
            0.013997836991981412,
            0.05499090564732345,
            0.0,
            0.0,
            0.963898041475164,
            0.0,
            0.0,
            0.0,
            0.0,
            0.0,
            0.0,
            0.0,
            0.0,
            0.14968131138007645,
            0.0,
            0.0,
            0.0,
            0.04767557880463631
        ],
        [
            0.0,
            0.0,
            0.0,
            0.02437483616672413,
            0.0,
            0.0,
            0.11289766589750026,
            0.33180199110443764,
            0.37511951512750247,
            0.5806528550213518,
            0.0,
            0.0,
            0.039860407695104065,
            0.0,
            0.0,
            0.0,
            0.0,
            0.0,
            0.0,
            0.0,
            0.0,
            0.0,
            0.0,
            0.04545895127906671
        ],
        [
            0.0,
            0.0,
            0.0,
            0.01916692292795623,
            0.0,
            0.0,
            0.06638913887012655,
            0.2411022149744565,
            0.13446825259684586,
            0.9763020887617992,
            0.0,
            0.0,
            0.0,
            0.0,
            0.0,
            0.0,
            0.0,
            0.0,
            0.0,
            0.0,
            0.0,
            0.0,
            0.0,
            0.031806150183820665
        ],
        [
            0.0,
            0.023427768490138973,
            0.0036398592686997877,
            0.0,
            0.010606213172604967,
            0.0,
            0.6052473758599362,
            0.0042151709330262264,
            0.029669076719675964,
            0.029140106848466327,
            0.0,
            0.0,
            0.0,
            0.0,
            0.0,
            0.0,
            0.0,
            0.0,
            0.0,
            0.0,
            0.0,
            0.0,
            0.0,
            0.0
        ],
        [
            0.0,
            0.0,
            0.0,
            0.0,
            0.0,
            0.0,
            0.056746596383768964,
            0.14423965610061001,
            0.7277029462280752,
            0.1180270789815985,
            0.0,
            0.0,
            0.014326003129375401,
            0.0,
            0.0,
            0.0,
            0.0,
            0.0,
            0.0,
            0.0,
            0.0,
            0.0,
            0.0,
            0.01253445820608297
        ],
        [
            0.0,
            0.0,
            0.0,
            0.09820648362883282,
            0.0,
            0.0,
            0.007142961788681402,
            0.02817645502401366,
            0.0,
            0.0,
            0.6961564197737178,
            0.0,
            0.0,
            0.0,
            0.0,
            0.0,
            0.0,
            0.0,
            0.0,
            0.18699355251141672,
            0.0,
            0.0,
            0.0,
            0.03443274996231075
        ],
        [
            0.0,
            0.0,
            0.0,
            0.32171304136454243,
            0.0,
            0.0,
            0.032352744075516714,
            0.07437387821262892,
            0.0,
            0.0,
            0.4453976444331393,
            0.28343441228567234,
