{
    "matched_indices": [
        3,
        2,
        0,
        1,
        1,
        2,
        2,
        3,
        0,
        0,
        0,
        0,
        0,
        0,
        0,
        0,
        0,
        0,
        2
    ],
    "iou_matrix": [
        [
            0.0,
            0.0,
            0.04895333853373261,
            0.0,
            0.0,
            0.0,
            0.0016929641520834163,
            0.038484858799635216,
            0.0,
            0.0,
            0.0,
            0.0,
            0.0,
            0.0,
            0.0,
            0.9779449233332536,
            0.0,
            0.0,
            0.0
        ],
        [
            0.0,
            0.0,
            0.0,
            0.7259260067185982,
            0.27782010045949185,
            0.0,
            0.0,
            0.039082654527600486,
            0.0,
            0.0,
            0.0,
            0.0,
            0.0,
            0.0,
            0.0,
            0.0,
            0.0,
            0.0,
            0.008896562977645744
        ],
        [
            0.0,
            0.9066076591767339,
            0.0,
            0.0,
            0.0,
            0.19017561374483363,
            0.16781195537595267,
            0.0,
            0.0,
            0.0,
            0.0,
            0.0,
            0.0,
            0.0,
            0.0,
            0.0,
            0.0,
            0.0,
            0.0177230500347853
        ],
        [
            0.9318994457293555,
            0.0,
            0.0,
            0.0,
            0.0,
            0.0,
            0.16281644510305687,
            0.1683339968529819,
            0.0,
            0.0,
            0.0,
            0.0,
            0.0,
            0.0,
            0.0,
            0.0,
            0.0,
            0.0,
            0.0
        ]
    ],
    "num_matches": 4,
    "num_GT_boxes": 19,
    "used_labels": [
        "people",
        "tree",
        "cup",
        "apple",
        "others",
        "grass",
        "banana",
        "picnic rug",
        "grape"
    ]
}