{
    "mean_iou": 0.28974571071306376,
    "mean_dice": 0.343274405747489,
    "missed_matches": 10,
    "total_matches": 11,
    "success_rate": 0.09090909090909091,
    "time": "2024-09-24 01:37:14"
}