{
    "bboxes": [
        [
            0.09199687703450521,
            0.08861485799153646,
            0.8329025065104166,
            0.5046355387369792
        ]
    ],
    "labels": [
        "bucket"
    ],
    "scores": [
        0.9890305399894714
    ]
}