{
    "bboxes": [
        [
            0.32071138509114583,
            0.18555487060546874,
            0.5584107259114583,
            0.45066825358072915
        ],
        [
            0.518737060546875,
            0.1188885498046875,
            0.8111234537760417,
            0.5019949951171875
        ],
        [
            0.025559974670410157,
            0.5184796142578125,
            0.2896898803710938,
            0.7841759440104167
        ],
        [
            0.4790623779296875,
            0.81287744140625,
            0.5844999593098958,
            0.9311671549479167
        ],
        [
            0.5662307535807292,
            0.4149484049479167,
            0.6823911539713542,
            0.6756856282552083
        ],
        [
            0.8039747721354167,
            0.15851309204101563,
            0.9996905110677083,
            0.6238680826822917
        ],
        [
            0.29206504313151044,
            0.7987638346354167,
            0.397473876953125,
            0.9180306803385416
        ],
        [
            0.385820556640625,
            0.7846438802083333,
            0.4783070882161458,
            0.9312434895833334
        ],
        [
            0.2752533162434896,
            0.44046866861979167,
            0.875218017578125,
            0.99051806640625
        ],
        [
            0.0003441125154495239,
            0.25248038736979167,
            0.2256328328450521,
            0.5177605387369791
        ],
        [
            0.10447336832682291,
            0.14518662516276043,
            0.34487215169270835,
            0.39093387858072914
        ],
        [
            0.28283638509114584,
            0.6960856119791666,
            0.5641081949869792,
            0.8155869954427083
        ],
        [
            0.28283638509114584,
            0.6960856119791666,
            0.5641081949869792,
            0.8155869954427083
        ]
    ],
    "labels": [
        "butterfly",
        "butterfly",
        "butterfly",
        "dog",
        "bucket",
        "butterfly",
        "dog",
        "dog",
        "cow",
        "butterfly",
        "butterfly",
        "airplane",
        "car"
    ],
    "scores": [
        0.9860191345214844,
        0.9843611717224121,
        0.9822134971618652,
        0.977895200252533,
        0.9761616587638855,
        0.9744284749031067,
        0.9679735898971558,
        0.9568079710006714,
        0.8094755411148071,
        0.7483091950416565,
        0.6727209091186523,
        0.33527112007141113,
        0.25328755378723145
    ]
}