{
    "bboxes": [
        [
            0.6940384928385417,
            0.6902525227864583,
            0.94605126953125,
            0.8925547688802083
        ],
        [
            0.59104296875,
            0.2751104939778646,
            0.7215580240885416,
            0.8535621744791667
        ],
        [
            0.13083939615885418,
            0.5027016194661459,
            0.4427783203125,
            0.8152098795572916
        ],
        [
            0.09144959513346354,
            0.6979197591145834,
            0.5587119954427083,
            0.8620137532552083
        ],
        [
            0.12971800740559897,
            0.5023651936848958,
            0.4449997965494792,
            0.8180236002604167
        ],
        [
            0.09187563069661459,
            0.5535010986328125,
            0.558404296875,
            0.8623063151041667
        ],
        [
            0.0018783508936564127,
            0.17216353352864583,
            0.8704461263020833,
            0.603107177734375
        ],
        [
            0.002180397351582845,
            0.17169873046875,
            0.8704232584635416,
            0.70257666015625
        ]
    ],
    "labels": [
        "bus",
        "others",
        "dog",
        "street lamp",
        "road",
        "street lamp",
        "bench",
        "bench"
    ],
    "scores": [
        0.8139178156852722,
        0.7376696467399597,
        0.67449551820755,
        0.5367600321769714,
        0.4156358242034912,
        0.30258288979530334,
        0.27892380952835083,
        0.20120595395565033
    ]
}