{
    "bboxes": [
        [
            0.6681934000651042,
            0.4653161214192708,
            0.8906727701822916,
            0.7258544921875
        ],
        [
            0.01265463129679362,
            0.05312042744954427,
            0.3846899820963542,
            0.770963134765625
        ],
        [
            0.35305912272135415,
            0.29271405029296876,
            0.5963081461588542,
            0.6759189860026041
        ],
        [
            0.5465001627604167,
            0.05205865478515625,
            0.7582950032552084,
            0.25064298502604165
        ],
        [
            0.8291402180989583,
            0.34577644856770834,
            0.999686767578125,
            0.6647693277994792
        ],
        [
            0.002115994612375895,
            0.7781212565104166,
            0.9885598958333334,
            0.9294976399739583
        ]
    ],
    "labels": [
        "tree",
        "mountain",
        "tree",
        "mountain",
        "tree",
        "cloud"
    ],
    "scores": [
        0.32250866293907166,
        0.26057007908821106,
        0.2572326958179474,
        0.2271283119916916,
        0.21466214954853058,
        0.20857588946819305
    ]
}