{
    "matched_indices": [
        29,
        17,
        3,
        5,
        4,
        15,
        14,
        16,
        12,
        11,
        4,
        5,
        1,
        2,
        0,
        6,
        12,
        10,
        20
    ],
    "iou_matrix": [
        [
            0.0,
            0.0,
            0.0,
            0.0,
            0.0,
            0.0,
            0.0,
            0.0,
            0.0,
            0.0,
            0.028509811533795115,
            0.0,
            0.0,
            0.0,
            0.9776950297668462,
            0.0,
            0.0,
            0.21603063513333043,
            0.0
        ],
        [
            0.0,
            0.0,
            0.0,
            0.0,
            0.0,
            0.0,
            0.0,
            0.0,
            0.0,
            0.0,
            0.0,
            0.0,
            0.9825924420117412,
            0.0,
            0.0,
            0.0,
            0.009780284417260783,
            0.09529187052936024,
            0.0
        ],
        [
            0.0,
            0.0,
            0.0,
            0.0,
            0.0,
            0.0,
            0.0,
            0.0,
            0.0,
            0.0,
            0.0,
            0.0,
            0.0,
            0.9659301627963403,
            0.0,
            0.0,
            0.06384772699459836,
            0.03013548217512606,
            0.0
        ],
        [
            0.0,
            0.0,
            0.9768126649895744,
            0.0,
            0.0,
            0.0,
            0.0,
            0.0,
            0.0,
            0.0,
            0.0,
            0.0,
            0.0,
            0.0,
            0.0,
            0.0,
            0.0,
            0.0,
            0.0
        ],
        [
            0.0,
            0.05175081111721302,
            0.0,
            0.0,
            0.3782143853781287,
            0.0,
            0.0,
            0.0,
            0.0,
            0.06593148860609535,
            0.4749731002481723,
            0.0,
            0.0,
            0.0,
            0.02486555276196271,
            0.0,
            0.0,
            0.07931718509066012,
            0.0921991686344308
        ],
        [
            0.12279565806539905,
            0.0,
            0.0,
            0.5831018691250055,
            0.0,
            0.0,
            0.0,
            0.0,
            0.060095190794048736,
            0.0,
            0.0,
            0.4417283423893538,
            0.0,
            0.0,
            0.0,
            0.0,
            0.0,
            0.026129252833830528,
            0.10062815380487532
        ],
        [
            0.07825280781707862,
            0.0,
            0.0,
            0.0,
            0.0,
            0.0,
            0.0,
            0.0,
            0.0,
            0.0,
            0.0,
            0.0,
            0.0,
            0.0,
            0.0,
            0.8873827892973943,
            0.0,
            0.013861031316565558,
            0.06857948128100032
        ],
        [
            0.07825280781707862,
            0.0,
            0.0,
            0.0,
            0.0,
            0.0,
            0.0,
            0.0,
            0.0,
            0.0,
            0.0,
            0.0,
            0.0,
            0.0,
            0.0,
            0.8873827892973943,
            0.0,
            0.013861031316565558,
            0.06857948128100032
        ],
        [
            0.042087665726126995,
            0.0,
            0.0,
            0.0,
            0.0,
            0.0,
            0.0,
            0.0,
            0.26934077081012797,
            0.0,
            0.0,
            0.0,
            0.012311432178452918,
            0.0,
            0.0,
            0.0,
            0.48733769710524566,
            0.024303748821798907,
            0.04434127388968088
        ],
        [
            0.042087665726126995,
            0.0,
            0.0,
            0.0,
            0.0,
            0.0,
            0.0,
            0.0,
            0.26934077081012797,
            0.0,
            0.0,
            0.0,
            0.012311432178452918,
            0.0,
            0.0,
            0.0,
            0.48733769710524566,
            0.024303748821798907,
            0.04434127388968088
        ],
        [
            0.018419728424250017,
            0.004632823568492269,
            0.0,
            0.00853458182984665,
            0.02841783446334333,
            0.0,
            0.0,
            0.0,
            0.010791487584166065,
            0.0032858386622213426,
            0.04088918978372121,
            0.028429104248311927,
            0.10466584143868946,
            0.026909979601252427,
            0.20158370563374559,
            0.015854172218002695,
            0.04265858716509572,
            0.9235714687302571,
            0.057966331557791795
        ],
        [
            0.0,
            0.31903350334238917,
            0.0,
            0.0,
            0.04287422864353145,
            0.0,
            0.0,
            0.0,
            0.0,
            0.9533601369342819,
            0.0,
            0.0,
            0.0,
            0.0,
            0.0,
            0.0,
            0.0,
            0.0,
            0.008817804291093701
        ],
        [
            0.08328841987839833,
            0.0,
            0.0,
            0.006791726807329307,
            0.0,
            0.0,
            0.0,
            0.0,
            0.40955114752621147,
            0.0,
            0.0,
            0.0,
            0.012015035876841723,
            0.03422718999314891,
            0.0,
            0.0,
            0.7447620025586758,
            0.04593597971146376,
            0.06344356908475421
        ],
        [
            0.08328841987839833,
            0.0,
            0.0,
            0.006791726807329307,
            0.0,
            0.0,
            0.0,
            0.0,
            0.40955114752621147,
            0.0,
            0.0,
            0.0,
            0.012015035876841723,
            0.03422718999314891,
            0.0,
            0.0,
            0.7447620025586758,
            0.04593597971146376,
            0.06344356908475421
        ],
        [
            0.013104519263140125,
            0.0,
            0.0,
            0.0,
            0.0,
            0.0,
            0.9605056592880499,
            0.0,
            0.0,
            0.0,
            0.0,
            0.0,
            0.0,
            0.0,
            0.0,
            0.0,
            0.0,
            0.0,
            0.0
        ],
        [
            0.0,
            0.0,
            0.0,
            0.0,
            0.0,
            0.9390874012290383,
            0.0,
            0.0,
            0.0,
            0.0,
            0.0,
            0.0,
            0.0,
            0.0,
            0.0,
            0.0,
            0.0,
            0.0,
            0.0
        ],
        [
            0.0,
            0.0,
            0.0,
            0.0,
            0.0,
            0.0,
            0.0,
            0.9620079230243542,
            0.0,
            0.0,
            0.0,
            0.0,
            0.0,
            0.0,
            0.0,
            0.0,
            0.0,
            0.0,
            0.0
        ],
        [
            0.00929747295414225,
            0.9160059230446967,
            0.0,
            0.0,
            0.05793444402006395,
            0.0,
            0.0,
            0.0,
            0.0,
            0.2950268628438419,
            0.0,
            0.0,
            0.0,
            0.0,
            0.0,
            0.0,
            0.0,
            0.005264198130526303,
            0.04943222093580626
        ],
        [
            0.192302074808897,
            0.08611415710894459,
            0.0,
            0.028459635274981562,
