{
    "bboxes": [
        [
            0.4524573974609375,
            0.7455453287760416,
            0.8510516764322916,
            0.971092529296875
        ],
        [
            0.026511934916178384,
            0.6795145263671875,
            0.42463273111979166,
            0.89108447265625
        ],
        [
            0.2531639200846354,
            0.06522789001464843,
            0.9697176106770833,
            0.7444461263020833
        ],
        [
            0.05306228637695312,
            0.06521868387858074,
            0.18466001383463543,
            0.18464845784505207
        ],
        [
            0.91958935546875,
            0.625415771484375,
            0.999779541015625,
            0.6916266276041667
        ],
        [
            0.826962890625,
            0.7188075358072916,
            0.9444945475260417,
            0.7712027180989584
        ],
        [
            0.0006754323641459147,
            0.5456593831380209,
            0.21145086669921875,
            0.7313321126302084
        ],
        [
            0.2012937215169271,
            0.8743240559895833,
            0.29870170084635417,
            0.930689453125
        ]
    ],
    "labels": [
        "cloud",
        "cloud",
        "grass",
        "tree",
        "sheep",
        "sheep",
        "sheep",
        "sheep"
    ],
    "scores": [
        0.9885282516479492,
        0.9850356578826904,
        0.9791427850723267,
        0.9778212308883667,
        0.9718120694160461,
        0.9699977040290833,
        0.9147433042526245,
        0.8723616600036621
    ]
}