{
    "bboxes": [
        [
            0.09232494099934896,
            0.53325927734375,
            0.8514066569010417,
            0.98410595703125
        ]
    ],
    "labels": [
        "butterfly"
    ],
    "scores": [
        0.9852502942085266
    ]
}