{
    "mean_iou": 0.737640806677513,
    "mean_dice": 0.7752923193368665,
    "missed_matches": 2,
    "total_matches": 13,
    "success_rate": 0.8461538461538461,
    "time": "2024-09-23 00:34:07"
}