{
    "matched_indices": [
        0,
        0,
        1,
        0,
        1,
        0,
        0,
        1,
        0,
        0,
        1,
        1,
        0,
        0,
        0,
        0,
        0,
        0,
        0,
        0,
        1,
        0,
        0,
        0,
        0
    ],
    "iou_matrix": [
        [
            0.046837696251316084,
            0.0,
            0.0,
            0.0,
            0.0194130810552692,
            0.014498510461757317,
            0.009557793069102118,
            0.0,
            0.00896473807819132,
            0.9905524200945466,
            0.0,
            0.0,
            0.0,
            0.0,
            0.0,
            0.0,
            0.0,
            0.013981088475429697,
            0.0,
            0.0,
            0.0,
            0.0,
            0.0,
            0.0,
            0.0
        ],
        [
            0.014094247880704036,
            0.0,
            0.04672539838760451,
            0.0,
            0.024343582828724068,
            0.0,
            0.0,
            0.03072376872326862,
            0.003373314837122184,
            0.0,
            0.9905233810415932,
            0.004987044233133332,
            0.0,
            0.0,
            0.0,
            0.0,
            0.0,
            0.0,
            0.0,
            0.0,
            0.013284845245809907,
            0.0,
            0.0,
            0.0,
            0.0
        ]
    ],
    "num_matches": 2,
    "num_GT_boxes": 25,
    "used_labels": [
        "airplane",
        "apple",
        "balloon",
        "banana",
        "basket",
        "bee",
        "bench",
        "bicycle",
        "bird",
        "bottle",
        "bucket",
        "bus",
        "butterfly",
        "car",
        "cat",
        "chair",
        "chicken",
        "cloud",
        "cow",
        "cup",
        "dinnerware",
        "dog",
        "duck",
        "fence",
        "flower",
        "grape",
        "grass",
        "horse",
        "house",
        "moon",
        "mountain",
        "people",
        "picnic rug",
        "pig",
        "rabbit",
        "road",
        "sheep",
        "sofa",
        "star",
        "street lamp",
        "sun",
        "table",
        "tree",
        "truck",
        "umbrella",
        "others"
    ]
}