{
    "matched_indices": [
        5,
        7,
        4,
        3,
        0,
        2,
        4,
        1,
        4,
        0,
        0,
        0,
        6,
        6,
        6
    ],
    "iou_matrix": [
        [
            0.004066574792503609,
            0.0,
            0.0,
            0.0,
            0.9706787569095369,
            0.2838203868828449,
            0.02174341279167881,
            0.009130055038333917,
            0.0,
            0.0,
            0.0,
            0.0,
            0.0,
            0.0,
            0.0
        ],
        [
            0.0,
            0.0,
            0.0,
            0.11200480754081132,
            0.010409955378247137,
            0.0,
            0.0,
            0.9827529774769134,
            0.0,
            0.0,
            0.0,
            0.0,
            0.0,
            0.0,
            0.034311221281614894
        ],
        [
            0.0,
            0.0,
            0.0,
            0.0,
            0.2875120404763639,
            0.9895696561676364,
            0.0,
            0.0,
            0.0,
            0.0,
            0.0,
            0.0,
            0.0,
            0.0,
            0.10758313763730891
        ],
        [
            0.0,
            0.0,
            0.0,
            0.9580569531508875,
            0.0,
            0.0,
            0.0,
            0.10959900828417274,
            0.0,
            0.0,
            0.0,
            0.0,
            0.0,
            0.0,
            0.0
        ],
        [
            0.0,
            0.0,
            0.02120547463909213,
            0.0,
            0.024009015307093717,
            0.0,
            0.9282051822281208,
            0.0,
            0.007720592701428233,
            0.0,
            0.0,
            0.0,
            0.0,
            0.0,
            0.19971071807376448
        ],
        [
            0.3046872052646784,
            0.45126655318126163,
            0.0,
            0.0,
            0.006342278490967745,
            0.0,
            0.0,
            0.0,
            0.0,
            0.0,
            0.0,
            0.0,
            0.0,
            0.0,
            0.0
        ],
        [
            0.0,
            0.0,
            0.0,
            0.0,
            0.026099026935289423,
            0.11917503845615042,
            0.20885344222342414,
            0.0481708374845907,
            0.006806739532300585,
            0.0,
            0.0,
            0.0,
            0.00924224844192814,
            0.005339277474074732,
            0.9047387243251042
        ],
        [
            0.08405072280594215,
            0.9675759934001271,
            0.0,
            0.0,
            0.0,
            0.0,
            0.0,
            0.0,
            0.0,
            0.0,
            0.0,
            0.0,
            0.0,
            0.0,
            0.0
        ]
    ],
    "true_pos": 7,
    "false_pos": 1,
    "unmatched": 8,
    "num_GT_boxes": 15,
    "used_labels": [
        "tree",
        "house",
        "people",
        "cloud",
        "road",
        "bus",
        "grass"
    ]
}