{
    "matched_indices": [
        1,
        11,
        10,
        2,
        4,
        3,
        5,
        0,
        0,
        0,
        13,
        13,
        13,
        6,
        7,
        8
    ],
    "iou_matrix": [
        [
            0.0,
            0.0,
            0.0,
            0.0,
            0.0001295400394497809,
            0.00015034645590222245,
            0.0,
            0.2973888823423883,
            0.2950365434599978,
            0.33979237437215865,
            0.0,
            0.0,
            0.0,
            0.0,
            0.0,
            0.0
        ],
        [
            0.9628932309717186,
            0.0,
            0.0,
            0.0263109392620267,
            0.0,
            0.0,
            0.0,
            0.0,
            0.0,
            0.0,
            0.05703950217900136,
            0.046458287247146506,
            0.031194583538821468,
            0.0,
            0.0,
            0.0
        ],
        [
            0.023456807909863632,
            0.043540502362579656,
            0.012960775128754688,
            0.9696404004797264,
            0.033917653411257076,
            0.032605031443937484,
            0.022648112111720648,
            0.0,
            0.0,
            0.0,
            0.0,
            0.0008881490097394779,
            0.0,
            0.0,
            0.0,
            0.0
        ],
        [
            0.0,
            0.0,
            0.0,
            0.036344349865897914,
            0.0,
            0.985877092972215,
            0.0,
            0.0,
            0.0,
            0.0,
            0.0,
            0.0,
            0.0,
            0.0,
            0.0,
            0.0
        ],
        [
            0.0,
            0.06173112881454316,
            0.0,
            0.037491290252313625,
            0.9770849139617825,
            0.0,
            0.0,
            0.0,
            0.0,
            0.0,
            0.0,
            0.0,
            0.0,
            0.0,
            0.0,
            0.0
        ],
        [
            0.0,
            0.0,
            0.0,
            0.025073352150386807,
            0.0,
            0.0,
            0.9827294537308576,
            0.0,
            0.0,
            0.0,
            0.0,
            0.0,
            0.0,
            0.0,
            0.0,
            0.0
        ],
        [
            0.0,
            0.0,
            0.0,
            0.0,
            0.0,
            0.0,
            0.0,
            0.0,
            0.0,
            0.0,
            0.0,
            0.0,
            0.0,
            0.911815115272399,
            0.0,
            0.0
        ],
        [
            0.0,
            0.0,
            0.0,
            0.0,
            0.0,
            0.0,
            0.0,
            0.0,
            0.0,
            0.0,
            0.0,
            0.0,
            0.0,
            0.0,
            0.9017240122691005,
            0.0
        ],
        [
            0.0,
            0.0,
            0.0,
            0.0,
            0.0,
            0.0,
            0.0,
            0.0,
            0.0,
            0.0,
            0.0,
            0.0,
            0.0,
            0.0,
            0.0,
            0.9147838693248093
        ],
        [
            0.0,
            0.030610988559995986,
            0.0,
            0.10227114575490368,
            0.2905245065577122,
            0.3344574807200979,
            0.18793207741273008,
            5.43835124265126e-05,
            4.1537617036107874e-06,
            0.00015404473511862989,
            0.0,
            0.0,
            0.0,
            0.0,
            0.0,
            0.0
        ],
        [
            0.0,
            0.0,
            0.9398148323987974,
            0.017750426410582932,
            0.0,
            0.0,
            0.0,
            0.0,
            0.0,
            0.0,
            0.0,
            0.0,
            0.0,
            0.0,
            0.0,
            0.0
        ],
        [
            0.0,
            0.8140925055630459,
            0.0,
            0.024062598383690584,
            0.02285083102606128,
            0.0,
            0.0,
            0.0,
            0.0,
            0.0,
            0.0,
            0.0,
            0.0,
            0.0,
            0.0,
            0.0
        ],
        [
            0.10666318643067216,
            0.0,
            0.0,
            0.001552205255202022,
            0.0,
            0.0,
            0.0,
            0.0,
            0.0,
            0.0,
            0.3066111086253913,
            0.4597875978598814,
            0.38020897515336377,
            0.0,
            0.0,
            0.0
        ],
        [
            0.1063046636839926,
            0.0,
            0.0,
            0.0015058962484494863,
            0.0,
            0.0,
            0.0,
            0.0,
            0.0,
            0.0,
            0.3089012512473554,
            0.46149550941472556,
            0.38162128663140804,
            0.0,
            0.0,
            0.0
        ],
        [
            0.8377526543984077,
            0.0,
            0.0,
            0.02613153633292807,
            0.0,
            0.0,
            0.0,
            0.0,
            0.0,
            0.0,
            0.07836341301868915,
            0.11140983227430001,
            0.09172393751363447,
            0.0,
            0.0,
            0.0
        ],
        [
            0.2504324404860836,
            0.09483287480076465,
            0.03890899176013832,
            0.5323028349100916,
            0.0232135109067837,
            0.02354511900076925,
            0.015238479126341905,
            0.0,
            0.0,
            0.0,
            0.021607826561171897,
            0.02155781658453153,
            0.01660493932242771,
            0.0,
            0.0,
            0.0
        ]
    ],
    "num_matches": 10,
    "num_GT_boxes": 16,
    "used_labels": [
        "fence",
        "cloud",
        "flower",
        "tree",
        "people",
        "grass",
        "house"
    ]
}