{
    "bboxes": [
        [
            0.09302108764648437,
            0.7066228841145833,
            0.18457554117838543,
            0.8644600423177083
        ],
        [
            0.26576348876953126,
            0.5857854817708333,
            0.3713067220052083,
            0.7566416015625
        ],
        [
            0.82605859375,
            0.5186728108723958,
            0.87920703125,
            0.6248571370442708
        ],
        [
            0.5984144694010417,
            0.81122216796875,
            0.7594235026041667,
            0.931267578125
        ],
        [
            0.666422607421875,
            0.5721134440104166,
            0.739738525390625,
            0.7428089192708334
        ]
    ],
    "labels": [
        "cat",
        "cat",
        "cat",
        "dinnerware",
        "cat"
    ],
    "scores": [
        0.3889966309070587,
        0.3233996629714966,
        0.3127349019050598,
        0.21308280527591705,
        0.20193226635456085
    ]
}