{
    "matched_indices": [
        4,
        4,
        0,
        7,
        0,
        6,
        2,
        7,
        4
    ],
    "iou_matrix": [
        [
            0.0,
            0.013228449582471895,
            0.7190676455146114,
            0.021772409708845725,
            0.08998556669319571,
            0.0,
            0.0,
            0.0,
            0.0
        ],
        [
            0.0,
            0.0,
            0.0,
            0.005527812522670596,
            0.0,
            0.9503089304823956,
            0.0,
            0.0,
            0.0
        ],
        [
            0.0,
            0.0,
            0.0,
            0.0008146490122523457,
            0.0,
            0.0,
            0.9514170669939312,
            0.0,
            0.0
        ],
        [
            0.0,
            0.0,
            0.0,
            0.04126442528851038,
            0.0,
            0.0,
            0.0,
            0.9877203750048834,
            0.0
        ],
        [
            0.9888259004271526,
            0.03342151672152411,
            0.0,
            0.03368592440136916,
            0.0,
            0.0,
            0.0,
            0.0,
            0.0057943976094933
        ],
        [
            0.0,
            0.0,
            0.0,
            0.0008219003407923013,
            0.0,
            0.0,
            0.9501123685546689,
            0.0,
            0.0
        ],
        [
            0.0,
            0.0,
            0.0,
            0.005567237990590506,
            0.0,
            0.9531097917374556,
            0.0,
            0.0,
            0.0
        ],
        [
            0.0,
            0.0,
            0.0,
            0.0412795471745228,
            0.0,
            0.0,
            0.0,
            0.9886671485140738,
            0.0
        ]
    ],
    "num_matches": 5,
    "num_GT_boxes": 9,
    "used_labels": [
        "airplane",
        "apple",
        "balloon",
        "banana",
        "basket",
        "bee",
        "bench",
        "bicycle",
        "bird",
        "bottle",
        "bucket",
        "bus",
        "butterfly",
        "car",
        "cat",
        "chair",
        "chicken",
        "cloud",
        "cow",
        "cup",
        "dinnerware",
        "dog",
        "duck",
        "fence",
        "flower",
        "grape",
        "grass",
        "horse",
        "house",
        "moon",
        "mountain",
        "people",
        "picnic rug",
        "pig",
        "rabbit",
        "road",
        "sheep",
        "sofa",
        "star",
        "street lamp",
        "sun",
        "table",
        "tree",
        "truck",
        "umbrella",
        "others"
    ]
}