{
    "matched_indices": [
        10,
        4,
        9,
        0,
        1,
        10,
        8,
        9,
        10,
        9,
        5,
        7,
        6,
        2,
        0
    ],
    "iou_matrix": [
        [
            0.0033981989323654377,
            0.05246389767338687,
            0.0,
            0.9581015943641086,
            0.00603824587678761,
            0.0,
            0.07344215879131398,
            0.0,
            0.0,
            0.0,
            0.0,
            0.0,
            0.0,
            0.0,
            0.273089762611276
        ],
        [
            0.31866234889745026,
            0.0,
            0.0,
            0.009402545824029636,
            0.8885290591822087,
            0.0,
            0.0,
            0.0,
            0.009100718956797624,
            0.0,
            0.0,
            0.0,
            0.0,
            0.0,
            0.08637418546232814
        ],
        [
            0.0,
            0.0,
            0.0,
            0.0,
            0.0,
            0.0,
            0.023123198100102833,
            0.137661195169866,
            0.0,
            0.0,
            0.0,
            0.0,
            0.0,
            0.8833678398895791,
            0.1404931855114079
        ],
        [
            0.010547357341685326,
            0.6350337642411474,
            0.0,
            0.31919053164601985,
            0.002220583702567134,
            0.0,
            0.15382981196354875,
            0.0,
            0.0,
            0.0,
            0.0,
            0.0,
            0.0,
            0.0,
            0.14739382300359452
        ],
        [
            0.0,
            0.8233074406975277,
            0.0,
            0.0019877859799139197,
            0.0,
            0.0,
            0.14951062790292358,
            0.0,
            0.0,
            0.0,
            0.0,
            0.0,
            0.0,
            0.0,
            0.0
        ],
        [
            0.0,
            0.0,
            0.0,
            0.0,
            0.0,
            0.0,
            0.0,
            0.0,
            0.0,
            0.0,
            0.9546889917015495,
            0.0,
            0.0,
            0.0,
            0.0
        ],
        [
            0.0,
            0.0,
            0.0,
            0.0,
            0.0,
            0.0,
            0.0,
            0.0,
            0.0,
            0.0,
            0.0,
            0.013268068951562384,
            0.8986133370496828,
            0.0,
            0.0
        ],
        [
            0.0,
            0.0,
            0.0,
            0.0,
            0.0,
            0.0,
            0.0,
            0.0,
            0.0,
            0.0,
            0.0,
            0.8820417055711173,
            0.014964308302186391,
            0.0,
            0.0
        ],
        [
            0.0,
            0.15190962952285386,
            0.18250382584384348,
            0.07344031513970892,
            0.0,
            0.0,
            0.9553227898862741,
            0.19394086337327088,
            0.0,
            0.0,
            0.0,
            0.0,
            0.0,
            0.018757075123797123,
            0.08541208482083489
        ],
        [
            0.0,
            0.0,
            0.48943490205140056,
            0.0,
            0.0,
            0.0,
            0.13312134228269484,
            0.8078840146877396,
            0.0,
            0.016785404327963927,
            0.0,
            0.0,
            0.0,
            0.18496842531177302,
            0.16534009335542404
        ],
        [
            0.3696296889358381,
            0.0,
            0.0,
            0.0,
            0.0,
            0.9414842457584741,
            0.0,
            0.0,
            0.05726095080296444,
            0.0,
            0.0,
            0.0,
            0.0,
            0.0,
            0.05380099431170301
        ]
    ],
    "num_matches": 10,
    "num_GT_boxes": 15,
    "used_labels": [
        "bench",
        "street lamp",
        "bicycle",
        "house",
        "sun",
        "others",
        "cloud",
        "tree",
        "grass"
    ]
}