{
    "bboxes": [
        [
            0.1495693868001302,
            0.1334632568359375,
            0.7936851399739583,
            0.6991250813802083
        ],
        [
            0.0033373457590738934,
            0.3037025146484375,
            0.20279585774739584,
            0.7435133463541667
        ],
        [
            0.9024717610677083,
            0.2591455485026042,
            0.976843994140625,
            0.3818087565104167
        ],
        [
            0.8127281901041666,
            0.2591581827799479,
            0.9018424479166667,
            0.38216800944010415
        ],
        [
            0.2947682088216146,
            0.833933837890625,
            0.991660400390625,
            0.9972823893229167
        ],
        [
            0.003738731066385905,
            0.8217753092447917,
            0.996276123046875,
            0.9975206705729167
        ],
        [
            0.0016865132649739583,
            0.00019916890064875284,
            0.9983474934895833,
            0.348365234375
        ],
        [
            0.41068973795572916,
            0.0010180845260620117,
            0.5602534586588541,
            0.14449411010742189
        ],
        [
            0.823623779296875,
            0.0007290988763173421,
            0.9456930338541667,
            0.10521592203776042
        ],
        [
            0.0029534101486206055,
            0.0030813512802124023,
            0.9967386067708334,
            0.9967696126302084
        ],
        [
            0.0024379415512084963,
            0.8224820149739583,
            0.22329679361979166,
            0.9980045572916667
        ],
        [
            0.13067133585611979,
            0.1431076151529948,
            0.28463492838541665,
            0.22584018961588542
        ],
        [
            0.0027543306350708008,
            0.346429931640625,
            0.9972874348958334,
            0.9962821451822916
        ]
    ],
    "labels": [
        "road",
        "grass",
        "grass",
        "grass",
        "house",
        "house",
        "fence",
        "fence",
        "fence",
        "tree",
        "house",
        "fence",
        "tree"
    ],
    "scores": [
        0.8481465578079224,
        0.6644076704978943,
        0.4367382526397705,
        0.4362320601940155,
        0.39093369245529175,
        0.3133847713470459,
        0.27812251448631287,
        0.26708275079727173,
        0.261483371257782,
        0.2579963505268097,
        0.23604774475097656,
        0.2295556217432022,
        0.20380926132202148
    ]
}