{
    "bboxes": [
        [
            0.4645169270833333,
            0.44951826985677085,
            0.6553989664713542,
            0.640947021484375
        ],
        [
            0.3962245686848958,
            0.6648977457682291,
            0.7446302897135416,
            0.93109912109375
        ],
        [
            0.3962245686848958,
            0.6648977457682291,
            0.7446302897135416,
            0.93109912109375
        ],
        [
            0.0010848790009816488,
            0.8114375813802084,
            0.31764809163411456,
            0.9977840169270833
        ],
        [
            0.0009524151484171549,
            0.5137891438802084,
            0.14556985473632814,
            0.693646728515625
        ],
        [
            0.00358453369140625,
            0.004355430285135905,
            0.9956742350260417,
            0.5900011393229166
        ],
        [
            0.0033228991826375325,
            0.00488412348429362,
            0.9957908528645834,
            0.991584228515625
        ],
        [
            0.3969393310546875,
            0.665275390625,
            0.7438846028645834,
            0.9304761555989584
        ],
        [
            0.3850238037109375,
            0.02506080118815104,
            0.5597360432942708,
            0.17283565266927084
        ],
        [
            0.003340989112854004,
            0.005009561538696289,
            0.9957679036458333,
            0.9914404296875
        ],
        [
            0.37981563313802086,
            0.023485600789388023,
            0.665651611328125,
            0.31307643636067706
        ],
        [
            0.0033228991826375325,
            0.00488412348429362,
            0.9957908528645834,
            0.991584228515625
        ],
        [
            0.3849788411458333,
            0.16986521402994792,
            0.6636100260416666,
            0.3085455729166667
        ],
        [
            0.003749966303507487,
            0.005571067174275716,
            0.9957657877604167,
            0.9917229817708333
        ]
    ],
    "labels": [
        " sea",
        "lighthouse",
        " drawing",
        " palm tree",
        " park bench",
        " fence",
        " draw",
        " illustration",
        " white",
        " white",
        " white",
        " fence",
        " white",
        " landscape"
    ],
    "scores": [
        0.7770620584487915,
        0.761389434337616,
        0.7528426051139832,
        0.6801894903182983,
        0.5888943076133728,
        0.41662102937698364,
        0.34781455993652344,
        0.3275303840637207,
        0.292531281709671,
        0.24743124842643738,
        0.23777508735656738,
        0.2328498512506485,
        0.22526434063911438,
        0.20992735028266907
    ],
    "model_info": {
        "model_config": "/mnt/sda/miatang/projects/stroke-label/extern/mmdetection/ours_weights/base_cat_full_ft_allclass_val/intersect_full_ft_all_class_val.py",
        "weights": "/mnt/sda/miatang/projects/stroke-label/extern/mmdetection/groundingdino_swint_ogc_mmdet-822d7e9d.pth",
        "device": "cuda:0",
        "score_threshold": 0.2
    }
}