{
    "bboxes": [
        [
            0.5580236409505208,
            0.714116455078125,
            0.7826035970052083,
            0.9293116048177084
        ],
        [
            0.6252076416015625,
            0.251679443359375,
            0.8812003580729166,
            0.6104252115885417
        ],
        [
            0.5314784342447917,
            0.49234488932291665,
            0.7034911295572917,
            0.6488539632161459
        ],
        [
            0.23887420654296876,
            0.52388720703125,
            0.436434814453125,
            0.7162826334635417
        ],
        [
            0.0,
            0.0005025863250096639,
            0.3960174560546875,
            0.9296337076822917
        ],
        [
            0.28016105143229164,
            0.7232216796875,
            0.40845601399739584,
            0.98109521484375
        ],
        [
            0.652967041015625,
            0.6950213216145833,
            0.781552490234375,
            0.8367743326822916
        ],
        [
            0.652967041015625,
            0.6950213216145833,
            0.781552490234375,
            0.8367743326822916
        ]
    ],
    "labels": [
        "bee",
        "tree",
        "horse",
        "horse",
        "tree",
        "mountain",
        "car",
        "basket"
    ],
    "scores": [
        0.9516134858131409,
        0.8431441187858582,
        0.7823073863983154,
        0.39800530672073364,
        0.3762354254722595,
        0.3638431429862976,
        0.31185370683670044,
        0.2539309561252594
    ]
}