{
    "bboxes": [
        [
            0.17957539876302084,
            0.31805721028645834,
            0.43178243001302086,
            0.5769713134765625
        ],
        [
            0.61856982421875,
            0.34493147786458334,
            0.8310214029947917,
            0.5661388753255209
        ],
        [
            0.826330810546875,
            0.34897615559895834,
            0.9988408203125,
            0.5788450520833334
        ],
        [
            0.42774365234375,
            0.3845559895833333,
            0.6198861490885417,
            0.5665228678385417
        ],
        [
            0.0025445817311604817,
            0.5703228759765625,
            0.997783203125,
            0.995175537109375
        ],
        [
            0.00044432278474171956,
            0.371981689453125,
            0.19154756673177084,
            0.5766224365234375
        ],
        [
            0.6538606770833333,
            0.06374053955078125,
            0.9313655598958334,
            0.14556669108072917
        ],
        [
            0.09217013549804688,
            0.07755623372395834,
            0.3316494140625,
            0.15934262084960937
        ],
        [
            0.5613815104166666,
            0.18376509602864582,
            0.9035047200520834,
            0.2798936564127604
        ],
        [
            0.003004908561706543,
            0.5747347819010417,
            0.9971925455729167,
            0.99587255859375
        ],
        [
            0.0017060934702555338,
            0.0007798522313435872,
            0.9983931477864584,
            0.41910868326822914
        ],
        [
            0.0021082460085550944,
            0.31902518717447914,
            0.9976040852864584,
            0.5803336181640625
        ]
    ],
    "labels": [
        "grass",
        "grass",
        "grass",
        "grass",
        "cloud",
        "grass",
        "house",
        "house",
        "house",
        "road",
        "house",
        "grass"
    ],
    "scores": [
        0.6477844715118408,
        0.6115278601646423,
        0.5458282828330994,
        0.5457319021224976,
        0.5059855580329895,
        0.4820042848587036,
        0.38996002078056335,
        0.3738558292388916,
        0.3395649492740631,
        0.33799514174461365,
        0.32134488224983215,
        0.28162238001823425
    ],
    "model_info": {
        "model_config": "/mnt/sda/miatang/projects/stroke-label/extern/mmdetection/ours_weights/base_cat_full_ft_allclass_val/intersect_full_ft_all_class_val.py",
        "weights": "/mnt/sda/miatang/projects/stroke-label/extern/mmdetection/groundingdino_swint_ogc_mmdet-822d7e9d.pth",
        "device": "cuda:0",
        "score_threshold": 0.2
    }
}