{
    "matched_indices": [
        5,
        8,
        11,
        7,
        2,
        2,
        4,
        1,
        0,
        0,
        2,
        6,
        3,
        1,
        3,
        13,
        18,
        17,
        10
    ],
    "iou_matrix": [
        [
            0.0,
            0.0,
            0.18125742500231062,
            0.0,
            0.0,
            0.0,
            0.0,
            0.0,
            0.9253111091982091,
            0.049688090566440156,
            0.0,
            0.05005016804972933,
            0.0,
            0.0,
            0.0,
            0.0,
            0.0,
            0.0,
            0.0010957997064546712
        ],
        [
            0.0,
            0.0,
            0.04144972227176277,
            0.0,
            0.0,
            0.0,
            0.2744787738203017,
            0.9143405213247648,
            0.0,
            0.0,
            0.04375260462002338,
            0.0,
            0.0,
            0.06638837956085872,
            0.0,
            0.0,
            0.0,
            0.0,
            0.0047167138842194875
        ],
        [
            0.0,
            0.0,
            0.2175184956115355,
            0.0,
            0.15458238483690215,
            0.6068939568457412,
            0.0,
            0.04915189352095649,
            0.0,
            0.0,
            0.35911136558199797,
            0.02995228166867118,
            0.012075144499468175,
            0.0,
            0.0,
            0.0,
            0.0,
            0.0,
            0.05087744208792064
        ],
        [
            0.0,
            0.0,
            0.0,
            0.0,
            0.0,
            0.0,
            0.0,
            0.0,
            0.0,
            0.0,
            0.026520923167438117,
            0.01862198648473915,
            0.8733797933874404,
            0.0,
            0.07335394803820952,
            0.0,
            0.0,
            0.0,
            0.2011012719275362
        ],
        [
            0.0,
            0.0,
            0.0,
            0.0,
            0.0,
            0.0,
            0.9662077153835514,
            0.28942205798730763,
            0.0,
            0.0,
            0.0,
            0.0,
            0.0,
            0.00987809112326521,
            0.0,
            0.0,
            0.0,
            0.0,
            0.0
        ],
        [
            0.9378338828308935,
            0.1446581602246157,
            0.0,
            0.0,
            0.0,
            0.0,
            0.0,
            0.0,
            0.0,
            0.0,
            0.0,
            0.0,
            0.0,
            0.0,
            0.0,
            0.0,
            0.0,
            0.0,
            0.0
        ],
        [
            0.0,
            0.0,
            0.0,
            0.0,
            0.0,
            0.0012181211392912686,
            0.0,
            0.0,
            0.03572110875026527,
            0.040197323756987625,
            0.04759540649936158,
            0.972845012899868,
            0.017389165552164576,
            0.0,
            0.0,
            0.0,
            0.0,
            0.0,
            0.22531356518137605
        ],
        [
            0.0,
            0.0,
            0.0,
            0.9648528224403683,
            0.0,
            0.0,
            0.0,
            0.0,
            0.0,
            0.0,
            0.0,
            0.0,
            0.0,
            0.0,
            0.0,
            0.0,
            0.0,
            0.0,
            0.0
        ],
        [
            0.4794296027927551,
            0.4781655041283268,
            0.0,
            0.0,
            0.0,
            0.0,
            0.0,
            0.0,
            0.0,
            0.0,
            0.0,
            0.0,
            0.0,
            0.0,
            0.0,
            0.0,
            0.0,
            0.0,
            0.0
        ],
        [
            0.0,
            0.0,
            0.0,
            0.9648528224403683,
            0.0,
            0.0,
            0.0,
            0.0,
            0.0,
            0.0,
            0.0,
            0.0,
            0.0,
            0.0,
            0.0,
            0.0,
            0.0,
            0.0,
            0.0
        ],
        [
            0.0,
            0.0,
            0.0,
            0.0,
            0.0,
            0.0,
            0.0,
            0.0,
            0.0,
            0.004846504308743445,
            0.07597249212578004,
            0.2320251715357685,
            0.18887642561416096,
            0.0047486017370221385,
            0.0,
            0.0077418104985251075,
            0.02997707401610535,
            0.0,
            0.922175758301932
        ],
        [
            0.0,
            0.0,
            0.35463660432455923,
            0.0,
            0.0,
            0.015219219068491453,
            0.0,
            0.0,
            0.5323748133726837,
            0.0278173058104336,
            0.00029269289538441233,
            0.03680050328539349,
            0.0,
            0.0,
            0.0,
            0.0,
            0.0,
            0.030466260173467,
            9.476079815904201e-05
        ],
        [
            0.0,
            0.0,
            0.0,
            0.0,
            0.0,
            0.0,
            0.0,
            0.000429796074159958,
            0.000429796074159958,
            0.0038831406471551877,
            0.059145683226215495,
            0.17514406487994688,
            0.18785589544988224,
            0.0038081219470742604,
            0.015951664591580598,
            0.020344151942885406,
            0.02373484393336631,
            0.0,
            0.7304454578550191
        ],
        [
            0.0,
            0.0,
            0.0,
            0.0,
            0.0,
            0.0,
            0.0,
            0.002003671837604974,
            0.002003671837604974,
            0.004665193595950887,
            0.0642011624591377,
            0.18733162605347747,
            0.19875706839689325,
            0.004574306129469114,
            0.012682615388597693,
            0.02152471174516657,
            0.025112163702694333,
            0.0,
            0.773435329944748
        ],
        [
            0.0,
            0.0,
            0.35367048851361493,
            0.0,
            0.0,
            0.014485770553364407,
            0.0,
            0.0,
            0.5323455796926267,
            0.02827706693131193,
            0.0,
            0.03754004477003626,
            0.0,
            0.0,
            0.0,
            0.0,
            0.0,
            0.03036764765190809,
            0.0007792351779517492
        ],
        [
            0.0,
            0.0,
            0.0,
            0.9601112997302358,
            0.0,
            0.0,
            0.0,
            0.0,
            0.0,
            0.0,
            0.0,
            0.0,
            0.0,
            0.0,
            0.0,
            0.0,
            0.0,
            0.0,
            0.0
        ],
        [
            0.0,
            0.0,
            0.0,
            0.0,
            0.0,
            0.0,
            0.0,
            0.0,
            0.0,
            0.0,
            0.026692870688894078,
            0.019694211260344194,
            0.8641506934945978,
            0.0,
            0.0725852863825816,
            0.0,
            0.0,
            0.0,
            0.2031273660142032
        ],
        [
            0.0,
            0.0,
            0.0,
            0.0,
            0.0,
            0.0,
            0.0,
            0.0,
            0.0,
            0.0,
            0.0,
            0.0,
            0.0,
            0.0,
            0.0,
            0.0,
            0.0,
            0.9092252283143926,
            0.0
        ],
        [
            0.0,
            0.0,
            0.0,
            0.0,
