{
    "matched_indices": [
        2,
        4,
        8,
        17,
        0,
        1,
        7,
        3
    ],
    "iou_matrix": [
        [
            0.0,
            0.0,
            0.0,
            0.07126053523235791,
            0.9847990061154124,
            0.0,
            0.0,
            0.0
        ],
        [
            0.0,
            0.0,
            0.0,
            0.0,
            0.0,
            0.9777584135963037,
            0.0,
            0.0
        ],
        [
            0.9574631916462512,
            0.0,
            0.0,
            0.0,
            0.0,
            0.0,
            0.0,
            0.0
        ],
        [
            0.0,
            0.0,
            0.0,
            0.0,
            0.0,
            0.0,
            0.0,
            0.9479153952988661
        ],
        [
            0.0,
            0.028481432064605183,
            0.08877329474682139,
            0.49195200838863534,
            0.09475003033321114,
            0.04840183002009397,
            0.0,
            0.0
        ],
        [
            0.0,
            0.028481432064605183,
            0.08877329474682139,
            0.49195200838863534,
            0.09475003033321114,
            0.04840183002009397,
            0.0,
            0.0
        ],
        [
            0.9538506358628593,
            0.0,
            0.0,
            0.0,
            0.0,
            0.0,
            0.0,
            0.0
        ],
        [
            0.0,
            0.0,
            0.0,
            0.0,
            0.0,
            0.0,
            0.927167461949669,
            0.0
        ],
        [
            0.0,
            0.0,
            0.9488208402842134,
            0.02750754980506867,
            0.0,
            0.0,
            0.0,
            0.0
        ],
        [
            0.0,
            0.0,
            0.13009775068599747,
            0.4138584703294422,
            0.0,
            0.06534299477295087,
            0.0,
            0.0
        ],
        [
            0.0,
            0.0,
            0.13009775068599747,
            0.4138584703294422,
            0.0,
            0.06534299477295087,
            0.0,
            0.0
        ],
        [
            0.9574631916462512,
            0.0,
            0.0,
            0.0,
            0.0,
            0.0,
            0.0,
            0.0
        ],
        [
            0.0,
            0.0,
            0.0,
            0.0,
            0.0,
            0.9768106316718261,
            0.0,
            0.0
        ],
        [
            0.0,
            0.0,
            0.9488208402842134,
            0.02750754980506867,
            0.0,
            0.0,
            0.0,
            0.0
        ],
        [
            0.05567861546524317,
            0.015590012330268082,
            0.048592246224212224,
            0.26928203115917615,
            0.28345476964123795,
            0.03883140195110308,
            0.0,
            0.0
        ],
        [
            0.0,
            0.0,
            0.0,
            0.07128110692508599,
            0.984734724629321,
            0.0,
            0.0,
            0.0
        ],
        [
            0.9563119287004465,
            0.0,
            0.0,
            0.0,
            0.0,
            0.0,
            0.0,
            0.0
        ],
        [
            0.0,
            0.0,
            0.03714324771131975,
            0.6879329076414429,
            0.0,
            0.0,
            0.0,
            0.0
        ],
        [
            0.0,
            0.0,
            0.03714324771131975,
            0.6879329076414429,
            0.0,
            0.0,
            0.0,
            0.0
        ],
        [
            0.05547656143988388,
            0.015533437203167482,
            0.048415908165716844,
            0.2683048244183476,
            0.28242613096668157,
            0.039552017560911285,
            0.0,
            0.0
        ],
        [
            0.0,
            0.0,
            0.9471261032542828,
            0.027481891848631746,
            0.0,
            0.0,
            0.0,
            0.0
        ],
        [
            0.9563119287004465,
            0.0,
            0.0,
            0.0,
            0.0,
            0.0,
            0.0,
            0.0
        ],
        [
            0.0,
            0.0,
            0.0,
            0.07140512289656928,
            0.9843924272578289,
            0.0,
            0.0,
            0.0
        ]
    ],
    "num_matches": 7,
    "num_GT_boxes": 8,
    "used_labels": [
        "airplane",
        "apple",
        "balloon",
        "banana",
        "basket",
        "bee",
        "bench",
        "bicycle",
        "bird",
        "bottle",
        "bucket",
        "bus",
        "butterfly",
        "car",
        "cat",
        "chair",
        "chicken",
        "cloud",
        "cow",
        "cup",
        "dinnerware",
        "dog",
        "duck",
        "fence",
        "flower",
        "grape",
        "grass",
        "horse",
        "house",
        "moon",
        "mountain",
        "people",
        "picnic rug",
        "pig",
        "rabbit",
        "road",
        "sheep",
        "sofa",
        "star",
        "street lamp",
        "sun",
        "table",
        "tree",
        "truck",
        "umbrella",
        "others"
    ]
}