{
    "matched_indices": [
        0,
        2,
        1,
        8,
        4,
        3,
        3,
        5,
        6,
        7
    ],
    "iou_matrix": [
        [
            0.8078787559642912,
            0.20151398268953066,
            0.15744929262424956,
            0.0,
            0.0,
            0.0,
            0.0,
            0.012964495464376417,
            0.0,
            0.0
        ],
        [
            0.08317303851329166,
            0.0,
            0.8796075346711527,
            0.15590441268807032,
            0.0,
            0.0,
            0.0,
            0.0,
            0.0,
            0.0
        ],
        [
            0.30678765033936134,
            0.9285068800942103,
            0.0,
            0.0,
            0.0,
            0.0,
            0.0,
            0.0,
            0.0,
            0.0
        ],
        [
            0.012915229689215005,
            0.0,
            0.0,
            0.0,
            0.0,
            0.5718584666340444,
            0.33140861085616247,
            0.06287858532559516,
            0.0,
            0.0
        ],
        [
            0.0,
            0.0,
            0.0,
            0.0,
            0.9739298448140747,
            0.0,
            0.0,
            0.0,
            0.0,
            0.020272992675445894
        ],
        [
            0.013103289011892626,
            0.0,
            0.0,
            0.0,
            0.0,
            0.0,
            0.0,
            0.9732568528964671,
            0.0,
            0.0
        ],
        [
            0.0,
            0.0,
            0.0009684902154223125,
            0.024752282353591407,
            0.0,
            0.0,
            0.0,
            0.0,
            0.9560988699167794,
            0.0
        ],
        [
            0.0,
            0.0,
            0.0,
            0.0,
            0.020000734839584627,
            0.0,
            0.0,
            0.0,
            0.0,
            0.9906760763381236
        ],
        [
            0.0,
            0.0,
            0.14386026933975904,
            0.9804917203899444,
            0.0,
            0.0,
            0.0,
            0.0,
            0.021835559706687564,
            0.0
        ],
        [
            0.0,
            0.0,
            0.14386026933975904,
            0.9804917203899444,
            0.0,
            0.0,
            0.0,
            0.0,
            0.021835559706687564,
            0.0
        ],
        [
            0.062014977623583024,
            0.0,
            0.6251010973428968,
            0.04374019559976044,
            0.0,
            0.0,
            0.0,
            0.0,
            0.0,
            0.0
        ],
        [
            0.25617895568172244,
            0.6825429546018955,
            0.0,
            0.0,
            0.0,
            0.0,
            0.0,
            0.0,
            0.0,
            0.0
        ]
    ],
    "num_matches": 8,
    "num_matches_with_correct_class": 0,
    "num_GT_boxes": 10,
    "used_labels": [
        "tree",
        "rabbit",
        "grass"
    ],
    "map_score": 0.05115511640906334
}