{
    "matched_indices": [
        4,
        7,
        3,
        14,
        17,
        1,
        1,
        34,
        5,
        0
    ],
    "iou_matrix": [
        [
            0.0,
            0.0,
            0.0,
            0.0,
            0.020756696653750913,
            0.0,
            0.0,
            0.0,
            0.0,
            0.9830873666417448
        ],
        [
            0.012694807675261372,
            0.0,
            0.0,
            0.0,
            0.0,
            0.5712888342373671,
            0.33123691089906804,
            0.06372962749450009,
            0.0,
            0.0
        ],
        [
            0.0,
            0.0,
            0.0,
            0.0,
            0.020756696653750913,
            0.0,
            0.0,
            0.0,
            0.0,
            0.9830873666417448
        ],
        [
            0.07789490374481339,
            0.0,
            0.8705244521541071,
            0.15513441978461473,
            0.0,
            0.0,
            0.0,
            0.0,
            0.0,
            0.0
        ],
        [
            0.752467453185874,
            0.1966181286677971,
            0.1400023817889125,
            0.0,
            0.0,
            0.0,
            0.0,
            0.009625546964064292,
            0.0,
            0.0
        ],
        [
            0.0,
            0.0,
            0.0013873170339027728,
            0.025582591588615,
            0.0,
            0.0,
            0.0,
            0.0,
            0.9384043649466967,
            0.0
        ],
        [
            0.013229653503142057,
            0.0,
            0.0,
            0.0,
            0.0,
            0.0,
            0.0,
            0.9648488770273173,
            0.0,
            0.0
        ],
        [
            0.31245715906667504,
            0.8755265335869865,
            0.0,
            0.0,
            0.0,
            0.0,
            0.0,
            0.0,
            0.0,
            0.0
        ],
        [
            0.0,
            0.0,
            0.0015137475537638893,
            0.02569960314905972,
            0.0,
            0.0,
            0.0,
            0.0,
            0.9374879214728239,
            0.0
        ],
        [
            0.0,
            0.0,
            0.0,
            0.0,
            0.0,
            0.0,
            0.0,
            0.0,
            0.0,
            0.6284879686460828
        ],
        [
            0.0,
            0.0,
            0.14462806216153543,
            0.9770398000122913,
            0.0,
            0.0,
            0.0,
            0.0,
            0.021640917353646767,
            0.0
        ],
        [
            0.0,
            0.0,
            0.0013873170339027728,
            0.025582591588615,
            0.0,
            0.0,
            0.0,
            0.0,
            0.9384043649466967,
            0.0
        ],
        [
            0.0,
            0.0,
            0.0015137475537638893,
            0.02569960314905972,
            0.0,
            0.0,
            0.0,
            0.0,
            0.9374879214728239,
            0.0
        ],
        [
            0.1496049874217687,
            0.15677863067345482,
            0.17391308736476954,
            0.06308103066844704,
            0.03009656932838637,
            0.04574032539563265,
            0.02759795091744557,
            0.01971282208388969,
            0.021684104292278676,
            0.22955635824139586
        ],
        [
            0.0,
            0.0,
            0.14434373178883667,
            0.9773496704887192,
            0.0,
            0.0,
            0.0,
            0.0,
            0.02164757676609266,
            0.0
        ],
        [
            0.0,
            0.0,
            0.0015137475537638893,
            0.02569960314905972,
            0.0,
            0.0,
            0.0,
            0.0,
            0.9374879214728239,
            0.0
        ],
        [
            0.0,
            0.0,
            0.0014663048381572184,
            0.02565737438183097,
            0.0,
            0.0,
            0.0,
            0.0,
            0.9383720481236363,
            0.0
        ],
        [
            0.0,
            0.0,
            0.0,
            0.0,
            0.9695772369708273,
            0.0,
            0.0,
            0.0,
            0.0,
            0.02052754447507621
        ],
        [
            0.0,
            0.0,
            0.1446655398088223,
            0.9761607952580174,
            0.0,
            0.0,
            0.0,
            0.0,
            0.02204997154835341,
            0.0
        ],
        [
            0.0,
            0.0,
            0.0014663048381572184,
            0.02565737438183097,
            0.0,
            0.0,
            0.0,
            0.0,
            0.9383720481236363,
            0.0
        ],
        [
            0.0,
            0.0,
            0.14434373178883667,
            0.9773496704887192,
            0.0,
            0.0,
            0.0,
            0.0,
            0.02164757676609266,
            0.0
        ],
        [
            0.0,
            0.0,
            0.14434373178883667,
            0.9773496704887192,
            0.0,
            0.0,
            0.0,
            0.0,
            0.02164757676609266,
            0.0
        ],
        [
            0.06589997197761578,
            0.0,
            0.6233211025773742,
            0.04085291167242054,
            0.0,
            0.0,
            0.0,
            0.0,
            0.0,
            0.0
        ],
        [
            0.15909045013287862,
            0.6412134008645917,
            0.0,
            0.0,
            0.0,
            0.0,
            0.0,
            0.0,
            0.0,
            0.0
        ],
        [
            0.0,
            0.0,
            0.14462806216153543,
            0.9770398000122913,
            0.0,
            0.0,
            0.0,
            0.0,
            0.021640917353646767,
            0.0
        ],
        [
            0.0,
            0.0,
            0.0,
            0.0,
            0.9695772369708273,
            0.0,
            0.0,
            0.0,
            0.0,
            0.02052754447507621
        ],
        [
            0.013229653503142057,
            0.0,
            0.0,
            0.0,
            0.0,
            0.0,
            0.0,
            0.9648488770273173,
            0.0,
            0.0
        ],
        [
            0.0,
            0.0,
            0.14434373178883667,
            0.9773496704887192,
            0.0,
            0.0,
            0.0,
            0.0,
            0.02164757676609266,
            0.0
        ],
        [
            0.0,
            0.0,
            0.0,
            0.0,
            0.9695772369708273,
            0.0,
            0.0,
            0.0,
            0.0,
            0.02052754447507621
        ],
        [
            0.013229653503142057,
            0.0,
            0.0,
            0.0,
            0.0,
            0.0,
            0.0,
            0.9648488770273173,
            0.0,
            0.0
        ],
        [
            0.39781457472120474,
            0.3804288725137903,
            0.46732970924523054,
            0.07685386064502787,
            0.0,
            0.007681183713272098,
            0.0,
            0.0033347545823200118,
            0.0036510193445696455,
            0.0
        ],
        [
            0.0137894080523756,
            0.0,
            8.19347130958066e-05,
            0.0,
            0.0,
            0.0,
            0.0,
            0.9618947268436707,
            0.0,
            0.0
        ],
        [
            0.013229653503142057,
            0.0,
            0.0,
            0.0,
            0.0,
            0.0,
            0.0,
            0.9648488770273173,
            0.0,
            0.0
