{
    "bboxes": [
        [
            0.13234032185872396,
            0.5981689453125,
            0.2783524169921875,
            0.7441404622395833
        ],
        [
            0.021993845621744793,
            0.6331920166015625,
            0.669314697265625,
            0.9303147786458333
        ],
        [
            0.1096219482421875,
            0.4513602294921875,
            0.26319899495442706,
            0.5970258382161459
        ],
        [
            0.26161094156901044,
            0.4525390625,
            0.4350451253255208,
            0.6112081705729167
        ],
        [
            0.0003080293337504069,
            0.26461993408203127,
            0.1749399210611979,
            0.3957749430338542
        ]
    ],
    "labels": [
        "bottle",
        "people",
        "bottle",
        "bottle",
        "flower"
    ],
    "scores": [
        0.8642171025276184,
        0.5883938074111938,
        0.3817809224128723,
        0.37716764211654663,
        0.20867854356765747
    ]
}