{
    "matched_indices": [
        4,
        3,
        0,
        2,
        1,
        10,
        5,
        7,
        6,
        8
    ],
    "iou_matrix": [
        [
            0.03855517812093414,
            0.1389604600943226,
            0.9919343913577784,
            0.025040448383944574,
            0.0,
            0.0,
            0.0,
            0.0,
            0.0,
            0.0
        ],
        [
            0.0,
            0.0,
            0.0,
            0.03059654989449896,
            0.9222679805747085,
            0.0,
            0.0,
            0.10954139672757958,
            0.0,
            0.0
        ],
        [
            0.0,
            0.0,
            0.02489006401495428,
            0.9867561058328239,
            0.029581865656921957,
            0.0,
            0.0,
            0.0,
            0.0,
            0.0
        ],
        [
            0.0,
            0.9455564407524685,
            0.1471528762024502,
            0.0,
            0.0,
            0.03694555580139069,
            0.016172184113045694,
            0.0,
            0.0,
            0.0
        ],
        [
            0.9784614114767811,
            0.0,
            0.03638529389489953,
            0.0,
            0.0,
            0.0,
            0.0,
            0.0,
            0.0,
            0.0
        ],
        [
            0.0,
            0.005119964614426051,
            0.0,
            0.0,
            0.0,
            0.328460482772824,
            0.8742646434316221,
            0.0,
            0.1482443070687419,
            0.0
        ],
        [
            0.0,
            0.0,
            0.0,
            0.0,
            0.0,
            0.006575378794611401,
            0.17722382808422102,
            0.0,
            0.9512739422837385,
            0.0
        ],
        [
            0.0,
            0.0,
            0.0,
            0.0,
            0.06944486692954932,
            0.0,
            0.0,
            0.9510494452683715,
            0.0,
            0.0
        ],
        [
            0.0,
            0.0,
            0.0,
            0.0,
            0.0,
            0.0,
            0.0,
            0.0,
            0.0,
            0.9779009400700053
        ],
        [
            0.0,
            0.004991605444744802,
            0.0,
            0.0,
            0.0,
            0.41250793733101354,
            0.14391475737958415,
            0.0,
            0.0,
            0.0
        ],
        [
            0.0,
            0.009293240549204286,
            0.0,
            0.0,
            0.0,
            0.6857041751982833,
            0.3822867671152649,
            0.0,
            0.0,
            0.0
        ],
        [
            0.0,
            0.0,
            0.0,
            0.0,
            0.0,
            0.0,
            0.0,
            0.0,
            0.0,
            0.9731999375276771
        ]
    ],
    "num_matches": 10,
    "num_GT_boxes": 10,
    "used_labels": [
        "airplane",
        "apple",
        "balloon",
        "banana",
        "basket",
        "bee",
        "bench",
        "bicycle",
        "bird",
        "bottle",
        "bucket",
        "bus",
        "butterfly",
        "car",
        "cat",
        "chair",
        "chicken",
        "cloud",
        "cow",
        "cup",
        "dinnerware",
        "dog",
        "duck",
        "fence",
        "flower",
        "grape",
        "grass",
        "horse",
        "house",
        "moon",
        "mountain",
        "people",
        "picnic rug",
        "pig",
        "rabbit",
        "road",
        "sheep",
        "sofa",
        "star",
        "street lamp",
        "sun",
        "table",
        "tree",
        "truck",
        "umbrella",
        "others"
    ]
}