{
    "matched_indices": [
        1,
        1,
        0,
        2,
        1,
        1,
        1,
        0,
        1,
        1,
        0,
        0,
        2
    ],
    "iou_matrix": [
        [
            0.0,
            0.18333503180857602,
            0.9919828875576985,
            0.0,
            0.0,
            0.0,
            0.0,
            0.11504106804782917,
            0.0,
            0.0,
            0.0,
            0.0,
            0.0
        ],
        [
            0.2024684311419026,
            0.9831751552378416,
            0.18113490142725155,
            0.03440655435159968,
            0.056189709753164695,
            0.0660118857273717,
            0.0388859069380044,
            0.030500087267211217,
            0.03606559120743787,
            0.025991475020842245,
            0.0,
            0.0,
            0.0
        ],
        [
            0.0,
            0.03338386111859632,
            0.0,
            0.977659651338996,
            0.0,
            0.0,
            0.0,
            0.0,
            0.0,
            0.0,
            0.0,
            0.0,
            0.0014529163036349302
        ]
    ],
    "num_matches": 3,
    "num_GT_boxes": 13,
    "used_labels": [
        "airplane",
        "apple",
        "balloon",
        "banana",
        "basket",
        "bee",
        "bench",
        "bicycle",
        "bird",
        "bottle",
        "bucket",
        "bus",
        "butterfly",
        "car",
        "cat",
        "chair",
        "chicken",
        "cloud",
        "cow",
        "cup",
        "dinnerware",
        "dog",
        "duck",
        "fence",
        "flower",
        "grape",
        "grass",
        "horse",
        "house",
        "moon",
        "mountain",
        "people",
        "picnic rug",
        "pig",
        "rabbit",
        "road",
        "sheep",
        "sofa",
        "star",
        "street lamp",
        "sun",
        "table",
        "tree",
        "truck",
        "umbrella",
        "others"
    ]
}