{
    "matched_indices": [
        15,
        9,
        13,
        11,
        2,
        1,
        6,
        7,
        5,
        3,
        4,
        0,
        12
    ],
    "iou_matrix": [
        [
            0.0,
            0.0,
            0.10211984719829531,
            0.0,
            0.0,
            0.0,
            0.0,
            0.0,
            0.0,
            0.0,
            0.0,
            0.968952632944052,
            0.0
        ],
        [
            0.0,
            0.01054059257104229,
            0.0,
            0.012747362376547876,
            0.0,
            0.9743120911042834,
            0.0,
            0.0,
            0.0,
            0.0,
            0.0,
            0.0,
            0.0
        ],
        [
            0.0,
            0.04394970559644239,
            0.0,
            0.0,
            0.964402269531071,
            0.0,
            0.0,
            0.0,
            0.0,
            0.0,
            0.0,
            0.0,
            0.0
        ],
        [
            0.0009475280872758373,
            0.0,
            0.0016268562258327575,
            0.0,
            0.0,
            0.0,
            0.0,
            0.0,
            0.0,
            0.9794371835053328,
            0.0,
            0.0,
            0.0
        ],
        [
            0.0,
            0.22767569065848825,
            0.0,
            0.0,
            0.0,
            0.0,
            0.01856442819009743,
            0.0,
            0.0,
            0.0,
            0.983991102157503,
            0.0,
            0.10613224350002462
        ],
        [
            0.0,
            0.0,
            0.0,
            0.0,
            0.0,
            0.0,
            0.0,
            0.0,
            0.9911096121533793,
            0.0,
            0.0,
            0.0,
            0.013717091940485947
        ],
        [
            0.0,
            0.0,
            0.0,
            0.0,
            0.0,
            0.0,
            0.9881371969774178,
            0.0,
            0.0,
            0.0,
            0.019499816323817597,
            0.0,
            0.305039922107504
        ],
        [
            0.0,
            0.0,
            0.0,
            0.0,
            0.0,
            0.0,
            0.0,
            0.9588161497906991,
            0.0,
            0.0,
            0.0,
            0.0,
            0.0
        ],
        [
            0.0,
            0.0,
            0.4096491302184598,
            0.0,
            0.0,
            0.0,
            0.0,
            0.0,
            0.0,
            0.0,
            0.0,
            0.0,
            0.0
        ],
        [
            0.0,
            0.9770049662487181,
            0.0,
            0.0,
            0.04579144518257604,
            0.011635856854364322,
            0.0,
            0.0,
            0.0,
            0.0,
            0.21715051905744737,
            0.0,
            0.0
        ],
        [
            0.4757367968725047,
            0.0,
            0.18618294009625766,
            0.0,
            0.0,
            0.0,
            0.0,
            0.0,
            0.0,
            0.010193120290401635,
            0.0,
            0.004735217815465507,
            0.0
        ],
        [
            0.0,
            0.0,
            0.0,
            0.9739683621386862,
            0.0,
            0.010676417813669965,
            0.0,
            0.0,
            0.0,
            0.0,
            0.0,
            0.0,
            0.0
        ],
        [
            0.0,
            0.0,
            0.0,
            0.0,
            0.0,
            0.0,
            0.30998473867596293,
            0.0,
            0.014663608624056997,
            0.0,
            0.10267030992240607,
            0.0,
            0.9655745271319962
        ],
        [
            0.013810279841967822,
            0.0,
            0.4164422198184508,
            0.0,
            0.0,
            0.0,
            0.0,
            0.0,
            0.0,
            0.0024047568041851188,
            0.0,
            0.20021422891398064,
            0.0
        ],
        [
            0.0,
            0.03874699964475421,
            0.0,
            0.0,
            0.0,
            0.0,
            0.21046535414474407,
            0.0,
            0.017080497861597436,
            0.0,
            0.21117295080295506,
            0.0,
            0.6642710164763845
        ],
        [
            0.9625381483305849,
            0.0,
            0.008560030393938645,
            0.0,
            0.0,
            0.0,
            0.0,
            0.0,
            0.0,
            0.0,
            0.0,
            0.0,
            0.0
        ],
        [
            0.021819553105628133,
            0.17096243374106992,
            0.11306771199597022,
            0.14621108660242002,
            0.016364664829221096,
            0.016970763526599656,
            0.0,
            0.012728072644949734,
            0.058069314310049885,
            0.020065043351832238,
            0.08684344536729795,
            0.03545677379664572,
            0.011485574290965667
        ],
        [
            0.0,
            0.6631922100261217,
            0.0,
            0.0,
            0.017393297072772786,
            0.0,
            0.0,
            0.0,
            0.0,
            0.0,
            0.2827358790405869,
            0.0,
            0.0
        ]
    ],
    "num_matches": 12,
    "num_matches_with_correct_class": 0,
    "num_GT_boxes": 13,
    "used_labels": [
        "car",
        "tree",
        "house",
        "road",
        "mountain"
    ],
    "map_score": 0.0
}