{
    "matched_indices": [
        3,
        2,
        1,
        4,
        0,
        7,
        11,
        10,
        6,
        5,
        8
    ],
    "iou_matrix": [
        [
            0.0,
            0.0,
            0.0,
            0.0,
            0.994116049199718,
            0.010661891311377432,
            0.0,
            0.018135731922768277,
            0.03194516626552656,
            0.02907918065189445,
            0.0
        ],
        [
            0.0036800308893926758,
            0.0,
            0.9662231546596218,
            0.16275424756523962,
            0.0,
            0.0,
            0.0,
            0.0,
            0.0,
            0.0,
            0.0
        ],
        [
            0.08885065209379467,
            0.9306045885785272,
            0.0,
            0.00014020697655757098,
            0.0,
            0.0,
            0.0,
            0.0,
            0.0,
            0.0,
            0.0
        ],
        [
            0.8567295013254671,
            0.14666792827162695,
            0.009721310114437044,
            0.07758758822541749,
            0.0,
            0.0,
            0.0,
            0.0,
            0.0,
            0.0,
            0.0
        ],
        [
            0.034173019506576606,
            0.022683338372612223,
            0.17239639818888872,
            0.9711082445079099,
            0.0,
            0.0,
            0.0,
            0.0,
            0.0,
            0.0,
            0.0
        ],
        [
            0.0,
            0.0,
            0.0,
            0.0,
            0.028432562985042428,
            0.0,
            0.0012139667246381881,
            0.04440571720914783,
            0.0,
            0.9689517766672223,
            0.0012678135908948285
        ],
        [
            0.0,
            0.0,
            0.0,
            0.0,
            0.03086740519395944,
            0.0,
            0.0,
            0.0,
            0.9652849428264582,
            0.0,
            0.0
        ],
        [
            0.0,
            0.0,
            0.0,
            0.0,
            0.009715268886118653,
            0.981477197680225,
            0.0,
            0.0,
            0.0,
            0.0,
            0.0
        ],
        [
            0.0,
            0.0,
            0.0,
            0.0,
            0.0,
            0.0,
            0.6172729572863315,
            0.16353908761500546,
            0.0,
            0.0017853479124548593,
            0.9826973336739485
        ],
        [
            0.0,
            0.0,
            0.0,
            0.0,
            0.04993472716276442,
            0.023809113269289455,
            0.0,
            0.0,
            0.0,
            0.0,
            0.0
        ],
        [
            0.0,
            0.0,
            0.0,
            0.0,
            0.018264283036161916,
            0.0,
            0.1300780614997536,
            0.9874977956704534,
            0.0,
            0.04769757005057701,
            0.16828453411852445
        ],
        [
            0.0,
            0.0,
            0.0,
            0.0,
            0.0,
            0.0,
            0.9627177630137725,
            0.12181525532899115,
            0.0,
            0.0,
            0.6072462058819252
        ],
        [
            0.0,
            0.0,
            0.0,
            0.0,
            0.0,
            0.0,
            0.6982621118526054,
            0.06127648283181201,
            0.0,
            0.0,
            0.4466473283121776
        ],
        [
            0.0,
            0.0,
            0.0,
            0.0,
            0.02242165816104691,
            0.0,
            0.2052357475591606,
            0.7634369921603097,
            0.0,
            0.12481702454710611,
            0.26087551482523463
        ],
        [
            0.0,
            0.0,
            0.0,
            0.0,
            0.04993472716276442,
            0.023809113269289455,
            0.0,
            0.0,
            0.0,
            0.0,
            0.0
        ],
        [
            0.0,
            0.0,
            0.0,
            0.0,
            0.018996184739202587,
            0.0,
            0.07020976950452626,
            0.7028415710076088,
            0.0,
            0.06038575644289213,
            0.09342652387229514
        ]
    ],
    "num_matches": 11,
    "num_matches_with_correct_class": 0,
    "num_GT_boxes": 11,
    "used_labels": [
        "flower",
        "dog",
        "sun",
        "people",
        "cloud",
        "grass"
    ],
    "map_score": 0.0
}