{
    "mean_iou": 0.677412185476084,
    "mean_dice": 0.7305754915372997,
    "missed_matches": 3,
    "total_matches": 10,
    "success_rate": 0.7,
    "time": "2024-09-23 00:31:59"
}