{
    "matched_indices": [
        13,
        12,
        0,
        2,
        5,
        6,
        4,
        1,
        3,
        16,
        8,
        7,
        9
    ],
    "iou_matrix": [
        [
            0.003326942496674956,
            0.001339369792651298,
            0.9375234037996859,
            0.006417120482033504,
            0.008194703092878201,
            0.0,
            0.0,
            0.016535872583107465,
            0.1869269182434396,
            0.012462603178374727,
            0.010921807675300963,
            0.012426841873283762,
            0.0
        ],
        [
            0.0,
            0.25891488248223593,
            0.01396797583377504,
            0.0,
            0.0,
            0.0,
            0.0,
            0.9806503575495659,
            0.0,
            0.0,
            0.034095264296001945,
            0.0,
            0.0
        ],
        [
            0.0,
            0.0,
            0.005921235699860473,
            0.9846181022613074,
            0.0,
            0.0,
            0.0,
            0.0,
            0.0,
            0.0,
            0.0,
            0.0,
            0.0
        ],
        [
            0.06918606605130613,
            0.0,
            0.16181006667010445,
            0.0,
            0.0,
            0.0,
            0.0,
            0.0,
            0.9956483591568845,
            0.024098268751285016,
            0.0,
            0.0,
            0.010390547085206179
        ],
        [
            0.0,
            0.0,
            0.0,
            0.0,
            0.0,
            0.0,
            0.9579083594651625,
            0.0,
            0.0,
            0.0,
            0.0,
            0.0,
            0.0
        ],
        [
            0.0,
            0.0,
            0.00865287362640345,
            0.0,
            0.9417231714392313,
            0.0,
            0.0,
            0.0,
            0.0,
            0.0,
            0.0,
            0.0,
            0.0
        ],
        [
            0.0,
            0.0,
            0.0,
            0.0,
            0.0,
            0.9382201837122929,
            0.0,
            0.0,
            0.0,
            0.0,
            0.0,
            0.0,
            0.0
        ],
        [
            0.0,
            0.0,
            0.012743780743698052,
            0.0,
            0.0,
            0.0,
            0.0,
            0.0,
            0.0,
            0.0,
            0.0,
            0.9371393083231276,
            0.0487024535736212
        ],
        [
            0.0,
            0.009996519964030413,
            0.010836014200431838,
            0.0,
            0.0,
            0.0,
            0.0,
            0.036236700913041806,
            0.0,
            0.0,
            0.9343384429302615,
            0.0,
            0.02041847982120785
        ],
        [
            0.0,
            0.004680782157678074,
            0.05747922663261621,
            0.0,
            0.0,
            0.0,
            0.0,
            0.024618389085434806,
            0.021447878740599252,
            0.1752374705428175,
            0.1752374705428174,
            0.19585364354785484,
            0.1182296401839281
        ],
        [
            0.0,
            0.0,
            0.31859097297099914,
            0.07968639345345942,
            0.030110831872947198,
            0.032873293512667136,
            0.03085457154517949,
            0.025298917167432215,
            0.06809265350128477,
            0.0,
            0.0,
            0.0,
            0.0
        ],
        [
            0.002629494796018299,
            0.0010140363187854079,
            0.93060151488968,
            0.006117995402640462,
            0.008020732665676015,
            0.0,
            0.0,
            0.0159032390004453,
            0.18706510240101068,
            0.014676728745943808,
            0.012689185369244776,
            0.014634825472013977,
            0.0
        ],
        [
            0.0,
            0.9009096577311141,
            0.0010129191637377878,
            0.0,
            0.0,
            0.0,
            0.0,
            0.2554537193695136,
            0.0,
            0.0,
            0.010950022220199368,
            0.0,
            0.0
        ],
        [
            0.0891271810147366,
            0.0,
            0.1384048640825352,
            0.0,
            0.0,
            0.0,
            0.0,
            0.0,
            0.7220133382040371,
            0.0,
            0.0,
            0.0,
            0.0
        ],
        [
            0.02153899965004214,
            0.0490039260288907,
            0.4453368017055109,
            0.0,
            0.0,
            0.0,
            0.0,
            0.18702466643228313,
            0.2899432004371823,
            0.02554902497600958,
            0.025549024976009565,
            0.026642335114684095,
            0.023689301298259247
        ],
        [
            0.0,
            0.0,
            0.0,
            0.0,
            0.0,
            0.0,
            0.9539957729478911,
            0.0,
            0.0,
            0.0,
            0.0,
            0.0,
            0.0
        ],
        [
            0.0,
            0.0,
            0.011579277417276034,
            0.0,
            0.0,
            0.0,
            0.0,
            0.0,
            0.02424788483017995,
            0.9650239633744665,
            0.0,
            0.0,
            0.01657409592379025
        ]
    ],
    "true_pos": 11,
    "false_pos": 6,
    "unmatched": 2,
    "num_GT_boxes": 13,
    "used_labels": [
        "house",
        "fence",
        "cloud",
        "grass",
        "tree",
        "sun",
        "others"
    ]
}