{
    "matched_indices": [
        4,
        5,
        4,
        5,
        0,
        1,
        5,
        1,
        1,
        5,
        4,
        0,
        5,
        2,
        3,
        7,
        6,
        4
    ],
    "iou_matrix": [
        [
            0.0,
            0.24606076142606267,
            0.0,
            0.2424547657901832,
            0.9933319143275103,
            0.0,
            0.0,
            0.0,
            0.0,
            0.0,
            0.0,
            0.02298123317910531,
            0.0,
            0.0,
            0.0,
            0.0,
            0.0,
            0.00856056908393254
        ],
        [
            0.3722066762470676,
            0.0,
            0.27420381122779697,
            0.0,
            0.0,
            0.9923838387434696,
            0.005083471225182433,
            0.05692460982501554,
            0.008944691930810253,
            0.0,
            0.0,
            0.0,
            0.00946571922666976,
            0.0,
            0.0,
            0.0,
            0.0,
            0.17720839608214078
        ],
        [
            0.0,
            0.0,
            0.0,
            0.0,
            0.0,
            0.0,
            0.0,
            0.0,
            0.0,
            0.0,
            0.0,
            0.0,
            0.0,
            0.9951589525930128,
            0.0,
            0.0,
            0.0,
            0.0
        ],
        [
            0.0,
            0.0,
            0.0,
            0.0,
            0.0,
            0.0,
            0.0,
            0.0,
            0.0,
            0.0,
            0.0,
            0.0,
            0.0,
            0.0,
            0.9923106541780695,
            0.0,
            0.0,
            0.0
        ],
        [
            0.443454053225081,
            0.020403643627689042,
            0.9646979886181712,
            0.0,
            0.0,
            0.28975178213245917,
            0.00042374952088500495,
            0.005886725099515081,
            0.006922610351230505,
            0.0,
            0.004612057286416416,
            0.0,
            0.013993068413582622,
            0.0,
            0.0,
            0.0,
            0.0,
            0.5019072979396134
        ],
        [
            0.011439114344594586,
            0.5285987130178672,
            0.04506917883581143,
            0.6624206271082507,
            0.19199247272562758,
            0.0022808627419336363,
            0.005155694151038891,
            0.0,
            0.0,
            0.010956159284489784,
            0.0,
            0.0,
            0.01902955361387283,
            0.0,
            0.0,
            0.0,
            0.0,
            0.13615632481472514
        ],
        [
            0.0,
            0.0,
            0.0,
            0.0,
            0.0,
            0.0,
            0.0,
            0.0,
            0.0,
            0.0,
            0.0,
            0.0,
            0.0,
            0.0,
            0.0,
            0.0,
            0.9360432388528591,
            0.0
        ],
        [
            0.0,
            0.0,
            0.0,
            0.0,
            0.0,
            0.0,
            0.0,
            0.0,
            0.0,
            0.0,
            0.0,
            0.0,
            0.0,
            0.0,
            0.0,
            0.9492647528964049,
            0.0,
            0.0
        ],
        [
            0.0,
            0.0,
            0.0,
            0.0,
            0.0,
            0.0,
            0.0,
            0.0,
            0.0,
            0.0,
            0.0,
            0.0,
            0.0,
            0.0,
            0.0,
            0.9492647528964049,
            0.0,
            0.0
        ]
    ],
    "num_matches": 8,
    "num_matches_with_correct_class": -1,
    "num_GT_boxes": 18,
    "used_labels": [
        "others",
        "fence",
        "dog",
        "house",
        "cup",
        "bird",
        "cloud",
        "grass"
    ],
    "map_score": 0.018935643136501312
}