{
    "bboxes": [
        [
            0.7600772298177083,
            0.29229746500651044,
            0.8640712076822916,
            0.3708485107421875
        ],
        [
            0.17299259440104167,
            0.1491394246419271,
            0.720640625,
            0.7753466796875
        ],
        [
            0.7478131510416667,
            0.5112461751302083,
            0.84210595703125,
            0.5946254475911459
        ],
        [
            0.0008957385222117106,
            0.6877034505208334,
            0.9995703938802083,
            0.9982562662760417
        ]
    ],
    "labels": [
        "road",
        "flower",
        "road",
        "rabbit"
    ],
    "scores": [
        0.9126923084259033,
        0.4702329635620117,
        0.44647884368896484,
        0.2048090398311615
    ]
}