{
    "bboxes": [
        [
            0.3242505900065104,
            0.8169033203125,
            0.6117522379557292,
            0.9985537923177084
        ],
        [
            0.07901990254720052,
            0.6111844889322917,
            0.29962835693359374,
            0.8098961588541667
        ],
        [
            0.1961424357096354,
            0.6449195556640624,
            0.6430302734375,
            0.87190673828125
        ],
        [
            0.15966909790039063,
            0.06449064636230468,
            0.6503676350911458,
            0.6347462972005208
        ],
        [
            0.18981608072916667,
            0.06823796081542968,
            0.6497432454427083,
            0.8767076822916666
        ],
        [
            0.585451171875,
            0.5187115071614583,
            0.7596294759114584,
            0.6772517903645834
        ],
        [
            0.1961424357096354,
            0.6449195556640624,
            0.6430302734375,
            0.87190673828125
        ],
        [
            0.2213262939453125,
            0.5586310221354167,
            0.42462504069010415,
            0.73047802734375
        ],
        [
            0.19613859049479165,
            0.6448009847005208,
            0.6467588297526041,
            0.996925048828125
        ]
    ],
    "labels": [
        "road",
        "people",
        "road",
        "road",
        "road",
        "people",
        "tree",
        "people",
        "road"
    ],
    "scores": [
        0.2719610929489136,
        0.2670024037361145,
        0.23865696787834167,
        0.2187541276216507,
        0.21869932115077972,
        0.20925475656986237,
        0.2037927806377411,
        0.2031990885734558,
        0.20155774056911469
    ]
}