{
    "matched_indices": [
        2,
        1,
        3,
        3,
        4,
        0,
        3,
        5,
        1,
        0,
        0,
        0,
        0,
        0,
        0
    ],
    "iou_matrix": [
        [
            0.0,
            0.0,
            0.0,
            6.191594779603128e-05,
            0.0,
            0.0,
            0.0,
            0.0,
            0.0,
            0.019980981124718036,
            9.653868697979803e-05,
            0.024093225266582113,
            0.0,
            0.9928887657342721,
            0.17823446547561192
        ],
        [
            0.032470425185097955,
            0.8000205395313239,
            0.0,
            0.0,
            0.46021231780853145,
            0.0,
            0.0,
            0.0,
            0.08201617380148025,
            0.0,
            0.0,
            0.0,
            0.0,
            0.0,
            0.016661187212779635
        ],
        [
            0.9692388068568869,
            0.016812156388679677,
            0.0,
            0.0,
            0.050543259095982895,
            0.0,
            0.0,
            0.0,
            0.0,
            0.0,
            0.0,
            0.0,
            0.0,
            0.0,
            0.0
        ],
        [
            0.0,
            0.0,
            0.1693471054619065,
            0.9865755196495447,
            0.0,
            0.0,
            0.04885343294127202,
            0.03452879254657537,
            0.0,
            0.0,
            0.0,
            0.0,
            0.0,
            0.0,
            0.014519256819052539
        ],
        [
            0.06594272121223652,
            0.19155603514079897,
            0.0,
            0.0,
            0.7355754189544472,
            0.0,
            0.0,
            0.0,
            0.0,
            0.0,
            0.0,
            0.0,
            0.0,
            0.0,
            0.0
        ],
        [
            0.0,
            0.0,
            0.0,
            0.03783666798842713,
            0.0,
            0.0,
            0.0,
            0.9754193411055593,
            0.0,
            0.0,
            0.0,
            0.0,
            0.0,
            0.0,
            0.06478233723997863
        ]
    ],
    "num_matches": 6,
    "num_GT_boxes": 15,
    "used_labels": [
        "airplane",
        "apple",
        "balloon",
        "banana",
        "basket",
        "bee",
        "bench",
        "bicycle",
        "bird",
        "bottle",
        "bucket",
        "bus",
        "butterfly",
        "car",
        "cat",
        "chair",
        "chicken",
        "cloud",
        "cow",
        "cup",
        "dinnerware",
        "dog",
        "duck",
        "fence",
        "flower",
        "grape",
        "grass",
        "horse",
        "house",
        "moon",
        "mountain",
        "people",
        "picnic rug",
        "pig",
        "rabbit",
        "road",
        "sheep",
        "sofa",
        "star",
        "street lamp",
        "sun",
        "table",
        "tree",
        "truck",
        "umbrella",
        "others"
    ]
}