{
    "bboxes": [
        [
            0.16701148478190103,
            0.4253162841796875,
            0.5849435221354167,
            0.67205029296875
        ],
        [
            0.012438266754150391,
            0.6499700520833334,
            0.994590576171875,
            0.943718017578125
        ],
        [
            0.19857755533854166,
            0.3240623982747396,
            0.3220566813151042,
            0.4741405843098958
        ],
        [
            0.6755983479817709,
            0.2628162434895833,
            0.9319228515625,
            0.6497314860026042
        ],
        [
            0.054914077758789065,
            0.22796238199869792,
            0.1686390177408854,
            0.49436189778645834
        ],
        [
            0.6125596110026041,
            0.5186306559244792,
            0.7347857259114583,
            0.650713623046875
        ],
        [
            0.0012160240809122721,
            0.17008157348632813,
            0.4788462320963542,
            0.27807961018880206
        ],
        [
            0.6124160563151042,
            0.5184601643880208,
            0.7847587076822916,
            0.650695068359375
        ],
        [
            0.7110186360677083,
            0.5496169840494791,
            0.786054443359375,
            0.650095947265625
        ],
        [
            0.5991510416666667,
            0.17239811197916666,
            0.9663355305989584,
            0.3822864990234375
        ],
        [
            0.0011037885348002116,
            0.0012708603541056315,
            0.9994623209635417,
            0.4195127766927083
        ],
        [
            0.6120606282552083,
            0.5183851318359375,
            0.7850939127604166,
            0.650623046875
        ]
    ],
    "labels": [
        "tree",
        "chicken",
        "fence",
        "house",
        "house",
        "others",
        "cow",
        "others",
        "others",
        "cow",
        "cow",
        "grass"
    ],
    "scores": [
        0.967058539390564,
        0.9163614511489868,
        0.8943843841552734,
        0.8472035527229309,
        0.5188573002815247,
        0.45666608214378357,
        0.3580358922481537,
        0.33983445167541504,
        0.33476996421813965,
        0.3291204273700714,
        0.23185262084007263,
        0.224591463804245
    ]
}