{
    "bboxes": [
        [
            0.6788000081380209,
            0.7713740234375,
            0.7311272786458334,
            0.8238505045572917
        ],
        [
            0.5999405110677083,
            0.1458661804199219,
            0.7443578287760416,
            0.2774025675455729
        ],
        [
            0.31605147298177083,
            0.2657013142903646,
            0.51633544921875,
            0.9037255045572916
        ]
    ],
    "labels": [
        "bee",
        "street lamp",
        "mountain"
    ],
    "scores": [
        0.8290849924087524,
        0.2771632671356201,
        0.21255898475646973
    ]
}