{
    "matched_indices": [
        10,
        3,
        7,
        8,
        0,
        1,
        6,
        4,
        2,
        5,
        9,
        0,
        9,
        5,
        5,
        5,
        0
    ],
    "iou_matrix": [
        [
            0.0,
            0.0,
            0.0,
            0.0,
            0.9325988231392117,
            0.0,
            0.0,
            0.0,
            0.08879564953963999,
            0.0,
            0.0026377892264297757,
            0.020197667486477278,
            0.0,
            0.0,
            0.0,
            0.0,
            0.30805909372064444
        ],
        [
            0.042658674328588594,
            0.0,
            0.0,
            0.0,
            0.0,
            0.9677858613027192,
            0.0,
            0.002582909131041342,
            0.0,
            0.0,
            0.0,
            0.0,
            0.0,
            0.0,
            0.0,
            0.0,
            0.02967908641549493
        ],
        [
            0.0,
            0.0,
            0.0,
            0.0,
            0.07681229616772638,
            0.0,
            0.0,
            0.0,
            0.9465644273799383,
            0.0,
            0.0,
            0.0,
            0.0,
            0.0,
            0.0,
            0.0,
            0.0
        ],
        [
            0.0,
            0.9193968418483579,
            0.0,
            0.035192634203404606,
            0.0,
            0.0,
            0.0,
            0.0,
            0.0,
            0.0,
            0.0,
            0.0,
            0.0,
            0.0,
            0.0,
            0.0,
            0.0
        ],
        [
            0.0,
            0.0,
            0.0,
            0.0,
            0.0,
            0.002346075941765489,
            0.0,
            0.9456282852193295,
            0.0,
            0.0,
            0.0,
            0.0,
            0.0,
            0.0,
            0.0,
            0.002982891868510978,
            0.0
        ],
        [
            0.020446106751566023,
            0.026692199129137145,
            0.014354602399839338,
            0.014906702492140855,
            0.1682801081335012,
            0.13829592985568712,
            0.036823235822869914,
            0.05329606224350606,
            0.04963195796426502,
            0.0162423873531072,
            0.024089967360756012,
            0.00475542212835704,
            0.0052118248713262875,
            0.004126028023133314,
            0.005454748911938944,
            0.004126028023133302,
            0.21693116826711056
        ],
        [
            0.0,
            0.0,
            0.0,
            0.0,
            0.0,
            0.0,
            0.915799561743968,
            0.0,
            0.0,
            0.0,
            0.0,
            0.0,
            0.0,
            0.0,
            0.0,
            0.0,
            0.0
        ],
        [
            0.0,
            0.0,
            0.8927697615613213,
            0.0,
            0.0,
            0.0,
            0.0,
            0.0,
            0.0,
            0.0,
            0.0,
            0.0,
            0.0,
            0.0,
            0.0,
            0.0,
            0.0
        ],
        [
            0.0,
            0.035103566219539875,
            0.0,
            0.9462555519746317,
            0.0,
            0.0,
            0.0,
            0.0,
            0.0,
            0.0,
            0.0,
            0.0,
            0.0,
            0.0,
            0.0,
            0.0,
            0.0
        ],
        [
            0.0,
            0.0,
            0.0,
            0.0,
            0.0,
            0.0,
            0.0,
            0.0,
            0.0,
            0.0,
            0.9559146087010103,
            0.0,
            0.032154744353586014,
            0.0,
            0.0,
            0.0,
            0.08000730543341249
        ],
        [
            0.9455513278820014,
            0.0,
            0.0,
            0.0,
            0.0,
            0.04199000902228102,
            0.0,
            0.0,
            0.0,
            0.0,
            0.0,
            0.0,
            0.0006150238575815916,
            0.0,
            0.0,
            0.0,
            0.056146719513190994
        ]
    ],
    "num_matches": 10,
    "num_GT_boxes": 17
}