{
    "bboxes": [
        [
            0.35803727213541664,
            0.6095218912760416,
            0.6655979410807291,
            0.9059300130208333
        ],
        [
            0.6267593994140624,
            0.07971009318033855,
            0.9695485026041667,
            0.4446685384114583
        ],
        [
            0.0026994943618774414,
            0.3421390380859375,
            0.9957908528645834,
            0.9937491861979166
        ],
        [
            0.0018722413380940755,
            0.3425984700520833,
            0.99716162109375,
            0.9942809244791667
        ],
        [
            0.35846065266927085,
            0.6836035970052083,
            0.6298075358072917,
            0.90567138671875
        ],
        [
            0.000783692995707194,
            0.7866481119791666,
            0.11961883544921875,
            0.9905852864583333
        ],
        [
            0.7287593587239584,
            0.17382891845703125,
            0.9332176106770833,
            0.443571533203125
        ],
        [
            0.845383544921875,
            0.17094814046223958,
            0.9304188639322917,
            0.4393157552083333
        ],
        [
            0.0027549562454223632,
            0.3414498291015625,
            0.9955804850260417,
            0.9928126627604167
        ],
        [
            0.73108056640625,
            0.18540447998046874,
            0.8065,
            0.441595947265625
        ],
        [
            0.0027549562454223632,
            0.3414498291015625,
            0.9955804850260417,
            0.9928126627604167
        ],
        [
            0.024936182657877604,
            0.06601970418294272,
            0.33019647216796877,
            0.3030354207356771
        ],
        [
            0.0026336310704549153,
            0.0074722169240315755,
            0.996836669921875,
            0.993885498046875
        ],
        [
            0.7975704752604167,
            0.224350830078125,
            0.8539390462239583,
            0.4405084635416667
        ]
    ],
    "labels": [
        "tree",
        "grass",
        "road",
        "car",
        "tree",
        "grass",
        "grass",
        "grass",
        "mountain",
        "grass",
        "car",
        "mountain",
        "car",
        "grass"
    ],
    "scores": [
        0.35447829961776733,
        0.3463991582393646,
        0.34143924713134766,
        0.30172932147979736,
        0.2980259656906128,
        0.27279365062713623,
        0.2659474015235901,
        0.2513975203037262,
        0.23370562493801117,
        0.2323196679353714,
        0.23127615451812744,
        0.22067348659038544,
        0.20998422801494598,
        0.20105212926864624
    ]
}