{
    "matched_indices": [
        6,
        9,
        2,
        0,
        5,
        8,
        12,
        10,
        4,
        7,
        3
    ],
    "iou_matrix": [
        [
            0.10278752276275786,
            0.0,
            0.0,
            0.9710284324971528,
            0.0,
            0.0,
            0.0,
            0.0918842220782336,
            0.0,
            0.0,
            0.0
        ],
        [
            0.9688275933431764,
            0.0,
            0.0,
            0.09458968384352193,
            0.0,
            0.0,
            0.0,
            0.026401506296967022,
            0.0,
            0.0,
            0.0
        ],
        [
            0.0,
            0.0,
            0.9822802163510225,
            0.0,
            0.0,
            0.0375967898026249,
            0.0,
            0.0,
            0.0,
            0.0,
            0.0
        ],
        [
            0.0,
            0.0,
            0.0,
            0.0,
            0.001262862034419449,
            0.0,
            0.0,
            0.0,
            0.0,
            0.0,
            0.7838084614764693
        ],
        [
            0.0,
            0.0,
            0.0,
            0.0,
            0.0,
            0.0,
            0.0,
            0.0,
            0.9211758137142305,
            0.0,
            0.0
        ],
        [
            0.26425428321149835,
            0.1718820159009969,
            0.0,
            0.08936677259496784,
            0.009124070344077886,
            0.0,
            0.05164308793910964,
            0.1331880931249432,
            0.0,
            0.0,
            0.31771898547240296
        ],
        [
            0.9701759698611875,
            0.0,
            0.0,
            0.09542085082819762,
            0.0,
            0.0,
            0.0,
            0.026263611564549663,
            0.0,
            0.0,
            0.0
        ],
        [
            0.0,
            0.0,
            0.0,
            0.0,
            0.0,
            0.0,
            0.0,
            0.0,
            0.0,
            0.9272201747102916,
            0.0
        ],
        [
            0.0,
            0.0,
            0.041261958921311126,
            0.0,
            0.0,
            0.9184708418938154,
            0.0,
            0.0,
            0.0,
            0.0,
            0.0
        ],
        [
            0.0,
            0.7051612123287451,
            0.0,
            0.0,
            0.0,
            0.0,
            0.04324475806647922,
            0.12562079543987956,
            0.0,
            0.0,
            0.20210711581112573
        ],
        [
            0.01074541921177599,
            0.1662969467387256,
            0.0,
            0.043793473432065355,
            0.0,
            0.0,
            0.056879834219175265,
            0.8964502760660733,
            0.0,
            0.0,
            0.0
        ],
        [
            0.0,
            0.0,
            0.0,
            0.0,
            0.0,
            0.0,
            0.0,
            0.0,
            0.0,
            0.0,
            0.5358814994649099
        ],
        [
            0.0,
            0.06519453244025647,
            0.0,
            0.0,
            0.0,
            0.0,
            0.9250389840653721,
            0.07228174002195348,
            0.0,
            0.0,
            0.025057256475746505
        ],
        [
            0.009987175172453367,
            0.24142295924029641,
            0.0,
            0.03521055019128403,
            0.0,
            0.0,
            0.2819835147534329,
            0.623164834791223,
            0.0,
            0.0,
            0.027432083776982804
        ]
    ],
    "num_matches": 10,
    "num_matches_with_correct_class": 1,
    "num_GT_boxes": 11,
    "used_labels": [
        "bus",
        "tree",
        "moon",
        "mountain",
        "grass"
    ],
    "map_score": 0.02693069353699684
}