{
    "matched_indices": [
        6,
        0,
        4,
        4,
        1,
        2,
        1,
        8,
        3
    ],
    "iou_matrix": [
        [
            0.007127932966946703,
            0.9881189073754123,
            0.0,
            0.0,
            0.019815654910801072,
            0.0,
            0.0,
            0.00570739407813836,
            0.0
        ],
        [
            0.0,
            0.020744506894240018,
            0.01528748580566768,
            0.04448204864516068,
            0.8365417333557821,
            0.0,
            0.06742253389850211,
            0.0,
            0.0
        ],
        [
            0.0,
            0.0012154194372027431,
            0.0,
            0.0,
            0.0,
            0.9731891557451434,
            0.0,
            0.007702527548865266,
            0.0
        ],
        [
            0.0,
            0.0,
            0.0,
            0.0,
            0.0,
            0.0,
            0.0,
            0.0,
            0.9377721466506855
        ],
        [
            0.0,
            0.0,
            0.5062289096961404,
            0.33471522389592306,
            0.08894635609848961,
            0.0,
            0.0,
            0.0,
            0.0
        ],
        [
            0.0071004098449509705,
            0.6534592906744955,
            0.028091330905783647,
            0.018378076382903504,
            0.027309205028855393,
            0.0,
            0.0,
            0.0022489877519797715,
            0.022084379642911666
        ],
        [
            0.007218662964196421,
            0.9836799684429453,
            0.0,
            0.0,
            0.01940291232129661,
            0.0,
            0.0,
            0.005308862936282305,
            0.0
        ],
        [
            0.005321400614374082,
            0.49665536965965157,
            0.020683584968037006,
            0.013499921394346043,
            0.0867236267003648,
            0.09214385336913757,
            0.007136631780550862,
            0.00643200231361039,
            0.016260680006318397
        ],
        [
            0.0,
            0.0013446873693971461,
            0.0,
            0.0,
            0.0,
            0.9715838706903871,
            0.0,
            0.007811097193580654,
            0.0
        ]
    ],
    "num_matches": 4,
    "num_matches_with_correct_class": -1,
    "num_GT_boxes": 9,
    "used_labels": [
        "tree",
        "cloud",
        "sheep",
        "grass"
    ],
    "map_score": 0.10000000149011612
}