{
    "bboxes": [
        [
            0.8390418294270834,
            0.11866539510091145,
            0.9986454264322917,
            0.29070371500651043
        ],
        [
            0.011754698435465494,
            0.0785894521077474,
            0.18350927734375,
            0.22389090983072918
        ],
        [
            0.1855009969075521,
            0.07870809936523437,
            0.4107663981119792,
            0.21028505452473958
        ],
        [
            0.26385135904947915,
            0.18522186279296876,
            0.6614731852213541,
            0.890586669921875
        ],
        [
            0.5864009602864584,
            0.07839206949869791,
            0.7713369954427083,
            0.13106944783528646
        ],
        [
            0.19847259521484376,
            0.42526611328125,
            0.8616453450520833,
            0.8663465169270833
        ],
        [
            0.0012107044061024984,
            0.23862241617838542,
            0.2819465942382812,
            0.7034833170572916
        ],
        [
            0.7235418294270833,
            0.22579829915364583,
            0.999052978515625,
            0.7033494466145833
        ],
        [
            0.0003181695739428202,
            0.63635205078125,
            0.19831595865885418,
            0.70336376953125
        ]
    ],
    "labels": [
        "people",
        "tree",
        "people",
        "sun",
        "people",
        "others",
        "bench",
        "bench",
        "cloud"
    ],
    "scores": [
        0.9944295883178711,
        0.989794909954071,
        0.9893608689308167,
        0.9845796823501587,
        0.9799321293830872,
        0.9534202218055725,
        0.9008458256721497,
        0.8921496272087097,
        0.207429438829422
    ]
}