{
    "bboxes": [
        [
            0.4019033203125,
            0.19899879964192707,
            0.6510035400390625,
            0.5076839192708333
        ],
        [
            0.1459667765299479,
            0.185897705078125,
            0.4095580647786458,
            0.6367748616536458
        ],
        [
            0.052529927571614586,
            0.0,
            0.29029034423828126,
            0.13123684692382812
        ],
        [
            0.6158166910807291,
            0.30950592041015623,
            0.8944169108072917,
            0.6458495686848958
        ],
        [
            0.2389332275390625,
            0.011892801920572916,
            0.5047766927083334,
            0.15750523885091147
        ],
        [
            0.7867068684895834,
            0.6118003743489583,
            0.9995071614583333,
            0.8782059733072917
        ],
        [
            0.7461569010416667,
            0.011858023325602214,
            0.9977736002604166,
            0.2507036539713542
        ],
        [
            0.6661248372395834,
            0.5954058837890625,
            0.8654342447916666,
            0.7567587076822917
        ],
        [
            0.38664986165364584,
            0.5056348063151042,
            0.6511771240234375,
            0.878301513671875
        ],
        [
            0.0006764158407847087,
            0.5681131998697917,
            0.19656618245442709,
            0.9572198893229167
        ],
        [
            0.1713631795247396,
            0.7045899251302083,
            0.3827042236328125,
            0.91563330078125
        ],
        [
            0.5599274088541667,
            0.74404248046875,
            0.7827965494791667,
            0.9176868489583333
        ],
        [
            0.11778365071614583,
            0.5059647216796875,
            0.3839695231119792,
            0.773798828125
        ],
        [
            0.004488020896911621,
            0.23238157145182292,
            0.9982880045572917,
            0.9921090494791667
        ]
    ],
    "labels": [
        "chicken",
        "chicken",
        "road",
        "chicken",
        "road",
        "cloud",
        "tree",
        "cloud",
        "grass",
        "cloud",
        "grass",
        "cloud",
        "cloud",
        "sun"
    ],
    "scores": [
        0.9861899614334106,
        0.9834417700767517,
        0.9782253503799438,
        0.9751073718070984,
        0.9707158803939819,
        0.9700712561607361,
        0.9631649255752563,
        0.9631538987159729,
        0.9621192216873169,
        0.9581559300422668,
        0.948945164680481,
        0.9424641132354736,
        0.6199883818626404,
        0.5448275208473206
    ]
}