{
    "bboxes": [
        [
            0.37194148763020835,
            0.5204237467447916,
            0.45146736653645836,
            0.691180908203125
        ],
        [
            0.5196045328776042,
            0.6255152994791666,
            0.6643672688802084,
            0.797692138671875
        ],
        [
            0.7337054850260417,
            0.48103633626302084,
            0.8411595865885416,
            0.6082242838541667
        ],
        [
            0.83926953125,
            0.47989501953125,
            0.971334228515625,
            0.6484716389973958
        ],
        [
            0.1987177734375,
            0.6257786051432291,
            0.2641796468098958,
            0.7442123209635416
        ],
        [
            0.9056608072916666,
            0.647494384765625,
            0.957497314453125,
            0.7981617838541667
        ],
        [
            0.012377208709716796,
            0.3192262776692708,
            0.19908941650390624,
            0.7558284505208334
        ],
        [
            0.012412063598632813,
            0.31914827473958335,
            0.19918552652994792,
            0.8109058430989583
        ],
        [
            0.4654078776041667,
            0.8251011555989584,
            0.6510441080729167,
            0.9314017740885416
        ],
        [
            0.34278666178385414,
            0.6630727132161458,
            0.884158447265625,
            0.9885503743489583
        ],
        [
            0.37437744140625,
            0.11888470458984375,
            0.651401123046875,
            0.2932051595052083
        ]
    ],
    "labels": [
        "sun",
        "sun",
        "road",
        "road",
        "sun",
        "sun",
        "sun",
        "sun",
        "car",
        "cloud",
        "sun"
    ],
    "scores": [
        0.9824192523956299,
        0.9756867289543152,
        0.9739224314689636,
        0.9721648097038269,
        0.9648350477218628,
        0.9646268486976624,
        0.4198335111141205,
        0.3585832715034485,
        0.35010001063346863,
        0.3437972664833069,
        0.327961802482605
    ]
}