{
    "bboxes": [
        [
            0.6262596435546876,
            0.783655517578125,
            0.7977998046875,
            0.9959189453125
        ],
        [
            0.0006142705281575521,
            0.46101676432291666,
            0.16420752970377603,
            0.8959969075520834
        ],
        [
            0.4278253173828125,
            0.39938655598958334,
            0.9962937825520833,
            0.9958427734375
        ],
        [
            0.7696780598958334,
            0.48196158854166665,
            0.9978603515625,
            0.9817173665364584
        ],
        [
            0.05584712219238281,
            0.042353271484375,
            0.3512351888020833,
            0.932882080078125
        ],
        [
            0.0007937997182210286,
            0.4607861328125,
            0.10605152384440104,
            0.8548916829427083
        ],
        [
            0.3768708902994792,
            0.4417955322265625,
            0.48122847493489584,
            0.5507979736328125
        ],
        [
            0.8225171712239583,
            0.3609234619140625,
            0.9255111490885417,
            0.47304931640625
        ]
    ],
    "labels": [
        "dinnerware",
        "cat",
        "mountain",
        "mountain",
        "tree",
        "cat",
        "sofa",
        "sofa"
    ],
    "scores": [
        0.8064622282981873,
        0.6075783371925354,
        0.5042812824249268,
        0.34181901812553406,
        0.3125242590904236,
        0.2599999010562897,
        0.2448323667049408,
        0.23193976283073425
    ]
}