{
    "matched_indices": [
        5,
        4,
        5,
        0,
        2,
        1,
        4,
        0,
        3,
        4,
        5,
        5,
        4
    ],
    "iou_matrix": [
        [
            0.0,
            0.04645937435622643,
            0.0014362668574898426,
            0.0,
            0.0,
            0.0,
            0.0,
            0.9826927715253877,
            0.040881321862782205,
            0.0,
            0.0,
            0.0,
            0.0
        ],
        [
            0.0,
            0.0865456821756648,
            0.0,
            0.0,
            0.025548249783206328,
            0.9843511162875226,
            0.0,
            0.0,
            0.0,
            0.0,
            0.0,
            0.0,
            0.0
        ],
        [
            0.0,
            0.07028690019210779,
            0.0,
            0.0,
            0.9925691343392306,
            0.025809903398805418,
            0.0,
            0.0,
            0.024969797370802706,
            0.0,
            0.0,
            0.0,
            0.0
        ],
        [
            0.0,
            0.12217640191654035,
            0.0,
            0.0,
            0.024544428975046283,
            0.0,
            0.0,
            0.04056976448970734,
            0.9854669212880633,
            0.0,
            0.0,
            0.0,
            0.0
        ],
        [
            0.019776360587642147,
            0.9897706458777076,
            0.0325505684105332,
            0.0,
            0.07128171452224626,
            0.08811777816119784,
            0.0018190145883422329,
            0.047383132261730146,
            0.12425487898510516,
            0.013868241344386124,
            0.027034534339855493,
            0.02245240987547321,
            0.023447125261796757
        ],
        [
            0.01996136166445239,
            0.9886276335705916,
            0.032790895682243824,
            0.0,
            0.07102203979873935,
            0.08825334622420727,
            0.001582507916352156,
            0.04745603059841189,
            0.12444604351075476,
            0.01364813137833839,
            0.027076126621586788,
            0.022486952617928015,
            0.023371289887071846
        ]
    ],
    "num_matches": 5,
    "num_GT_boxes": 13,
    "used_labels": [
        "airplane",
        "apple",
        "balloon",
        "banana",
        "basket",
        "bee",
        "bench",
        "bicycle",
        "bird",
        "bottle",
        "bucket",
        "bus",
        "butterfly",
        "car",
        "cat",
        "chair",
        "chicken",
        "cloud",
        "cow",
        "cup",
        "dinnerware",
        "dog",
        "duck",
        "fence",
        "flower",
        "grape",
        "grass",
        "horse",
        "house",
        "moon",
        "mountain",
        "people",
        "picnic rug",
        "pig",
        "rabbit",
        "road",
        "sheep",
        "sofa",
        "star",
        "street lamp",
        "sun",
        "table",
        "tree",
        "truck",
        "umbrella",
        "others"
    ]
}