{
    "matched_indices": [
        0,
        0,
        2,
        0,
        1,
        0,
        2,
        0,
        0,
        0,
        0,
        0,
        1,
        0,
        2,
        2,
        0,
        0,
        0,
        0,
        1,
        0,
        0,
        2,
        2
    ],
    "iou_matrix": [
        [
            0.0,
            0.0,
            0.0,
            0.0,
            0.0,
            0.0,
            0.0277293189584286,
            0.0,
            0.0,
            0.0,
            0.0,
            0.0,
            0.0,
            0.9849252108264146,
            0.0,
            0.0,
            0.0,
            0.0,
            0.0,
            0.0,
            0.0,
            0.0,
            0.0,
            0.0,
            0.0
        ],
        [
            0.0,
            0.0,
            0.0,
            0.0,
            0.3479526300201951,
            0.0,
            0.0,
            0.0,
            0.0,
            0.0,
            0.0,
            0.0,
            0.9885925703586053,
            0.0,
            0.0,
            0.0,
            0.0,
            0.0,
            0.0,
            0.0,
            0.012842385345033699,
            0.0,
            0.0,
            0.0,
            0.0
        ],
        [
            0.0,
            0.0,
            0.15917695904690066,
            0.0,
            0.2588019821714311,
            0.0,
            0.24579685743919835,
            0.0,
            0.0,
            0.0,
            0.0,
            0.0,
            0.11372138739933069,
            0.013435963026488591,
            0.07431275961685326,
            0.258801982171431,
            0.0,
            0.0,
            0.0,
            0.0,
            0.0,
            0.0,
            0.0,
            0.014780015107680617,
            0.010000084609103729
        ]
    ],
    "num_matches": 2,
    "num_GT_boxes": 25,
    "used_labels": [
        "airplane",
        "apple",
        "balloon",
        "banana",
        "basket",
        "bee",
        "bench",
        "bicycle",
        "bird",
        "bottle",
        "bucket",
        "bus",
        "butterfly",
        "car",
        "cat",
        "chair",
        "chicken",
        "cloud",
        "cow",
        "cup",
        "dinnerware",
        "dog",
        "duck",
        "fence",
        "flower",
        "grape",
        "grass",
        "horse",
        "house",
        "moon",
        "mountain",
        "people",
        "picnic rug",
        "pig",
        "rabbit",
        "road",
        "sheep",
        "sofa",
        "star",
        "street lamp",
        "sun",
        "table",
        "tree",
        "truck",
        "umbrella",
        "others"
    ]
}