{
    "matched_indices": [
        9,
        7,
        4,
        6,
        1,
        10,
        11,
        0,
        0,
        0,
        2,
        0,
        0,
        8,
        5,
        13
    ],
    "iou_matrix": [
        [
            0.0063285191221856465,
            0.0,
            0.0,
            0.0,
            0.018736480900600736,
            0.0,
            0.0,
            0.9863375051904977,
            0.0,
            0.0,
            0.0,
            0.0,
            0.0,
            0.0,
            0.0,
            0.0
        ],
        [
            0.010176863128837525,
            0.0,
            0.4023411844133915,
            0.0,
            0.9914094833003518,
            0.03908092203933342,
            0.2191443491096093,
            0.019124537285353568,
            0.0,
            0.0,
            0.0,
            0.0,
            0.0,
            0.0,
            0.0,
            0.01836971040364784
        ],
        [
            0.0,
            0.0,
            0.09324887504480596,
            0.0,
            0.21656353668351258,
            0.02568805850171034,
            0.9842221954367245,
            0.0,
            0.0,
            0.0,
            0.0026208121085911644,
            0.0,
            0.0,
            0.0,
            0.0,
            0.040895259248816374
        ],
        [
            0.3236873270484913,
            0.0,
            0.0,
            0.0,
            0.03825481655676842,
            0.9747249091668695,
            0.02227292168781453,
            0.0,
            0.0,
            0.0,
            0.0,
            0.0,
            0.0,
            0.0,
            0.0,
            0.04311327520383071
        ],
        [
            0.0,
            0.0,
            0.9816326336202893,
            0.0,
            0.4044647793980001,
            0.0,
            0.09462101476841074,
            0.0,
            0.0,
            0.0,
            0.0,
            0.0,
            0.0,
            0.0,
            0.0,
            0.01874891897355409
        ],
        [
            0.0,
            0.0,
            0.0,
            0.0,
            0.0,
            0.0,
            0.0,
            0.0,
            0.0,
            0.0,
            0.0,
            0.0,
            0.0,
            0.0,
            0.9600194666027461,
            0.0
        ],
        [
            0.0,
            0.0,
            0.0,
            0.9873524696334396,
            0.0,
            0.0,
            0.0,
            0.0,
            0.0,
            0.0,
            0.0,
            0.0,
            0.0,
            0.0,
            0.0,
            0.0
        ],
        [
            0.0,
            0.9838813393059429,
            0.0,
            0.0,
            0.0,
            0.0,
            0.0,
            0.0,
            0.0,
            0.0,
            0.0,
            0.0,
            0.0,
            0.0,
            0.0,
            0.0
        ],
        [
            0.05109832771334914,
            0.0,
            0.0,
            0.0,
            0.0,
            0.0,
            0.0,
            0.0,
            0.0,
            0.0,
            0.0,
            0.0,
            0.0,
            0.9625967551374529,
            0.0,
            0.044328714107856146
        ],
        [
            0.7027789472691032,
            0.0,
            0.0,
            0.0,
            0.010206200034396727,
            0.15836797228864302,
            0.0,
            0.009471828974830112,
            0.0,
            0.0,
            0.0,
            0.0,
            0.0,
            0.0,
            0.0,
            0.0
        ],
        [
            0.3240933182642558,
            0.0,
            0.0,
            0.0,
            0.03812554643597631,
            0.9748749786308881,
            0.02192195655206556,
            0.0,
            0.0,
            0.0,
            0.0,
            0.0,
            0.0,
            0.0,
            0.0,
            0.04309616305260235
        ],
        [
            0.0,
            0.0,
            0.09327994190422728,
            0.0,
            0.21686069159835997,
            0.02661777687132179,
            0.9852602045678406,
            0.0,
            0.0,
            0.0,
            0.0026008050023298007,
            0.0,
            0.0,
            0.0,
            0.0,
            0.04082181151024006
        ],
        [
            0.25601165861648983,
            0.0,
            0.06480711156637697,
            0.0,
            0.21204290608674567,
            0.5080012805271034,
            0.47865031473239933,
            0.0,
            0.0,
            0.0,
            0.0014611823271362425,
            0.0,
            0.0,
            0.0,
            0.0,
            0.05971315465580124
        ],
        [
            0.2564107617886043,
            0.0,
            0.06506401422469696,
            0.0,
            0.21221844032552195,
            0.5071567064342383,
            0.47941134952073955,
            0.0,
            0.0,
            0.0,
            0.001557849286121129,
            0.0,
            0.0,
            0.0,
            0.0,
            0.06095174479718146
        ]
    ],
    "true_pos": 10,
    "false_pos": 4,
    "unmatched": 6,
    "num_GT_boxes": 16,
    "used_labels": [
        "tree",
        "butterfly",
        "people",
        "cloud",
        "others",
        "sun",
        "umbrella",
        "grass",
        "flower"
    ]
}